decode_step,policy,gpu_routed_token_coverage
3,Static,0.09684244791666667
4,Static,0.09098307291666667
5,Static,0.0966796875
6,Static,0.09423828125
7,Static,0.0927734375
8,Static,0.09033203125
9,Static,0.09391276041666667
10,Static,0.09147135416666667
11,Static,0.091796875
12,Static,0.09716796875
13,Static,0.09195963541666667
14,Static,0.09781901041666667
15,Static,0.09391276041666667
16,Static,0.09781901041666667
17,Static,0.09635416666666667
18,Static,0.099609375
19,Static,0.09586588541666667
20,Static,0.09488932291666667
21,Static,0.10026041666666667
22,Static,0.10172526041666667
23,Static,0.09781901041666667
24,Static,0.10042317708333333
25,Static,0.09537760416666667
26,Static,0.09586588541666667
27,Static,0.09895833333333333
28,Static,0.10009765625
29,Static,0.09505208333333333
30,Static,0.09781901041666667
31,Static,0.08919270833333333
32,Static,0.09407552083333333
33,Static,0.08479817708333333
34,Static,0.09309895833333333
35,Static,0.0947265625
36,Static,0.09244791666666667
37,Static,0.09554036458333333
38,Static,0.09798177083333333
39,Static,0.09895833333333333
40,Static,0.09944661458333333
41,Static,0.10498046875
42,Static,0.107421875
43,Static,0.09635416666666667
44,Static,0.10595703125
45,Static,0.09635416666666667
46,Static,0.10139973958333333
47,Static,0.10237630208333333
48,Static,0.09554036458333333
49,Static,0.09814453125
50,Static,0.09700520833333333
51,Static,0.1025390625
52,Static,0.09537760416666667
53,Static,0.09619140625
54,Static,0.09651692708333333
55,Static,0.091796875
56,Static,0.09830729166666667
57,Static,0.09635416666666667
58,Static,0.09830729166666667
59,Static,0.09993489583333333
60,Static,0.103515625
61,Static,0.10367838541666667
62,Static,0.09912109375
63,Static,0.09944661458333333
64,Static,0.09895833333333333
65,Static,0.103515625
66,Static,0.09602864583333333
67,Static,0.10042317708333333
68,Static,0.10367838541666667
69,Static,0.09733072916666667
70,Static,0.09326171875
71,Static,0.09521484375
72,Static,0.0966796875
73,Static,0.09635416666666667
74,Static,0.09781901041666667
75,Static,0.10400390625
76,Static,0.10123697916666667
77,Static,0.099609375
78,Static,0.10042317708333333
79,Static,0.09619140625
80,Static,0.09016927083333333
81,Static,0.09895833333333333
82,Static,0.09619140625
83,Static,0.09977213541666667
84,Static,0.09895833333333333
85,Static,0.103515625
86,Static,0.09407552083333333
87,Static,0.09781901041666667
88,Static,0.10123697916666667
89,Static,0.0986328125
90,Static,0.09586588541666667
91,Static,0.09586588541666667
92,Static,0.10384114583333333
93,Static,0.10205078125
94,Static,0.095703125
95,Static,0.09700520833333333
96,Static,0.09635416666666667
97,Static,0.09619140625
98,Static,0.09944661458333333
99,Static,0.09944661458333333
100,Static,0.10335286458333333
101,Static,0.09651692708333333
102,Static,0.0966796875
103,Static,0.09651692708333333
104,Static,0.09749348958333333
105,Static,0.09798177083333333
106,Static,0.09928385416666667
107,Static,0.09586588541666667
108,Static,0.10026041666666667
109,Static,0.09944661458333333
110,Static,0.09016927083333333
111,Static,0.10465494791666667
112,Static,0.09602864583333333
113,Static,0.10302734375
114,Static,0.1015625
115,Static,0.10123697916666667
116,Static,0.09228515625
117,Static,0.09342447916666667
118,Static,0.09781901041666667
119,Static,0.09309895833333333
120,Static,0.09977213541666667
121,Static,0.09228515625
122,Static,0.09537760416666667
123,Static,0.09163411458333333
124,Static,0.09309895833333333
125,Static,0.0927734375
126,Static,0.09114583333333333
127,Static,0.09212239583333333
128,Static,0.095703125
129,Static,0.09879557291666667
130,Static,0.0986328125
131,Static,0.09537760416666667
132,Static,0.09537760416666667
133,Static,0.0908203125
134,Static,0.08821614583333333
135,Static,0.09488932291666667
136,Static,0.0927734375
137,Static,0.09521484375
138,Static,0.09765625
139,Static,0.09716796875
140,Static,0.09342447916666667
141,Static,0.09684244791666667
142,Static,0.0986328125
143,Static,0.10286458333333333
144,Static,0.09440104166666667
145,Static,0.09733072916666667
146,Static,0.0966796875
147,Static,0.09651692708333333
148,Static,0.0966796875
149,Static,0.09407552083333333
150,Static,0.09147135416666667
151,Static,0.09586588541666667
152,Static,0.10172526041666667
153,Static,0.09358723958333333
154,Static,0.09114583333333333
155,Static,0.09163411458333333
156,Static,0.0947265625
157,Static,0.10270182291666667
158,Static,0.09375
159,Static,0.09749348958333333
160,Static,0.0927734375
161,Static,0.09798177083333333
162,Static,0.09537760416666667
163,Static,0.09293619791666667
164,Static,0.0966796875
165,Static,0.095703125
166,Static,0.09798177083333333
167,Static,0.0908203125
168,Static,0.09521484375
169,Static,0.09423828125
170,Static,0.10367838541666667
171,Static,0.09488932291666667
172,Static,0.10514322916666667
173,Static,0.09407552083333333
174,Static,0.09488932291666667
175,Static,0.09537760416666667
176,Static,0.09488932291666667
177,Static,0.09847005208333333
178,Static,0.09375
179,Static,0.09602864583333333
180,Static,0.10205078125
181,Static,0.09521484375
182,Static,0.0966796875
183,Static,0.0966796875
184,Static,0.09749348958333333
185,Static,0.1025390625
186,Static,0.09781901041666667
187,Static,0.09847005208333333
188,Static,0.10498046875
189,Static,0.10139973958333333
190,Static,0.10270182291666667
191,Static,0.09912109375
192,Static,0.09765625
193,Static,0.099609375
194,Static,0.09342447916666667
195,Static,0.09684244791666667
196,Static,0.10205078125
197,Static,0.09375
198,Static,0.09684244791666667
199,Static,0.09554036458333333
200,Static,0.10026041666666667
201,Static,0.10123697916666667
202,Static,0.10123697916666667
203,Static,0.09554036458333333
204,Static,0.09765625
205,Static,0.09407552083333333
206,Static,0.09651692708333333
207,Static,0.09700520833333333
208,Static,0.09391276041666667
209,Static,0.09879557291666667
210,Static,0.10042317708333333
211,Static,0.09586588541666667
212,Static,0.0966796875
213,Static,0.09537760416666667
214,Static,0.09293619791666667
215,Static,0.1015625
216,Static,0.09798177083333333
217,Static,0.09554036458333333
218,Static,0.10107421875
219,Static,0.09342447916666667
220,Static,0.09651692708333333
221,Static,0.09342447916666667
222,Static,0.09163411458333333
223,Static,0.09716796875
224,Static,0.09065755208333333
225,Static,0.09537760416666667
226,Static,0.09928385416666667
227,Static,0.09733072916666667
228,Static,0.09586588541666667
229,Static,0.09895833333333333
230,Static,0.09602864583333333
231,Static,0.0927734375
232,Static,0.10172526041666667
233,Static,0.0966796875
234,Static,0.09798177083333333
235,Static,0.09716796875
236,Static,0.10139973958333333
237,Static,0.09814453125
238,Static,0.09375
239,Static,0.10139973958333333
240,Static,0.09798177083333333
241,Static,0.09554036458333333
242,Static,0.09358723958333333
243,Static,0.09554036458333333
244,Static,0.099609375
245,Static,0.1005859375
246,Static,0.10091145833333333
247,Static,0.0966796875
248,Static,0.09895833333333333
249,Static,0.099609375
250,Static,0.10042317708333333
251,Static,0.09944661458333333
252,Static,0.09358723958333333
253,Static,0.09456380208333333
254,Static,0.09244791666666667
255,Static,0.09830729166666667
256,Static,0.09879557291666667
257,Static,0.09733072916666667
258,Static,0.10270182291666667
259,Static,0.09684244791666667
260,Static,0.09781901041666667
261,Static,0.09830729166666667
262,Static,0.09847005208333333
263,Static,0.09798177083333333
264,Static,0.09619140625
265,Static,0.09993489583333333
266,Static,0.09440104166666667
267,Static,0.09407552083333333
268,Static,0.10026041666666667
269,Static,0.09651692708333333
270,Static,0.0927734375
271,Static,0.09635416666666667
272,Static,0.10221354166666667
273,Static,0.09700520833333333
274,Static,0.09391276041666667
275,Static,0.09977213541666667
276,Static,0.09195963541666667
277,Static,0.08854166666666667
278,Static,0.08740234375
279,Static,0.08984375
280,Static,0.09798177083333333
281,Static,0.09586588541666667
282,Static,0.09212239583333333
283,Static,0.09033203125
284,Static,0.09049479166666667
285,Static,0.08154296875
286,Static,0.09000651041666667
287,Static,0.09602864583333333
288,Static,0.09228515625
289,Static,0.1005859375
290,Static,0.09163411458333333
291,Static,0.09586588541666667
292,Static,0.09765625
293,Static,0.09358723958333333
294,Static,0.0908203125
295,Static,0.0966796875
296,Static,0.09928385416666667
297,Static,0.09586588541666667
298,Static,0.09716796875
299,Static,0.09944661458333333
300,Static,0.0927734375
301,Static,0.09765625
302,Static,0.09733072916666667
303,Static,0.09391276041666667
304,Static,0.09228515625
305,Static,0.09309895833333333
306,Static,0.09879557291666667
307,Static,0.09716796875
308,Static,0.10009765625
309,Static,0.09781901041666667
310,Static,0.09456380208333333
311,Static,0.09309895833333333
312,Static,0.09375
313,Static,0.09749348958333333
314,Static,0.09114583333333333
315,Static,0.09326171875
316,Static,0.09765625
317,Static,0.1005859375
318,Static,0.09407552083333333
319,Static,0.09440104166666667
320,Static,0.09602864583333333
321,Static,0.09456380208333333
322,Static,0.09619140625
323,Static,0.09375
324,Static,0.09635416666666667
325,Static,0.09049479166666667
326,Static,0.09781901041666667
327,Static,0.09456380208333333
328,Static,0.09798177083333333
329,Static,0.09619140625
330,Static,0.09765625
331,Static,0.09814453125
332,Static,0.09049479166666667
333,Static,0.09407552083333333
334,Static,0.09977213541666667
335,Static,0.09488932291666667
336,Static,0.09619140625
337,Static,0.09423828125
338,Static,0.09065755208333333
339,Static,0.09293619791666667
340,Static,0.09375
341,Static,0.09098307291666667
342,Static,0.09440104166666667
343,Static,0.09879557291666667
344,Static,0.09619140625
345,Static,0.10221354166666667
346,Static,0.10074869791666667
347,Static,0.099609375
348,Static,0.0927734375
349,Static,0.08723958333333333
350,Static,0.08805338541666667
351,Static,0.09130859375
352,Static,0.09586588541666667
353,Static,0.10107421875
354,Static,0.09147135416666667
355,Static,0.09407552083333333
356,Static,0.09440104166666667
357,Static,0.107421875
358,Static,0.09879557291666667
359,Static,0.09749348958333333
360,Static,0.0986328125
361,Static,0.10270182291666667
362,Static,0.09521484375
363,Static,0.09521484375
364,Static,0.10270182291666667
365,Static,0.09749348958333333
366,Static,0.09651692708333333
367,Static,0.10026041666666667
368,Static,0.09684244791666667
369,Static,0.10091145833333333
370,Static,0.09261067708333333
371,Static,0.09261067708333333
372,Static,0.09440104166666667
373,Static,0.10139973958333333
374,Static,0.09309895833333333
375,Static,0.09440104166666667
376,Static,0.09993489583333333
377,Static,0.091796875
378,Static,0.09586588541666667
379,Static,0.09342447916666667
380,Static,0.0986328125
381,Static,0.091796875
382,Static,0.09261067708333333
383,Static,0.09163411458333333
384,Static,0.09700520833333333
385,Static,0.09765625
386,Static,0.09407552083333333
387,Static,0.09130859375
388,Static,0.08935546875
389,Static,0.09195963541666667
390,Static,0.09309895833333333
391,Static,0.09586588541666667
392,Static,0.09505208333333333
393,Static,0.09358723958333333
394,Static,0.09407552083333333
395,Static,0.09895833333333333
396,Static,0.09651692708333333
397,Static,0.09309895833333333
398,Static,0.08968098958333333
399,Static,0.09065755208333333
400,Static,0.09602864583333333
401,Static,0.09733072916666667
402,Static,0.09505208333333333
403,Static,0.08772786458333333
404,Static,0.0908203125
405,Static,0.09244791666666667
406,Static,0.09521484375
407,Static,0.08968098958333333
408,Static,0.095703125
409,Static,0.09977213541666667
410,Static,0.09651692708333333
411,Static,0.09928385416666667
412,Static,0.09521484375
413,Static,0.0908203125
414,Static,0.08968098958333333
415,Static,0.09847005208333333
416,Static,0.08919270833333333
417,Static,0.09114583333333333
418,Static,0.09456380208333333
419,Static,0.091796875
420,Static,0.09651692708333333
421,Static,0.08935546875
422,Static,0.09049479166666667
423,Static,0.09114583333333333
424,Static,0.09879557291666667
425,Static,0.09993489583333333
426,Static,0.09407552083333333
427,Static,0.09619140625
428,Static,0.10221354166666667
429,Static,0.09586588541666667
430,Static,0.09049479166666667
431,Static,0.09391276041666667
432,Static,0.09114583333333333
433,Static,0.09716796875
434,Static,0.09684244791666667
435,Static,0.10042317708333333
436,Static,0.08772786458333333
437,Static,0.09895833333333333
438,Static,0.09879557291666667
439,Static,0.10286458333333333
440,Static,0.095703125
441,Static,0.09830729166666667
442,Static,0.09619140625
443,Static,0.09114583333333333
444,Static,0.09244791666666667
445,Static,0.09423828125
446,Static,0.09586588541666667
447,Static,0.10205078125
448,Static,0.09049479166666667
449,Static,0.09602864583333333
450,Static,0.09488932291666667
451,Static,0.10042317708333333
452,Static,0.09586588541666667
453,Static,0.10042317708333333
454,Static,0.10042317708333333
455,Static,0.0986328125
456,Static,0.099609375
457,Static,0.09635416666666667
458,Static,0.10042317708333333
459,Static,0.09635416666666667
460,Static,0.0947265625
461,Static,0.09440104166666667
462,Static,0.09830729166666667
463,Static,0.09212239583333333
464,Static,0.09391276041666667
465,Static,0.09830729166666667
466,Static,0.10091145833333333
467,Static,0.09586588541666667
468,Static,0.09521484375
469,Static,0.1005859375
470,Static,0.09651692708333333
471,Static,0.10172526041666667
472,Static,0.09716796875
473,Static,0.09716796875
474,Static,0.09456380208333333
475,Static,0.1025390625
476,Static,0.10400390625
477,Static,0.09716796875
478,Static,0.09521484375
479,Static,0.1025390625
480,Static,0.10286458333333333
481,Static,0.10514322916666667
482,Static,0.09830729166666667
483,Static,0.09781901041666667
484,Static,0.09602864583333333
485,Static,0.10563151041666667
486,Static,0.09651692708333333
487,Static,0.10367838541666667
488,Static,0.10514322916666667
489,Static,0.10319010416666667
490,Static,0.09830729166666667
491,Static,0.09798177083333333
492,Static,0.09716796875
493,Static,0.09993489583333333
494,Static,0.09733072916666667
495,Static,0.103515625
496,Static,0.09781901041666667
497,Static,0.10107421875
498,Static,0.10270182291666667
499,Static,0.09879557291666667
500,Static,0.10400390625
501,Static,0.10091145833333333
502,Static,0.09944661458333333
503,Static,0.10107421875
504,Static,0.095703125
505,Static,0.11018880208333333
506,Static,0.1015625
507,Static,0.1064453125
508,Static,0.09798177083333333
509,Static,0.09651692708333333
510,Static,0.09847005208333333
511,Static,0.09928385416666667
512,Static,0.09684244791666667
513,Static,0.10107421875
514,Static,0.099609375
515,Static,0.09586588541666667
516,Static,0.0966796875
517,Static,0.09847005208333333
518,Static,0.09244791666666667
519,Static,0.08870442708333333
520,Static,0.09651692708333333
521,Static,0.09944661458333333
522,Static,0.103515625
523,Static,0.09765625
524,Static,0.099609375
525,Static,0.095703125
526,Static,0.09749348958333333
527,Static,0.10400390625
528,Static,0.10042317708333333
529,Static,0.10172526041666667
530,Static,0.10595703125
531,Static,0.10302734375
532,Static,0.09798177083333333
533,Static,0.09228515625
534,Static,0.09505208333333333
535,Static,0.09847005208333333
536,Static,0.09912109375
537,Static,0.10270182291666667
538,Static,0.10091145833333333
539,Static,0.10546875
540,Static,0.09716796875
541,Static,0.09895833333333333
542,Static,0.09749348958333333
543,Static,0.09993489583333333
544,Static,0.1025390625
545,Static,0.09993489583333333
546,Static,0.09537760416666667
547,Static,0.10221354166666667
548,Static,0.09602864583333333
549,Static,0.10074869791666667
550,Static,0.0986328125
551,Static,0.09537760416666667
552,Static,0.1005859375
553,Static,0.10009765625
554,Static,0.09993489583333333
555,Static,0.09928385416666667
556,Static,0.10270182291666667
557,Static,0.10107421875
558,Static,0.09733072916666667
559,Static,0.10286458333333333
560,Static,0.10481770833333333
561,Static,0.10611979166666667
562,Static,0.09798177083333333
563,Static,0.10400390625
564,Static,0.10514322916666667
565,Static,0.10009765625
566,Static,0.09651692708333333
567,Static,0.10205078125
568,Static,0.10579427083333333
569,Static,0.10465494791666667
570,Static,0.10660807291666667
571,Static,0.10091145833333333
572,Static,0.09993489583333333
573,Static,0.10367838541666667
574,Static,0.10335286458333333
575,Static,0.09391276041666667
576,Static,0.09358723958333333
577,Static,0.09505208333333333
578,Static,0.0966796875
579,Static,0.10042317708333333
580,Static,0.10319010416666667
581,Static,0.10009765625
582,Static,0.09977213541666667
583,Static,0.09733072916666667
584,Static,0.10319010416666667
585,Static,0.09912109375
586,Static,0.10107421875
587,Static,0.0966796875
588,Static,0.10026041666666667
589,Static,0.09684244791666667
590,Static,0.0908203125
591,Static,0.09684244791666667
592,Static,0.09521484375
593,Static,0.10367838541666667
594,Static,0.099609375
595,Static,0.09944661458333333
596,Static,0.09423828125
597,Static,0.09440104166666667
598,Static,0.10123697916666667
599,Static,0.10660807291666667
600,Static,0.10465494791666667
601,Static,0.10416666666666667
602,Static,0.1025390625
603,Static,0.10091145833333333
604,Static,0.10042317708333333
605,Static,0.10026041666666667
606,Static,0.09847005208333333
607,Static,0.1015625
608,Static,0.09895833333333333
609,Static,0.103515625
610,Static,0.095703125
611,Static,0.09830729166666667
612,Static,0.10319010416666667
613,Static,0.09684244791666667
614,Static,0.09586588541666667
615,Static,0.099609375
616,Static,0.09977213541666667
617,Static,0.10302734375
618,Static,0.10286458333333333
619,Static,0.0966796875
620,Static,0.09749348958333333
621,Static,0.09147135416666667
622,Static,0.0947265625
623,Static,0.10319010416666667
624,Static,0.099609375
625,Static,0.09554036458333333
626,Static,0.0947265625
627,Static,0.09733072916666667
628,Static,0.10107421875
629,Static,0.10400390625
630,Static,0.10221354166666667
631,Static,0.09733072916666667
632,Static,0.10205078125
633,Static,0.10302734375
634,Static,0.09602864583333333
635,Static,0.09765625
636,Static,0.0966796875
637,Static,0.09342447916666667
638,Static,0.09651692708333333
639,Static,0.09586588541666667
640,Static,0.09651692708333333
641,Static,0.09830729166666667
642,Static,0.10302734375
643,Static,0.09798177083333333
644,Static,0.09895833333333333
645,Static,0.10237630208333333
646,Static,0.1015625
647,Static,0.09895833333333333
648,Static,0.09716796875
649,Static,0.1005859375
650,Static,0.10123697916666667
651,Static,0.09912109375
652,Static,0.095703125
653,Static,0.1005859375
654,Static,0.10432942708333333
655,Static,0.10856119791666667
656,Static,0.10465494791666667
657,Static,0.10286458333333333
658,Static,0.09228515625
659,Static,0.09733072916666667
660,Static,0.10042317708333333
661,Static,0.10026041666666667
662,Static,0.09619140625
663,Static,0.10042317708333333
664,Static,0.09733072916666667
665,Static,0.09716796875
666,Static,0.10319010416666667
667,Static,0.09879557291666667
668,Static,0.10188802083333333
669,Static,0.09554036458333333
670,Static,0.09521484375
671,Static,0.09651692708333333
672,Static,0.09130859375
673,Static,0.09928385416666667
674,Static,0.10237630208333333
675,Static,0.10188802083333333
676,Static,0.10009765625
677,Static,0.09765625
678,Static,0.09895833333333333
679,Static,0.10302734375
680,Static,0.1005859375
681,Static,0.10026041666666667
682,Static,0.103515625
683,Static,0.10091145833333333
684,Static,0.09635416666666667
685,Static,0.09212239583333333
686,Static,0.10009765625
687,Static,0.0966796875
688,Static,0.09635416666666667
689,Static,0.09195963541666667
690,Static,0.09651692708333333
691,Static,0.09456380208333333
692,Static,0.10074869791666667
693,Static,0.09716796875
694,Static,0.09716796875
695,Static,0.1044921875
696,Static,0.10091145833333333
697,Static,0.09993489583333333
698,Static,0.09781901041666667
699,Static,0.09993489583333333
700,Static,0.09342447916666667
701,Static,0.10042317708333333
702,Static,0.10384114583333333
703,Static,0.10107421875
704,Static,0.09912109375
705,Static,0.09879557291666667
706,Static,0.10026041666666667
707,Static,0.10302734375
708,Static,0.09912109375
709,Static,0.10514322916666667
710,Static,0.0986328125
711,Static,0.1044921875
712,Static,0.09928385416666667
713,Static,0.1064453125
714,Static,0.10270182291666667
715,Static,0.10465494791666667
716,Static,0.10579427083333333
717,Static,0.10123697916666667
718,Static,0.10498046875
719,Static,0.10498046875
720,Static,0.10107421875
721,Static,0.09765625
722,Static,0.09619140625
723,Static,0.10221354166666667
724,Static,0.09781901041666667
725,Static,0.09977213541666667
726,Static,0.09798177083333333
727,Static,0.09879557291666667
728,Static,0.10498046875
729,Static,0.10286458333333333
730,Static,0.10563151041666667
731,Static,0.10302734375
732,Static,0.10546875
733,Static,0.1044921875
734,Static,0.10286458333333333
735,Static,0.0966796875
736,Static,0.09537760416666667
737,Static,0.10335286458333333
738,Static,0.10009765625
739,Static,0.09505208333333333
740,Static,0.10611979166666667
741,Static,0.0986328125
742,Static,0.10042317708333333
743,Static,0.0966796875
744,Static,0.09895833333333333
745,Static,0.10384114583333333
746,Static,0.09928385416666667
747,Static,0.1005859375
748,Static,0.09928385416666667
749,Static,0.09651692708333333
750,Static,0.10172526041666667
751,Static,0.10009765625
752,Static,0.0947265625
753,Static,0.10400390625
754,Static,0.10270182291666667
755,Static,0.10319010416666667
756,Static,0.09814453125
757,Static,0.09895833333333333
758,Static,0.09928385416666667
759,Static,0.0986328125
760,Static,0.09684244791666667
761,Static,0.10188802083333333
762,Static,0.10677083333333333
763,Static,0.1005859375
764,Static,0.10481770833333333
765,Static,0.09912109375
766,Static,0.09733072916666667
767,Static,0.09440104166666667
768,Static,0.09065755208333333
769,Static,0.09716796875
770,Static,0.10237630208333333
771,Static,0.1015625
772,Static,0.1015625
773,Static,0.09700520833333333
774,Static,0.10123697916666667
775,Static,0.10530598958333333
776,Static,0.1044921875
777,Static,0.10823567708333333
778,Static,0.10139973958333333
779,Static,0.10400390625
780,Static,0.10302734375
781,Static,0.09798177083333333
782,Static,0.09993489583333333
783,Static,0.09814453125
784,Static,0.10400390625
785,Static,0.09765625
786,Static,0.09700520833333333
787,Static,0.09733072916666667
788,Static,0.10091145833333333
789,Static,0.10367838541666667
790,Static,0.10237630208333333
791,Static,0.09977213541666667
792,Static,0.099609375
793,Static,0.09716796875
794,Static,0.09944661458333333
795,Static,0.10416666666666667
796,Static,0.10270182291666667
797,Static,0.10091145833333333
798,Static,0.09749348958333333
799,Static,0.09944661458333333
800,Static,0.09830729166666667
801,Static,0.10286458333333333
802,Static,0.10416666666666667
803,Static,0.09928385416666667
804,Static,0.09602864583333333
805,Static,0.09993489583333333
806,Static,0.10042317708333333
807,Static,0.0966796875
808,Static,0.10042317708333333
809,Static,0.10465494791666667
810,Static,0.1005859375
811,Static,0.11181640625
812,Static,0.10319010416666667
813,Static,0.09830729166666667
814,Static,0.09554036458333333
815,Static,0.10530598958333333
816,Static,0.09977213541666667
817,Static,0.095703125
818,Static,0.09879557291666667
819,Static,0.09586588541666667
820,Static,0.09765625
821,Static,0.09749348958333333
822,Static,0.09993489583333333
823,Static,0.09733072916666667
824,Static,0.10221354166666667
825,Static,0.1005859375
826,Static,0.0986328125
827,Static,0.099609375
828,Static,0.10221354166666667
829,Static,0.10074869791666667
830,Static,0.09749348958333333
831,Static,0.10107421875
832,Static,0.09765625
833,Static,0.10139973958333333
834,Static,0.10367838541666667
835,Static,0.09375
836,Static,0.099609375
837,Static,0.09912109375
838,Static,0.09814453125
839,Static,0.09733072916666667
840,Static,0.1015625
841,Static,0.10123697916666667
842,Static,0.09537760416666667
843,Static,0.09749348958333333
844,Static,0.09944661458333333
845,Static,0.09065755208333333
846,Static,0.10042317708333333
847,Static,0.103515625
848,Static,0.09928385416666667
849,Static,0.10237630208333333
850,Static,0.09358723958333333
851,Static,0.09781901041666667
852,Static,0.10514322916666667
853,Static,0.10123697916666667
854,Static,0.09879557291666667
855,Static,0.1015625
856,Static,0.103515625
857,Static,0.10139973958333333
858,Static,0.10335286458333333
859,Static,0.10009765625
860,Static,0.10432942708333333
861,Static,0.10270182291666667
862,Static,0.09928385416666667
863,Static,0.10335286458333333
864,Static,0.09733072916666667
865,Static,0.10335286458333333
866,Static,0.10123697916666667
867,Static,0.09326171875
868,Static,0.09554036458333333
869,Static,0.099609375
870,Static,0.09602864583333333
871,Static,0.0927734375
872,Static,0.09749348958333333
873,Static,0.10611979166666667
874,Static,0.09619140625
875,Static,0.10026041666666667
876,Static,0.09440104166666667
877,Static,0.09781901041666667
878,Static,0.10042317708333333
879,Static,0.10465494791666667
880,Static,0.10481770833333333
881,Static,0.10416666666666667
882,Static,0.10221354166666667
883,Static,0.1005859375
884,Static,0.10221354166666667
885,Static,0.1064453125
886,Static,0.09635416666666667
887,Static,0.11344401041666667
888,Static,0.1044921875
889,Static,0.10237630208333333
890,Static,0.09895833333333333
891,Static,0.1025390625
892,Static,0.10319010416666667
893,Static,0.09928385416666667
894,Static,0.09537760416666667
895,Static,0.10367838541666667
896,Static,0.10123697916666667
897,Static,0.09993489583333333
898,Static,0.095703125
899,Static,0.1025390625
900,Static,0.1044921875
901,Static,0.10367838541666667
902,Static,0.10416666666666667
903,Static,0.10986328125
904,Static,0.10579427083333333
905,Static,0.09928385416666667
906,Static,0.1005859375
907,Static,0.10270182291666667
908,Static,0.1015625
909,Static,0.099609375
910,Static,0.103515625
911,Static,0.10498046875
912,Static,0.095703125
913,Static,0.09895833333333333
914,Static,0.10416666666666667
915,Static,0.10221354166666667
916,Static,0.09733072916666667
917,Static,0.09505208333333333
918,Static,0.09700520833333333
919,Static,0.09505208333333333
920,Static,0.10026041666666667
921,Static,0.10009765625
922,Static,0.10579427083333333
923,Static,0.10611979166666667
924,Static,0.103515625
925,Static,0.09602864583333333
926,Static,0.10009765625
927,Static,0.10367838541666667
928,Static,0.10563151041666667
929,Static,0.09798177083333333
930,Static,0.10205078125
931,Static,0.10042317708333333
932,Static,0.11051432291666667
933,Static,0.10904947916666667
934,Static,0.10416666666666667
935,Static,0.0986328125
936,Static,0.10270182291666667
937,Static,0.103515625
938,Static,0.09993489583333333
939,Static,0.10270182291666667
940,Static,0.10172526041666667
941,Static,0.09228515625
942,Static,0.09195963541666667
943,Static,0.10270182291666667
944,Static,0.09993489583333333
945,Static,0.09375
946,Static,0.10302734375
947,Static,0.09505208333333333
948,Static,0.09847005208333333
949,Static,0.10188802083333333
950,Static,0.09635416666666667
951,Static,0.09798177083333333
952,Static,0.09456380208333333
953,Static,0.10465494791666667
954,Static,0.10563151041666667
955,Static,0.10384114583333333
956,Static,0.1005859375
957,Static,0.10221354166666667
958,Static,0.09847005208333333
959,Static,0.10286458333333333
960,Static,0.10074869791666667
961,Static,0.10139973958333333
962,Static,0.10188802083333333
963,Static,0.10205078125
964,Static,0.09228515625
965,Static,0.10514322916666667
966,Static,0.10384114583333333
967,Static,0.0966796875
968,Static,0.10416666666666667
969,Static,0.1015625
970,Static,0.10009765625
971,Static,0.09700520833333333
972,Static,0.1005859375
973,Static,0.10611979166666667
974,Static,0.10725911458333333
975,Static,0.10400390625
976,Static,0.10481770833333333
977,Static,0.10888671875
978,Static,0.10416666666666667
979,Static,0.10579427083333333
980,Static,0.10221354166666667
981,Static,0.1025390625
982,Static,0.09602864583333333
983,Static,0.09977213541666667
984,Static,0.10123697916666667
985,Static,0.10042317708333333
986,Static,0.10514322916666667
987,Static,0.09684244791666667
988,Static,0.10904947916666667
989,Static,0.10074869791666667
990,Static,0.10628255208333333
991,Static,0.10270182291666667
992,Static,0.09928385416666667
993,Static,0.10270182291666667
994,Static,0.10123697916666667
995,Static,0.10384114583333333
996,Static,0.09716796875
997,Static,0.10579427083333333
998,Static,0.10921223958333333
999,Static,0.10009765625
1000,Static,0.09700520833333333
1001,Static,0.10693359375
1002,Static,0.10774739583333333
1003,Static,0.10693359375
1004,Static,0.10481770833333333
1005,Static,0.09651692708333333
1006,Static,0.09765625
1007,Static,0.1025390625
1008,Static,0.10335286458333333
1009,Static,0.11328125
1010,Static,0.10595703125
1011,Static,0.10546875
1012,Static,0.10319010416666667
1013,Static,0.10530598958333333
1014,Static,0.10188802083333333
1015,Static,0.10172526041666667
1016,Static,0.10481770833333333
1017,Static,0.09602864583333333
1018,Static,0.10123697916666667
1019,Static,0.10123697916666667
1020,Static,0.10856119791666667
1021,Static,0.09928385416666667
1022,Static,0.09505208333333333
1023,Static,0.10367838541666667
3,LRU,0.21028645833333334
4,LRU,0.17903645833333334
5,LRU,0.17626953125
6,LRU,0.17399088541666666
7,LRU,0.20328776041666666
8,LRU,0.17985026041666666
9,LRU,0.17220052083333334
10,LRU,0.173828125
11,LRU,0.21142578125
12,LRU,0.1875
13,LRU,0.16389973958333334
14,LRU,0.17415364583333334
15,LRU,0.19401041666666666
16,LRU,0.171875
17,LRU,0.1640625
18,LRU,0.16861979166666666
19,LRU,0.21207682291666666
20,LRU,0.17610677083333334
21,LRU,0.17252604166666666
22,LRU,0.1796875
23,LRU,0.22721354166666666
24,LRU,0.19270833333333334
25,LRU,0.19580078125
26,LRU,0.18668619791666666
27,LRU,0.22379557291666666
28,LRU,0.19449869791666666
29,LRU,0.18929036458333334
30,LRU,0.19547526041666666
31,LRU,0.20638020833333334
32,LRU,0.17513020833333334
33,LRU,0.17236328125
34,LRU,0.17138671875
35,LRU,0.20735677083333334
36,LRU,0.17529296875
37,LRU,0.17578125
38,LRU,0.18310546875
39,LRU,0.1953125
40,LRU,0.16715494791666666
41,LRU,0.171875
42,LRU,0.16813151041666666
43,LRU,0.18522135416666666
44,LRU,0.1650390625
45,LRU,0.16080729166666666
46,LRU,0.16129557291666666
47,LRU,0.21875
48,LRU,0.17708333333333334
49,LRU,0.17399088541666666
50,LRU,0.17838541666666666
51,LRU,0.22102864583333334
52,LRU,0.18473307291666666
53,LRU,0.18277994791666666
54,LRU,0.17805989583333334
55,LRU,0.20768229166666666
56,LRU,0.18538411458333334
57,LRU,0.18082682291666666
58,LRU,0.18310546875
59,LRU,0.20231119791666666
60,LRU,0.17805989583333334
61,LRU,0.17578125
62,LRU,0.17171223958333334
63,LRU,0.20035807291666666
64,LRU,0.17464192708333334
65,LRU,0.17513020833333334
66,LRU,0.16861979166666666
67,LRU,0.19775390625
68,LRU,0.1796875
69,LRU,0.1689453125
70,LRU,0.1611328125
71,LRU,0.20361328125
72,LRU,0.17578125
73,LRU,0.17513020833333334
74,LRU,0.16650390625
75,LRU,0.19694010416666666
76,LRU,0.16731770833333334
77,LRU,0.16373697916666666
78,LRU,0.16178385416666666
79,LRU,0.19742838541666666
80,LRU,0.17301432291666666
81,LRU,0.173828125
82,LRU,0.16780598958333334
83,LRU,0.20198567708333334
84,LRU,0.171875
85,LRU,0.1806640625
86,LRU,0.17252604166666666
87,LRU,0.21842447916666666
88,LRU,0.17594401041666666
89,LRU,0.18245442708333334
90,LRU,0.17724609375
91,LRU,0.21272786458333334
92,LRU,0.18619791666666666
93,LRU,0.18538411458333334
94,LRU,0.17431640625
95,LRU,0.2216796875
96,LRU,0.19124348958333334
97,LRU,0.17838541666666666
98,LRU,0.17561848958333334
99,LRU,0.20638020833333334
100,LRU,0.18180338541666666
101,LRU,0.17431640625
102,LRU,0.16650390625
103,LRU,0.20654296875
104,LRU,0.171875
105,LRU,0.17350260416666666
106,LRU,0.16878255208333334
107,LRU,0.21321614583333334
108,LRU,0.18131510416666666
109,LRU,0.17236328125
110,LRU,0.16162109375
111,LRU,0.18408203125
112,LRU,0.15641276041666666
113,LRU,0.1630859375
114,LRU,0.15641276041666666
115,LRU,0.19205729166666666
116,LRU,0.16324869791666666
117,LRU,0.158203125
118,LRU,0.162109375
119,LRU,0.20442708333333334
120,LRU,0.16650390625
121,LRU,0.169921875
122,LRU,0.17496744791666666
123,LRU,0.20930989583333334
124,LRU,0.17545572916666666
125,LRU,0.18082682291666666
126,LRU,0.17805989583333334
127,LRU,0.201171875
128,LRU,0.17789713541666666
129,LRU,0.1806640625
130,LRU,0.17333984375
131,LRU,0.21126302083333334
132,LRU,0.18489583333333334
133,LRU,0.1650390625
134,LRU,0.16569010416666666
135,LRU,0.20475260416666666
136,LRU,0.1640625
137,LRU,0.16552734375
138,LRU,0.16829427083333334
139,LRU,0.19694010416666666
140,LRU,0.17008463541666666
141,LRU,0.17154947916666666
142,LRU,0.17350260416666666
143,LRU,0.22086588541666666
144,LRU,0.18619791666666666
145,LRU,0.18115234375
146,LRU,0.17220052083333334
147,LRU,0.19580078125
148,LRU,0.16959635416666666
149,LRU,0.15413411458333334
150,LRU,0.16064453125
151,LRU,0.19921875
152,LRU,0.18359375
153,LRU,0.16666666666666666
154,LRU,0.16455078125
155,LRU,0.197265625
156,LRU,0.16617838541666666
157,LRU,0.16927083333333334
158,LRU,0.16015625
159,LRU,0.21728515625
160,LRU,0.18570963541666666
161,LRU,0.17854817708333334
162,LRU,0.18098958333333334
163,LRU,0.19905598958333334
164,LRU,0.17643229166666666
165,LRU,0.17317708333333334
166,LRU,0.1787109375
167,LRU,0.203125
168,LRU,0.17431640625
169,LRU,0.15983072916666666
170,LRU,0.16943359375
171,LRU,0.19287109375
172,LRU,0.17415364583333334
173,LRU,0.16585286458333334
174,LRU,0.17366536458333334
175,LRU,0.19840494791666666
176,LRU,0.17643229166666666
177,LRU,0.17057291666666666
178,LRU,0.15852864583333334
179,LRU,0.18798828125
180,LRU,0.17073567708333334
181,LRU,0.16097005208333334
182,LRU,0.16064453125
183,LRU,0.19759114583333334
184,LRU,0.17350260416666666
185,LRU,0.17447916666666666
186,LRU,0.17447916666666666
187,LRU,0.19417317708333334
188,LRU,0.16748046875
189,LRU,0.16650390625
190,LRU,0.16764322916666666
191,LRU,0.19970703125
192,LRU,0.169921875
193,LRU,0.17008463541666666
194,LRU,0.16748046875
195,LRU,0.19466145833333334
196,LRU,0.16438802083333334
197,LRU,0.166015625
198,LRU,0.15983072916666666
199,LRU,0.19352213541666666
200,LRU,0.16292317708333334
201,LRU,0.17057291666666666
202,LRU,0.16552734375
203,LRU,0.19807942708333334
204,LRU,0.17887369791666666
205,LRU,0.15966796875
206,LRU,0.16585286458333334
207,LRU,0.1962890625
208,LRU,0.16520182291666666
209,LRU,0.16292317708333334
210,LRU,0.17171223958333334
211,LRU,0.19612630208333334
212,LRU,0.16861979166666666
213,LRU,0.16438802083333334
214,LRU,0.15706380208333334
215,LRU,0.21272786458333334
216,LRU,0.18131510416666666
217,LRU,0.169921875
218,LRU,0.17789713541666666
219,LRU,0.20491536458333334
220,LRU,0.17919921875
221,LRU,0.16796875
222,LRU,0.1767578125
223,LRU,0.21012369791666666
224,LRU,0.17659505208333334
225,LRU,0.1689453125
226,LRU,0.1640625
227,LRU,0.1845703125
228,LRU,0.15413411458333334
229,LRU,0.16080729166666666
230,LRU,0.16194661458333334
231,LRU,0.20654296875
232,LRU,0.18489583333333334
233,LRU,0.17578125
234,LRU,0.17545572916666666
235,LRU,0.19189453125
236,LRU,0.17106119791666666
237,LRU,0.16861979166666666
238,LRU,0.16097005208333334
239,LRU,0.20133463541666666
240,LRU,0.16569010416666666
241,LRU,0.1640625
242,LRU,0.16569010416666666
243,LRU,0.1982421875
244,LRU,0.17838541666666666
245,LRU,0.16861979166666666
246,LRU,0.16715494791666666
247,LRU,0.21142578125
248,LRU,0.17805989583333334
249,LRU,0.18522135416666666
250,LRU,0.1787109375
251,LRU,0.20491536458333334
252,LRU,0.16520182291666666
253,LRU,0.15690104166666666
254,LRU,0.1494140625
255,LRU,0.19254557291666666
256,LRU,0.16748046875
257,LRU,0.17366536458333334
258,LRU,0.16569010416666666
259,LRU,0.20361328125
260,LRU,0.17171223958333334
261,LRU,0.1767578125
262,LRU,0.16780598958333334
263,LRU,0.20833333333333334
264,LRU,0.17366536458333334
265,LRU,0.17724609375
266,LRU,0.17561848958333334
267,LRU,0.19287109375
268,LRU,0.1708984375
269,LRU,0.16031901041666666
270,LRU,0.16861979166666666
271,LRU,0.20231119791666666
272,LRU,0.17431640625
273,LRU,0.15836588541666666
274,LRU,0.15950520833333334
275,LRU,0.203125
276,LRU,0.16650390625
277,LRU,0.17561848958333334
278,LRU,0.169921875
279,LRU,0.2060546875
280,LRU,0.18147786458333334
281,LRU,0.18098958333333334
282,LRU,0.16455078125
283,LRU,0.19873046875
284,LRU,0.17220052083333334
285,LRU,0.17138671875
286,LRU,0.17757161458333334
287,LRU,0.20865885416666666
288,LRU,0.18180338541666666
289,LRU,0.17919921875
290,LRU,0.16780598958333334
291,LRU,0.20556640625
292,LRU,0.16829427083333334
293,LRU,0.16048177083333334
294,LRU,0.1494140625
295,LRU,0.19645182291666666
296,LRU,0.16471354166666666
297,LRU,0.16357421875
298,LRU,0.15885416666666666
299,LRU,0.19986979166666666
300,LRU,0.15706380208333334
301,LRU,0.16015625
302,LRU,0.16178385416666666
303,LRU,0.19156901041666666
304,LRU,0.16585286458333334
305,LRU,0.15787760416666666
306,LRU,0.16471354166666666
307,LRU,0.21500651041666666
308,LRU,0.19303385416666666
309,LRU,0.19222005208333334
310,LRU,0.18050130208333334
311,LRU,0.21012369791666666
312,LRU,0.171875
313,LRU,0.1728515625
314,LRU,0.16487630208333334
315,LRU,0.18603515625
316,LRU,0.15999348958333334
317,LRU,0.15901692708333334
318,LRU,0.1552734375
319,LRU,0.18603515625
320,LRU,0.16748046875
321,LRU,0.16341145833333334
322,LRU,0.16064453125
323,LRU,0.197265625
324,LRU,0.17447916666666666
325,LRU,0.16780598958333334
326,LRU,0.16178385416666666
327,LRU,0.22835286458333334
328,LRU,0.18815104166666666
329,LRU,0.18701171875
330,LRU,0.1748046875
331,LRU,0.20979817708333334
332,LRU,0.17545572916666666
333,LRU,0.17529296875
334,LRU,0.17887369791666666
335,LRU,0.19580078125
336,LRU,0.17333984375
337,LRU,0.17333984375
338,LRU,0.1689453125
339,LRU,0.2197265625
340,LRU,0.18733723958333334
341,LRU,0.17610677083333334
342,LRU,0.17106119791666666
343,LRU,0.20458984375
344,LRU,0.17252604166666666
345,LRU,0.173828125
346,LRU,0.18098958333333334
347,LRU,0.20572916666666666
348,LRU,0.17024739583333334
349,LRU,0.16780598958333334
350,LRU,0.16715494791666666
351,LRU,0.20377604166666666
352,LRU,0.17740885416666666
353,LRU,0.17220052083333334
354,LRU,0.16617838541666666
355,LRU,0.20231119791666666
356,LRU,0.17220052083333334
357,LRU,0.18489583333333334
358,LRU,0.17578125
359,LRU,0.20328776041666666
360,LRU,0.17008463541666666
361,LRU,0.17220052083333334
362,LRU,0.16438802083333334
363,LRU,0.20719401041666666
364,LRU,0.18212890625
365,LRU,0.16829427083333334
366,LRU,0.15885416666666666
367,LRU,0.19449869791666666
368,LRU,0.16975911458333334
369,LRU,0.16682942708333334
370,LRU,0.16389973958333334
371,LRU,0.20621744791666666
372,LRU,0.17301432291666666
373,LRU,0.17805989583333334
374,LRU,0.16276041666666666
375,LRU,0.197265625
376,LRU,0.16975911458333334
377,LRU,0.16145833333333334
378,LRU,0.16194661458333334
379,LRU,0.19677734375
380,LRU,0.15804036458333334
381,LRU,0.14973958333333334
382,LRU,0.16520182291666666
383,LRU,0.18359375
384,LRU,0.1650390625
385,LRU,0.15771484375
386,LRU,0.15234375
387,LRU,0.19694010416666666
388,LRU,0.16471354166666666
389,LRU,0.17203776041666666
390,LRU,0.16585286458333334
391,LRU,0.19694010416666666
392,LRU,0.16162109375
393,LRU,0.16243489583333334
394,LRU,0.16634114583333334
395,LRU,0.18587239583333334
396,LRU,0.158203125
397,LRU,0.15462239583333334
398,LRU,0.1513671875
399,LRU,0.185546875
400,LRU,0.15983072916666666
401,LRU,0.1552734375
402,LRU,0.15755208333333334
403,LRU,0.19661458333333334
404,LRU,0.15999348958333334
405,LRU,0.16031901041666666
406,LRU,0.1533203125
407,LRU,0.18977864583333334
408,LRU,0.16910807291666666
409,LRU,0.16438802083333334
410,LRU,0.16487630208333334
411,LRU,0.20166015625
412,LRU,0.16422526041666666
413,LRU,0.16194661458333334
414,LRU,0.16748046875
415,LRU,0.19710286458333334
416,LRU,0.16178385416666666
417,LRU,0.15690104166666666
418,LRU,0.15576171875
419,LRU,0.1904296875
420,LRU,0.16927083333333334
421,LRU,0.16748046875
422,LRU,0.16064453125
423,LRU,0.18619791666666666
424,LRU,0.16455078125
425,LRU,0.16259765625
426,LRU,0.15201822916666666
427,LRU,0.18798828125
428,LRU,0.1669921875
429,LRU,0.15836588541666666
430,LRU,0.158203125
431,LRU,0.20345052083333334
432,LRU,0.17073567708333334
433,LRU,0.15966796875
434,LRU,0.15755208333333334
435,LRU,0.20133463541666666
436,LRU,0.16422526041666666
437,LRU,0.16861979166666666
438,LRU,0.16178385416666666
439,LRU,0.21468098958333334
440,LRU,0.18196614583333334
441,LRU,0.16861979166666666
442,LRU,0.17431640625
443,LRU,0.18684895833333334
444,LRU,0.15478515625
445,LRU,0.16373697916666666
446,LRU,0.16064453125
447,LRU,0.21012369791666666
448,LRU,0.15348307291666666
449,LRU,0.15641276041666666
450,LRU,0.15657552083333334
451,LRU,0.19075520833333334
452,LRU,0.16845703125
453,LRU,0.16520182291666666
454,LRU,0.17122395833333334
455,LRU,0.19010416666666666
456,LRU,0.16471354166666666
457,LRU,0.15869140625
458,LRU,0.15901692708333334
459,LRU,0.20377604166666666
460,LRU,0.16438802083333334
461,LRU,0.17106119791666666
462,LRU,0.17138671875
463,LRU,0.19645182291666666
464,LRU,0.16959635416666666
465,LRU,0.16292317708333334
466,LRU,0.16878255208333334
467,LRU,0.21305338541666666
468,LRU,0.18131510416666666
469,LRU,0.17529296875
470,LRU,0.16910807291666666
471,LRU,0.20719401041666666
472,LRU,0.17545572916666666
473,LRU,0.16861979166666666
474,LRU,0.15966796875
475,LRU,0.18766276041666666
476,LRU,0.17236328125
477,LRU,0.14680989583333334
478,LRU,0.15869140625
479,LRU,0.21012369791666666
480,LRU,0.17692057291666666
481,LRU,0.1650390625
482,LRU,0.15771484375
483,LRU,0.20703125
484,LRU,0.15934244791666666
485,LRU,0.17659505208333334
486,LRU,0.16455078125
487,LRU,0.20882161458333334
488,LRU,0.17122395833333334
489,LRU,0.16975911458333334
490,LRU,0.17073567708333334
491,LRU,0.20361328125
492,LRU,0.17708333333333334
493,LRU,0.17073567708333334
494,LRU,0.17024739583333334
495,LRU,0.20654296875
496,LRU,0.18033854166666666
497,LRU,0.17220052083333334
498,LRU,0.1728515625
499,LRU,0.20035807291666666
500,LRU,0.1806640625
501,LRU,0.17952473958333334
502,LRU,0.16813151041666666
503,LRU,0.19563802083333334
504,LRU,0.15966796875
505,LRU,0.17122395833333334
506,LRU,0.162109375
507,LRU,0.22330729166666666
508,LRU,0.1787109375
509,LRU,0.17692057291666666
510,LRU,0.16552734375
511,LRU,0.19270833333333334
512,LRU,0.15950520833333334
513,LRU,0.15169270833333334
514,LRU,0.16764322916666666
515,LRU,0.19807942708333334
516,LRU,0.17447916666666666
517,LRU,0.16617838541666666
518,LRU,0.16243489583333334
519,LRU,0.20068359375
520,LRU,0.17203776041666666
521,LRU,0.15885416666666666
522,LRU,0.16959635416666666
523,LRU,0.19091796875
524,LRU,0.15852864583333334
525,LRU,0.15087890625
526,LRU,0.14990234375
527,LRU,0.19417317708333334
528,LRU,0.16227213541666666
529,LRU,0.16292317708333334
530,LRU,0.16373697916666666
531,LRU,0.19970703125
532,LRU,0.17301432291666666
533,LRU,0.16357421875
534,LRU,0.15934244791666666
535,LRU,0.21451822916666666
536,LRU,0.17317708333333334
537,LRU,0.18115234375
538,LRU,0.18359375
539,LRU,0.1982421875
540,LRU,0.17220052083333334
541,LRU,0.16959635416666666
542,LRU,0.16276041666666666
543,LRU,0.19970703125
544,LRU,0.17024739583333334
545,LRU,0.17171223958333334
546,LRU,0.16715494791666666
547,LRU,0.19661458333333334
548,LRU,0.16471354166666666
549,LRU,0.16650390625
550,LRU,0.15576171875
551,LRU,0.18375651041666666
552,LRU,0.15413411458333334
553,LRU,0.15315755208333334
554,LRU,0.15901692708333334
555,LRU,0.21110026041666666
556,LRU,0.18424479166666666
557,LRU,0.1728515625
558,LRU,0.17903645833333334
559,LRU,0.21207682291666666
560,LRU,0.19124348958333334
561,LRU,0.18717447916666666
562,LRU,0.18782552083333334
563,LRU,0.21712239583333334
564,LRU,0.18505859375
565,LRU,0.18310546875
566,LRU,0.17464192708333334
567,LRU,0.21077473958333334
568,LRU,0.18603515625
569,LRU,0.18147786458333334
570,LRU,0.18440755208333334
571,LRU,0.20084635416666666
572,LRU,0.17708333333333334
573,LRU,0.17594401041666666
574,LRU,0.16373697916666666
575,LRU,0.19368489583333334
576,LRU,0.16878255208333334
577,LRU,0.16455078125
578,LRU,0.16357421875
579,LRU,0.197265625
580,LRU,0.16878255208333334
581,LRU,0.15348307291666666
582,LRU,0.158203125
583,LRU,0.19173177083333334
584,LRU,0.16829427083333334
585,LRU,0.15706380208333334
586,LRU,0.16194661458333334
587,LRU,0.18977864583333334
588,LRU,0.1611328125
589,LRU,0.14388020833333334
590,LRU,0.14485677083333334
591,LRU,0.20475260416666666
592,LRU,0.18001302083333334
593,LRU,0.17854817708333334
594,LRU,0.17805989583333334
595,LRU,0.18863932291666666
596,LRU,0.15478515625
597,LRU,0.15836588541666666
598,LRU,0.16015625
599,LRU,0.20035807291666666
600,LRU,0.16959635416666666
601,LRU,0.16829427083333334
602,LRU,0.16487630208333334
603,LRU,0.19270833333333334
604,LRU,0.16585286458333334
605,LRU,0.16145833333333334
606,LRU,0.15283203125
607,LRU,0.18733723958333334
608,LRU,0.166015625
609,LRU,0.16455078125
610,LRU,0.15445963541666666
611,LRU,0.19547526041666666
612,LRU,0.17171223958333334
613,LRU,0.16064453125
614,LRU,0.16471354166666666
615,LRU,0.19205729166666666
616,LRU,0.16764322916666666
617,LRU,0.16878255208333334
618,LRU,0.16748046875
619,LRU,0.21305338541666666
620,LRU,0.17578125
621,LRU,0.169921875
622,LRU,0.17301432291666666
623,LRU,0.20231119791666666
624,LRU,0.16910807291666666
625,LRU,0.16243489583333334
626,LRU,0.16389973958333334
627,LRU,0.20068359375
628,LRU,0.17203776041666666
629,LRU,0.16910807291666666
630,LRU,0.17350260416666666
631,LRU,0.2021484375
632,LRU,0.17024739583333334
633,LRU,0.17220052083333334
634,LRU,0.16471354166666666
635,LRU,0.19319661458333334
636,LRU,0.17252604166666666
637,LRU,0.16487630208333334
638,LRU,0.16487630208333334
639,LRU,0.19303385416666666
640,LRU,0.17073567708333334
641,LRU,0.15901692708333334
642,LRU,0.16357421875
643,LRU,0.18815104166666666
644,LRU,0.16292317708333334
645,LRU,0.15771484375
646,LRU,0.1572265625
647,LRU,0.19807942708333334
648,LRU,0.16455078125
649,LRU,0.15852864583333334
650,LRU,0.16682942708333334
651,LRU,0.20361328125
652,LRU,0.16617838541666666
653,LRU,0.16585286458333334
654,LRU,0.16650390625
655,LRU,0.20768229166666666
656,LRU,0.17333984375
657,LRU,0.17789713541666666
658,LRU,0.16389973958333334
659,LRU,0.18636067708333334
660,LRU,0.16048177083333334
661,LRU,0.15966796875
662,LRU,0.15576171875
663,LRU,0.21028645833333334
664,LRU,0.17073567708333334
665,LRU,0.16943359375
666,LRU,0.17236328125
667,LRU,0.201171875
668,LRU,0.16162109375
669,LRU,0.17008463541666666
670,LRU,0.17122395833333334
671,LRU,0.19921875
672,LRU,0.16276041666666666
673,LRU,0.16048177083333334
674,LRU,0.15755208333333334
675,LRU,0.201171875
676,LRU,0.16064453125
677,LRU,0.17024739583333334
678,LRU,0.15641276041666666
679,LRU,0.18603515625
680,LRU,0.15657552083333334
681,LRU,0.15983072916666666
682,LRU,0.15738932291666666
683,LRU,0.20231119791666666
684,LRU,0.17057291666666666
685,LRU,0.162109375
686,LRU,0.1591796875
687,LRU,0.193359375
688,LRU,0.16162109375
689,LRU,0.16015625
690,LRU,0.16243489583333334
691,LRU,0.20279947916666666
692,LRU,0.17805989583333334
693,LRU,0.17024739583333334
694,LRU,0.16097005208333334
695,LRU,0.20068359375
696,LRU,0.16487630208333334
697,LRU,0.166015625
698,LRU,0.16292317708333334
699,LRU,0.1953125
700,LRU,0.16585286458333334
701,LRU,0.16666666666666666
702,LRU,0.166015625
703,LRU,0.19580078125
704,LRU,0.15673828125
705,LRU,0.16162109375
706,LRU,0.15397135416666666
707,LRU,0.20719401041666666
708,LRU,0.16959635416666666
709,LRU,0.17610677083333334
710,LRU,0.16373697916666666
711,LRU,0.21012369791666666
712,LRU,0.17919921875
713,LRU,0.18180338541666666
714,LRU,0.16943359375
715,LRU,0.2060546875
716,LRU,0.17757161458333334
717,LRU,0.16520182291666666
718,LRU,0.17496744791666666
719,LRU,0.21647135416666666
720,LRU,0.19156901041666666
721,LRU,0.1748046875
722,LRU,0.17464192708333334
723,LRU,0.20865885416666666
724,LRU,0.17887369791666666
725,LRU,0.1796875
726,LRU,0.16927083333333334
727,LRU,0.208984375
728,LRU,0.17708333333333334
729,LRU,0.162109375
730,LRU,0.16422526041666666
731,LRU,0.20654296875
732,LRU,0.1787109375
733,LRU,0.16975911458333334
734,LRU,0.1650390625
735,LRU,0.19075520833333334
736,LRU,0.16080729166666666
737,LRU,0.16422526041666666
738,LRU,0.15950520833333334
739,LRU,0.20654296875
740,LRU,0.18115234375
741,LRU,0.16748046875
742,LRU,0.17220052083333334
743,LRU,0.20393880208333334
744,LRU,0.17985026041666666
745,LRU,0.17643229166666666
746,LRU,0.17724609375
747,LRU,0.22054036458333334
748,LRU,0.18131510416666666
749,LRU,0.17838541666666666
750,LRU,0.17643229166666666
751,LRU,0.20084635416666666
752,LRU,0.16943359375
753,LRU,0.16552734375
754,LRU,0.16927083333333334
755,LRU,0.19384765625
756,LRU,0.16764322916666666
757,LRU,0.17073567708333334
758,LRU,0.15804036458333334
759,LRU,0.1982421875
760,LRU,0.16845703125
761,LRU,0.17415364583333334
762,LRU,0.17496744791666666
763,LRU,0.20849609375
764,LRU,0.17236328125
765,LRU,0.16031901041666666
766,LRU,0.17301432291666666
767,LRU,0.19873046875
768,LRU,0.1611328125
769,LRU,0.15690104166666666
770,LRU,0.16748046875
771,LRU,0.21142578125
772,LRU,0.17057291666666666
773,LRU,0.162109375
774,LRU,0.15576171875
775,LRU,0.19026692708333334
776,LRU,0.1669921875
777,LRU,0.16845703125
778,LRU,0.15641276041666666
779,LRU,0.20182291666666666
780,LRU,0.16634114583333334
781,LRU,0.16357421875
782,LRU,0.16536458333333334
783,LRU,0.20345052083333334
784,LRU,0.17203776041666666
785,LRU,0.1640625
786,LRU,0.15934244791666666
787,LRU,0.19205729166666666
788,LRU,0.16324869791666666
789,LRU,0.17610677083333334
790,LRU,0.16276041666666666
791,LRU,0.1953125
792,LRU,0.17024739583333334
793,LRU,0.16178385416666666
794,LRU,0.16682942708333334
795,LRU,0.22932942708333334
796,LRU,0.18375651041666666
797,LRU,0.171875
798,LRU,0.17529296875
799,LRU,0.20735677083333334
800,LRU,0.17366536458333334
801,LRU,0.16422526041666666
802,LRU,0.16324869791666666
803,LRU,0.19791666666666666
804,LRU,0.16194661458333334
805,LRU,0.17106119791666666
806,LRU,0.16341145833333334
807,LRU,0.20068359375
808,LRU,0.17333984375
809,LRU,0.17561848958333334
810,LRU,0.16520182291666666
811,LRU,0.19921875
812,LRU,0.1640625
813,LRU,0.15836588541666666
814,LRU,0.1494140625
815,LRU,0.20556640625
816,LRU,0.17366536458333334
817,LRU,0.15999348958333334
818,LRU,0.1728515625
819,LRU,0.20149739583333334
820,LRU,0.1748046875
821,LRU,0.16910807291666666
822,LRU,0.16520182291666666
823,LRU,0.18684895833333334
824,LRU,0.16634114583333334
825,LRU,0.15836588541666666
826,LRU,0.15283203125
827,LRU,0.18473307291666666
828,LRU,0.16064453125
829,LRU,0.15836588541666666
830,LRU,0.15771484375
831,LRU,0.17740885416666666
832,LRU,0.15315755208333334
833,LRU,0.1572265625
834,LRU,0.15071614583333334
835,LRU,0.18473307291666666
836,LRU,0.15706380208333334
837,LRU,0.16373697916666666
838,LRU,0.15364583333333334
839,LRU,0.19954427083333334
840,LRU,0.17252604166666666
841,LRU,0.16878255208333334
842,LRU,0.16666666666666666
843,LRU,0.20166015625
844,LRU,0.17659505208333334
845,LRU,0.16048177083333334
846,LRU,0.1689453125
847,LRU,0.21468098958333334
848,LRU,0.177734375
849,LRU,0.17936197916666666
850,LRU,0.16389973958333334
851,LRU,0.19417317708333334
852,LRU,0.16959635416666666
853,LRU,0.16487630208333334
854,LRU,0.15983072916666666
855,LRU,0.21207682291666666
856,LRU,0.1806640625
857,LRU,0.1591796875
858,LRU,0.17041015625
859,LRU,0.20849609375
860,LRU,0.17757161458333334
861,LRU,0.17415364583333334
862,LRU,0.16585286458333334
863,LRU,0.20345052083333334
864,LRU,0.17171223958333334
865,LRU,0.16617838541666666
866,LRU,0.16748046875
867,LRU,0.19938151041666666
868,LRU,0.16243489583333334
869,LRU,0.1611328125
870,LRU,0.16064453125
871,LRU,0.20475260416666666
872,LRU,0.16878255208333334
873,LRU,0.17529296875
874,LRU,0.15869140625
875,LRU,0.19710286458333334
876,LRU,0.16324869791666666
877,LRU,0.15885416666666666
878,LRU,0.16487630208333334
879,LRU,0.19889322916666666
880,LRU,0.173828125
881,LRU,0.16748046875
882,LRU,0.16471354166666666
883,LRU,0.20638020833333334
884,LRU,0.18082682291666666
885,LRU,0.17578125
886,LRU,0.16829427083333334
887,LRU,0.19840494791666666
888,LRU,0.17236328125
889,LRU,0.16536458333333334
890,LRU,0.15641276041666666
891,LRU,0.2001953125
892,LRU,0.17626953125
893,LRU,0.16569010416666666
894,LRU,0.16520182291666666
895,LRU,0.20882161458333334
896,LRU,0.17643229166666666
897,LRU,0.16910807291666666
898,LRU,0.15657552083333334
899,LRU,0.20751953125
900,LRU,0.17740885416666666
901,LRU,0.17692057291666666
902,LRU,0.16715494791666666
903,LRU,0.21142578125
904,LRU,0.17350260416666666
905,LRU,0.16178385416666666
906,LRU,0.16324869791666666
907,LRU,0.20182291666666666
908,LRU,0.16861979166666666
909,LRU,0.16682942708333334
910,LRU,0.15983072916666666
911,LRU,0.19840494791666666
912,LRU,0.162109375
913,LRU,0.16162109375
914,LRU,0.15950520833333334
915,LRU,0.22102864583333334
916,LRU,0.17789713541666666
917,LRU,0.16927083333333334
918,LRU,0.16634114583333334
919,LRU,0.20670572916666666
920,LRU,0.17561848958333334
921,LRU,0.17838541666666666
922,LRU,0.18277994791666666
923,LRU,0.2041015625
924,LRU,0.17919921875
925,LRU,0.17041015625
926,LRU,0.16373697916666666
927,LRU,0.20052083333333334
928,LRU,0.17447916666666666
929,LRU,0.16829427083333334
930,LRU,0.16080729166666666
931,LRU,0.20149739583333334
932,LRU,0.1796875
933,LRU,0.17740885416666666
934,LRU,0.16780598958333334
935,LRU,0.18961588541666666
936,LRU,0.16780598958333334
937,LRU,0.16471354166666666
938,LRU,0.16292317708333334
939,LRU,0.21695963541666666
940,LRU,0.1865234375
941,LRU,0.17789713541666666
942,LRU,0.17757161458333334
943,LRU,0.20491536458333334
944,LRU,0.17708333333333334
945,LRU,0.1630859375
946,LRU,0.17578125
947,LRU,0.20540364583333334
948,LRU,0.18050130208333334
949,LRU,0.17757161458333334
950,LRU,0.17594401041666666
951,LRU,0.20100911458333334
952,LRU,0.16666666666666666
953,LRU,0.16650390625
954,LRU,0.16031901041666666
955,LRU,0.20003255208333334
956,LRU,0.15787760416666666
957,LRU,0.1572265625
958,LRU,0.15869140625
959,LRU,0.19270833333333334
960,LRU,0.16292317708333334
961,LRU,0.16015625
962,LRU,0.16227213541666666
963,LRU,0.20003255208333334
964,LRU,0.15966796875
965,LRU,0.17057291666666666
966,LRU,0.16227213541666666
967,LRU,0.2099609375
968,LRU,0.18603515625
969,LRU,0.17154947916666666
970,LRU,0.17317708333333334
971,LRU,0.20524088541666666
972,LRU,0.17838541666666666
973,LRU,0.18636067708333334
974,LRU,0.17789713541666666
975,LRU,0.19612630208333334
976,LRU,0.16780598958333334
977,LRU,0.17350260416666666
978,LRU,0.1650390625
979,LRU,0.205078125
980,LRU,0.171875
981,LRU,0.1640625
982,LRU,0.16048177083333334
983,LRU,0.19303385416666666
984,LRU,0.16813151041666666
985,LRU,0.16715494791666666
986,LRU,0.16569010416666666
987,LRU,0.20361328125
988,LRU,0.18391927083333334
989,LRU,0.16975911458333334
990,LRU,0.17122395833333334
991,LRU,0.21435546875
992,LRU,0.18424479166666666
993,LRU,0.18229166666666666
994,LRU,0.17203776041666666
995,LRU,0.2158203125
996,LRU,0.16471354166666666
997,LRU,0.17252604166666666
998,LRU,0.169921875
999,LRU,0.19775390625
1000,LRU,0.17041015625
1001,LRU,0.16975911458333334
1002,LRU,0.166015625
1003,LRU,0.20084635416666666
1004,LRU,0.16341145833333334
1005,LRU,0.16064453125
1006,LRU,0.16162109375
1007,LRU,0.20833333333333334
1008,LRU,0.16845703125
1009,LRU,0.17008463541666666
1010,LRU,0.16666666666666666
1011,LRU,0.20849609375
1012,LRU,0.17529296875
1013,LRU,0.17447916666666666
1014,LRU,0.16861979166666666
1015,LRU,0.20621744791666666
1016,LRU,0.17561848958333334
1017,LRU,0.16796875
1018,LRU,0.17236328125
1019,LRU,0.20751953125
1020,LRU,0.18294270833333334
1021,LRU,0.17757161458333334
1022,LRU,0.17415364583333334
1023,LRU,0.20279947916666666
3,LFU,0.2708333333333333
4,LFU,0.2521158854166667
5,LFU,0.24723307291666666
6,LFU,0.24658203125
7,LFU,0.2556966145833333
8,LFU,0.24934895833333334
9,LFU,0.23193359375
10,LFU,0.23746744791666666
11,LFU,0.2566731770833333
12,LFU,0.24283854166666666
13,LFU,0.22981770833333334
14,LFU,0.22916666666666666
15,LFU,0.2618815104166667
16,LFU,0.23958333333333334
17,LFU,0.24609375
18,LFU,0.2574869791666667
19,LFU,0.27197265625
20,LFU,0.24300130208333334
21,LFU,0.2421875
22,LFU,0.2581380208333333
23,LFU,0.2877604166666667
24,LFU,0.27099609375
25,LFU,0.2587890625
26,LFU,0.2565104166666667
27,LFU,0.2869466145833333
28,LFU,0.2742513020833333
29,LFU,0.2644856770833333
30,LFU,0.2737630208333333
31,LFU,0.2794596354166667
32,LFU,0.2568359375
33,LFU,0.25048828125
34,LFU,0.24983723958333334
35,LFU,0.2711588541666667
36,LFU,0.24918619791666666
37,LFU,0.23811848958333334
38,LFU,0.2470703125
39,LFU,0.2669270833333333
40,LFU,0.2503255208333333
41,LFU,0.2556966145833333
42,LFU,0.2503255208333333
43,LFU,0.23583984375
44,LFU,0.22281901041666666
45,LFU,0.22721354166666666
46,LFU,0.22330729166666666
47,LFU,0.2659505208333333
48,LFU,0.23600260416666666
49,LFU,0.23876953125
50,LFU,0.24495442708333334
51,LFU,0.29443359375
52,LFU,0.2731119791666667
53,LFU,0.26025390625
54,LFU,0.2625325520833333
55,LFU,0.2770182291666667
56,LFU,0.2649739583333333
57,LFU,0.24641927083333334
58,LFU,0.26513671875
59,LFU,0.26171875
60,LFU,0.2584635416666667
61,LFU,0.2576497395833333
62,LFU,0.2615559895833333
63,LFU,0.24853515625
64,LFU,0.22916666666666666
65,LFU,0.232421875
66,LFU,0.22835286458333334
67,LFU,0.2511393229166667
68,LFU,0.23453776041666666
69,LFU,0.23486328125
70,LFU,0.23486328125
71,LFU,0.2530924479166667
72,LFU,0.22591145833333334
73,LFU,0.23209635416666666
74,LFU,0.2236328125
75,LFU,0.2542317708333333
76,LFU,0.2509765625
77,LFU,0.23990885416666666
78,LFU,0.23502604166666666
79,LFU,0.24983723958333334
80,LFU,0.23323567708333334
81,LFU,0.23046875
82,LFU,0.22200520833333334
83,LFU,0.2635091145833333
84,LFU,0.24625651041666666
85,LFU,0.2535807291666667
86,LFU,0.251953125
87,LFU,0.2975260416666667
88,LFU,0.2822265625
89,LFU,0.28125
90,LFU,0.2872721354166667
91,LFU,0.2853190104166667
92,LFU,0.2659505208333333
93,LFU,0.2802734375
94,LFU,0.2771809895833333
95,LFU,0.31201171875
96,LFU,0.2833658854166667
97,LFU,0.2757161458333333
98,LFU,0.2708333333333333
99,LFU,0.2711588541666667
100,LFU,0.2530924479166667
101,LFU,0.251953125
102,LFU,0.23795572916666666
103,LFU,0.251953125
104,LFU,0.23779296875
105,LFU,0.24430338541666666
106,LFU,0.23063151041666666
107,LFU,0.2609049479166667
108,LFU,0.24348958333333334
109,LFU,0.24658203125
110,LFU,0.24381510416666666
111,LFU,0.234375
112,LFU,0.21533203125
113,LFU,0.23274739583333334
114,LFU,0.21598307291666666
115,LFU,0.25244140625
116,LFU,0.23551432291666666
117,LFU,0.23014322916666666
118,LFU,0.22981770833333334
119,LFU,0.2607421875
120,LFU,0.22867838541666666
121,LFU,0.236328125
122,LFU,0.23421223958333334
123,LFU,0.279296875
124,LFU,0.25732421875
125,LFU,0.2664388020833333
126,LFU,0.2609049479166667
127,LFU,0.2683919270833333
128,LFU,0.25634765625
129,LFU,0.2652994791666667
130,LFU,0.2635091145833333
131,LFU,0.2921549479166667
132,LFU,0.26416015625
133,LFU,0.248046875
134,LFU,0.2255859375
135,LFU,0.26806640625
136,LFU,0.2451171875
137,LFU,0.22802734375
138,LFU,0.23795572916666666
139,LFU,0.2561848958333333
140,LFU,0.2275390625
141,LFU,0.23274739583333334
142,LFU,0.23470052083333334
143,LFU,0.2840169270833333
144,LFU,0.2565104166666667
145,LFU,0.24788411458333334
146,LFU,0.23551432291666666
147,LFU,0.2644856770833333
148,LFU,0.23763020833333334
149,LFU,0.21321614583333334
150,LFU,0.22819010416666666
151,LFU,0.2574869791666667
152,LFU,0.2522786458333333
153,LFU,0.24348958333333334
154,LFU,0.23990885416666666
155,LFU,0.26171875
156,LFU,0.24609375
157,LFU,0.240234375
158,LFU,0.2421875
159,LFU,0.2913411458333333
160,LFU,0.2799479166666667
161,LFU,0.2628580729166667
162,LFU,0.2677408854166667
163,LFU,0.2970377604166667
164,LFU,0.2858072916666667
165,LFU,0.2880859375
166,LFU,0.2919921875
167,LFU,0.2742513020833333
168,LFU,0.2594401041666667
169,LFU,0.2431640625
170,LFU,0.2506510416666667
171,LFU,0.2610677083333333
172,LFU,0.25537109375
173,LFU,0.24348958333333334
174,LFU,0.2633463541666667
175,LFU,0.2578125
176,LFU,0.2431640625
177,LFU,0.23046875
178,LFU,0.22574869791666666
179,LFU,0.24267578125
180,LFU,0.22639973958333334
181,LFU,0.22102864583333334
182,LFU,0.2236328125
183,LFU,0.24609375
184,LFU,0.24202473958333334
185,LFU,0.23258463541666666
186,LFU,0.23502604166666666
187,LFU,0.2392578125
188,LFU,0.22314453125
189,LFU,0.24153645833333334
190,LFU,0.23958333333333334
191,LFU,0.2615559895833333
192,LFU,0.23307291666666666
193,LFU,0.2522786458333333
194,LFU,0.2639973958333333
195,LFU,0.259765625
196,LFU,0.24527994791666666
197,LFU,0.23893229166666666
198,LFU,0.24169921875
199,LFU,0.24869791666666666
200,LFU,0.23567708333333334
201,LFU,0.23779296875
202,LFU,0.23746744791666666
203,LFU,0.2509765625
204,LFU,0.25732421875
205,LFU,0.23307291666666666
206,LFU,0.23990885416666666
207,LFU,0.24479166666666666
208,LFU,0.21956380208333334
209,LFU,0.22607421875
210,LFU,0.23291015625
211,LFU,0.24723307291666666
212,LFU,0.22932942708333334
213,LFU,0.23111979166666666
214,LFU,0.21907552083333334
215,LFU,0.2726236979166667
216,LFU,0.2556966145833333
217,LFU,0.24723307291666666
218,LFU,0.2517903645833333
219,LFU,0.2609049479166667
220,LFU,0.24886067708333334
221,LFU,0.23876953125
222,LFU,0.24576822916666666
223,LFU,0.27490234375
224,LFU,0.24723307291666666
225,LFU,0.23567708333333334
226,LFU,0.22672526041666666
227,LFU,0.23177083333333334
228,LFU,0.21175130208333334
229,LFU,0.22037760416666666
230,LFU,0.22102864583333334
231,LFU,0.2705078125
232,LFU,0.24348958333333334
233,LFU,0.24365234375
234,LFU,0.2535807291666667
235,LFU,0.2591145833333333
236,LFU,0.24593098958333334
237,LFU,0.23844401041666666
238,LFU,0.23844401041666666
239,LFU,0.2556966145833333
240,LFU,0.23893229166666666
241,LFU,0.23470052083333334
242,LFU,0.24837239583333334
243,LFU,0.24837239583333334
244,LFU,0.23356119791666666
245,LFU,0.23128255208333334
246,LFU,0.2294921875
247,LFU,0.2722981770833333
248,LFU,0.2552083333333333
249,LFU,0.24983723958333334
250,LFU,0.24739583333333334
251,LFU,0.28369140625
252,LFU,0.2537434895833333
253,LFU,0.24153645833333334
254,LFU,0.23876953125
255,LFU,0.24641927083333334
256,LFU,0.23600260416666666
257,LFU,0.2353515625
258,LFU,0.236328125
259,LFU,0.2825520833333333
260,LFU,0.26904296875
261,LFU,0.2755533854166667
262,LFU,0.25537109375
263,LFU,0.2644856770833333
264,LFU,0.24918619791666666
265,LFU,0.2532552083333333
266,LFU,0.2511393229166667
267,LFU,0.2556966145833333
268,LFU,0.24153645833333334
269,LFU,0.2421875
270,LFU,0.24186197916666666
271,LFU,0.2652994791666667
272,LFU,0.23876953125
273,LFU,0.22932942708333334
274,LFU,0.23258463541666666
275,LFU,0.2599283854166667
276,LFU,0.24690755208333334
277,LFU,0.2511393229166667
278,LFU,0.24625651041666666
279,LFU,0.2545572916666667
280,LFU,0.23893229166666666
281,LFU,0.24235026041666666
282,LFU,0.2333984375
283,LFU,0.24593098958333334
284,LFU,0.24772135416666666
285,LFU,0.23893229166666666
286,LFU,0.24853515625
287,LFU,0.2701822916666667
288,LFU,0.2565104166666667
289,LFU,0.23583984375
290,LFU,0.23893229166666666
291,LFU,0.2589518229166667
292,LFU,0.21988932291666666
293,LFU,0.22428385416666666
294,LFU,0.21809895833333334
295,LFU,0.25244140625
296,LFU,0.23063151041666666
297,LFU,0.22412109375
298,LFU,0.23372395833333334
299,LFU,0.24283854166666666
300,LFU,0.22216796875
301,LFU,0.22037760416666666
302,LFU,0.22998046875
303,LFU,0.2521158854166667
304,LFU,0.24055989583333334
305,LFU,0.24772135416666666
306,LFU,0.2431640625
307,LFU,0.27880859375
308,LFU,0.2618815104166667
309,LFU,0.2654622395833333
310,LFU,0.2542317708333333
311,LFU,0.26220703125
312,LFU,0.22477213541666666
313,LFU,0.23046875
314,LFU,0.22135416666666666
315,LFU,0.23470052083333334
316,LFU,0.21354166666666666
317,LFU,0.21240234375
318,LFU,0.20458984375
319,LFU,0.2511393229166667
320,LFU,0.24088541666666666
321,LFU,0.2412109375
322,LFU,0.2521158854166667
323,LFU,0.24837239583333334
324,LFU,0.24007161458333334
325,LFU,0.24609375
326,LFU,0.2431640625
327,LFU,0.30712890625
328,LFU,0.2794596354166667
329,LFU,0.2591145833333333
330,LFU,0.2550455729166667
331,LFU,0.27197265625
332,LFU,0.24235026041666666
333,LFU,0.24788411458333334
334,LFU,0.2508138020833333
335,LFU,0.2560221354166667
336,LFU,0.24544270833333334
337,LFU,0.24430338541666666
338,LFU,0.24251302083333334
339,LFU,0.2760416666666667
340,LFU,0.25732421875
341,LFU,0.23860677083333334
342,LFU,0.23095703125
343,LFU,0.2662760416666667
344,LFU,0.24951171875
345,LFU,0.24251302083333334
346,LFU,0.259765625
347,LFU,0.26806640625
348,LFU,0.24397786458333334
349,LFU,0.24169921875
350,LFU,0.23681640625
351,LFU,0.2652994791666667
352,LFU,0.23958333333333334
353,LFU,0.23209635416666666
354,LFU,0.24202473958333334
355,LFU,0.2744140625
356,LFU,0.24381510416666666
357,LFU,0.2511393229166667
358,LFU,0.24820963541666666
359,LFU,0.287109375
360,LFU,0.2540690104166667
361,LFU,0.2574869791666667
362,LFU,0.23974609375
363,LFU,0.267578125
364,LFU,0.24397786458333334
365,LFU,0.22086588541666666
366,LFU,0.21940104166666666
367,LFU,0.2508138020833333
368,LFU,0.244140625
369,LFU,0.23828125
370,LFU,0.22981770833333334
371,LFU,0.2555338541666667
372,LFU,0.23046875
373,LFU,0.24137369791666666
374,LFU,0.224609375
375,LFU,0.2542317708333333
376,LFU,0.23616536458333334
377,LFU,0.228515625
378,LFU,0.2275390625
379,LFU,0.23876953125
380,LFU,0.22526041666666666
381,LFU,0.22574869791666666
382,LFU,0.22884114583333334
383,LFU,0.2431640625
384,LFU,0.23958333333333334
385,LFU,0.23079427083333334
386,LFU,0.22347005208333334
387,LFU,0.24527994791666666
388,LFU,0.2275390625
389,LFU,0.23811848958333334
390,LFU,0.22900390625
391,LFU,0.24788411458333334
392,LFU,0.2138671875
393,LFU,0.21419270833333334
394,LFU,0.22135416666666666
395,LFU,0.22509765625
396,LFU,0.21598307291666666
397,LFU,0.21744791666666666
398,LFU,0.21337890625
399,LFU,0.2275390625
400,LFU,0.21354166666666666
401,LFU,0.21272786458333334
402,LFU,0.21728515625
403,LFU,0.236328125
404,LFU,0.20882161458333334
405,LFU,0.21240234375
406,LFU,0.21223958333333334
407,LFU,0.23828125
408,LFU,0.22477213541666666
409,LFU,0.21630859375
410,LFU,0.2236328125
411,LFU,0.2604166666666667
412,LFU,0.23160807291666666
413,LFU,0.23388671875
414,LFU,0.22835286458333334
415,LFU,0.24055989583333334
416,LFU,0.21793619791666666
417,LFU,0.20670572916666666
418,LFU,0.21337890625
419,LFU,0.24983723958333334
420,LFU,0.23844401041666666
421,LFU,0.2451171875
422,LFU,0.22965494791666666
423,LFU,0.24967447916666666
424,LFU,0.22932942708333334
425,LFU,0.22835286458333334
426,LFU,0.2255859375
427,LFU,0.22981770833333334
428,LFU,0.22037760416666666
429,LFU,0.22086588541666666
430,LFU,0.22330729166666666
431,LFU,0.2576497395833333
432,LFU,0.24088541666666666
433,LFU,0.22786458333333334
434,LFU,0.22151692708333334
435,LFU,0.2666015625
436,LFU,0.23502604166666666
437,LFU,0.24088541666666666
438,LFU,0.24251302083333334
439,LFU,0.27587890625
440,LFU,0.24951171875
441,LFU,0.23746744791666666
442,LFU,0.240234375
443,LFU,0.2613932291666667
444,LFU,0.23225911458333334
445,LFU,0.24039713541666666
446,LFU,0.2609049479166667
447,LFU,0.2599283854166667
448,LFU,0.2255859375
449,LFU,0.22591145833333334
450,LFU,0.22916666666666666
451,LFU,0.22672526041666666
452,LFU,0.20524088541666666
453,LFU,0.20751953125
454,LFU,0.2119140625
455,LFU,0.23128255208333334
456,LFU,0.2265625
457,LFU,0.21598307291666666
458,LFU,0.21484375
459,LFU,0.2639973958333333
460,LFU,0.22819010416666666
461,LFU,0.24788411458333334
462,LFU,0.2431640625
463,LFU,0.2547200520833333
464,LFU,0.24658203125
465,LFU,0.22672526041666666
466,LFU,0.24381510416666666
467,LFU,0.2776692708333333
468,LFU,0.2550455729166667
469,LFU,0.2508138020833333
470,LFU,0.23470052083333334
471,LFU,0.2692057291666667
472,LFU,0.24576822916666666
473,LFU,0.23014322916666666
474,LFU,0.228515625
475,LFU,0.23356119791666666
476,LFU,0.23307291666666666
477,LFU,0.20068359375
478,LFU,0.22005208333333334
479,LFU,0.2662760416666667
480,LFU,0.24104817708333334
481,LFU,0.22119140625
482,LFU,0.22477213541666666
483,LFU,0.2521158854166667
484,LFU,0.20882161458333334
485,LFU,0.22151692708333334
486,LFU,0.22037760416666666
487,LFU,0.255859375
488,LFU,0.22819010416666666
489,LFU,0.24169921875
490,LFU,0.23990885416666666
491,LFU,0.2604166666666667
492,LFU,0.23583984375
493,LFU,0.22721354166666666
494,LFU,0.23942057291666666
495,LFU,0.2770182291666667
496,LFU,0.2750651041666667
497,LFU,0.25634765625
498,LFU,0.2571614583333333
499,LFU,0.2560221354166667
500,LFU,0.24153645833333334
501,LFU,0.25244140625
502,LFU,0.23356119791666666
503,LFU,0.24886067708333334
504,LFU,0.23160807291666666
505,LFU,0.2451171875
506,LFU,0.24641927083333334
507,LFU,0.2996419270833333
508,LFU,0.2731119791666667
509,LFU,0.25732421875
510,LFU,0.23811848958333334
511,LFU,0.24495442708333334
512,LFU,0.22705078125
513,LFU,0.23746744791666666
514,LFU,0.24462890625
515,LFU,0.2644856770833333
516,LFU,0.2542317708333333
517,LFU,0.2555338541666667
518,LFU,0.23502604166666666
519,LFU,0.2734375
520,LFU,0.24820963541666666
521,LFU,0.2431640625
522,LFU,0.23974609375
523,LFU,0.26953125
524,LFU,0.2552083333333333
525,LFU,0.248046875
526,LFU,0.24348958333333334
527,LFU,0.24983723958333334
528,LFU,0.22509765625
529,LFU,0.20930989583333334
530,LFU,0.2216796875
531,LFU,0.2516276041666667
532,LFU,0.22835286458333334
533,LFU,0.22005208333333334
534,LFU,0.21793619791666666
535,LFU,0.27197265625
536,LFU,0.25146484375
537,LFU,0.25
538,LFU,0.248046875
539,LFU,0.2638346354166667
540,LFU,0.24527994791666666
541,LFU,0.2412109375
542,LFU,0.22672526041666666
543,LFU,0.24853515625
544,LFU,0.228515625
545,LFU,0.23274739583333334
546,LFU,0.23470052083333334
547,LFU,0.24723307291666666
548,LFU,0.21728515625
549,LFU,0.22054036458333334
550,LFU,0.2138671875
551,LFU,0.23681640625
552,LFU,0.21647135416666666
553,LFU,0.22086588541666666
554,LFU,0.23616536458333334
555,LFU,0.25537109375
556,LFU,0.23876953125
557,LFU,0.23356119791666666
558,LFU,0.24153645833333334
559,LFU,0.2742513020833333
560,LFU,0.26171875
561,LFU,0.265625
562,LFU,0.2685546875
563,LFU,0.3006184895833333
564,LFU,0.283203125
565,LFU,0.2809244791666667
566,LFU,0.2688802083333333
567,LFU,0.2736002604166667
568,LFU,0.2600911458333333
569,LFU,0.2508138020833333
570,LFU,0.2623697916666667
571,LFU,0.2669270833333333
572,LFU,0.2509765625
573,LFU,0.24169921875
574,LFU,0.22216796875
575,LFU,0.23681640625
576,LFU,0.22281901041666666
577,LFU,0.21647135416666666
578,LFU,0.21077473958333334
579,LFU,0.255859375
580,LFU,0.22314453125
581,LFU,0.21256510416666666
582,LFU,0.22737630208333334
583,LFU,0.24593098958333334
584,LFU,0.22737630208333334
585,LFU,0.2294921875
586,LFU,0.23486328125
587,LFU,0.24267578125
588,LFU,0.22314453125
589,LFU,0.21484375
590,LFU,0.21354166666666666
591,LFU,0.24820963541666666
592,LFU,0.23860677083333334
593,LFU,0.23291015625
594,LFU,0.2216796875
595,LFU,0.24723307291666666
596,LFU,0.21240234375
597,LFU,0.22526041666666666
598,LFU,0.22542317708333334
599,LFU,0.2731119791666667
600,LFU,0.23990885416666666
601,LFU,0.25390625
602,LFU,0.24446614583333334
603,LFU,0.25537109375
604,LFU,0.23470052083333334
605,LFU,0.22330729166666666
606,LFU,0.22688802083333334
607,LFU,0.2451171875
608,LFU,0.22005208333333334
609,LFU,0.21468098958333334
610,LFU,0.21272786458333334
611,LFU,0.2373046875
612,LFU,0.22086588541666666
613,LFU,0.21712239583333334
614,LFU,0.224609375
615,LFU,0.24723307291666666
616,LFU,0.2431640625
617,LFU,0.23746744791666666
618,LFU,0.23274739583333334
619,LFU,0.27099609375
620,LFU,0.240234375
621,LFU,0.24153645833333334
622,LFU,0.24430338541666666
623,LFU,0.26611328125
624,LFU,0.24055989583333334
625,LFU,0.23470052083333334
626,LFU,0.23779296875
627,LFU,0.2609049479166667
628,LFU,0.24251302083333334
629,LFU,0.24446614583333334
630,LFU,0.24088541666666666
631,LFU,0.2635091145833333
632,LFU,0.24055989583333334
633,LFU,0.23974609375
634,LFU,0.24332682291666666
635,LFU,0.23779296875
636,LFU,0.22705078125
637,LFU,0.22932942708333334
638,LFU,0.22835286458333334
639,LFU,0.24609375
640,LFU,0.23714192708333334
641,LFU,0.22412109375
642,LFU,0.22477213541666666
643,LFU,0.2353515625
644,LFU,0.22867838541666666
645,LFU,0.23177083333333334
646,LFU,0.22867838541666666
647,LFU,0.244140625
648,LFU,0.2119140625
649,LFU,0.20572916666666666
650,LFU,0.21712239583333334
651,LFU,0.24869791666666666
652,LFU,0.21988932291666666
653,LFU,0.23095703125
654,LFU,0.21923828125
655,LFU,0.2706705729166667
656,LFU,0.23209635416666666
657,LFU,0.24755859375
658,LFU,0.23567708333333334
659,LFU,0.24788411458333334
660,LFU,0.24169921875
661,LFU,0.24755859375
662,LFU,0.23746744791666666
663,LFU,0.2762044270833333
664,LFU,0.24300130208333334
665,LFU,0.24446614583333334
666,LFU,0.24934895833333334
667,LFU,0.23795572916666666
668,LFU,0.22054036458333334
669,LFU,0.23697916666666666
670,LFU,0.21988932291666666
671,LFU,0.2693684895833333
672,LFU,0.24479166666666666
673,LFU,0.23307291666666666
674,LFU,0.24251302083333334
675,LFU,0.2677408854166667
676,LFU,0.22591145833333334
677,LFU,0.24625651041666666
678,LFU,0.23209635416666666
679,LFU,0.24527994791666666
680,LFU,0.2294921875
681,LFU,0.22819010416666666
682,LFU,0.22884114583333334
683,LFU,0.24495442708333334
684,LFU,0.22184244791666666
685,LFU,0.21516927083333334
686,LFU,0.21516927083333334
687,LFU,0.25244140625
688,LFU,0.236328125
689,LFU,0.23291015625
690,LFU,0.24674479166666666
691,LFU,0.2560221354166667
692,LFU,0.23893229166666666
693,LFU,0.22867838541666666
694,LFU,0.22216796875
695,LFU,0.2578125
696,LFU,0.220703125
697,LFU,0.228515625
698,LFU,0.23779296875
699,LFU,0.2548828125
700,LFU,0.23193359375
701,LFU,0.23323567708333334
702,LFU,0.22216796875
703,LFU,0.25390625
704,LFU,0.22200520833333334
705,LFU,0.22607421875
706,LFU,0.23372395833333334
707,LFU,0.27392578125
708,LFU,0.251953125
709,LFU,0.2569986979166667
710,LFU,0.234375
711,LFU,0.2802734375
712,LFU,0.2596028645833333
713,LFU,0.2757161458333333
714,LFU,0.2522786458333333
715,LFU,0.2732747395833333
716,LFU,0.2503255208333333
717,LFU,0.25048828125
718,LFU,0.2604166666666667
719,LFU,0.30419921875
720,LFU,0.2981770833333333
721,LFU,0.2666015625
722,LFU,0.2687174479166667
723,LFU,0.2664388020833333
724,LFU,0.25830078125
725,LFU,0.24934895833333334
726,LFU,0.2451171875
727,LFU,0.2771809895833333
728,LFU,0.25244140625
729,LFU,0.24300130208333334
730,LFU,0.24690755208333334
731,LFU,0.2635091145833333
732,LFU,0.24527994791666666
733,LFU,0.24072265625
734,LFU,0.23844401041666666
735,LFU,0.24007161458333334
736,LFU,0.22688802083333334
737,LFU,0.22444661458333334
738,LFU,0.2265625
739,LFU,0.2692057291666667
740,LFU,0.2529296875
741,LFU,0.24593098958333334
742,LFU,0.2522786458333333
743,LFU,0.2639973958333333
744,LFU,0.24462890625
745,LFU,0.2527669270833333
746,LFU,0.2529296875
747,LFU,0.2820638020833333
748,LFU,0.24983723958333334
749,LFU,0.2584635416666667
750,LFU,0.2470703125
751,LFU,0.27392578125
752,LFU,0.2657877604166667
753,LFU,0.2527669270833333
754,LFU,0.2587890625
755,LFU,0.24576822916666666
756,LFU,0.2216796875
757,LFU,0.23030598958333334
758,LFU,0.22184244791666666
759,LFU,0.2674153645833333
760,LFU,0.2503255208333333
761,LFU,0.27294921875
762,LFU,0.2626953125
763,LFU,0.2789713541666667
764,LFU,0.24381510416666666
765,LFU,0.24055989583333334
766,LFU,0.2578125
767,LFU,0.2763671875
768,LFU,0.251953125
769,LFU,0.251953125
770,LFU,0.2613932291666667
771,LFU,0.2740885416666667
772,LFU,0.24153645833333334
773,LFU,0.23567708333333334
774,LFU,0.22347005208333334
775,LFU,0.25244140625
776,LFU,0.24462890625
777,LFU,0.25244140625
778,LFU,0.24104817708333334
779,LFU,0.24739583333333334
780,LFU,0.22802734375
781,LFU,0.22721354166666666
782,LFU,0.22216796875
783,LFU,0.2630208333333333
784,LFU,0.23876953125
785,LFU,0.23209635416666666
786,LFU,0.22705078125
787,LFU,0.2517903645833333
788,LFU,0.2333984375
789,LFU,0.23763020833333334
790,LFU,0.23291015625
791,LFU,0.2569986979166667
792,LFU,0.24869791666666666
793,LFU,0.23274739583333334
794,LFU,0.24072265625
795,LFU,0.2952473958333333
796,LFU,0.2763671875
797,LFU,0.2794596354166667
798,LFU,0.2644856770833333
799,LFU,0.2858072916666667
800,LFU,0.24967447916666666
801,LFU,0.24332682291666666
802,LFU,0.24593098958333334
803,LFU,0.2517903645833333
804,LFU,0.23063151041666666
805,LFU,0.248046875
806,LFU,0.22542317708333334
807,LFU,0.2701822916666667
808,LFU,0.24560546875
809,LFU,0.23974609375
810,LFU,0.23046875
811,LFU,0.24739583333333334
812,LFU,0.21044921875
813,LFU,0.21549479166666666
814,LFU,0.21061197916666666
815,LFU,0.2552083333333333
816,LFU,0.2431640625
817,LFU,0.224609375
818,LFU,0.24251302083333334
819,LFU,0.2615559895833333
820,LFU,0.2412109375
821,LFU,0.22330729166666666
822,LFU,0.22200520833333334
823,LFU,0.2255859375
824,LFU,0.2197265625
825,LFU,0.21321614583333334
826,LFU,0.21484375
827,LFU,0.236328125
828,LFU,0.2138671875
829,LFU,0.22298177083333334
830,LFU,0.22347005208333334
831,LFU,0.24348958333333334
832,LFU,0.22151692708333334
833,LFU,0.22216796875
834,LFU,0.21858723958333334
835,LFU,0.21988932291666666
836,LFU,0.19840494791666666
837,LFU,0.21435546875
838,LFU,0.20817057291666666
839,LFU,0.26220703125
840,LFU,0.24397786458333334
841,LFU,0.24674479166666666
842,LFU,0.24332682291666666
843,LFU,0.2682291666666667
844,LFU,0.2644856770833333
845,LFU,0.25146484375
846,LFU,0.2727864583333333
847,LFU,0.28076171875
848,LFU,0.2535807291666667
849,LFU,0.2511393229166667
850,LFU,0.24153645833333334
851,LFU,0.2822265625
852,LFU,0.2591145833333333
853,LFU,0.2674153645833333
854,LFU,0.26953125
855,LFU,0.2713216145833333
856,LFU,0.2688802083333333
857,LFU,0.2618815104166667
858,LFU,0.26708984375
859,LFU,0.28125
860,LFU,0.2628580729166667
861,LFU,0.27294921875
862,LFU,0.2571614583333333
863,LFU,0.2882486979166667
864,LFU,0.263671875
865,LFU,0.2635091145833333
866,LFU,0.25830078125
867,LFU,0.2607421875
868,LFU,0.23909505208333334
869,LFU,0.23583984375
870,LFU,0.23811848958333334
871,LFU,0.2605794270833333
872,LFU,0.24007161458333334
873,LFU,0.234375
874,LFU,0.23616536458333334
875,LFU,0.2589518229166667
876,LFU,0.2353515625
877,LFU,0.23860677083333334
878,LFU,0.23583984375
879,LFU,0.2587890625
880,LFU,0.24397786458333334
881,LFU,0.23665364583333334
882,LFU,0.23746744791666666
883,LFU,0.279296875
884,LFU,0.24544270833333334
885,LFU,0.2508138020833333
886,LFU,0.24853515625
887,LFU,0.24462890625
888,LFU,0.2314453125
889,LFU,0.24202473958333334
890,LFU,0.23470052083333334
891,LFU,0.2644856770833333
892,LFU,0.24446614583333334
893,LFU,0.23795572916666666
894,LFU,0.24251302083333334
895,LFU,0.2677408854166667
896,LFU,0.24251302083333334
897,LFU,0.24088541666666666
898,LFU,0.236328125
899,LFU,0.2620442708333333
900,LFU,0.24007161458333334
901,LFU,0.24593098958333334
902,LFU,0.23111979166666666
903,LFU,0.2779947916666667
904,LFU,0.24918619791666666
905,LFU,0.23551432291666666
906,LFU,0.2503255208333333
907,LFU,0.2766927083333333
908,LFU,0.25048828125
909,LFU,0.24658203125
910,LFU,0.24300130208333334
911,LFU,0.25390625
912,LFU,0.23388671875
913,LFU,0.23583984375
914,LFU,0.24332682291666666
915,LFU,0.2820638020833333
916,LFU,0.2503255208333333
917,LFU,0.2513020833333333
918,LFU,0.2451171875
919,LFU,0.2503255208333333
920,LFU,0.22981770833333334
921,LFU,0.23502604166666666
922,LFU,0.23502604166666666
923,LFU,0.2566731770833333
924,LFU,0.23746744791666666
925,LFU,0.23193359375
926,LFU,0.22981770833333334
927,LFU,0.2615559895833333
928,LFU,0.23697916666666666
929,LFU,0.2373046875
930,LFU,0.23649088541666666
931,LFU,0.2635091145833333
932,LFU,0.248046875
933,LFU,0.2508138020833333
934,LFU,0.2392578125
935,LFU,0.2529296875
936,LFU,0.23209635416666666
937,LFU,0.23209635416666666
938,LFU,0.224609375
939,LFU,0.2703450520833333
940,LFU,0.2526041666666667
941,LFU,0.23795572916666666
942,LFU,0.23990885416666666
943,LFU,0.27197265625
944,LFU,0.2522786458333333
945,LFU,0.24283854166666666
946,LFU,0.26513671875
947,LFU,0.26611328125
948,LFU,0.2607421875
949,LFU,0.24674479166666666
950,LFU,0.24934895833333334
951,LFU,0.2716471354166667
952,LFU,0.2431640625
953,LFU,0.2542317708333333
954,LFU,0.24153645833333334
955,LFU,0.2620442708333333
956,LFU,0.23551432291666666
957,LFU,0.23942057291666666
958,LFU,0.22428385416666666
959,LFU,0.2503255208333333
960,LFU,0.22965494791666666
961,LFU,0.23079427083333334
962,LFU,0.23567708333333334
963,LFU,0.2737630208333333
964,LFU,0.24853515625
965,LFU,0.25244140625
966,LFU,0.24365234375
967,LFU,0.2864583333333333
968,LFU,0.2742513020833333
969,LFU,0.2607421875
970,LFU,0.27001953125
971,LFU,0.28564453125
972,LFU,0.2607421875
973,LFU,0.2662760416666667
974,LFU,0.2560221354166667
975,LFU,0.2607421875
976,LFU,0.24267578125
977,LFU,0.2451171875
978,LFU,0.24820963541666666
979,LFU,0.2706705729166667
980,LFU,0.23893229166666666
981,LFU,0.23274739583333334
982,LFU,0.23209635416666666
983,LFU,0.2667643229166667
984,LFU,0.24267578125
985,LFU,0.24348958333333334
986,LFU,0.24967447916666666
987,LFU,0.2779947916666667
988,LFU,0.2550455729166667
989,LFU,0.244140625
990,LFU,0.2584635416666667
991,LFU,0.28759765625
992,LFU,0.2682291666666667
993,LFU,0.2620442708333333
994,LFU,0.2506510416666667
995,LFU,0.2888997395833333
996,LFU,0.24853515625
997,LFU,0.2605794270833333
998,LFU,0.251953125
999,LFU,0.2607421875
1000,LFU,0.24755859375
1001,LFU,0.24593098958333334
1002,LFU,0.24479166666666666
1003,LFU,0.25244140625
1004,LFU,0.24137369791666666
1005,LFU,0.22802734375
1006,LFU,0.23128255208333334
1007,LFU,0.2635091145833333
1008,LFU,0.271484375
1009,LFU,0.25439453125
1010,LFU,0.24918619791666666
1011,LFU,0.2693684895833333
1012,LFU,0.24169921875
1013,LFU,0.23421223958333334
1014,LFU,0.23193359375
1015,LFU,0.2605794270833333
1016,LFU,0.23763020833333334
1017,LFU,0.23111979166666666
1018,LFU,0.23063151041666666
1019,LFU,0.2740885416666667
1020,LFU,0.2589518229166667
1021,LFU,0.24967447916666666
1022,LFU,0.24967447916666666
1023,LFU,0.2703450520833333
3,WeightedLFU,0.435546875
4,WeightedLFU,0.4274088541666667
5,WeightedLFU,0.4171549479166667
6,WeightedLFU,0.4138997395833333
7,WeightedLFU,0.4197591145833333
8,WeightedLFU,0.4295247395833333
9,WeightedLFU,0.4195963541666667
10,WeightedLFU,0.419921875
11,WeightedLFU,0.3780924479166667
12,WeightedLFU,0.37744140625
13,WeightedLFU,0.38818359375
14,WeightedLFU,0.3956705729166667
15,WeightedLFU,0.4000651041666667
16,WeightedLFU,0.3819986979166667
17,WeightedLFU,0.4026692708333333
18,WeightedLFU,0.4361979166666667
19,WeightedLFU,0.43017578125
20,WeightedLFU,0.4103190104166667
21,WeightedLFU,0.4298502604166667
22,WeightedLFU,0.4493815104166667
23,WeightedLFU,0.4576822916666667
24,WeightedLFU,0.4402669270833333
25,WeightedLFU,0.4122721354166667
26,WeightedLFU,0.4464518229166667
27,WeightedLFU,0.470703125
28,WeightedLFU,0.45849609375
29,WeightedLFU,0.45947265625
30,WeightedLFU,0.4632161458333333
31,WeightedLFU,0.4334309895833333
32,WeightedLFU,0.4187825520833333
33,WeightedLFU,0.4259440104166667
34,WeightedLFU,0.4166666666666667
35,WeightedLFU,0.4471028645833333
36,WeightedLFU,0.41796875
37,WeightedLFU,0.4098307291666667
38,WeightedLFU,0.40625
39,WeightedLFU,0.4306640625
40,WeightedLFU,0.4269205729166667
41,WeightedLFU,0.4449869791666667
42,WeightedLFU,0.4215494791666667
43,WeightedLFU,0.4241536458333333
44,WeightedLFU,0.4036458333333333
45,WeightedLFU,0.4375
46,WeightedLFU,0.4342447916666667
47,WeightedLFU,0.3990885416666667
48,WeightedLFU,0.4095052083333333
49,WeightedLFU,0.4363606770833333
50,WeightedLFU,0.4287109375
51,WeightedLFU,0.43798828125
52,WeightedLFU,0.4140625
53,WeightedLFU,0.40673828125
54,WeightedLFU,0.4020182291666667
55,WeightedLFU,0.4287109375
56,WeightedLFU,0.40966796875
57,WeightedLFU,0.4265950520833333
58,WeightedLFU,0.44140625
59,WeightedLFU,0.41552734375
60,WeightedLFU,0.4158528645833333
61,WeightedLFU,0.4230143229166667
62,WeightedLFU,0.4222005208333333
63,WeightedLFU,0.3904622395833333
64,WeightedLFU,0.4007161458333333
65,WeightedLFU,0.3831380208333333
66,WeightedLFU,0.4020182291666667
67,WeightedLFU,0.3790690104166667
68,WeightedLFU,0.3870442708333333
69,WeightedLFU,0.3741861979166667
70,WeightedLFU,0.3815104166666667
71,WeightedLFU,0.3707682291666667
72,WeightedLFU,0.3693033854166667
73,WeightedLFU,0.3805338541666667
74,WeightedLFU,0.3904622395833333
75,WeightedLFU,0.3714192708333333
76,WeightedLFU,0.3815104166666667
77,WeightedLFU,0.3720703125
78,WeightedLFU,0.3961588541666667
79,WeightedLFU,0.38037109375
80,WeightedLFU,0.3909505208333333
81,WeightedLFU,0.39453125
82,WeightedLFU,0.3818359375
83,WeightedLFU,0.4016927083333333
84,WeightedLFU,0.41650390625
85,WeightedLFU,0.44189453125
86,WeightedLFU,0.4293619791666667
87,WeightedLFU,0.4402669270833333
88,WeightedLFU,0.4519856770833333
89,WeightedLFU,0.4368489583333333
90,WeightedLFU,0.4453125
91,WeightedLFU,0.4388020833333333
92,WeightedLFU,0.458984375
93,WeightedLFU,0.4835611979166667
94,WeightedLFU,0.4635416666666667
95,WeightedLFU,0.4383138020833333
96,WeightedLFU,0.4186197916666667
97,WeightedLFU,0.4158528645833333
98,WeightedLFU,0.4012044270833333
99,WeightedLFU,0.4093424479166667
100,WeightedLFU,0.4124348958333333
101,WeightedLFU,0.42626953125
102,WeightedLFU,0.39990234375
103,WeightedLFU,0.4085286458333333
104,WeightedLFU,0.3888346354166667
105,WeightedLFU,0.4119466145833333
106,WeightedLFU,0.39501953125
107,WeightedLFU,0.3763020833333333
108,WeightedLFU,0.3681640625
109,WeightedLFU,0.4025065104166667
110,WeightedLFU,0.3883463541666667
111,WeightedLFU,0.3834635416666667
112,WeightedLFU,0.3771158854166667
113,WeightedLFU,0.39794921875
114,WeightedLFU,0.3797200520833333
115,WeightedLFU,0.40673828125
116,WeightedLFU,0.38427734375
117,WeightedLFU,0.384765625
118,WeightedLFU,0.3919270833333333
119,WeightedLFU,0.39404296875
120,WeightedLFU,0.36962890625
121,WeightedLFU,0.4228515625
122,WeightedLFU,0.43017578125
123,WeightedLFU,0.4319661458333333
124,WeightedLFU,0.4171549479166667
125,WeightedLFU,0.4378255208333333
126,WeightedLFU,0.4344075520833333
127,WeightedLFU,0.4192708333333333
128,WeightedLFU,0.4462890625
129,WeightedLFU,0.4143880208333333
130,WeightedLFU,0.4230143229166667
131,WeightedLFU,0.4352213541666667
132,WeightedLFU,0.4091796875
133,WeightedLFU,0.3942057291666667
134,WeightedLFU,0.3497721354166667
135,WeightedLFU,0.3717447916666667
136,WeightedLFU,0.37890625
137,WeightedLFU,0.3707682291666667
138,WeightedLFU,0.3896484375
139,WeightedLFU,0.4124348958333333
140,WeightedLFU,0.4124348958333333
141,WeightedLFU,0.41650390625
142,WeightedLFU,0.43017578125
143,WeightedLFU,0.4456380208333333
144,WeightedLFU,0.4215494791666667
145,WeightedLFU,0.40576171875
146,WeightedLFU,0.3963216145833333
147,WeightedLFU,0.4150390625
148,WeightedLFU,0.3943684895833333
149,WeightedLFU,0.3782552083333333
150,WeightedLFU,0.3834635416666667
151,WeightedLFU,0.3878580729166667
152,WeightedLFU,0.3977864583333333
153,WeightedLFU,0.4010416666666667
154,WeightedLFU,0.39501953125
155,WeightedLFU,0.39794921875
156,WeightedLFU,0.3990885416666667
157,WeightedLFU,0.3972981770833333
158,WeightedLFU,0.4187825520833333
159,WeightedLFU,0.4396158854166667
160,WeightedLFU,0.44384765625
161,WeightedLFU,0.4147135416666667
162,WeightedLFU,0.4246419270833333
163,WeightedLFU,0.42626953125
164,WeightedLFU,0.4363606770833333
165,WeightedLFU,0.4446614583333333
166,WeightedLFU,0.4532877604166667
167,WeightedLFU,0.4230143229166667
168,WeightedLFU,0.4021809895833333
169,WeightedLFU,0.3916015625
170,WeightedLFU,0.4072265625
171,WeightedLFU,0.3855794270833333
172,WeightedLFU,0.4000651041666667
173,WeightedLFU,0.3995768229166667
174,WeightedLFU,0.4025065104166667
175,WeightedLFU,0.3948567708333333
176,WeightedLFU,0.39794921875
177,WeightedLFU,0.3751627604166667
178,WeightedLFU,0.3792317708333333
179,WeightedLFU,0.3907877604166667
180,WeightedLFU,0.3919270833333333
181,WeightedLFU,0.3834635416666667
182,WeightedLFU,0.3873697916666667
183,WeightedLFU,0.3946940104166667
184,WeightedLFU,0.3834635416666667
185,WeightedLFU,0.3728841145833333
186,WeightedLFU,0.3885091145833333
187,WeightedLFU,0.3736979166666667
188,WeightedLFU,0.3829752604166667
189,WeightedLFU,0.4339192708333333
190,WeightedLFU,0.4059244791666667
191,WeightedLFU,0.3795572916666667
192,WeightedLFU,0.3839518229166667
193,WeightedLFU,0.4129231770833333
194,WeightedLFU,0.3971354166666667
195,WeightedLFU,0.3990885416666667
196,WeightedLFU,0.39794921875
197,WeightedLFU,0.3972981770833333
198,WeightedLFU,0.3984375
199,WeightedLFU,0.39013671875
200,WeightedLFU,0.3859049479166667
201,WeightedLFU,0.3837890625
202,WeightedLFU,0.3894856770833333
203,WeightedLFU,0.3645833333333333
204,WeightedLFU,0.3671875
205,WeightedLFU,0.3972981770833333
206,WeightedLFU,0.4098307291666667
207,WeightedLFU,0.3987630208333333
208,WeightedLFU,0.3966471354166667
209,WeightedLFU,0.3855794270833333
210,WeightedLFU,0.39013671875
211,WeightedLFU,0.3860677083333333
212,WeightedLFU,0.384765625
213,WeightedLFU,0.3894856770833333
214,WeightedLFU,0.39013671875
215,WeightedLFU,0.39697265625
216,WeightedLFU,0.4078776041666667
217,WeightedLFU,0.4117838541666667
218,WeightedLFU,0.42041015625
219,WeightedLFU,0.4031575520833333
220,WeightedLFU,0.4054361979166667
221,WeightedLFU,0.40087890625
222,WeightedLFU,0.4026692708333333
223,WeightedLFU,0.4083658854166667
224,WeightedLFU,0.38623046875
225,WeightedLFU,0.3780924479166667
226,WeightedLFU,0.3653971354166667
227,WeightedLFU,0.3603515625
228,WeightedLFU,0.3772786458333333
229,WeightedLFU,0.3865559895833333
230,WeightedLFU,0.3580729166666667
231,WeightedLFU,0.38134765625
232,WeightedLFU,0.3932291666666667
233,WeightedLFU,0.408203125
234,WeightedLFU,0.4130859375
235,WeightedLFU,0.4140625
236,WeightedLFU,0.4112955729166667
237,WeightedLFU,0.39599609375
238,WeightedLFU,0.40234375
239,WeightedLFU,0.37744140625
240,WeightedLFU,0.4021809895833333
241,WeightedLFU,0.40234375
242,WeightedLFU,0.4075520833333333
243,WeightedLFU,0.3937174479166667
244,WeightedLFU,0.3834635416666667
245,WeightedLFU,0.41455078125
246,WeightedLFU,0.4208984375
247,WeightedLFU,0.4309895833333333
248,WeightedLFU,0.4166666666666667
249,WeightedLFU,0.4065755208333333
250,WeightedLFU,0.4075520833333333
251,WeightedLFU,0.4108072916666667
252,WeightedLFU,0.4002278645833333
253,WeightedLFU,0.3883463541666667
254,WeightedLFU,0.3800455729166667
255,WeightedLFU,0.3888346354166667
256,WeightedLFU,0.4169921875
257,WeightedLFU,0.4091796875
258,WeightedLFU,0.4225260416666667
259,WeightedLFU,0.4397786458333333
260,WeightedLFU,0.4344075520833333
261,WeightedLFU,0.4275716145833333
262,WeightedLFU,0.3946940104166667
263,WeightedLFU,0.396484375
264,WeightedLFU,0.41650390625
265,WeightedLFU,0.4083658854166667
266,WeightedLFU,0.4060872395833333
267,WeightedLFU,0.3971354166666667
268,WeightedLFU,0.3919270833333333
269,WeightedLFU,0.4002278645833333
270,WeightedLFU,0.396484375
271,WeightedLFU,0.4181315104166667
272,WeightedLFU,0.3992513020833333
273,WeightedLFU,0.39111328125
274,WeightedLFU,0.39794921875
275,WeightedLFU,0.40869140625
276,WeightedLFU,0.3990885416666667
277,WeightedLFU,0.4059244791666667
278,WeightedLFU,0.3963216145833333
279,WeightedLFU,0.3859049479166667
280,WeightedLFU,0.390625
281,WeightedLFU,0.3896484375
282,WeightedLFU,0.4015299479166667
283,WeightedLFU,0.3785807291666667
284,WeightedLFU,0.3819986979166667
285,WeightedLFU,0.3824869791666667
286,WeightedLFU,0.3787434895833333
287,WeightedLFU,0.3707682291666667
288,WeightedLFU,0.3709309895833333
289,WeightedLFU,0.3518880208333333
290,WeightedLFU,0.3665364583333333
291,WeightedLFU,0.3746744791666667
292,WeightedLFU,0.4029947916666667
293,WeightedLFU,0.4134114583333333
294,WeightedLFU,0.3873697916666667
295,WeightedLFU,0.3834635416666667
296,WeightedLFU,0.3763020833333333
297,WeightedLFU,0.3720703125
298,WeightedLFU,0.388671875
299,WeightedLFU,0.3865559895833333
300,WeightedLFU,0.40478515625
301,WeightedLFU,0.4072265625
302,WeightedLFU,0.4156901041666667
303,WeightedLFU,0.3839518229166667
304,WeightedLFU,0.3951822916666667
305,WeightedLFU,0.4093424479166667
306,WeightedLFU,0.40869140625
307,WeightedLFU,0.4415690104166667
308,WeightedLFU,0.4290364583333333
309,WeightedLFU,0.43994140625
310,WeightedLFU,0.4212239583333333
311,WeightedLFU,0.3837890625
312,WeightedLFU,0.3792317708333333
313,WeightedLFU,0.3792317708333333
314,WeightedLFU,0.3650716145833333
315,WeightedLFU,0.3603515625
316,WeightedLFU,0.3863932291666667
317,WeightedLFU,0.3883463541666667
318,WeightedLFU,0.3868815104166667
319,WeightedLFU,0.3992513020833333
320,WeightedLFU,0.4029947916666667
321,WeightedLFU,0.4119466145833333
322,WeightedLFU,0.4046223958333333
323,WeightedLFU,0.4093424479166667
324,WeightedLFU,0.3995768229166667
325,WeightedLFU,0.4187825520833333
326,WeightedLFU,0.4293619791666667
327,WeightedLFU,0.4451497395833333
328,WeightedLFU,0.42822265625
329,WeightedLFU,0.3951822916666667
330,WeightedLFU,0.40673828125
331,WeightedLFU,0.40966796875
332,WeightedLFU,0.3837890625
333,WeightedLFU,0.40380859375
334,WeightedLFU,0.4083658854166667
335,WeightedLFU,0.3738606770833333
336,WeightedLFU,0.3916015625
337,WeightedLFU,0.4000651041666667
338,WeightedLFU,0.4052734375
339,WeightedLFU,0.4210611979166667
340,WeightedLFU,0.4150390625
341,WeightedLFU,0.4308268229166667
342,WeightedLFU,0.43408203125
343,WeightedLFU,0.3982747395833333
344,WeightedLFU,0.4191080729166667
345,WeightedLFU,0.4070638020833333
346,WeightedLFU,0.4319661458333333
347,WeightedLFU,0.42529296875
348,WeightedLFU,0.4046223958333333
349,WeightedLFU,0.3875325520833333
350,WeightedLFU,0.3811848958333333
351,WeightedLFU,0.3704427083333333
352,WeightedLFU,0.3592122395833333
353,WeightedLFU,0.3577473958333333
354,WeightedLFU,0.3924153645833333
355,WeightedLFU,0.4173177083333333
356,WeightedLFU,0.4124348958333333
357,WeightedLFU,0.4163411458333333
358,WeightedLFU,0.4060872395833333
359,WeightedLFU,0.3984375
360,WeightedLFU,0.37060546875
361,WeightedLFU,0.38623046875
362,WeightedLFU,0.3689778645833333
363,WeightedLFU,0.3831380208333333
364,WeightedLFU,0.3795572916666667
365,WeightedLFU,0.38232421875
366,WeightedLFU,0.3806966145833333
367,WeightedLFU,0.3818359375
368,WeightedLFU,0.38623046875
369,WeightedLFU,0.3919270833333333
370,WeightedLFU,0.3712565104166667
371,WeightedLFU,0.3756510416666667
372,WeightedLFU,0.3728841145833333
373,WeightedLFU,0.38623046875
374,WeightedLFU,0.3702799479166667
375,WeightedLFU,0.3795572916666667
376,WeightedLFU,0.3605143229166667
377,WeightedLFU,0.3505859375
378,WeightedLFU,0.3732096354166667
379,WeightedLFU,0.3626302083333333
380,WeightedLFU,0.3727213541666667
381,WeightedLFU,0.3917643229166667
382,WeightedLFU,0.40625
383,WeightedLFU,0.3792317708333333
384,WeightedLFU,0.3826497395833333
385,WeightedLFU,0.3966471354166667
386,WeightedLFU,0.38623046875
387,WeightedLFU,0.40869140625
388,WeightedLFU,0.3938802083333333
389,WeightedLFU,0.4073893229166667
390,WeightedLFU,0.4039713541666667
391,WeightedLFU,0.3846028645833333
392,WeightedLFU,0.373046875
393,WeightedLFU,0.38525390625
394,WeightedLFU,0.3785807291666667
395,WeightedLFU,0.36767578125
396,WeightedLFU,0.37841796875
397,WeightedLFU,0.37890625
398,WeightedLFU,0.3709309895833333
399,WeightedLFU,0.3629557291666667
400,WeightedLFU,0.3738606770833333
401,WeightedLFU,0.373046875
402,WeightedLFU,0.3722330729166667
403,WeightedLFU,0.3673502604166667
404,WeightedLFU,0.3553059895833333
405,WeightedLFU,0.3639322916666667
406,WeightedLFU,0.3792317708333333
407,WeightedLFU,0.36474609375
408,WeightedLFU,0.39208984375
409,WeightedLFU,0.3929036458333333
410,WeightedLFU,0.4169921875
411,WeightedLFU,0.4168294270833333
412,WeightedLFU,0.4099934895833333
413,WeightedLFU,0.392578125
414,WeightedLFU,0.3942057291666667
415,WeightedLFU,0.390625
416,WeightedLFU,0.3815104166666667
417,WeightedLFU,0.3683268229166667
418,WeightedLFU,0.3844401041666667
419,WeightedLFU,0.3894856770833333
420,WeightedLFU,0.3844401041666667
421,WeightedLFU,0.3907877604166667
422,WeightedLFU,0.3824869791666667
423,WeightedLFU,0.3738606770833333
424,WeightedLFU,0.3553059895833333
425,WeightedLFU,0.3523763020833333
426,WeightedLFU,0.3619791666666667
427,WeightedLFU,0.3556315104166667
428,WeightedLFU,0.3699544270833333
429,WeightedLFU,0.36376953125
430,WeightedLFU,0.3590494791666667
431,WeightedLFU,0.37158203125
432,WeightedLFU,0.3806966145833333
433,WeightedLFU,0.3938802083333333
434,WeightedLFU,0.3766276041666667
435,WeightedLFU,0.4064127604166667
436,WeightedLFU,0.3883463541666667
437,WeightedLFU,0.3850911458333333
438,WeightedLFU,0.3981119791666667
439,WeightedLFU,0.3994140625
440,WeightedLFU,0.3972981770833333
441,WeightedLFU,0.37841796875
442,WeightedLFU,0.3912760416666667
443,WeightedLFU,0.3741861979166667
444,WeightedLFU,0.3709309895833333
445,WeightedLFU,0.3720703125
446,WeightedLFU,0.3841145833333333
447,WeightedLFU,0.3857421875
448,WeightedLFU,0.3660481770833333
449,WeightedLFU,0.3605143229166667
450,WeightedLFU,0.34765625
451,WeightedLFU,0.35546875
452,WeightedLFU,0.3460286458333333
453,WeightedLFU,0.37109375
454,WeightedLFU,0.3899739583333333
455,WeightedLFU,0.36279296875
456,WeightedLFU,0.376953125
457,WeightedLFU,0.380859375
458,WeightedLFU,0.4051106770833333
459,WeightedLFU,0.40185546875
460,WeightedLFU,0.3688151041666667
461,WeightedLFU,0.40576171875
462,WeightedLFU,0.40234375
463,WeightedLFU,0.40087890625
464,WeightedLFU,0.4055989583333333
465,WeightedLFU,0.3982747395833333
466,WeightedLFU,0.40966796875
467,WeightedLFU,0.4230143229166667
468,WeightedLFU,0.40283203125
469,WeightedLFU,0.4029947916666667
470,WeightedLFU,0.390625
471,WeightedLFU,0.412109375
472,WeightedLFU,0.3982747395833333
473,WeightedLFU,0.3712565104166667
474,WeightedLFU,0.3763020833333333
475,WeightedLFU,0.3681640625
476,WeightedLFU,0.38232421875
477,WeightedLFU,0.365234375
478,WeightedLFU,0.3766276041666667
479,WeightedLFU,0.3782552083333333
480,WeightedLFU,0.3806966145833333
481,WeightedLFU,0.3649088541666667
482,WeightedLFU,0.38525390625
483,WeightedLFU,0.3870442708333333
484,WeightedLFU,0.3870442708333333
485,WeightedLFU,0.39306640625
486,WeightedLFU,0.4005533854166667
487,WeightedLFU,0.3958333333333333
488,WeightedLFU,0.40478515625
489,WeightedLFU,0.4178059895833333
490,WeightedLFU,0.4143880208333333
491,WeightedLFU,0.3994140625
492,WeightedLFU,0.4095052083333333
493,WeightedLFU,0.3937174479166667
494,WeightedLFU,0.4088541666666667
495,WeightedLFU,0.4055989583333333
496,WeightedLFU,0.4228515625
497,WeightedLFU,0.4005533854166667
498,WeightedLFU,0.396484375
499,WeightedLFU,0.396484375
500,WeightedLFU,0.38330078125
501,WeightedLFU,0.4108072916666667
502,WeightedLFU,0.3893229166666667
503,WeightedLFU,0.3828125
504,WeightedLFU,0.4013671875
505,WeightedLFU,0.3992513020833333
506,WeightedLFU,0.4044596354166667
507,WeightedLFU,0.4235026041666667
508,WeightedLFU,0.42236328125
509,WeightedLFU,0.4075520833333333
510,WeightedLFU,0.4189453125
511,WeightedLFU,0.376953125
512,WeightedLFU,0.3992513020833333
513,WeightedLFU,0.40283203125
514,WeightedLFU,0.4044596354166667
515,WeightedLFU,0.4130859375
516,WeightedLFU,0.4334309895833333
517,WeightedLFU,0.4259440104166667
518,WeightedLFU,0.40087890625
519,WeightedLFU,0.4080403645833333
520,WeightedLFU,0.3966471354166667
521,WeightedLFU,0.3855794270833333
522,WeightedLFU,0.40576171875
523,WeightedLFU,0.376953125
524,WeightedLFU,0.38427734375
525,WeightedLFU,0.3987630208333333
526,WeightedLFU,0.3780924479166667
527,WeightedLFU,0.3815104166666667
528,WeightedLFU,0.3675130208333333
529,WeightedLFU,0.3684895833333333
530,WeightedLFU,0.3697916666666667
531,WeightedLFU,0.38671875
532,WeightedLFU,0.3995768229166667
533,WeightedLFU,0.3929036458333333
534,WeightedLFU,0.4085286458333333
535,WeightedLFU,0.4171549479166667
536,WeightedLFU,0.4080403645833333
537,WeightedLFU,0.4059244791666667
538,WeightedLFU,0.4016927083333333
539,WeightedLFU,0.4109700520833333
540,WeightedLFU,0.4073893229166667
541,WeightedLFU,0.37646484375
542,WeightedLFU,0.3699544270833333
543,WeightedLFU,0.37841796875
544,WeightedLFU,0.3800455729166667
545,WeightedLFU,0.39306640625
546,WeightedLFU,0.4013671875
547,WeightedLFU,0.3870442708333333
548,WeightedLFU,0.3797200520833333
549,WeightedLFU,0.3787434895833333
550,WeightedLFU,0.39599609375
551,WeightedLFU,0.3873697916666667
552,WeightedLFU,0.3857421875
553,WeightedLFU,0.39501953125
554,WeightedLFU,0.39306640625
555,WeightedLFU,0.4013671875
556,WeightedLFU,0.3924153645833333
557,WeightedLFU,0.3702799479166667
558,WeightedLFU,0.38720703125
559,WeightedLFU,0.37939453125
560,WeightedLFU,0.3922526041666667
561,WeightedLFU,0.4176432291666667
562,WeightedLFU,0.41455078125
563,WeightedLFU,0.39990234375
564,WeightedLFU,0.4012044270833333
565,WeightedLFU,0.4031575520833333
566,WeightedLFU,0.39306640625
567,WeightedLFU,0.3829752604166667
568,WeightedLFU,0.3776041666666667
569,WeightedLFU,0.3863932291666667
570,WeightedLFU,0.4021809895833333
571,WeightedLFU,0.376953125
572,WeightedLFU,0.3614908854166667
573,WeightedLFU,0.36669921875
574,WeightedLFU,0.3626302083333333
575,WeightedLFU,0.3785807291666667
576,WeightedLFU,0.3972981770833333
577,WeightedLFU,0.41552734375
578,WeightedLFU,0.38525390625
579,WeightedLFU,0.3811848958333333
580,WeightedLFU,0.3707682291666667
581,WeightedLFU,0.3846028645833333
582,WeightedLFU,0.3736979166666667
583,WeightedLFU,0.3894856770833333
584,WeightedLFU,0.3790690104166667
585,WeightedLFU,0.38623046875
586,WeightedLFU,0.3963216145833333
587,WeightedLFU,0.3712565104166667
588,WeightedLFU,0.3712565104166667
589,WeightedLFU,0.3937174479166667
590,WeightedLFU,0.3748372395833333
591,WeightedLFU,0.38671875
592,WeightedLFU,0.3834635416666667
593,WeightedLFU,0.4044596354166667
594,WeightedLFU,0.3994140625
595,WeightedLFU,0.3811848958333333
596,WeightedLFU,0.3815104166666667
597,WeightedLFU,0.3914388020833333
598,WeightedLFU,0.4021809895833333
599,WeightedLFU,0.38525390625
600,WeightedLFU,0.36962890625
601,WeightedLFU,0.3909505208333333
602,WeightedLFU,0.3986002604166667
603,WeightedLFU,0.3653971354166667
604,WeightedLFU,0.3562825520833333
605,WeightedLFU,0.3816731770833333
606,WeightedLFU,0.36572265625
607,WeightedLFU,0.3792317708333333
608,WeightedLFU,0.3720703125
609,WeightedLFU,0.3868815104166667
610,WeightedLFU,0.3870442708333333
611,WeightedLFU,0.3854166666666667
612,WeightedLFU,0.3831380208333333
613,WeightedLFU,0.38330078125
614,WeightedLFU,0.4065755208333333
615,WeightedLFU,0.38232421875
616,WeightedLFU,0.4031575520833333
617,WeightedLFU,0.39013671875
618,WeightedLFU,0.3956705729166667
619,WeightedLFU,0.4207356770833333
620,WeightedLFU,0.3971354166666667
621,WeightedLFU,0.3966471354166667
622,WeightedLFU,0.3889973958333333
623,WeightedLFU,0.3878580729166667
624,WeightedLFU,0.38916015625
625,WeightedLFU,0.4010416666666667
626,WeightedLFU,0.4000651041666667
627,WeightedLFU,0.4041341145833333
628,WeightedLFU,0.4034830729166667
629,WeightedLFU,0.40966796875
630,WeightedLFU,0.4055989583333333
631,WeightedLFU,0.400390625
632,WeightedLFU,0.39208984375
633,WeightedLFU,0.3816731770833333
634,WeightedLFU,0.3819986979166667
635,WeightedLFU,0.3907877604166667
636,WeightedLFU,0.3831380208333333
637,WeightedLFU,0.39501953125
638,WeightedLFU,0.37841796875
639,WeightedLFU,0.3880208333333333
640,WeightedLFU,0.4036458333333333
641,WeightedLFU,0.3932291666666667
642,WeightedLFU,0.3785807291666667
643,WeightedLFU,0.3719075520833333
644,WeightedLFU,0.3948567708333333
645,WeightedLFU,0.38916015625
646,WeightedLFU,0.3885091145833333
647,WeightedLFU,0.3909505208333333
648,WeightedLFU,0.3798828125
649,WeightedLFU,0.3693033854166667
650,WeightedLFU,0.36474609375
651,WeightedLFU,0.3824869791666667
652,WeightedLFU,0.3839518229166667
653,WeightedLFU,0.3938802083333333
654,WeightedLFU,0.3756510416666667
655,WeightedLFU,0.3976236979166667
656,WeightedLFU,0.38671875
657,WeightedLFU,0.38916015625
658,WeightedLFU,0.37353515625
659,WeightedLFU,0.3758138020833333
660,WeightedLFU,0.4021809895833333
661,WeightedLFU,0.4197591145833333
662,WeightedLFU,0.41259765625
663,WeightedLFU,0.4161783854166667
664,WeightedLFU,0.4010416666666667
665,WeightedLFU,0.3994140625
666,WeightedLFU,0.4031575520833333
667,WeightedLFU,0.3857421875
668,WeightedLFU,0.3883463541666667
669,WeightedLFU,0.4130859375
670,WeightedLFU,0.3902994791666667
671,WeightedLFU,0.3860677083333333
672,WeightedLFU,0.3780924479166667
673,WeightedLFU,0.38720703125
674,WeightedLFU,0.3919270833333333
675,WeightedLFU,0.4080403645833333
676,WeightedLFU,0.3916015625
677,WeightedLFU,0.3955078125
678,WeightedLFU,0.3836263020833333
679,WeightedLFU,0.37158203125
680,WeightedLFU,0.36474609375
681,WeightedLFU,0.3626302083333333
682,WeightedLFU,0.3683268229166667
683,WeightedLFU,0.3561197916666667
684,WeightedLFU,0.3605143229166667
685,WeightedLFU,0.37255859375
686,WeightedLFU,0.3870442708333333
687,WeightedLFU,0.3956705729166667
688,WeightedLFU,0.3876953125
689,WeightedLFU,0.3966471354166667
690,WeightedLFU,0.3878580729166667
691,WeightedLFU,0.3850911458333333
692,WeightedLFU,0.40478515625
693,WeightedLFU,0.4169921875
694,WeightedLFU,0.3924153645833333
695,WeightedLFU,0.3798828125
696,WeightedLFU,0.3587239583333333
697,WeightedLFU,0.3741861979166667
698,WeightedLFU,0.3868815104166667
699,WeightedLFU,0.3927408854166667
700,WeightedLFU,0.4016927083333333
701,WeightedLFU,0.3790690104166667
702,WeightedLFU,0.37744140625
703,WeightedLFU,0.3684895833333333
704,WeightedLFU,0.3802083333333333
705,WeightedLFU,0.38720703125
706,WeightedLFU,0.40087890625
707,WeightedLFU,0.404296875
708,WeightedLFU,0.3787434895833333
709,WeightedLFU,0.3924153645833333
710,WeightedLFU,0.3902994791666667
711,WeightedLFU,0.4246419270833333
712,WeightedLFU,0.4088541666666667
713,WeightedLFU,0.4254557291666667
714,WeightedLFU,0.4044596354166667
715,WeightedLFU,0.4021809895833333
716,WeightedLFU,0.3946940104166667
717,WeightedLFU,0.40966796875
718,WeightedLFU,0.4246419270833333
719,WeightedLFU,0.4148763020833333
720,WeightedLFU,0.435546875
721,WeightedLFU,0.4010416666666667
722,WeightedLFU,0.39697265625
723,WeightedLFU,0.4059244791666667
724,WeightedLFU,0.4189453125
725,WeightedLFU,0.412109375
726,WeightedLFU,0.41015625
727,WeightedLFU,0.4130859375
728,WeightedLFU,0.3982747395833333
729,WeightedLFU,0.38720703125
730,WeightedLFU,0.4112955729166667
731,WeightedLFU,0.3846028645833333
732,WeightedLFU,0.39501953125
733,WeightedLFU,0.39453125
734,WeightedLFU,0.3953450520833333
735,WeightedLFU,0.3937174479166667
736,WeightedLFU,0.4099934895833333
737,WeightedLFU,0.4117838541666667
738,WeightedLFU,0.4078776041666667
739,WeightedLFU,0.39892578125
740,WeightedLFU,0.4186197916666667
741,WeightedLFU,0.4217122395833333
742,WeightedLFU,0.40185546875
743,WeightedLFU,0.41650390625
744,WeightedLFU,0.3932291666666667
745,WeightedLFU,0.4176432291666667
746,WeightedLFU,0.40283203125
747,WeightedLFU,0.4287109375
748,WeightedLFU,0.4142252604166667
749,WeightedLFU,0.4215494791666667
750,WeightedLFU,0.3984375
751,WeightedLFU,0.3990885416666667
752,WeightedLFU,0.39697265625
753,WeightedLFU,0.3976236979166667
754,WeightedLFU,0.3992513020833333
755,WeightedLFU,0.3821614583333333
756,WeightedLFU,0.3743489583333333
757,WeightedLFU,0.39794921875
758,WeightedLFU,0.3758138020833333
759,WeightedLFU,0.3805338541666667
760,WeightedLFU,0.3841145833333333
761,WeightedLFU,0.4075520833333333
762,WeightedLFU,0.3990885416666667
763,WeightedLFU,0.3935546875
764,WeightedLFU,0.3855794270833333
765,WeightedLFU,0.41259765625
766,WeightedLFU,0.4200846354166667
767,WeightedLFU,0.3963216145833333
768,WeightedLFU,0.38916015625
769,WeightedLFU,0.3943684895833333
770,WeightedLFU,0.40673828125
771,WeightedLFU,0.4080403645833333
772,WeightedLFU,0.4012044270833333
773,WeightedLFU,0.3927408854166667
774,WeightedLFU,0.37890625
775,WeightedLFU,0.3763020833333333
776,WeightedLFU,0.4033203125
777,WeightedLFU,0.4173177083333333
778,WeightedLFU,0.39794921875
779,WeightedLFU,0.41357421875
780,WeightedLFU,0.40771484375
781,WeightedLFU,0.38916015625
782,WeightedLFU,0.3777669270833333
783,WeightedLFU,0.3839518229166667
784,WeightedLFU,0.388671875
785,WeightedLFU,0.38818359375
786,WeightedLFU,0.36962890625
787,WeightedLFU,0.3933919270833333
788,WeightedLFU,0.3938802083333333
789,WeightedLFU,0.3982747395833333
790,WeightedLFU,0.3958333333333333
791,WeightedLFU,0.3880208333333333
792,WeightedLFU,0.4091796875
793,WeightedLFU,0.3948567708333333
794,WeightedLFU,0.4278971354166667
795,WeightedLFU,0.4083658854166667
796,WeightedLFU,0.4158528645833333
797,WeightedLFU,0.4236653645833333
798,WeightedLFU,0.4220377604166667
799,WeightedLFU,0.4083658854166667
800,WeightedLFU,0.38623046875
801,WeightedLFU,0.376953125
802,WeightedLFU,0.38330078125
803,WeightedLFU,0.3863932291666667
804,WeightedLFU,0.3829752604166667
805,WeightedLFU,0.3948567708333333
806,WeightedLFU,0.3585611979166667
807,WeightedLFU,0.3837890625
808,WeightedLFU,0.3639322916666667
809,WeightedLFU,0.36376953125
810,WeightedLFU,0.3728841145833333
811,WeightedLFU,0.3984375
812,WeightedLFU,0.3779296875
813,WeightedLFU,0.3896484375
814,WeightedLFU,0.39404296875
815,WeightedLFU,0.39501953125
816,WeightedLFU,0.39697265625
817,WeightedLFU,0.3880208333333333
818,WeightedLFU,0.3841145833333333
819,WeightedLFU,0.3984375
820,WeightedLFU,0.3837890625
821,WeightedLFU,0.3746744791666667
822,WeightedLFU,0.38525390625
823,WeightedLFU,0.3776041666666667
824,WeightedLFU,0.3865559895833333
825,WeightedLFU,0.3697916666666667
826,WeightedLFU,0.3916015625
827,WeightedLFU,0.38525390625
828,WeightedLFU,0.37158203125
829,WeightedLFU,0.3763020833333333
830,WeightedLFU,0.3844401041666667
831,WeightedLFU,0.3704427083333333
832,WeightedLFU,0.3800455729166667
833,WeightedLFU,0.3644205729166667
834,WeightedLFU,0.37890625
835,WeightedLFU,0.3712565104166667
836,WeightedLFU,0.3916015625
837,WeightedLFU,0.39892578125
838,WeightedLFU,0.4173177083333333
839,WeightedLFU,0.3987630208333333
840,WeightedLFU,0.3958333333333333
841,WeightedLFU,0.4055989583333333
842,WeightedLFU,0.4178059895833333
843,WeightedLFU,0.3863932291666667
844,WeightedLFU,0.3958333333333333
845,WeightedLFU,0.3849283854166667
846,WeightedLFU,0.4215494791666667
847,WeightedLFU,0.4029947916666667
848,WeightedLFU,0.4158528645833333
849,WeightedLFU,0.39599609375
850,WeightedLFU,0.4041341145833333
851,WeightedLFU,0.4046223958333333
852,WeightedLFU,0.4046223958333333
853,WeightedLFU,0.4189453125
854,WeightedLFU,0.4025065104166667
855,WeightedLFU,0.4064127604166667
856,WeightedLFU,0.4103190104166667
857,WeightedLFU,0.39794921875
858,WeightedLFU,0.3953450520833333
859,WeightedLFU,0.41015625
860,WeightedLFU,0.4060872395833333
861,WeightedLFU,0.41015625
862,WeightedLFU,0.4065755208333333
863,WeightedLFU,0.4055989583333333
864,WeightedLFU,0.3927408854166667
865,WeightedLFU,0.4090169270833333
866,WeightedLFU,0.3963216145833333
867,WeightedLFU,0.4010416666666667
868,WeightedLFU,0.4044596354166667
869,WeightedLFU,0.3974609375
870,WeightedLFU,0.3958333333333333
871,WeightedLFU,0.3916015625
872,WeightedLFU,0.3894856770833333
873,WeightedLFU,0.3994140625
874,WeightedLFU,0.3942057291666667
875,WeightedLFU,0.3889973958333333
876,WeightedLFU,0.3570963541666667
877,WeightedLFU,0.3704427083333333
878,WeightedLFU,0.37890625
879,WeightedLFU,0.37353515625
880,WeightedLFU,0.3836263020833333
881,WeightedLFU,0.3836263020833333
882,WeightedLFU,0.388671875
883,WeightedLFU,0.38037109375
884,WeightedLFU,0.3738606770833333
885,WeightedLFU,0.3772786458333333
886,WeightedLFU,0.3815104166666667
887,WeightedLFU,0.36376953125
888,WeightedLFU,0.3855794270833333
889,WeightedLFU,0.3951822916666667
890,WeightedLFU,0.39208984375
891,WeightedLFU,0.3790690104166667
892,WeightedLFU,0.3780924479166667
893,WeightedLFU,0.3717447916666667
894,WeightedLFU,0.3971354166666667
895,WeightedLFU,0.37109375
896,WeightedLFU,0.3798828125
897,WeightedLFU,0.3990885416666667
898,WeightedLFU,0.40283203125
899,WeightedLFU,0.3982747395833333
900,WeightedLFU,0.3922526041666667
901,WeightedLFU,0.40576171875
902,WeightedLFU,0.3811848958333333
903,WeightedLFU,0.38916015625
904,WeightedLFU,0.3863932291666667
905,WeightedLFU,0.3601888020833333
906,WeightedLFU,0.3907877604166667
907,WeightedLFU,0.3767903645833333
908,WeightedLFU,0.36376953125
909,WeightedLFU,0.3894856770833333
910,WeightedLFU,0.38427734375
911,WeightedLFU,0.37646484375
912,WeightedLFU,0.3841145833333333
913,WeightedLFU,0.3894856770833333
914,WeightedLFU,0.40576171875
915,WeightedLFU,0.4098307291666667
916,WeightedLFU,0.40673828125
917,WeightedLFU,0.4051106770833333
918,WeightedLFU,0.3963216145833333
919,WeightedLFU,0.40576171875
920,WeightedLFU,0.4075520833333333
921,WeightedLFU,0.3946940104166667
922,WeightedLFU,0.3961588541666667
923,WeightedLFU,0.4029947916666667
924,WeightedLFU,0.3971354166666667
925,WeightedLFU,0.3958333333333333
926,WeightedLFU,0.38427734375
927,WeightedLFU,0.3894856770833333
928,WeightedLFU,0.3776041666666667
929,WeightedLFU,0.3723958333333333
930,WeightedLFU,0.3937174479166667
931,WeightedLFU,0.392578125
932,WeightedLFU,0.3741861979166667
933,WeightedLFU,0.3932291666666667
934,WeightedLFU,0.3741861979166667
935,WeightedLFU,0.3623046875
936,WeightedLFU,0.3527018229166667
937,WeightedLFU,0.3513997395833333
938,WeightedLFU,0.3619791666666667
939,WeightedLFU,0.40380859375
940,WeightedLFU,0.408203125
941,WeightedLFU,0.3984375
942,WeightedLFU,0.40869140625
943,WeightedLFU,0.4021809895833333
944,WeightedLFU,0.3961588541666667
945,WeightedLFU,0.3907877604166667
946,WeightedLFU,0.40380859375
947,WeightedLFU,0.3990885416666667
948,WeightedLFU,0.40966796875
949,WeightedLFU,0.4007161458333333
950,WeightedLFU,0.4239908854166667
951,WeightedLFU,0.39599609375
952,WeightedLFU,0.3971354166666667
953,WeightedLFU,0.3986002604166667
954,WeightedLFU,0.37939453125
955,WeightedLFU,0.3878580729166667
956,WeightedLFU,0.3694661458333333
957,WeightedLFU,0.3865559895833333
958,WeightedLFU,0.34423828125
959,WeightedLFU,0.3522135416666667
960,WeightedLFU,0.35888671875
961,WeightedLFU,0.37548828125
962,WeightedLFU,0.3748372395833333
963,WeightedLFU,0.380859375
964,WeightedLFU,0.39697265625
965,WeightedLFU,0.40869140625
966,WeightedLFU,0.41845703125
967,WeightedLFU,0.40625
968,WeightedLFU,0.4065755208333333
969,WeightedLFU,0.3961588541666667
970,WeightedLFU,0.41064453125
971,WeightedLFU,0.4327799479166667
972,WeightedLFU,0.3963216145833333
973,WeightedLFU,0.4108072916666667
974,WeightedLFU,0.3909505208333333
975,WeightedLFU,0.3946940104166667
976,WeightedLFU,0.3927408854166667
977,WeightedLFU,0.39990234375
978,WeightedLFU,0.3972981770833333
979,WeightedLFU,0.4010416666666667
980,WeightedLFU,0.3982747395833333
981,WeightedLFU,0.3955078125
982,WeightedLFU,0.3839518229166667
983,WeightedLFU,0.3806966145833333
984,WeightedLFU,0.3961588541666667
985,WeightedLFU,0.3938802083333333
986,WeightedLFU,0.4034830729166667
987,WeightedLFU,0.3971354166666667
988,WeightedLFU,0.3889973958333333
989,WeightedLFU,0.3966471354166667
990,WeightedLFU,0.4130859375
991,WeightedLFU,0.4065755208333333
992,WeightedLFU,0.40576171875
993,WeightedLFU,0.3984375
994,WeightedLFU,0.3958333333333333
995,WeightedLFU,0.3955078125
996,WeightedLFU,0.3816731770833333
997,WeightedLFU,0.4108072916666667
998,WeightedLFU,0.3953450520833333
999,WeightedLFU,0.3924153645833333
1000,WeightedLFU,0.3878580729166667
1001,WeightedLFU,0.3953450520833333
1002,WeightedLFU,0.3943684895833333
1003,WeightedLFU,0.36767578125
1004,WeightedLFU,0.3797200520833333
1005,WeightedLFU,0.38232421875
1006,WeightedLFU,0.3792317708333333
1007,WeightedLFU,0.3743489583333333
1008,WeightedLFU,0.4156901041666667
1009,WeightedLFU,0.3728841145833333
1010,WeightedLFU,0.3894856770833333
1011,WeightedLFU,0.3885091145833333
1012,WeightedLFU,0.37255859375
1013,WeightedLFU,0.3621419270833333
1014,WeightedLFU,0.3642578125
1015,WeightedLFU,0.3863932291666667
1016,WeightedLFU,0.39111328125
1017,WeightedLFU,0.3951822916666667
1018,WeightedLFU,0.4129231770833333
1019,WeightedLFU,0.3929036458333333
1020,WeightedLFU,0.3914388020833333
1021,WeightedLFU,0.37158203125
1022,WeightedLFU,0.38525390625
1023,WeightedLFU,0.3927408854166667
3,THER,0.435546875
4,THER,0.4274088541666667
5,THER,0.4171549479166667
6,THER,0.4138997395833333
7,THER,0.4197591145833333
8,THER,0.4295247395833333
9,THER,0.4195963541666667
10,THER,0.419921875
11,THER,0.38720703125
12,THER,0.3844401041666667
13,THER,0.3933919270833333
14,THER,0.3937174479166667
15,THER,0.4044596354166667
16,THER,0.3880208333333333
17,THER,0.4049479166666667
18,THER,0.4288736979166667
19,THER,0.4384765625
20,THER,0.4012044270833333
21,THER,0.4228515625
22,THER,0.43701171875
23,THER,0.46728515625
24,THER,0.4401041666666667
25,THER,0.4130859375
26,THER,0.4503580729166667
27,THER,0.4762369791666667
28,THER,0.4552408854166667
29,THER,0.4544270833333333
30,THER,0.46044921875
31,THER,0.4425455729166667
32,THER,0.41748046875
33,THER,0.4241536458333333
34,THER,0.4169921875
35,THER,0.4583333333333333
36,THER,0.4230143229166667
37,THER,0.41162109375
38,THER,0.4080403645833333
39,THER,0.43017578125
40,THER,0.4085286458333333
41,THER,0.4296875
42,THER,0.4140625
43,THER,0.4259440104166667
44,THER,0.4041341145833333
45,THER,0.4352213541666667
46,THER,0.43017578125
47,THER,0.41357421875
48,THER,0.4111328125
49,THER,0.4313151041666667
50,THER,0.4259440104166667
51,THER,0.4480794270833333
52,THER,0.4114583333333333
53,THER,0.39306640625
54,THER,0.3948567708333333
55,THER,0.4353841145833333
56,THER,0.4166666666666667
57,THER,0.4122721354166667
58,THER,0.4334309895833333
59,THER,0.400390625
60,THER,0.40185546875
61,THER,0.4093424479166667
62,THER,0.42138671875
63,THER,0.40673828125
64,THER,0.4119466145833333
65,THER,0.39794921875
66,THER,0.4072265625
67,THER,0.3919270833333333
68,THER,0.3837890625
69,THER,0.3723958333333333
70,THER,0.3826497395833333
71,THER,0.4029947916666667
72,THER,0.3873697916666667
73,THER,0.3974609375
74,THER,0.41015625
75,THER,0.4134114583333333
76,THER,0.43115234375
77,THER,0.4090169270833333
78,THER,0.4306640625
79,THER,0.4161783854166667
80,THER,0.4197591145833333
81,THER,0.4098307291666667
82,THER,0.37255859375
83,THER,0.3994140625
84,THER,0.3994140625
85,THER,0.3997395833333333
86,THER,0.3912760416666667
87,THER,0.4431966145833333
88,THER,0.4376627604166667
89,THER,0.43408203125
90,THER,0.4529622395833333
91,THER,0.4586588541666667
92,THER,0.4654947916666667
93,THER,0.4736328125
94,THER,0.46044921875
95,THER,0.44873046875
96,THER,0.4208984375
97,THER,0.4114583333333333
98,THER,0.39404296875
99,THER,0.4195963541666667
100,THER,0.4112955729166667
101,THER,0.4200846354166667
102,THER,0.40234375
103,THER,0.41162109375
104,THER,0.3873697916666667
105,THER,0.4078776041666667
106,THER,0.3948567708333333
107,THER,0.39404296875
108,THER,0.3761393229166667
109,THER,0.4055989583333333
110,THER,0.3916015625
111,THER,0.3982747395833333
112,THER,0.38818359375
113,THER,0.40625
114,THER,0.3719075520833333
115,THER,0.4181315104166667
116,THER,0.39892578125
117,THER,0.3994140625
118,THER,0.40380859375
119,THER,0.4259440104166667
120,THER,0.3875325520833333
121,THER,0.4230143229166667
122,THER,0.4235026041666667
123,THER,0.4249674479166667
124,THER,0.4031575520833333
125,THER,0.419921875
126,THER,0.3919270833333333
127,THER,0.4070638020833333
128,THER,0.43310546875
129,THER,0.40478515625
130,THER,0.4210611979166667
131,THER,0.4521484375
132,THER,0.41845703125
133,THER,0.38671875
134,THER,0.33544921875
135,THER,0.3844401041666667
136,THER,0.3777669270833333
137,THER,0.3660481770833333
138,THER,0.380859375
139,THER,0.3976236979166667
140,THER,0.396484375
141,THER,0.4073893229166667
142,THER,0.4169921875
143,THER,0.4638671875
144,THER,0.4226888020833333
145,THER,0.3992513020833333
146,THER,0.3948567708333333
147,THER,0.421875
148,THER,0.3953450520833333
149,THER,0.3780924479166667
150,THER,0.3756510416666667
151,THER,0.3958333333333333
152,THER,0.4033203125
153,THER,0.3972981770833333
154,THER,0.392578125
155,THER,0.4091796875
156,THER,0.39111328125
157,THER,0.3943684895833333
158,THER,0.4046223958333333
159,THER,0.4471028645833333
160,THER,0.4456380208333333
161,THER,0.4176432291666667
162,THER,0.4283854166666667
163,THER,0.43798828125
164,THER,0.43798828125
165,THER,0.43798828125
166,THER,0.4422200520833333
167,THER,0.43359375
168,THER,0.3937174479166667
169,THER,0.38623046875
170,THER,0.3961588541666667
171,THER,0.39111328125
172,THER,0.3888346354166667
173,THER,0.39453125
174,THER,0.400390625
175,THER,0.4169921875
176,THER,0.3942057291666667
177,THER,0.38037109375
178,THER,0.37158203125
179,THER,0.4026692708333333
180,THER,0.3777669270833333
181,THER,0.3776041666666667
182,THER,0.38720703125
183,THER,0.4025065104166667
184,THER,0.3819986979166667
185,THER,0.3859049479166667
186,THER,0.3826497395833333
187,THER,0.3961588541666667
188,THER,0.3763020833333333
189,THER,0.41943359375
190,THER,0.3990885416666667
191,THER,0.3958333333333333
192,THER,0.3701171875
193,THER,0.4013671875
194,THER,0.4069010416666667
195,THER,0.4122721354166667
196,THER,0.4049479166666667
197,THER,0.4080403645833333
198,THER,0.4016927083333333
199,THER,0.4137369791666667
200,THER,0.4064127604166667
201,THER,0.4002278645833333
202,THER,0.4026692708333333
203,THER,0.38525390625
204,THER,0.375
205,THER,0.3831380208333333
206,THER,0.390625
207,THER,0.40576171875
208,THER,0.380859375
209,THER,0.3977864583333333
210,THER,0.39599609375
211,THER,0.3992513020833333
212,THER,0.3889973958333333
213,THER,0.3873697916666667
214,THER,0.3806966145833333
215,THER,0.4143880208333333
216,THER,0.4072265625
217,THER,0.4034830729166667
218,THER,0.39990234375
219,THER,0.4127604166666667
220,THER,0.4010416666666667
221,THER,0.3912760416666667
222,THER,0.3963216145833333
223,THER,0.41455078125
224,THER,0.38671875
225,THER,0.3746744791666667
226,THER,0.3572591145833333
227,THER,0.3937174479166667
228,THER,0.3860677083333333
229,THER,0.4016927083333333
230,THER,0.3720703125
231,THER,0.4044596354166667
232,THER,0.3917643229166667
233,THER,0.3810221354166667
234,THER,0.3868815104166667
235,THER,0.41455078125
236,THER,0.3933919270833333
237,THER,0.4088541666666667
238,THER,0.3992513020833333
239,THER,0.3992513020833333
240,THER,0.39892578125
241,THER,0.3927408854166667
242,THER,0.39697265625
243,THER,0.4069010416666667
244,THER,0.3912760416666667
245,THER,0.4039713541666667
246,THER,0.4031575520833333
247,THER,0.4384765625
248,THER,0.4231770833333333
249,THER,0.4060872395833333
250,THER,0.4103190104166667
251,THER,0.427734375
252,THER,0.3971354166666667
253,THER,0.3766276041666667
254,THER,0.3746744791666667
255,THER,0.3977864583333333
256,THER,0.4134114583333333
257,THER,0.4080403645833333
258,THER,0.4189453125
259,THER,0.4422200520833333
260,THER,0.4324544270833333
261,THER,0.4283854166666667
262,THER,0.39990234375
263,THER,0.4181315104166667
264,THER,0.416015625
265,THER,0.4039713541666667
266,THER,0.4015299479166667
267,THER,0.4054361979166667
268,THER,0.400390625
269,THER,0.4064127604166667
270,THER,0.3902994791666667
271,THER,0.4293619791666667
272,THER,0.4020182291666667
273,THER,0.3826497395833333
274,THER,0.39404296875
275,THER,0.41748046875
276,THER,0.3912760416666667
277,THER,0.4000651041666667
278,THER,0.396484375
279,THER,0.4025065104166667
280,THER,0.3896484375
281,THER,0.39453125
282,THER,0.4055989583333333
283,THER,0.4065755208333333
284,THER,0.4034830729166667
285,THER,0.412109375
286,THER,0.4103190104166667
287,THER,0.41064453125
288,THER,0.3946940104166667
289,THER,0.3671875
290,THER,0.3714192708333333
291,THER,0.3995768229166667
292,THER,0.3836263020833333
293,THER,0.3805338541666667
294,THER,0.36376953125
295,THER,0.3953450520833333
296,THER,0.3763020833333333
297,THER,0.3585611979166667
298,THER,0.3748372395833333
299,THER,0.4031575520833333
300,THER,0.3963216145833333
301,THER,0.39892578125
302,THER,0.3909505208333333
303,THER,0.3990885416666667
304,THER,0.39697265625
305,THER,0.4073893229166667
306,THER,0.4007161458333333
307,THER,0.4404296875
308,THER,0.41455078125
309,THER,0.4305013020833333
310,THER,0.4152018229166667
311,THER,0.39453125
312,THER,0.3798828125
313,THER,0.3761393229166667
314,THER,0.3616536458333333
315,THER,0.3885091145833333
316,THER,0.3933919270833333
317,THER,0.3875325520833333
318,THER,0.3834635416666667
319,THER,0.3922526041666667
320,THER,0.3819986979166667
321,THER,0.3831380208333333
322,THER,0.39111328125
323,THER,0.4248046875
324,THER,0.3935546875
325,THER,0.4148763020833333
326,THER,0.41943359375
327,THER,0.45166015625
328,THER,0.4275716145833333
329,THER,0.3990885416666667
330,THER,0.40966796875
331,THER,0.4259440104166667
332,THER,0.3878580729166667
333,THER,0.41455078125
334,THER,0.41796875
335,THER,0.4130859375
336,THER,0.4189453125
337,THER,0.4195963541666667
338,THER,0.4147135416666667
339,THER,0.4396158854166667
340,THER,0.4142252604166667
341,THER,0.4095052083333333
342,THER,0.4064127604166667
343,THER,0.39208984375
344,THER,0.40869140625
345,THER,0.3958333333333333
346,THER,0.4059244791666667
347,THER,0.43505859375
348,THER,0.3987630208333333
349,THER,0.3927408854166667
350,THER,0.3741861979166667
351,THER,0.3885091145833333
352,THER,0.3727213541666667
353,THER,0.3639322916666667
354,THER,0.3894856770833333
355,THER,0.4270833333333333
356,THER,0.4002278645833333
357,THER,0.40283203125
358,THER,0.40087890625
359,THER,0.443359375
360,THER,0.4025065104166667
361,THER,0.423828125
362,THER,0.3805338541666667
363,THER,0.3878580729166667
364,THER,0.3743489583333333
365,THER,0.3693033854166667
366,THER,0.3688151041666667
367,THER,0.4007161458333333
368,THER,0.3929036458333333
369,THER,0.3933919270833333
370,THER,0.3658854166666667
371,THER,0.3938802083333333
372,THER,0.3841145833333333
373,THER,0.38525390625
374,THER,0.3719075520833333
375,THER,0.3981119791666667
376,THER,0.3712565104166667
377,THER,0.35888671875
378,THER,0.3678385416666667
379,THER,0.3841145833333333
380,THER,0.3779296875
381,THER,0.3865559895833333
382,THER,0.3907877604166667
383,THER,0.3992513020833333
384,THER,0.3839518229166667
385,THER,0.3824869791666667
386,THER,0.375
387,THER,0.4129231770833333
388,THER,0.396484375
389,THER,0.4134114583333333
390,THER,0.39697265625
391,THER,0.4015299479166667
392,THER,0.3614908854166667
393,THER,0.3753255208333333
394,THER,0.3831380208333333
395,THER,0.38134765625
396,THER,0.38134765625
397,THER,0.3818359375
398,THER,0.3728841145833333
399,THER,0.384765625
400,THER,0.3818359375
401,THER,0.3732096354166667
402,THER,0.3831380208333333
403,THER,0.4326171875
404,THER,0.3883463541666667
405,THER,0.3815104166666667
406,THER,0.3728841145833333
407,THER,0.380859375
408,THER,0.3746744791666667
409,THER,0.38330078125
410,THER,0.376953125
411,THER,0.4171549479166667
412,THER,0.39208984375
413,THER,0.3841145833333333
414,THER,0.3876953125
415,THER,0.4000651041666667
416,THER,0.3826497395833333
417,THER,0.37255859375
418,THER,0.3837890625
419,THER,0.39404296875
420,THER,0.3878580729166667
421,THER,0.3942057291666667
422,THER,0.3824869791666667
423,THER,0.3948567708333333
424,THER,0.3592122395833333
425,THER,0.3474934895833333
426,THER,0.35205078125
427,THER,0.3681640625
428,THER,0.3655598958333333
429,THER,0.36083984375
430,THER,0.3727213541666667
431,THER,0.40478515625
432,THER,0.4012044270833333
433,THER,0.39013671875
434,THER,0.3527018229166667
435,THER,0.4230143229166667
436,THER,0.3837890625
437,THER,0.38525390625
438,THER,0.3943684895833333
439,THER,0.4182942708333333
440,THER,0.40673828125
441,THER,0.37158203125
442,THER,0.39111328125
443,THER,0.37890625
444,THER,0.37353515625
445,THER,0.3828125
446,THER,0.39111328125
447,THER,0.4178059895833333
448,THER,0.3605143229166667
449,THER,0.35595703125
450,THER,0.3434244791666667
451,THER,0.3785807291666667
452,THER,0.3697916666666667
453,THER,0.3709309895833333
454,THER,0.384765625
455,THER,0.3782552083333333
456,THER,0.3896484375
457,THER,0.38134765625
458,THER,0.4021809895833333
459,THER,0.4112955729166667
460,THER,0.3702799479166667
461,THER,0.39990234375
462,THER,0.396484375
463,THER,0.4187825520833333
464,THER,0.40087890625
465,THER,0.388671875
466,THER,0.4044596354166667
467,THER,0.4466145833333333
468,THER,0.4012044270833333
469,THER,0.40185546875
470,THER,0.39453125
471,THER,0.4373372395833333
472,THER,0.4195963541666667
473,THER,0.3805338541666667
474,THER,0.3771158854166667
475,THER,0.3819986979166667
476,THER,0.3917643229166667
477,THER,0.3694661458333333
478,THER,0.3859049479166667
479,THER,0.4207356770833333
480,THER,0.3953450520833333
481,THER,0.3629557291666667
482,THER,0.37451171875
483,THER,0.3943684895833333
484,THER,0.3758138020833333
485,THER,0.3849283854166667
486,THER,0.3829752604166667
487,THER,0.4091796875
488,THER,0.3948567708333333
489,THER,0.4090169270833333
490,THER,0.4034830729166667
491,THER,0.4248046875
492,THER,0.4083658854166667
493,THER,0.4150390625
494,THER,0.4095052083333333
495,THER,0.4248046875
496,THER,0.4228515625
497,THER,0.4046223958333333
498,THER,0.4054361979166667
499,THER,0.4065755208333333
500,THER,0.3878580729166667
501,THER,0.4251302083333333
502,THER,0.3873697916666667
503,THER,0.3977864583333333
504,THER,0.3919270833333333
505,THER,0.41943359375
506,THER,0.4138997395833333
507,THER,0.4498697916666667
508,THER,0.4220377604166667
509,THER,0.3951822916666667
510,THER,0.4025065104166667
511,THER,0.38671875
512,THER,0.39697265625
513,THER,0.4002278645833333
514,THER,0.40478515625
515,THER,0.4254557291666667
516,THER,0.4241536458333333
517,THER,0.4228515625
518,THER,0.3956705729166667
519,THER,0.4171549479166667
520,THER,0.3994140625
521,THER,0.3955078125
522,THER,0.4108072916666667
523,THER,0.41943359375
524,THER,0.4075520833333333
525,THER,0.4202473958333333
526,THER,0.39599609375
527,THER,0.4007161458333333
528,THER,0.3922526041666667
529,THER,0.3761393229166667
530,THER,0.3800455729166667
531,THER,0.4222005208333333
532,THER,0.4016927083333333
533,THER,0.4000651041666667
534,THER,0.3855794270833333
535,THER,0.4148763020833333
536,THER,0.4036458333333333
537,THER,0.3948567708333333
538,THER,0.3709309895833333
539,THER,0.4254557291666667
540,THER,0.40283203125
541,THER,0.3846028645833333
542,THER,0.36669921875
543,THER,0.4016927083333333
544,THER,0.3839518229166667
545,THER,0.3899739583333333
546,THER,0.4099934895833333
547,THER,0.4078776041666667
548,THER,0.3894856770833333
549,THER,0.3937174479166667
550,THER,0.3982747395833333
551,THER,0.4069010416666667
552,THER,0.39501953125
553,THER,0.4007161458333333
554,THER,0.4021809895833333
555,THER,0.41845703125
556,THER,0.40869140625
557,THER,0.3932291666666667
558,THER,0.4088541666666667
559,THER,0.4309895833333333
560,THER,0.427734375
561,THER,0.4583333333333333
562,THER,0.4549153645833333
563,THER,0.4630533854166667
564,THER,0.4278971354166667
565,THER,0.4168294270833333
566,THER,0.4044596354166667
567,THER,0.42626953125
568,THER,0.4166666666666667
569,THER,0.42578125
570,THER,0.4444986979166667
571,THER,0.4137369791666667
572,THER,0.3893229166666667
573,THER,0.3701171875
574,THER,0.3483072916666667
575,THER,0.3644205729166667
576,THER,0.3592122395833333
577,THER,0.36865234375
578,THER,0.3380533854166667
579,THER,0.4044596354166667
580,THER,0.3712565104166667
581,THER,0.390625
582,THER,0.3883463541666667
583,THER,0.4140625
584,THER,0.3678385416666667
585,THER,0.3497721354166667
586,THER,0.36865234375
587,THER,0.3927408854166667
588,THER,0.3826497395833333
589,THER,0.3966471354166667
590,THER,0.37353515625
591,THER,0.40771484375
592,THER,0.3974609375
593,THER,0.41064453125
594,THER,0.3966471354166667
595,THER,0.3982747395833333
596,THER,0.3878580729166667
597,THER,0.392578125
598,THER,0.3902994791666667
599,THER,0.4000651041666667
600,THER,0.36669921875
601,THER,0.37451171875
602,THER,0.39404296875
603,THER,0.3963216145833333
604,THER,0.3785807291666667
605,THER,0.3919270833333333
606,THER,0.3753255208333333
607,THER,0.3976236979166667
608,THER,0.37939453125
609,THER,0.3880208333333333
610,THER,0.392578125
611,THER,0.3898111979166667
612,THER,0.3806966145833333
613,THER,0.37548828125
614,THER,0.3929036458333333
615,THER,0.396484375
616,THER,0.4059244791666667
617,THER,0.3912760416666667
618,THER,0.3894856770833333
619,THER,0.4423828125
620,THER,0.4010416666666667
621,THER,0.4138997395833333
622,THER,0.3994140625
623,THER,0.4000651041666667
624,THER,0.3878580729166667
625,THER,0.3922526041666667
626,THER,0.3876953125
627,THER,0.41015625
628,THER,0.4054361979166667
629,THER,0.4060872395833333
630,THER,0.40576171875
631,THER,0.41064453125
632,THER,0.3961588541666667
633,THER,0.3782552083333333
634,THER,0.3753255208333333
635,THER,0.4044596354166667
636,THER,0.3865559895833333
637,THER,0.3914388020833333
638,THER,0.3805338541666667
639,THER,0.40380859375
640,THER,0.4020182291666667
641,THER,0.3958333333333333
642,THER,0.37548828125
643,THER,0.37939453125
644,THER,0.3816731770833333
645,THER,0.3942057291666667
646,THER,0.3898111979166667
647,THER,0.4134114583333333
648,THER,0.3790690104166667
649,THER,0.3688151041666667
650,THER,0.3688151041666667
651,THER,0.4169921875
652,THER,0.3937174479166667
653,THER,0.4012044270833333
654,THER,0.3723958333333333
655,THER,0.4108072916666667
656,THER,0.3816731770833333
657,THER,0.3963216145833333
658,THER,0.3759765625
659,THER,0.3878580729166667
660,THER,0.396484375
661,THER,0.4069010416666667
662,THER,0.39501953125
663,THER,0.4274088541666667
664,THER,0.3922526041666667
665,THER,0.3968098958333333
666,THER,0.3976236979166667
667,THER,0.3976236979166667
668,THER,0.3927408854166667
669,THER,0.4161783854166667
670,THER,0.3898111979166667
671,THER,0.40234375
672,THER,0.3824869791666667
673,THER,0.3805338541666667
674,THER,0.39404296875
675,THER,0.4189453125
676,THER,0.3937174479166667
677,THER,0.39794921875
678,THER,0.38623046875
679,THER,0.3912760416666667
680,THER,0.3741861979166667
681,THER,0.3714192708333333
682,THER,0.3748372395833333
683,THER,0.3836263020833333
684,THER,0.3640950520833333
685,THER,0.3678385416666667
686,THER,0.3785807291666667
687,THER,0.4065755208333333
688,THER,0.3795572916666667
689,THER,0.3824869791666667
690,THER,0.3798828125
691,THER,0.4095052083333333
692,THER,0.4021809895833333
693,THER,0.3966471354166667
694,THER,0.38232421875
695,THER,0.3933919270833333
696,THER,0.36767578125
697,THER,0.37646484375
698,THER,0.3880208333333333
699,THER,0.4112955729166667
700,THER,0.4013671875
701,THER,0.3763020833333333
702,THER,0.3702799479166667
703,THER,0.3876953125
704,THER,0.3943684895833333
705,THER,0.3927408854166667
706,THER,0.4114583333333333
707,THER,0.4152018229166667
708,THER,0.3876953125
709,THER,0.3951822916666667
710,THER,0.37255859375
711,THER,0.4375
712,THER,0.4124348958333333
713,THER,0.4290364583333333
714,THER,0.3888346354166667
715,THER,0.439453125
716,THER,0.4178059895833333
717,THER,0.42578125
718,THER,0.4484049479166667
719,THER,0.4542643229166667
720,THER,0.4601236979166667
721,THER,0.4052734375
722,THER,0.4046223958333333
723,THER,0.4231770833333333
724,THER,0.40966796875
725,THER,0.3972981770833333
726,THER,0.39599609375
727,THER,0.4300130208333333
728,THER,0.4072265625
729,THER,0.3986002604166667
730,THER,0.4150390625
731,THER,0.4181315104166667
732,THER,0.4114583333333333
733,THER,0.3961588541666667
734,THER,0.3837890625
735,THER,0.41064453125
736,THER,0.4114583333333333
737,THER,0.404296875
738,THER,0.40869140625
739,THER,0.4122721354166667
740,THER,0.4269205729166667
741,THER,0.4235026041666667
742,THER,0.4181315104166667
743,THER,0.4469401041666667
744,THER,0.4239908854166667
745,THER,0.4431966145833333
746,THER,0.4244791666666667
747,THER,0.4638671875
748,THER,0.4329427083333333
749,THER,0.43701171875
750,THER,0.41455078125
751,THER,0.41552734375
752,THER,0.4005533854166667
753,THER,0.3938802083333333
754,THER,0.3946940104166667
755,THER,0.38916015625
756,THER,0.36474609375
757,THER,0.3904622395833333
758,THER,0.373046875
759,THER,0.40869140625
760,THER,0.4036458333333333
761,THER,0.4187825520833333
762,THER,0.4049479166666667
763,THER,0.4371744791666667
764,THER,0.3753255208333333
765,THER,0.4073893229166667
766,THER,0.423828125
767,THER,0.4093424479166667
768,THER,0.39111328125
769,THER,0.3977864583333333
770,THER,0.4078776041666667
771,THER,0.4251302083333333
772,THER,0.3946940104166667
773,THER,0.38720703125
774,THER,0.3741861979166667
775,THER,0.3984375
776,THER,0.4026692708333333
777,THER,0.4171549479166667
778,THER,0.39990234375
779,THER,0.43359375
780,THER,0.4134114583333333
781,THER,0.3948567708333333
782,THER,0.3894856770833333
783,THER,0.41259765625
784,THER,0.4075520833333333
785,THER,0.3982747395833333
786,THER,0.3658854166666667
787,THER,0.4134114583333333
788,THER,0.4021809895833333
789,THER,0.4033203125
790,THER,0.39990234375
791,THER,0.4138997395833333
792,THER,0.4108072916666667
793,THER,0.3929036458333333
794,THER,0.4195963541666667
795,THER,0.42041015625
796,THER,0.4191080729166667
797,THER,0.4280598958333333
798,THER,0.419921875
799,THER,0.4153645833333333
800,THER,0.37646484375
801,THER,0.3660481770833333
802,THER,0.37255859375
803,THER,0.39404296875
804,THER,0.3787434895833333
805,THER,0.4002278645833333
806,THER,0.3590494791666667
807,THER,0.4088541666666667
808,THER,0.3763020833333333
809,THER,0.3779296875
810,THER,0.3603515625
811,THER,0.4052734375
812,THER,0.3859049479166667
813,THER,0.3883463541666667
814,THER,0.3857421875
815,THER,0.40478515625
816,THER,0.40478515625
817,THER,0.3829752604166667
818,THER,0.3898111979166667
819,THER,0.4191080729166667
820,THER,0.3855794270833333
821,THER,0.3761393229166667
822,THER,0.3772786458333333
823,THER,0.3927408854166667
824,THER,0.38818359375
825,THER,0.3756510416666667
826,THER,0.38232421875
827,THER,0.4060872395833333
828,THER,0.3837890625
829,THER,0.3811848958333333
830,THER,0.3956705729166667
831,THER,0.3994140625
832,THER,0.3849283854166667
833,THER,0.3740234375
834,THER,0.3875325520833333
835,THER,0.3883463541666667
836,THER,0.39453125
837,THER,0.390625
838,THER,0.4117838541666667
839,THER,0.4072265625
840,THER,0.40625
841,THER,0.4059244791666667
842,THER,0.4111328125
843,THER,0.40673828125
844,THER,0.40185546875
845,THER,0.3927408854166667
846,THER,0.4153645833333333
847,THER,0.4254557291666667
848,THER,0.4111328125
849,THER,0.3860677083333333
850,THER,0.3919270833333333
851,THER,0.4109700520833333
852,THER,0.4083658854166667
853,THER,0.4222005208333333
854,THER,0.4140625
855,THER,0.427734375
856,THER,0.4215494791666667
857,THER,0.4080403645833333
858,THER,0.40576171875
859,THER,0.4453125
860,THER,0.4264322916666667
861,THER,0.4241536458333333
862,THER,0.40478515625
863,THER,0.4235026041666667
864,THER,0.3997395833333333
865,THER,0.4104817708333333
866,THER,0.3963216145833333
867,THER,0.4191080729166667
868,THER,0.4073893229166667
869,THER,0.4054361979166667
870,THER,0.40576171875
871,THER,0.427734375
872,THER,0.4072265625
873,THER,0.396484375
874,THER,0.3904622395833333
875,THER,0.4236653645833333
876,THER,0.3844401041666667
877,THER,0.39306640625
878,THER,0.3953450520833333
879,THER,0.40966796875
880,THER,0.40625
881,THER,0.40869140625
882,THER,0.412109375
883,THER,0.42626953125
884,THER,0.3888346354166667
885,THER,0.41162109375
886,THER,0.3984375
887,THER,0.3933919270833333
888,THER,0.3951822916666667
889,THER,0.41015625
890,THER,0.4025065104166667
891,THER,0.4073893229166667
892,THER,0.3937174479166667
893,THER,0.3828125
894,THER,0.4153645833333333
895,THER,0.4091796875
896,THER,0.3898111979166667
897,THER,0.3997395833333333
898,THER,0.40625
899,THER,0.4305013020833333
900,THER,0.4178059895833333
901,THER,0.43505859375
902,THER,0.3846028645833333
903,THER,0.4220377604166667
904,THER,0.3997395833333333
905,THER,0.3746744791666667
906,THER,0.4095052083333333
907,THER,0.4168294270833333
908,THER,0.3919270833333333
909,THER,0.4054361979166667
910,THER,0.4013671875
911,THER,0.4095052083333333
912,THER,0.40869140625
913,THER,0.40478515625
914,THER,0.4075520833333333
915,THER,0.43017578125
916,THER,0.40673828125
917,THER,0.40625
918,THER,0.3912760416666667
919,THER,0.4192708333333333
920,THER,0.41845703125
921,THER,0.4016927083333333
922,THER,0.3987630208333333
923,THER,0.4324544270833333
924,THER,0.4132486979166667
925,THER,0.4152018229166667
926,THER,0.3972981770833333
927,THER,0.4202473958333333
928,THER,0.4007161458333333
929,THER,0.3982747395833333
930,THER,0.4142252604166667
931,THER,0.4275716145833333
932,THER,0.4005533854166667
933,THER,0.416015625
934,THER,0.3863932291666667
935,THER,0.40185546875
936,THER,0.3935546875
937,THER,0.390625
938,THER,0.3868815104166667
939,THER,0.4295247395833333
940,THER,0.4060872395833333
941,THER,0.3917643229166667
942,THER,0.40966796875
943,THER,0.4295247395833333
944,THER,0.4072265625
945,THER,0.3907877604166667
946,THER,0.4049479166666667
947,THER,0.4249674479166667
948,THER,0.4290364583333333
949,THER,0.4215494791666667
950,THER,0.42822265625
951,THER,0.4270833333333333
952,THER,0.40087890625
953,THER,0.4098307291666667
954,THER,0.3912760416666667
955,THER,0.4127604166666667
956,THER,0.3782552083333333
957,THER,0.4052734375
958,THER,0.376953125
959,THER,0.39306640625
960,THER,0.3927408854166667
961,THER,0.3968098958333333
962,THER,0.392578125
963,THER,0.4147135416666667
964,THER,0.4212239583333333
965,THER,0.4215494791666667
966,THER,0.42724609375
967,THER,0.44921875
968,THER,0.4363606770833333
969,THER,0.4222005208333333
970,THER,0.4231770833333333
971,THER,0.44921875
972,THER,0.40625
973,THER,0.416015625
974,THER,0.3937174479166667
975,THER,0.4202473958333333
976,THER,0.39501953125
977,THER,0.4034830729166667
978,THER,0.40478515625
979,THER,0.4222005208333333
980,THER,0.4034830729166667
981,THER,0.3974609375
982,THER,0.3859049479166667
983,THER,0.4178059895833333
984,THER,0.40771484375
985,THER,0.4049479166666667
986,THER,0.4319661458333333
987,THER,0.4422200520833333
988,THER,0.4267578125
989,THER,0.4169921875
990,THER,0.4339192708333333
991,THER,0.4358723958333333
992,THER,0.4288736979166667
993,THER,0.4217122395833333
994,THER,0.4010416666666667
995,THER,0.4376627604166667
996,THER,0.4005533854166667
997,THER,0.4161783854166667
998,THER,0.3997395833333333
999,THER,0.4318033854166667
1000,THER,0.42138671875
1001,THER,0.4143880208333333
1002,THER,0.4033203125
1003,THER,0.400390625
1004,THER,0.40283203125
1005,THER,0.4052734375
1006,THER,0.3916015625
1007,THER,0.4119466145833333
1008,THER,0.4298502604166667
1009,THER,0.4026692708333333
1010,THER,0.4267578125
1011,THER,0.4308268229166667
1012,THER,0.3946940104166667
1013,THER,0.3828125
1014,THER,0.3946940104166667
1015,THER,0.43017578125
1016,THER,0.4095052083333333
1017,THER,0.4025065104166667
1018,THER,0.4044596354166667
1019,THER,0.41796875
1020,THER,0.4085286458333333
1021,THER,0.3948567708333333
1022,THER,0.4098307291666667
1023,THER,0.4178059895833333
3,Oracle,0.4366861979166667
4,Oracle,0.4495442708333333
5,Oracle,0.4435221354166667
6,Oracle,0.4361979166666667
7,Oracle,0.4296875
8,Oracle,0.4454752604166667
9,Oracle,0.43701171875
10,Oracle,0.4479166666666667
11,Oracle,0.4435221354166667
12,Oracle,0.4454752604166667
13,Oracle,0.4083658854166667
14,Oracle,0.4060872395833333
15,Oracle,0.4104817708333333
16,Oracle,0.4073893229166667
17,Oracle,0.4295247395833333
18,Oracle,0.4562174479166667
19,Oracle,0.4397786458333333
20,Oracle,0.4280598958333333
21,Oracle,0.44921875
22,Oracle,0.4684244791666667
23,Oracle,0.4700520833333333
24,Oracle,0.44970703125
25,Oracle,0.4427083333333333
26,Oracle,0.4715169270833333
27,Oracle,0.4855143229166667
28,Oracle,0.4664713541666667
29,Oracle,0.47314453125
30,Oracle,0.4733072916666667
31,Oracle,0.4459635416666667
32,Oracle,0.4345703125
33,Oracle,0.4503580729166667
34,Oracle,0.4410807291666667
35,Oracle,0.4560546875
36,Oracle,0.4441731770833333
37,Oracle,0.4384765625
38,Oracle,0.4334309895833333
39,Oracle,0.4404296875
40,Oracle,0.43701171875
41,Oracle,0.4562174479166667
42,Oracle,0.4306640625
43,Oracle,0.4275716145833333
44,Oracle,0.4207356770833333
45,Oracle,0.45556640625
46,Oracle,0.455078125
47,Oracle,0.4357096354166667
48,Oracle,0.4305013020833333
49,Oracle,0.4475911458333333
50,Oracle,0.447265625
51,Oracle,0.451171875
52,Oracle,0.4620768229166667
53,Oracle,0.4567057291666667
54,Oracle,0.4314778645833333
55,Oracle,0.4425455729166667
56,Oracle,0.4549153645833333
57,Oracle,0.4471028645833333
58,Oracle,0.4422200520833333
59,Oracle,0.4226888020833333
60,Oracle,0.4371744791666667
61,Oracle,0.4444986979166667
62,Oracle,0.4423828125
63,Oracle,0.412109375
64,Oracle,0.43408203125
65,Oracle,0.4309895833333333
66,Oracle,0.42626953125
67,Oracle,0.3885091145833333
68,Oracle,0.40625
69,Oracle,0.4129231770833333
70,Oracle,0.4191080729166667
71,Oracle,0.4256184895833333
72,Oracle,0.4112955729166667
73,Oracle,0.4373372395833333
74,Oracle,0.4365234375
75,Oracle,0.4319661458333333
76,Oracle,0.4617513020833333
77,Oracle,0.4332682291666667
78,Oracle,0.4557291666666667
79,Oracle,0.4363606770833333
80,Oracle,0.45556640625
81,Oracle,0.4402669270833333
82,Oracle,0.3953450520833333
83,Oracle,0.4352213541666667
84,Oracle,0.4527994791666667
85,Oracle,0.4803059895833333
86,Oracle,0.4573567708333333
87,Oracle,0.4588216145833333
88,Oracle,0.4713541666666667
89,Oracle,0.4645182291666667
90,Oracle,0.47509765625
91,Oracle,0.453125
92,Oracle,0.490234375
93,Oracle,0.5078125
94,Oracle,0.4794921875
95,Oracle,0.4591471354166667
96,Oracle,0.44580078125
97,Oracle,0.4293619791666667
98,Oracle,0.4308268229166667
99,Oracle,0.4347330729166667
100,Oracle,0.44140625
101,Oracle,0.4417317708333333
102,Oracle,0.4176432291666667
103,Oracle,0.42236328125
104,Oracle,0.4119466145833333
105,Oracle,0.4300130208333333
106,Oracle,0.4143880208333333
107,Oracle,0.4430338541666667
108,Oracle,0.4158528645833333
109,Oracle,0.41845703125
110,Oracle,0.4055989583333333
111,Oracle,0.4029947916666667
112,Oracle,0.4021809895833333
113,Oracle,0.4248046875
114,Oracle,0.396484375
115,Oracle,0.4171549479166667
116,Oracle,0.4254557291666667
117,Oracle,0.4267578125
118,Oracle,0.419921875
119,Oracle,0.4444986979166667
120,Oracle,0.4010416666666667
121,Oracle,0.4454752604166667
122,Oracle,0.4453125
123,Oracle,0.44775390625
124,Oracle,0.4358723958333333
125,Oracle,0.46826171875
126,Oracle,0.4658203125
127,Oracle,0.4205729166666667
128,Oracle,0.4695638020833333
129,Oracle,0.4392903645833333
130,Oracle,0.43994140625
131,Oracle,0.4326171875
132,Oracle,0.4427083333333333
133,Oracle,0.4386393229166667
134,Oracle,0.39306640625
135,Oracle,0.4152018229166667
136,Oracle,0.4098307291666667
137,Oracle,0.3992513020833333
138,Oracle,0.3946940104166667
139,Oracle,0.42724609375
140,Oracle,0.4295247395833333
141,Oracle,0.4404296875
142,Oracle,0.45361328125
143,Oracle,0.4597981770833333
144,Oracle,0.4415690104166667
145,Oracle,0.4178059895833333
146,Oracle,0.4091796875
147,Oracle,0.4222005208333333
148,Oracle,0.421875
149,Oracle,0.41259765625
150,Oracle,0.4039713541666667
151,Oracle,0.4073893229166667
152,Oracle,0.4269205729166667
153,Oracle,0.41796875
154,Oracle,0.4152018229166667
155,Oracle,0.4148763020833333
156,Oracle,0.4156901041666667
157,Oracle,0.42578125
158,Oracle,0.4269205729166667
159,Oracle,0.46044921875
160,Oracle,0.4671223958333333
161,Oracle,0.4337565104166667
162,Oracle,0.4456380208333333
163,Oracle,0.4388020833333333
164,Oracle,0.4586588541666667
165,Oracle,0.4783528645833333
166,Oracle,0.4716796875
167,Oracle,0.4283854166666667
168,Oracle,0.4427083333333333
169,Oracle,0.4239908854166667
170,Oracle,0.4251302083333333
171,Oracle,0.4103190104166667
172,Oracle,0.4256184895833333
173,Oracle,0.4278971354166667
174,Oracle,0.4241536458333333
175,Oracle,0.4205729166666667
176,Oracle,0.4222005208333333
177,Oracle,0.4036458333333333
178,Oracle,0.3976236979166667
179,Oracle,0.408203125
180,Oracle,0.4052734375
181,Oracle,0.4099934895833333
182,Oracle,0.41650390625
183,Oracle,0.4132486979166667
184,Oracle,0.4109700520833333
185,Oracle,0.40234375
186,Oracle,0.42041015625
187,Oracle,0.4044596354166667
188,Oracle,0.404296875
189,Oracle,0.4527994791666667
190,Oracle,0.43359375
191,Oracle,0.40576171875
192,Oracle,0.4108072916666667
193,Oracle,0.4288736979166667
194,Oracle,0.4178059895833333
195,Oracle,0.4130859375
196,Oracle,0.423828125
197,Oracle,0.4220377604166667
198,Oracle,0.4324544270833333
199,Oracle,0.4186197916666667
200,Oracle,0.4265950520833333
201,Oracle,0.4342447916666667
202,Oracle,0.4200846354166667
203,Oracle,0.3854166666666667
204,Oracle,0.4033203125
205,Oracle,0.4220377604166667
206,Oracle,0.4217122395833333
207,Oracle,0.4182942708333333
208,Oracle,0.40185546875
209,Oracle,0.4163411458333333
210,Oracle,0.4230143229166667
211,Oracle,0.4078776041666667
212,Oracle,0.4109700520833333
213,Oracle,0.4176432291666667
214,Oracle,0.4244791666666667
215,Oracle,0.42431640625
216,Oracle,0.4318033854166667
217,Oracle,0.4332682291666667
218,Oracle,0.4353841145833333
219,Oracle,0.4212239583333333
220,Oracle,0.42919921875
221,Oracle,0.4195963541666667
222,Oracle,0.4187825520833333
223,Oracle,0.42333984375
224,Oracle,0.4186197916666667
225,Oracle,0.4021809895833333
226,Oracle,0.3955078125
227,Oracle,0.41650390625
228,Oracle,0.4093424479166667
229,Oracle,0.42919921875
230,Oracle,0.4129231770833333
231,Oracle,0.4054361979166667
232,Oracle,0.4407552083333333
233,Oracle,0.4248046875
234,Oracle,0.4318033854166667
235,Oracle,0.4309895833333333
236,Oracle,0.423828125
237,Oracle,0.4230143229166667
238,Oracle,0.4169921875
239,Oracle,0.41015625
240,Oracle,0.4249674479166667
241,Oracle,0.423828125
242,Oracle,0.4207356770833333
243,Oracle,0.4012044270833333
244,Oracle,0.4222005208333333
245,Oracle,0.4319661458333333
246,Oracle,0.4361979166666667
247,Oracle,0.4404296875
248,Oracle,0.4422200520833333
249,Oracle,0.447265625
250,Oracle,0.4547526041666667
251,Oracle,0.4391276041666667
252,Oracle,0.4314778645833333
253,Oracle,0.41845703125
254,Oracle,0.3889973958333333
255,Oracle,0.41162109375
256,Oracle,0.4423828125
257,Oracle,0.4449869791666667
258,Oracle,0.4357096354166667
259,Oracle,0.4534505208333333
260,Oracle,0.4461263020833333
261,Oracle,0.4474283854166667
262,Oracle,0.4168294270833333
263,Oracle,0.4186197916666667
264,Oracle,0.431640625
265,Oracle,0.4332682291666667
266,Oracle,0.4225260416666667
267,Oracle,0.4091796875
268,Oracle,0.4246419270833333
269,Oracle,0.43115234375
270,Oracle,0.40478515625
271,Oracle,0.4283854166666667
272,Oracle,0.4134114583333333
273,Oracle,0.4049479166666667
274,Oracle,0.4104817708333333
275,Oracle,0.4236653645833333
276,Oracle,0.4191080729166667
277,Oracle,0.4423828125
278,Oracle,0.44482421875
279,Oracle,0.4236653645833333
280,Oracle,0.4329427083333333
281,Oracle,0.435546875
282,Oracle,0.4020182291666667
283,Oracle,0.4181315104166667
284,Oracle,0.4143880208333333
285,Oracle,0.45947265625
286,Oracle,0.4446614583333333
287,Oracle,0.41455078125
288,Oracle,0.4251302083333333
289,Oracle,0.4228515625
290,Oracle,0.39892578125
291,Oracle,0.3948567708333333
292,Oracle,0.4208984375
293,Oracle,0.42724609375
294,Oracle,0.4108072916666667
295,Oracle,0.4054361979166667
296,Oracle,0.4010416666666667
297,Oracle,0.3873697916666667
298,Oracle,0.400390625
299,Oracle,0.3948567708333333
300,Oracle,0.4230143229166667
301,Oracle,0.42041015625
302,Oracle,0.4326171875
303,Oracle,0.4108072916666667
304,Oracle,0.42138671875
305,Oracle,0.4236653645833333
306,Oracle,0.4168294270833333
307,Oracle,0.4534505208333333
308,Oracle,0.43994140625
309,Oracle,0.4544270833333333
310,Oracle,0.4422200520833333
311,Oracle,0.41845703125
312,Oracle,0.43017578125
313,Oracle,0.4236653645833333
314,Oracle,0.4036458333333333
315,Oracle,0.39111328125
316,Oracle,0.4114583333333333
317,Oracle,0.4267578125
318,Oracle,0.4111328125
319,Oracle,0.4099934895833333
320,Oracle,0.4182942708333333
321,Oracle,0.4225260416666667
322,Oracle,0.41845703125
323,Oracle,0.43310546875
324,Oracle,0.4280598958333333
325,Oracle,0.4287109375
326,Oracle,0.4371744791666667
327,Oracle,0.4640299479166667
328,Oracle,0.4466145833333333
329,Oracle,0.43212890625
330,Oracle,0.4191080729166667
331,Oracle,0.443359375
332,Oracle,0.4088541666666667
333,Oracle,0.4427083333333333
334,Oracle,0.4368489583333333
335,Oracle,0.4285481770833333
336,Oracle,0.4443359375
337,Oracle,0.45556640625
338,Oracle,0.4381510416666667
339,Oracle,0.4488932291666667
340,Oracle,0.4459635416666667
341,Oracle,0.4430338541666667
342,Oracle,0.4422200520833333
343,Oracle,0.4187825520833333
344,Oracle,0.4280598958333333
345,Oracle,0.43310546875
346,Oracle,0.4591471354166667
347,Oracle,0.4220377604166667
348,Oracle,0.4283854166666667
349,Oracle,0.4256184895833333
350,Oracle,0.42138671875
351,Oracle,0.4261067708333333
352,Oracle,0.44775390625
353,Oracle,0.4210611979166667
354,Oracle,0.42236328125
355,Oracle,0.458984375
356,Oracle,0.4588216145833333
357,Oracle,0.4617513020833333
358,Oracle,0.4532877604166667
359,Oracle,0.44775390625
360,Oracle,0.4358723958333333
361,Oracle,0.4484049479166667
362,Oracle,0.4161783854166667
363,Oracle,0.4231770833333333
364,Oracle,0.4148763020833333
365,Oracle,0.41796875
366,Oracle,0.4090169270833333
367,Oracle,0.4132486979166667
368,Oracle,0.4215494791666667
369,Oracle,0.4228515625
370,Oracle,0.39794921875
371,Oracle,0.3932291666666667
372,Oracle,0.4025065104166667
373,Oracle,0.4173177083333333
374,Oracle,0.4122721354166667
375,Oracle,0.4215494791666667
376,Oracle,0.39501953125
377,Oracle,0.4163411458333333
378,Oracle,0.39306640625
379,Oracle,0.39794921875
380,Oracle,0.39697265625
381,Oracle,0.41064453125
382,Oracle,0.4278971354166667
383,Oracle,0.4039713541666667
384,Oracle,0.4111328125
385,Oracle,0.4200846354166667
386,Oracle,0.4143880208333333
387,Oracle,0.42236328125
388,Oracle,0.4153645833333333
389,Oracle,0.4298502604166667
390,Oracle,0.41943359375
391,Oracle,0.3997395833333333
392,Oracle,0.3860677083333333
393,Oracle,0.4013671875
394,Oracle,0.400390625
395,Oracle,0.3958333333333333
396,Oracle,0.4069010416666667
397,Oracle,0.41064453125
398,Oracle,0.4054361979166667
399,Oracle,0.3849283854166667
400,Oracle,0.3972981770833333
401,Oracle,0.4044596354166667
402,Oracle,0.4075520833333333
403,Oracle,0.4332682291666667
404,Oracle,0.41943359375
405,Oracle,0.4137369791666667
406,Oracle,0.39697265625
407,Oracle,0.39208984375
408,Oracle,0.4275716145833333
409,Oracle,0.4178059895833333
410,Oracle,0.42431640625
411,Oracle,0.4278971354166667
412,Oracle,0.4303385416666667
413,Oracle,0.4075520833333333
414,Oracle,0.4059244791666667
415,Oracle,0.4091796875
416,Oracle,0.4137369791666667
417,Oracle,0.40576171875
418,Oracle,0.3997395833333333
419,Oracle,0.4002278645833333
420,Oracle,0.41845703125
421,Oracle,0.4422200520833333
422,Oracle,0.4166666666666667
423,Oracle,0.41259765625
424,Oracle,0.3733723958333333
425,Oracle,0.392578125
426,Oracle,0.3916015625
427,Oracle,0.3771158854166667
428,Oracle,0.39306640625
429,Oracle,0.3992513020833333
430,Oracle,0.41455078125
431,Oracle,0.396484375
432,Oracle,0.423828125
433,Oracle,0.4264322916666667
434,Oracle,0.4080403645833333
435,Oracle,0.4410807291666667
436,Oracle,0.4197591145833333
437,Oracle,0.42578125
438,Oracle,0.4405924479166667
439,Oracle,0.4274088541666667
440,Oracle,0.4482421875
441,Oracle,0.4166666666666667
442,Oracle,0.4287109375
443,Oracle,0.3816731770833333
444,Oracle,0.4065755208333333
445,Oracle,0.4493815104166667
446,Oracle,0.4005533854166667
447,Oracle,0.4075520833333333
448,Oracle,0.3961588541666667
449,Oracle,0.38427734375
450,Oracle,0.3746744791666667
451,Oracle,0.3782552083333333
452,Oracle,0.39306640625
453,Oracle,0.3942057291666667
454,Oracle,0.4122721354166667
455,Oracle,0.3816731770833333
456,Oracle,0.427734375
457,Oracle,0.41796875
458,Oracle,0.4168294270833333
459,Oracle,0.4173177083333333
460,Oracle,0.3974609375
461,Oracle,0.4293619791666667
462,Oracle,0.4225260416666667
463,Oracle,0.4129231770833333
464,Oracle,0.4241536458333333
465,Oracle,0.4344075520833333
466,Oracle,0.4309895833333333
467,Oracle,0.4573567708333333
468,Oracle,0.4305013020833333
469,Oracle,0.4318033854166667
470,Oracle,0.41357421875
471,Oracle,0.4440104166666667
472,Oracle,0.4557291666666667
473,Oracle,0.4109700520833333
474,Oracle,0.4026692708333333
475,Oracle,0.3932291666666667
476,Oracle,0.4140625
477,Oracle,0.39892578125
478,Oracle,0.412109375
479,Oracle,0.4287109375
480,Oracle,0.41943359375
481,Oracle,0.39111328125
482,Oracle,0.3974609375
483,Oracle,0.4005533854166667
484,Oracle,0.41845703125
485,Oracle,0.43603515625
486,Oracle,0.4251302083333333
487,Oracle,0.40966796875
488,Oracle,0.42626953125
489,Oracle,0.4440104166666667
490,Oracle,0.4405924479166667
491,Oracle,0.4391276041666667
492,Oracle,0.4345703125
493,Oracle,0.4524739583333333
494,Oracle,0.4327799479166667
495,Oracle,0.4288736979166667
496,Oracle,0.4420572916666667
497,Oracle,0.4192708333333333
498,Oracle,0.4215494791666667
499,Oracle,0.419921875
500,Oracle,0.4202473958333333
501,Oracle,0.45654296875
502,Oracle,0.3977864583333333
503,Oracle,0.4039713541666667
504,Oracle,0.4207356770833333
505,Oracle,0.4451497395833333
506,Oracle,0.427734375
507,Oracle,0.46533203125
508,Oracle,0.45458984375
509,Oracle,0.4236653645833333
510,Oracle,0.4212239583333333
511,Oracle,0.3977864583333333
512,Oracle,0.4296875
513,Oracle,0.4270833333333333
514,Oracle,0.4191080729166667
515,Oracle,0.4314778645833333
516,Oracle,0.4490559895833333
517,Oracle,0.4417317708333333
518,Oracle,0.4147135416666667
519,Oracle,0.4475911458333333
520,Oracle,0.4280598958333333
521,Oracle,0.4306640625
522,Oracle,0.4431966145833333
523,Oracle,0.42529296875
524,Oracle,0.43310546875
525,Oracle,0.4462890625
526,Oracle,0.4158528645833333
527,Oracle,0.4064127604166667
528,Oracle,0.4168294270833333
529,Oracle,0.42431640625
530,Oracle,0.4142252604166667
531,Oracle,0.419921875
532,Oracle,0.4267578125
533,Oracle,0.4278971354166667
534,Oracle,0.4254557291666667
535,Oracle,0.4443359375
536,Oracle,0.4361979166666667
537,Oracle,0.4358723958333333
538,Oracle,0.43798828125
539,Oracle,0.43310546875
540,Oracle,0.4324544270833333
541,Oracle,0.4051106770833333
542,Oracle,0.3972981770833333
543,Oracle,0.4046223958333333
544,Oracle,0.404296875
545,Oracle,0.4195963541666667
546,Oracle,0.4313151041666667
547,Oracle,0.4095052083333333
548,Oracle,0.40478515625
549,Oracle,0.41650390625
550,Oracle,0.4158528645833333
551,Oracle,0.40966796875
552,Oracle,0.41943359375
553,Oracle,0.4217122395833333
554,Oracle,0.43310546875
555,Oracle,0.43212890625
556,Oracle,0.435546875
557,Oracle,0.4181315104166667
558,Oracle,0.4287109375
559,Oracle,0.4495442708333333
560,Oracle,0.4541015625
561,Oracle,0.47802734375
562,Oracle,0.4778645833333333
563,Oracle,0.45849609375
564,Oracle,0.4482421875
565,Oracle,0.4495442708333333
566,Oracle,0.4332682291666667
567,Oracle,0.43798828125
568,Oracle,0.4327799479166667
569,Oracle,0.4427083333333333
570,Oracle,0.45849609375
571,Oracle,0.4129231770833333
572,Oracle,0.41162109375
573,Oracle,0.4020182291666667
574,Oracle,0.3977864583333333
575,Oracle,0.3992513020833333
576,Oracle,0.4537760416666667
577,Oracle,0.47119140625
578,Oracle,0.4313151041666667
579,Oracle,0.4187825520833333
580,Oracle,0.3956705729166667
581,Oracle,0.4085286458333333
582,Oracle,0.4134114583333333
583,Oracle,0.4015299479166667
584,Oracle,0.3943684895833333
585,Oracle,0.4108072916666667
586,Oracle,0.4226888020833333
587,Oracle,0.3912760416666667
588,Oracle,0.4083658854166667
589,Oracle,0.4290364583333333
590,Oracle,0.4085286458333333
591,Oracle,0.4134114583333333
592,Oracle,0.42138671875
593,Oracle,0.4308268229166667
594,Oracle,0.42578125
595,Oracle,0.41259765625
596,Oracle,0.4176432291666667
597,Oracle,0.41552734375
598,Oracle,0.43701171875
599,Oracle,0.4083658854166667
600,Oracle,0.4012044270833333
601,Oracle,0.4265950520833333
602,Oracle,0.4288736979166667
603,Oracle,0.4129231770833333
604,Oracle,0.40673828125
605,Oracle,0.4293619791666667
606,Oracle,0.4054361979166667
607,Oracle,0.4025065104166667
608,Oracle,0.40087890625
609,Oracle,0.41796875
610,Oracle,0.4235026041666667
611,Oracle,0.400390625
612,Oracle,0.4052734375
613,Oracle,0.41162109375
614,Oracle,0.427734375
615,Oracle,0.3948567708333333
616,Oracle,0.4305013020833333
617,Oracle,0.4137369791666667
618,Oracle,0.421875
619,Oracle,0.4474283854166667
620,Oracle,0.4225260416666667
621,Oracle,0.42919921875
622,Oracle,0.419921875
623,Oracle,0.40966796875
624,Oracle,0.4111328125
625,Oracle,0.419921875
626,Oracle,0.4207356770833333
627,Oracle,0.4158528645833333
628,Oracle,0.4228515625
629,Oracle,0.4348958333333333
630,Oracle,0.4259440104166667
631,Oracle,0.42333984375
632,Oracle,0.4217122395833333
633,Oracle,0.4015299479166667
634,Oracle,0.4000651041666667
635,Oracle,0.4127604166666667
636,Oracle,0.4124348958333333
637,Oracle,0.4099934895833333
638,Oracle,0.40185546875
639,Oracle,0.4173177083333333
640,Oracle,0.4373372395833333
641,Oracle,0.4241536458333333
642,Oracle,0.3955078125
643,Oracle,0.3857421875
644,Oracle,0.412109375
645,Oracle,0.4148763020833333
646,Oracle,0.4161783854166667
647,Oracle,0.4212239583333333
648,Oracle,0.4075520833333333
649,Oracle,0.3961588541666667
650,Oracle,0.3878580729166667
651,Oracle,0.4226888020833333
652,Oracle,0.4124348958333333
653,Oracle,0.41943359375
654,Oracle,0.396484375
655,Oracle,0.42041015625
656,Oracle,0.4031575520833333
657,Oracle,0.4147135416666667
658,Oracle,0.3943684895833333
659,Oracle,0.40380859375
660,Oracle,0.4217122395833333
661,Oracle,0.4388020833333333
662,Oracle,0.4412434895833333
663,Oracle,0.4261067708333333
664,Oracle,0.4173177083333333
665,Oracle,0.4249674479166667
666,Oracle,0.4210611979166667
667,Oracle,0.40576171875
668,Oracle,0.4059244791666667
669,Oracle,0.44677734375
670,Oracle,0.4158528645833333
671,Oracle,0.4041341145833333
672,Oracle,0.408203125
673,Oracle,0.4124348958333333
674,Oracle,0.4088541666666667
675,Oracle,0.4295247395833333
676,Oracle,0.41357421875
677,Oracle,0.4208984375
678,Oracle,0.3997395833333333
679,Oracle,0.3963216145833333
680,Oracle,0.3902994791666667
681,Oracle,0.3909505208333333
682,Oracle,0.3997395833333333
683,Oracle,0.3919270833333333
684,Oracle,0.39453125
685,Oracle,0.3990885416666667
686,Oracle,0.3916015625
687,Oracle,0.4093424479166667
688,Oracle,0.4072265625
689,Oracle,0.4202473958333333
690,Oracle,0.4069010416666667
691,Oracle,0.40771484375
692,Oracle,0.42578125
693,Oracle,0.43115234375
694,Oracle,0.4083658854166667
695,Oracle,0.3961588541666667
696,Oracle,0.3873697916666667
697,Oracle,0.4021809895833333
698,Oracle,0.4111328125
699,Oracle,0.4109700520833333
700,Oracle,0.4353841145833333
701,Oracle,0.4070638020833333
702,Oracle,0.4064127604166667
703,Oracle,0.3844401041666667
704,Oracle,0.4161783854166667
705,Oracle,0.4251302083333333
706,Oracle,0.4415690104166667
707,Oracle,0.4290364583333333
708,Oracle,0.4070638020833333
709,Oracle,0.4217122395833333
710,Oracle,0.4055989583333333
711,Oracle,0.4591471354166667
712,Oracle,0.4474283854166667
713,Oracle,0.4658203125
714,Oracle,0.4313151041666667
715,Oracle,0.4471028645833333
716,Oracle,0.4464518229166667
717,Oracle,0.45068359375
718,Oracle,0.4651692708333333
719,Oracle,0.458984375
720,Oracle,0.4775390625
721,Oracle,0.4269205729166667
722,Oracle,0.4212239583333333
723,Oracle,0.4261067708333333
724,Oracle,0.4383138020833333
725,Oracle,0.4441731770833333
726,Oracle,0.4352213541666667
727,Oracle,0.4425455729166667
728,Oracle,0.4305013020833333
729,Oracle,0.4163411458333333
730,Oracle,0.4270833333333333
731,Oracle,0.4200846354166667
732,Oracle,0.43017578125
733,Oracle,0.4241536458333333
734,Oracle,0.4119466145833333
735,Oracle,0.4153645833333333
736,Oracle,0.44189453125
737,Oracle,0.4456380208333333
738,Oracle,0.44677734375
739,Oracle,0.43310546875
740,Oracle,0.4581705729166667
741,Oracle,0.4348958333333333
742,Oracle,0.4332682291666667
743,Oracle,0.4518229166666667
744,Oracle,0.44970703125
745,Oracle,0.46923828125
746,Oracle,0.4464518229166667
747,Oracle,0.4666341145833333
748,Oracle,0.44873046875
749,Oracle,0.4513346354166667
750,Oracle,0.427734375
751,Oracle,0.4259440104166667
752,Oracle,0.4365234375
753,Oracle,0.4129231770833333
754,Oracle,0.4275716145833333
755,Oracle,0.4099934895833333
756,Oracle,0.4220377604166667
757,Oracle,0.43212890625
758,Oracle,0.4034830729166667
759,Oracle,0.41455078125
760,Oracle,0.4169921875
761,Oracle,0.45458984375
762,Oracle,0.4441731770833333
763,Oracle,0.4345703125
764,Oracle,0.4041341145833333
765,Oracle,0.4303385416666667
766,Oracle,0.4420572916666667
767,Oracle,0.4195963541666667
768,Oracle,0.4222005208333333
769,Oracle,0.416015625
770,Oracle,0.4280598958333333
771,Oracle,0.42236328125
772,Oracle,0.423828125
773,Oracle,0.4176432291666667
774,Oracle,0.4026692708333333
775,Oracle,0.40576171875
776,Oracle,0.4295247395833333
777,Oracle,0.4482421875
778,Oracle,0.4225260416666667
779,Oracle,0.43212890625
780,Oracle,0.4265950520833333
781,Oracle,0.4303385416666667
782,Oracle,0.4189453125
783,Oracle,0.41259765625
784,Oracle,0.42626953125
785,Oracle,0.4239908854166667
786,Oracle,0.3981119791666667
787,Oracle,0.4147135416666667
788,Oracle,0.4231770833333333
789,Oracle,0.4326171875
790,Oracle,0.4231770833333333
791,Oracle,0.4114583333333333
792,Oracle,0.4405924479166667
793,Oracle,0.4332682291666667
794,Oracle,0.4407552083333333
795,Oracle,0.4402669270833333
796,Oracle,0.43701171875
797,Oracle,0.44189453125
798,Oracle,0.4446614583333333
799,Oracle,0.41650390625
800,Oracle,0.41015625
801,Oracle,0.40185546875
802,Oracle,0.3987630208333333
803,Oracle,0.4000651041666667
804,Oracle,0.4026692708333333
805,Oracle,0.4254557291666667
806,Oracle,0.38916015625
807,Oracle,0.4228515625
808,Oracle,0.4073893229166667
809,Oracle,0.4051106770833333
810,Oracle,0.3968098958333333
811,Oracle,0.4148763020833333
812,Oracle,0.412109375
813,Oracle,0.4226888020833333
814,Oracle,0.4178059895833333
815,Oracle,0.4207356770833333
816,Oracle,0.4384765625
817,Oracle,0.4007161458333333
818,Oracle,0.4034830729166667
819,Oracle,0.42529296875
820,Oracle,0.41015625
821,Oracle,0.40283203125
822,Oracle,0.39892578125
823,Oracle,0.3977864583333333
824,Oracle,0.4064127604166667
825,Oracle,0.4029947916666667
826,Oracle,0.4041341145833333
827,Oracle,0.412109375
828,Oracle,0.4036458333333333
829,Oracle,0.40673828125
830,Oracle,0.4176432291666667
831,Oracle,0.4059244791666667
832,Oracle,0.4000651041666667
833,Oracle,0.3924153645833333
834,Oracle,0.4073893229166667
835,Oracle,0.4005533854166667
836,Oracle,0.4191080729166667
837,Oracle,0.4256184895833333
838,Oracle,0.4384765625
839,Oracle,0.4148763020833333
840,Oracle,0.4231770833333333
841,Oracle,0.4361979166666667
842,Oracle,0.4327799479166667
843,Oracle,0.4098307291666667
844,Oracle,0.4158528645833333
845,Oracle,0.421875
846,Oracle,0.4474283854166667
847,Oracle,0.4182942708333333
848,Oracle,0.4609375
849,Oracle,0.4508463541666667
850,Oracle,0.4197591145833333
851,Oracle,0.4309895833333333
852,Oracle,0.427734375
853,Oracle,0.4474283854166667
854,Oracle,0.43603515625
855,Oracle,0.4378255208333333
856,Oracle,0.4542643229166667
857,Oracle,0.4205729166666667
858,Oracle,0.4314778645833333
859,Oracle,0.4493815104166667
860,Oracle,0.4412434895833333
861,Oracle,0.4619140625
862,Oracle,0.4264322916666667
863,Oracle,0.44775390625
864,Oracle,0.4430338541666667
865,Oracle,0.46337890625
866,Oracle,0.4295247395833333
867,Oracle,0.4318033854166667
868,Oracle,0.4378255208333333
869,Oracle,0.44140625
870,Oracle,0.4352213541666667
871,Oracle,0.4329427083333333
872,Oracle,0.4244791666666667
873,Oracle,0.43994140625
874,Oracle,0.4143880208333333
875,Oracle,0.42138671875
876,Oracle,0.4029947916666667
877,Oracle,0.4261067708333333
878,Oracle,0.42578125
879,Oracle,0.4195963541666667
880,Oracle,0.4334309895833333
881,Oracle,0.4383138020833333
882,Oracle,0.435546875
883,Oracle,0.435546875
884,Oracle,0.4228515625
885,Oracle,0.4300130208333333
886,Oracle,0.4119466145833333
887,Oracle,0.4064127604166667
888,Oracle,0.4169921875
889,Oracle,0.435546875
890,Oracle,0.4191080729166667
891,Oracle,0.4148763020833333
892,Oracle,0.4111328125
893,Oracle,0.40771484375
894,Oracle,0.44140625
895,Oracle,0.42041015625
896,Oracle,0.42578125
897,Oracle,0.4246419270833333
898,Oracle,0.4220377604166667
899,Oracle,0.4319661458333333
900,Oracle,0.44091796875
901,Oracle,0.45654296875
902,Oracle,0.4169921875
903,Oracle,0.4293619791666667
904,Oracle,0.4195963541666667
905,Oracle,0.4036458333333333
906,Oracle,0.4256184895833333
907,Oracle,0.42431640625
908,Oracle,0.4148763020833333
909,Oracle,0.42822265625
910,Oracle,0.4236653645833333
911,Oracle,0.4117838541666667
912,Oracle,0.4270833333333333
913,Oracle,0.42919921875
914,Oracle,0.4324544270833333
915,Oracle,0.4290364583333333
916,Oracle,0.44482421875
917,Oracle,0.4353841145833333
918,Oracle,0.4130859375
919,Oracle,0.4210611979166667
920,Oracle,0.4381510416666667
921,Oracle,0.4295247395833333
922,Oracle,0.4228515625
923,Oracle,0.4384765625
924,Oracle,0.4306640625
925,Oracle,0.4441731770833333
926,Oracle,0.4158528645833333
927,Oracle,0.423828125
928,Oracle,0.4265950520833333
929,Oracle,0.4205729166666667
930,Oracle,0.4270833333333333
931,Oracle,0.4363606770833333
932,Oracle,0.4192708333333333
933,Oracle,0.4383138020833333
934,Oracle,0.4119466145833333
935,Oracle,0.4065755208333333
936,Oracle,0.4178059895833333
937,Oracle,0.4138997395833333
938,Oracle,0.40771484375
939,Oracle,0.4480794270833333
940,Oracle,0.43896484375
941,Oracle,0.42724609375
942,Oracle,0.43896484375
943,Oracle,0.4348958333333333
944,Oracle,0.43701171875
945,Oracle,0.4363606770833333
946,Oracle,0.4358723958333333
947,Oracle,0.4345703125
948,Oracle,0.4514973958333333
949,Oracle,0.4365234375
950,Oracle,0.4563802083333333
951,Oracle,0.43310546875
952,Oracle,0.4298502604166667
953,Oracle,0.4361979166666667
954,Oracle,0.4088541666666667
955,Oracle,0.4248046875
956,Oracle,0.3992513020833333
957,Oracle,0.42626953125
958,Oracle,0.3919270833333333
959,Oracle,0.3961588541666667
960,Oracle,0.4178059895833333
961,Oracle,0.4308268229166667
962,Oracle,0.4230143229166667
963,Oracle,0.4169921875
964,Oracle,0.4490559895833333
965,Oracle,0.4627278645833333
966,Oracle,0.4562174479166667
967,Oracle,0.453125
968,Oracle,0.4498697916666667
969,Oracle,0.435546875
970,Oracle,0.4383138020833333
971,Oracle,0.45263671875
972,Oracle,0.43017578125
973,Oracle,0.45654296875
974,Oracle,0.4158528645833333
975,Oracle,0.4305013020833333
976,Oracle,0.4208984375
977,Oracle,0.43359375
978,Oracle,0.4300130208333333
979,Oracle,0.4210611979166667
980,Oracle,0.4425455729166667
981,Oracle,0.4375
982,Oracle,0.4249674479166667
983,Oracle,0.4469401041666667
984,Oracle,0.4440104166666667
985,Oracle,0.4300130208333333
986,Oracle,0.4510091145833333
987,Oracle,0.4332682291666667
988,Oracle,0.4498697916666667
989,Oracle,0.4586588541666667
990,Oracle,0.4695638020833333
991,Oracle,0.43994140625
992,Oracle,0.4444986979166667
993,Oracle,0.4449869791666667
994,Oracle,0.4274088541666667
995,Oracle,0.4402669270833333
996,Oracle,0.4197591145833333
997,Oracle,0.4373372395833333
998,Oracle,0.4235026041666667
999,Oracle,0.4309895833333333
1000,Oracle,0.4466145833333333
1001,Oracle,0.4423828125
1002,Oracle,0.41455078125
1003,Oracle,0.4138997395833333
1004,Oracle,0.4261067708333333
1005,Oracle,0.42529296875
1006,Oracle,0.42626953125
1007,Oracle,0.4176432291666667
1008,Oracle,0.4552408854166667
1009,Oracle,0.42041015625
1010,Oracle,0.4348958333333333
1011,Oracle,0.4375
1012,Oracle,0.4319661458333333
1013,Oracle,0.4138997395833333
1014,Oracle,0.4208984375
1015,Oracle,0.4324544270833333
1016,Oracle,0.4308268229166667
1017,Oracle,0.4357096354166667
1018,Oracle,0.4368489583333333
1019,Oracle,0.4318033854166667
1020,Oracle,0.4241536458333333
1021,Oracle,0.41943359375
1022,Oracle,0.42724609375
1023,Oracle,0.45654296875
