decode_step,policy,gpu_routed_token_coverage
3,Static,0.08740234375
4,Static,0.08251953125
5,Static,0.09212239583333333
6,Static,0.09000651041666667
7,Static,0.08723958333333333
8,Static,0.08365885416666667
9,Static,0.08479817708333333
10,Static,0.0947265625
11,Static,0.08805338541666667
12,Static,0.07991536458333333
13,Static,0.09130859375
14,Static,0.08284505208333333
15,Static,0.087890625
16,Static,0.083984375
17,Static,0.08317057291666667
18,Static,0.08512369791666667
19,Static,0.08740234375
20,Static,0.087890625
21,Static,0.08626302083333333
22,Static,0.08707682291666667
23,Static,0.08854166666666667
24,Static,0.08577473958333333
25,Static,0.08528645833333333
26,Static,0.08284505208333333
27,Static,0.08544921875
28,Static,0.09375
29,Static,0.09065755208333333
30,Static,0.09261067708333333
31,Static,0.09016927083333333
32,Static,0.09212239583333333
33,Static,0.09130859375
34,Static,0.08561197916666667
35,Static,0.0830078125
36,Static,0.08610026041666667
37,Static,0.08805338541666667
38,Static,0.08544921875
39,Static,0.08642578125
40,Static,0.09293619791666667
41,Static,0.0947265625
42,Static,0.08675130208333333
43,Static,0.08919270833333333
44,Static,0.08447265625
45,Static,0.08707682291666667
46,Static,0.0908203125
47,Static,0.09407552083333333
48,Static,0.08951822916666667
49,Static,0.09016927083333333
50,Static,0.09163411458333333
51,Static,0.0869140625
52,Static,0.08951822916666667
53,Static,0.08642578125
54,Static,0.08951822916666667
55,Static,0.0888671875
56,Static,0.0859375
57,Static,0.08512369791666667
58,Static,0.08772786458333333
59,Static,0.0888671875
60,Static,0.08756510416666667
61,Static,0.08837890625
62,Static,0.09147135416666667
63,Static,0.08935546875
64,Static,0.08707682291666667
65,Static,0.08772786458333333
66,Static,0.09065755208333333
67,Static,0.08854166666666667
68,Static,0.09326171875
69,Static,0.08968098958333333
70,Static,0.09244791666666667
71,Static,0.087890625
72,Static,0.08626302083333333
73,Static,0.08235677083333333
74,Static,0.08528645833333333
75,Static,0.08089192708333333
76,Static,0.0908203125
77,Static,0.08333333333333333
78,Static,0.08577473958333333
79,Static,0.08447265625
80,Static,0.08740234375
81,Static,0.09016927083333333
82,Static,0.08902994791666667
83,Static,0.08772786458333333
84,Static,0.09049479166666667
85,Static,0.09000651041666667
86,Static,0.08935546875
87,Static,0.08951822916666667
88,Static,0.09000651041666667
89,Static,0.08642578125
90,Static,0.08854166666666667
91,Static,0.09326171875
92,Static,0.09163411458333333
93,Static,0.09228515625
94,Static,0.09326171875
95,Static,0.09521484375
96,Static,0.09505208333333333
97,Static,0.09375
98,Static,0.08968098958333333
99,Static,0.08756510416666667
100,Static,0.08642578125
101,Static,0.09049479166666667
102,Static,0.08951822916666667
103,Static,0.08317057291666667
104,Static,0.09098307291666667
105,Static,0.09505208333333333
106,Static,0.09505208333333333
107,Static,0.08984375
108,Static,0.09130859375
109,Static,0.09195963541666667
110,Static,0.08610026041666667
111,Static,0.08984375
112,Static,0.09212239583333333
113,Static,0.09016927083333333
114,Static,0.09163411458333333
115,Static,0.08154296875
116,Static,0.09163411458333333
117,Static,0.09049479166666667
118,Static,0.08935546875
119,Static,0.087890625
120,Static,0.08772786458333333
121,Static,0.08561197916666667
122,Static,0.08658854166666667
123,Static,0.08968098958333333
124,Static,0.08658854166666667
125,Static,0.09261067708333333
126,Static,0.09505208333333333
127,Static,0.09488932291666667
128,Static,0.08430989583333333
129,Static,0.08675130208333333
130,Static,0.09114583333333333
131,Static,0.09114583333333333
132,Static,0.09423828125
133,Static,0.09228515625
134,Static,0.0927734375
135,Static,0.0927734375
136,Static,0.09586588541666667
137,Static,0.09505208333333333
138,Static,0.09326171875
139,Static,0.09326171875
140,Static,0.08902994791666667
141,Static,0.09261067708333333
142,Static,0.09261067708333333
143,Static,0.08577473958333333
144,Static,0.09114583333333333
145,Static,0.0888671875
146,Static,0.08968098958333333
147,Static,0.09147135416666667
148,Static,0.08610026041666667
149,Static,0.08756510416666667
150,Static,0.09000651041666667
151,Static,0.08658854166666667
152,Static,0.09114583333333333
153,Static,0.087890625
154,Static,0.09163411458333333
155,Static,0.09098307291666667
156,Static,0.0927734375
157,Static,0.0927734375
158,Static,0.08854166666666667
159,Static,0.09244791666666667
160,Static,0.09147135416666667
161,Static,0.08740234375
162,Static,0.09130859375
163,Static,0.09895833333333333
164,Static,0.099609375
165,Static,0.0947265625
166,Static,0.09244791666666667
167,Static,0.09309895833333333
168,Static,0.09130859375
169,Static,0.0908203125
170,Static,0.08902994791666667
171,Static,0.09147135416666667
172,Static,0.08951822916666667
173,Static,0.08430989583333333
174,Static,0.08544921875
175,Static,0.08935546875
176,Static,0.09147135416666667
177,Static,0.095703125
178,Static,0.08854166666666667
179,Static,0.09375
180,Static,0.0888671875
181,Static,0.08740234375
182,Static,0.08951822916666667
183,Static,0.08984375
184,Static,0.09016927083333333
185,Static,0.09244791666666667
186,Static,0.09651692708333333
187,Static,0.09423828125
188,Static,0.09098307291666667
189,Static,0.091796875
190,Static,0.08919270833333333
191,Static,0.09651692708333333
192,Static,0.09309895833333333
193,Static,0.09261067708333333
194,Static,0.09098307291666667
195,Static,0.08854166666666667
196,Static,0.09244791666666667
197,Static,0.09130859375
198,Static,0.09195963541666667
199,Static,0.09602864583333333
200,Static,0.09195963541666667
201,Static,0.08854166666666667
202,Static,0.0888671875
203,Static,0.09326171875
204,Static,0.0947265625
205,Static,0.08610026041666667
206,Static,0.09342447916666667
207,Static,0.09130859375
208,Static,0.09212239583333333
209,Static,0.08935546875
210,Static,0.08626302083333333
211,Static,0.08561197916666667
212,Static,0.08317057291666667
213,Static,0.08642578125
214,Static,0.08870442708333333
215,Static,0.0869140625
216,Static,0.08870442708333333
217,Static,0.09261067708333333
218,Static,0.09375
219,Static,0.09293619791666667
220,Static,0.0908203125
221,Static,0.09098307291666667
222,Static,0.09423828125
223,Static,0.09033203125
224,Static,0.09244791666666667
225,Static,0.09635416666666667
226,Static,0.09440104166666667
227,Static,0.09700520833333333
228,Static,0.09375
229,Static,0.09407552083333333
230,Static,0.08870442708333333
231,Static,0.08984375
232,Static,0.09016927083333333
233,Static,0.08414713541666667
234,Static,0.09261067708333333
235,Static,0.09163411458333333
236,Static,0.0908203125
237,Static,0.09098307291666667
238,Static,0.08772786458333333
239,Static,0.09212239583333333
240,Static,0.09358723958333333
241,Static,0.09228515625
242,Static,0.09130859375
243,Static,0.09049479166666667
244,Static,0.0908203125
245,Static,0.09163411458333333
246,Static,0.0849609375
247,Static,0.09244791666666667
248,Static,0.08968098958333333
249,Static,0.087890625
250,Static,0.08740234375
251,Static,0.08854166666666667
252,Static,0.0869140625
253,Static,0.08756510416666667
254,Static,0.0888671875
255,Static,0.0849609375
256,Static,0.08805338541666667
257,Static,0.08984375
258,Static,0.08919270833333333
259,Static,0.0947265625
260,Static,0.08723958333333333
261,Static,0.09049479166666667
262,Static,0.08935546875
263,Static,0.09033203125
264,Static,0.09488932291666667
265,Static,0.09195963541666667
266,Static,0.09358723958333333
267,Static,0.09586588541666667
268,Static,0.08935546875
269,Static,0.0869140625
270,Static,0.09309895833333333
271,Static,0.08772786458333333
272,Static,0.09016927083333333
273,Static,0.08984375
274,Static,0.09065755208333333
275,Static,0.0888671875
276,Static,0.09114583333333333
277,Static,0.08414713541666667
278,Static,0.08333333333333333
279,Static,0.09244791666666667
280,Static,0.08284505208333333
281,Static,0.09309895833333333
282,Static,0.08626302083333333
283,Static,0.08723958333333333
284,Static,0.08870442708333333
285,Static,0.08528645833333333
286,Static,0.09212239583333333
287,Static,0.08919270833333333
288,Static,0.08870442708333333
289,Static,0.09505208333333333
290,Static,0.09147135416666667
291,Static,0.09293619791666667
292,Static,0.09147135416666667
293,Static,0.09212239583333333
294,Static,0.09440104166666667
295,Static,0.09309895833333333
296,Static,0.09244791666666667
297,Static,0.09114583333333333
298,Static,0.09114583333333333
299,Static,0.09440104166666667
300,Static,0.08870442708333333
301,Static,0.09049479166666667
302,Static,0.08951822916666667
303,Static,0.09505208333333333
304,Static,0.095703125
305,Static,0.09879557291666667
306,Static,0.09195963541666667
307,Static,0.09781901041666667
308,Static,0.08902994791666667
309,Static,0.0908203125
310,Static,0.08740234375
311,Static,0.08805338541666667
312,Static,0.09130859375
313,Static,0.087890625
314,Static,0.08610026041666667
315,Static,0.08821614583333333
316,Static,0.09456380208333333
317,Static,0.09130859375
318,Static,0.08723958333333333
319,Static,0.09065755208333333
320,Static,0.09049479166666667
321,Static,0.08479817708333333
322,Static,0.08968098958333333
323,Static,0.08577473958333333
324,Static,0.09228515625
325,Static,0.09114583333333333
326,Static,0.09000651041666667
327,Static,0.09000651041666667
328,Static,0.0927734375
329,Static,0.08951822916666667
330,Static,0.08805338541666667
331,Static,0.08870442708333333
332,Static,0.09342447916666667
333,Static,0.09326171875
334,Static,0.09358723958333333
335,Static,0.0947265625
336,Static,0.09163411458333333
337,Static,0.09147135416666667
338,Static,0.0849609375
339,Static,0.08577473958333333
340,Static,0.08414713541666667
341,Static,0.08658854166666667
342,Static,0.08740234375
343,Static,0.08805338541666667
344,Static,0.09065755208333333
345,Static,0.08626302083333333
346,Static,0.09049479166666667
347,Static,0.09358723958333333
348,Static,0.09195963541666667
349,Static,0.09716796875
350,Static,0.08870442708333333
351,Static,0.0908203125
352,Static,0.08610026041666667
353,Static,0.08675130208333333
354,Static,0.09358723958333333
355,Static,0.09033203125
356,Static,0.09130859375
357,Static,0.09293619791666667
358,Static,0.09293619791666667
359,Static,0.10074869791666667
360,Static,0.09293619791666667
361,Static,0.09130859375
362,Static,0.09293619791666667
363,Static,0.08805338541666667
364,Static,0.091796875
365,Static,0.0927734375
366,Static,0.08610026041666667
367,Static,0.09309895833333333
368,Static,0.08675130208333333
369,Static,0.09195963541666667
370,Static,0.09016927083333333
371,Static,0.08707682291666667
372,Static,0.08707682291666667
373,Static,0.09163411458333333
374,Static,0.08935546875
375,Static,0.09814453125
376,Static,0.091796875
377,Static,0.08561197916666667
378,Static,0.09684244791666667
379,Static,0.09016927083333333
380,Static,0.08430989583333333
381,Static,0.08968098958333333
382,Static,0.09195963541666667
383,Static,0.08577473958333333
384,Static,0.08837890625
385,Static,0.08577473958333333
386,Static,0.08723958333333333
387,Static,0.09342447916666667
388,Static,0.09130859375
389,Static,0.09326171875
390,Static,0.09440104166666667
391,Static,0.08821614583333333
392,Static,0.09114583333333333
393,Static,0.08479817708333333
394,Static,0.09261067708333333
395,Static,0.09212239583333333
396,Static,0.08772786458333333
397,Static,0.08968098958333333
398,Static,0.09033203125
399,Static,0.08837890625
400,Static,0.08414713541666667
401,Static,0.08951822916666667
402,Static,0.08463541666666667
403,Static,0.09000651041666667
404,Static,0.09098307291666667
405,Static,0.09163411458333333
406,Static,0.09163411458333333
407,Static,0.0908203125
408,Static,0.09619140625
409,Static,0.09391276041666667
410,Static,0.09407552083333333
411,Static,0.09228515625
412,Static,0.08610026041666667
413,Static,0.087890625
414,Static,0.09065755208333333
415,Static,0.09407552083333333
416,Static,0.08463541666666667
417,Static,0.08512369791666667
418,Static,0.08463541666666667
419,Static,0.0927734375
420,Static,0.08951822916666667
421,Static,0.09326171875
422,Static,0.0908203125
423,Static,0.09342447916666667
424,Static,0.09212239583333333
425,Static,0.09261067708333333
426,Static,0.09358723958333333
427,Static,0.09358723958333333
428,Static,0.09228515625
429,Static,0.09537760416666667
430,Static,0.09342447916666667
431,Static,0.09879557291666667
432,Static,0.09000651041666667
433,Static,0.09375
434,Static,0.0966796875
435,Static,0.09375
436,Static,0.08430989583333333
437,Static,0.09309895833333333
438,Static,0.09342447916666667
439,Static,0.09309895833333333
440,Static,0.09423828125
441,Static,0.08821614583333333
442,Static,0.09065755208333333
443,Static,0.09342447916666667
444,Static,0.09212239583333333
445,Static,0.09130859375
446,Static,0.0947265625
447,Static,0.0986328125
448,Static,0.09440104166666667
449,Static,0.09716796875
450,Static,0.09358723958333333
451,Static,0.0908203125
452,Static,0.09212239583333333
453,Static,0.08919270833333333
454,Static,0.0869140625
455,Static,0.09456380208333333
456,Static,0.09423828125
457,Static,0.08951822916666667
458,Static,0.09358723958333333
459,Static,0.09309895833333333
460,Static,0.09488932291666667
461,Static,0.09912109375
462,Static,0.09700520833333333
463,Static,0.09309895833333333
464,Static,0.09358723958333333
465,Static,0.09619140625
466,Static,0.095703125
467,Static,0.09733072916666667
468,Static,0.09700520833333333
469,Static,0.09195963541666667
470,Static,0.08186848958333333
471,Static,0.08837890625
472,Static,0.08610026041666667
473,Static,0.09033203125
474,Static,0.0966796875
475,Static,0.09326171875
476,Static,0.09326171875
477,Static,0.09342447916666667
478,Static,0.09228515625
479,Static,0.09814453125
480,Static,0.09619140625
481,Static,0.09440104166666667
482,Static,0.08951822916666667
483,Static,0.09407552083333333
484,Static,0.10091145833333333
485,Static,0.09440104166666667
486,Static,0.0947265625
487,Static,0.09602864583333333
488,Static,0.09261067708333333
489,Static,0.09147135416666667
490,Static,0.09684244791666667
491,Static,0.095703125
492,Static,0.09375
493,Static,0.09261067708333333
494,Static,0.091796875
495,Static,0.09016927083333333
496,Static,0.09342447916666667
497,Static,0.08902994791666667
498,Static,0.09440104166666667
499,Static,0.09521484375
500,Static,0.09505208333333333
501,Static,0.0947265625
502,Static,0.09114583333333333
503,Static,0.09602864583333333
504,Static,0.09765625
505,Static,0.09375
506,Static,0.09407552083333333
507,Static,0.09537760416666667
508,Static,0.09244791666666667
509,Static,0.09440104166666667
510,Static,0.09049479166666667
511,Static,0.09847005208333333
512,Static,0.09163411458333333
513,Static,0.09407552083333333
514,Static,0.095703125
515,Static,0.09212239583333333
516,Static,0.09342447916666667
517,Static,0.09879557291666667
518,Static,0.09309895833333333
519,Static,0.09537760416666667
520,Static,0.09130859375
521,Static,0.09375
522,Static,0.09261067708333333
523,Static,0.09537760416666667
524,Static,0.0966796875
525,Static,0.09684244791666667
526,Static,0.09195963541666667
527,Static,0.09521484375
528,Static,0.09423828125
529,Static,0.08723958333333333
530,Static,0.08821614583333333
531,Static,0.08968098958333333
532,Static,0.09098307291666667
533,Static,0.09033203125
534,Static,0.09358723958333333
535,Static,0.09619140625
536,Static,0.09326171875
537,Static,0.09049479166666667
538,Static,0.09309895833333333
539,Static,0.09195963541666667
540,Static,0.08902994791666667
541,Static,0.08805338541666667
542,Static,0.091796875
543,Static,0.09537760416666667
544,Static,0.09244791666666667
545,Static,0.09033203125
546,Static,0.09049479166666667
547,Static,0.09195963541666667
548,Static,0.09375
549,Static,0.09586588541666667
550,Static,0.09342447916666667
551,Static,0.09326171875
552,Static,0.08740234375
553,Static,0.091796875
554,Static,0.0908203125
555,Static,0.09342447916666667
556,Static,0.09098307291666667
557,Static,0.09309895833333333
558,Static,0.0908203125
559,Static,0.09114583333333333
560,Static,0.09016927083333333
561,Static,0.09375
562,Static,0.091796875
563,Static,0.09537760416666667
564,Static,0.09635416666666667
565,Static,0.09391276041666667
566,Static,0.09326171875
567,Static,0.08854166666666667
568,Static,0.09358723958333333
569,Static,0.09456380208333333
570,Static,0.08512369791666667
571,Static,0.09147135416666667
572,Static,0.0888671875
573,Static,0.08968098958333333
574,Static,0.09212239583333333
575,Static,0.09016927083333333
576,Static,0.09049479166666667
577,Static,0.09098307291666667
578,Static,0.087890625
579,Static,0.091796875
580,Static,0.09000651041666667
581,Static,0.09195963541666667
582,Static,0.0888671875
583,Static,0.08984375
584,Static,0.09391276041666667
585,Static,0.09261067708333333
586,Static,0.09212239583333333
587,Static,0.09212239583333333
588,Static,0.095703125
589,Static,0.09130859375
590,Static,0.09342447916666667
591,Static,0.09147135416666667
592,Static,0.08870442708333333
593,Static,0.08821614583333333
594,Static,0.08430989583333333
595,Static,0.08854166666666667
596,Static,0.09407552083333333
597,Static,0.087890625
598,Static,0.08984375
599,Static,0.09342447916666667
600,Static,0.09016927083333333
601,Static,0.08951822916666667
602,Static,0.08968098958333333
603,Static,0.08333333333333333
604,Static,0.0888671875
605,Static,0.09781901041666667
606,Static,0.08902994791666667
607,Static,0.09114583333333333
608,Static,0.09244791666666667
609,Static,0.09309895833333333
610,Static,0.09602864583333333
611,Static,0.09895833333333333
612,Static,0.09261067708333333
613,Static,0.0869140625
614,Static,0.09586588541666667
615,Static,0.09342447916666667
616,Static,0.09309895833333333
617,Static,0.0908203125
618,Static,0.09537760416666667
619,Static,0.09407552083333333
620,Static,0.08821614583333333
621,Static,0.095703125
622,Static,0.09114583333333333
623,Static,0.0908203125
624,Static,0.09505208333333333
625,Static,0.08968098958333333
626,Static,0.09651692708333333
627,Static,0.09326171875
628,Static,0.0947265625
629,Static,0.09391276041666667
630,Static,0.09244791666666667
631,Static,0.09407552083333333
632,Static,0.09261067708333333
633,Static,0.08902994791666667
634,Static,0.09130859375
635,Static,0.0986328125
636,Static,0.08642578125
637,Static,0.09130859375
638,Static,0.08870442708333333
639,Static,0.08723958333333333
640,Static,0.08544921875
641,Static,0.09293619791666667
642,Static,0.08756510416666667
643,Static,0.08951822916666667
644,Static,0.09749348958333333
645,Static,0.09700520833333333
646,Static,0.09765625
647,Static,0.09537760416666667
648,Static,0.08870442708333333
649,Static,0.09261067708333333
650,Static,0.09049479166666667
651,Static,0.09293619791666667
652,Static,0.08821614583333333
653,Static,0.09228515625
654,Static,0.10205078125
655,Static,0.09407552083333333
656,Static,0.09586588541666667
657,Static,0.09293619791666667
658,Static,0.09391276041666667
659,Static,0.09163411458333333
660,Static,0.08870442708333333
661,Static,0.09098307291666667
662,Static,0.09749348958333333
663,Static,0.09879557291666667
664,Static,0.09440104166666667
665,Static,0.09391276041666667
666,Static,0.10107421875
667,Static,0.09716796875
668,Static,0.09293619791666667
669,Static,0.09554036458333333
670,Static,0.09147135416666667
671,Static,0.08919270833333333
672,Static,0.0849609375
673,Static,0.091796875
674,Static,0.09342447916666667
675,Static,0.09423828125
676,Static,0.09163411458333333
677,Static,0.09407552083333333
678,Static,0.08919270833333333
679,Static,0.09309895833333333
680,Static,0.09407552083333333
681,Static,0.09456380208333333
682,Static,0.09244791666666667
683,Static,0.09765625
684,Static,0.09098307291666667
685,Static,0.09716796875
686,Static,0.0927734375
687,Static,0.0927734375
688,Static,0.09358723958333333
689,Static,0.09228515625
690,Static,0.09261067708333333
691,Static,0.09000651041666667
692,Static,0.09342447916666667
693,Static,0.09065755208333333
694,Static,0.09342447916666667
695,Static,0.09716796875
696,Static,0.09147135416666667
697,Static,0.08935546875
698,Static,0.091796875
699,Static,0.09309895833333333
700,Static,0.09830729166666667
701,Static,0.09635416666666667
702,Static,0.09147135416666667
703,Static,0.09098307291666667
704,Static,0.09309895833333333
705,Static,0.08512369791666667
706,Static,0.09244791666666667
707,Static,0.09309895833333333
708,Static,0.09407552083333333
709,Static,0.09651692708333333
710,Static,0.09375
711,Static,0.091796875
712,Static,0.09602864583333333
713,Static,0.09488932291666667
714,Static,0.09049479166666667
715,Static,0.09147135416666667
716,Static,0.09163411458333333
717,Static,0.09147135416666667
718,Static,0.09684244791666667
719,Static,0.09244791666666667
720,Static,0.09065755208333333
721,Static,0.09358723958333333
722,Static,0.09065755208333333
723,Static,0.08772786458333333
724,Static,0.0927734375
725,Static,0.09293619791666667
726,Static,0.09375
727,Static,0.09342447916666667
728,Static,0.09749348958333333
729,Static,0.09488932291666667
730,Static,0.09993489583333333
731,Static,0.10026041666666667
732,Static,0.09928385416666667
733,Static,0.0927734375
734,Static,0.09716796875
735,Static,0.09602864583333333
736,Static,0.09456380208333333
737,Static,0.10042317708333333
738,Static,0.0986328125
739,Static,0.09928385416666667
740,Static,0.09521484375
741,Static,0.09814453125
742,Static,0.09147135416666667
743,Static,0.091796875
744,Static,0.0966796875
745,Static,0.09651692708333333
746,Static,0.091796875
747,Static,0.09212239583333333
748,Static,0.09733072916666667
749,Static,0.09505208333333333
750,Static,0.09098307291666667
751,Static,0.09261067708333333
752,Static,0.08430989583333333
753,Static,0.08968098958333333
754,Static,0.091796875
755,Static,0.087890625
756,Static,0.09423828125
757,Static,0.08951822916666667
758,Static,0.09065755208333333
759,Static,0.09456380208333333
760,Static,0.0908203125
761,Static,0.09358723958333333
762,Static,0.09651692708333333
763,Static,0.08772786458333333
764,Static,0.09456380208333333
765,Static,0.08805338541666667
766,Static,0.09244791666666667
767,Static,0.09049479166666667
768,Static,0.08951822916666667
769,Static,0.09375
770,Static,0.09358723958333333
771,Static,0.09684244791666667
772,Static,0.0869140625
773,Static,0.09423828125
774,Static,0.08919270833333333
775,Static,0.08968098958333333
776,Static,0.09684244791666667
777,Static,0.09554036458333333
778,Static,0.09147135416666667
779,Static,0.09375
780,Static,0.08756510416666667
781,Static,0.08610026041666667
782,Static,0.08642578125
783,Static,0.08968098958333333
784,Static,0.09326171875
785,Static,0.09261067708333333
786,Static,0.09440104166666667
787,Static,0.09293619791666667
788,Static,0.09521484375
789,Static,0.09228515625
790,Static,0.09326171875
791,Static,0.0947265625
792,Static,0.0908203125
793,Static,0.0908203125
794,Static,0.09244791666666667
795,Static,0.09261067708333333
796,Static,0.09228515625
797,Static,0.09619140625
798,Static,0.08837890625
799,Static,0.091796875
800,Static,0.08951822916666667
801,Static,0.08902994791666667
802,Static,0.08723958333333333
803,Static,0.08740234375
804,Static,0.09098307291666667
805,Static,0.09163411458333333
806,Static,0.09586588541666667
807,Static,0.09619140625
808,Static,0.09309895833333333
809,Static,0.091796875
810,Static,0.09098307291666667
811,Static,0.09456380208333333
812,Static,0.0966796875
813,Static,0.09033203125
814,Static,0.10042317708333333
815,Static,0.095703125
816,Static,0.09830729166666667
817,Static,0.09163411458333333
818,Static,0.09619140625
819,Static,0.09505208333333333
820,Static,0.09423828125
821,Static,0.09391276041666667
822,Static,0.087890625
823,Static,0.08951822916666667
824,Static,0.08512369791666667
825,Static,0.09114583333333333
826,Static,0.09586588541666667
827,Static,0.09228515625
828,Static,0.0986328125
829,Static,0.09619140625
830,Static,0.09130859375
831,Static,0.09342447916666667
832,Static,0.08935546875
833,Static,0.09440104166666667
834,Static,0.09456380208333333
835,Static,0.09602864583333333
836,Static,0.09944661458333333
837,Static,0.09798177083333333
838,Static,0.09700520833333333
839,Static,0.09651692708333333
840,Static,0.08626302083333333
841,Static,0.09212239583333333
842,Static,0.09244791666666667
843,Static,0.09163411458333333
844,Static,0.09358723958333333
845,Static,0.09391276041666667
846,Static,0.08821614583333333
847,Static,0.08968098958333333
848,Static,0.08740234375
849,Static,0.09830729166666667
850,Static,0.0888671875
851,Static,0.09505208333333333
852,Static,0.0927734375
853,Static,0.09781901041666667
854,Static,0.09212239583333333
855,Static,0.09147135416666667
856,Static,0.0869140625
857,Static,0.08919270833333333
858,Static,0.09261067708333333
859,Static,0.09684244791666667
860,Static,0.09130859375
861,Static,0.09195963541666667
862,Static,0.08610026041666667
863,Static,0.09130859375
864,Static,0.08984375
865,Static,0.09195963541666667
866,Static,0.08870442708333333
867,Static,0.09130859375
868,Static,0.09651692708333333
869,Static,0.09749348958333333
870,Static,0.10042317708333333
871,Static,0.10009765625
872,Static,0.09130859375
873,Static,0.09977213541666667
874,Static,0.09163411458333333
875,Static,0.09163411458333333
876,Static,0.09440104166666667
877,Static,0.09228515625
878,Static,0.09261067708333333
879,Static,0.09554036458333333
880,Static,0.09391276041666667
881,Static,0.0927734375
882,Static,0.0908203125
883,Static,0.09228515625
884,Static,0.10009765625
885,Static,0.09586588541666667
886,Static,0.0908203125
887,Static,0.09375
888,Static,0.09879557291666667
889,Static,0.0927734375
890,Static,0.09033203125
891,Static,0.09228515625
892,Static,0.08821614583333333
893,Static,0.09293619791666667
894,Static,0.0947265625
895,Static,0.08984375
896,Static,0.09130859375
897,Static,0.09342447916666667
898,Static,0.095703125
899,Static,0.09537760416666667
900,Static,0.09912109375
901,Static,0.09440104166666667
902,Static,0.09423828125
903,Static,0.0908203125
904,Static,0.09586588541666667
905,Static,0.09456380208333333
906,Static,0.0908203125
907,Static,0.09358723958333333
908,Static,0.09505208333333333
909,Static,0.09163411458333333
910,Static,0.0927734375
911,Static,0.09391276041666667
912,Static,0.09114583333333333
913,Static,0.09033203125
914,Static,0.09488932291666667
915,Static,0.09309895833333333
916,Static,0.08984375
917,Static,0.08935546875
918,Static,0.09212239583333333
919,Static,0.09586588541666667
920,Static,0.10205078125
921,Static,0.08837890625
922,Static,0.09244791666666667
923,Static,0.09147135416666667
924,Static,0.0966796875
925,Static,0.0908203125
926,Static,0.08756510416666667
927,Static,0.09130859375
928,Static,0.09342447916666667
929,Static,0.09326171875
930,Static,0.09814453125
931,Static,0.09016927083333333
932,Static,0.087890625
933,Static,0.09358723958333333
934,Static,0.09781901041666667
935,Static,0.09488932291666667
936,Static,0.09261067708333333
937,Static,0.09440104166666667
938,Static,0.09456380208333333
939,Static,0.09407552083333333
940,Static,0.09375
941,Static,0.09147135416666667
942,Static,0.08756510416666667
943,Static,0.08805338541666667
944,Static,0.09130859375
945,Static,0.0966796875
946,Static,0.09195963541666667
947,Static,0.09147135416666667
948,Static,0.09309895833333333
949,Static,0.09391276041666667
950,Static,0.09342447916666667
951,Static,0.08902994791666667
952,Static,0.08821614583333333
953,Static,0.087890625
954,Static,0.09407552083333333
955,Static,0.09147135416666667
956,Static,0.08723958333333333
957,Static,0.09065755208333333
958,Static,0.091796875
959,Static,0.0947265625
960,Static,0.09212239583333333
961,Static,0.08837890625
962,Static,0.08723958333333333
963,Static,0.08675130208333333
964,Static,0.09098307291666667
965,Static,0.09000651041666667
966,Static,0.08284505208333333
967,Static,0.08675130208333333
968,Static,0.08935546875
969,Static,0.08854166666666667
970,Static,0.09440104166666667
971,Static,0.09423828125
972,Static,0.09651692708333333
973,Static,0.08805338541666667
974,Static,0.0966796875
975,Static,0.09407552083333333
976,Static,0.0888671875
977,Static,0.09016927083333333
978,Static,0.09847005208333333
979,Static,0.09309895833333333
980,Static,0.08854166666666667
981,Static,0.08854166666666667
982,Static,0.0927734375
983,Static,0.09098307291666667
984,Static,0.09033203125
985,Static,0.09326171875
986,Static,0.08870442708333333
987,Static,0.09456380208333333
988,Static,0.09228515625
989,Static,0.0947265625
990,Static,0.09049479166666667
991,Static,0.09114583333333333
992,Static,0.08463541666666667
993,Static,0.0888671875
994,Static,0.09261067708333333
995,Static,0.09065755208333333
996,Static,0.08919270833333333
997,Static,0.09195963541666667
998,Static,0.08805338541666667
999,Static,0.09928385416666667
1000,Static,0.09309895833333333
1001,Static,0.09098307291666667
1002,Static,0.09098307291666667
1003,Static,0.0849609375
1004,Static,0.09016927083333333
1005,Static,0.09505208333333333
1006,Static,0.0947265625
1007,Static,0.09261067708333333
1008,Static,0.09049479166666667
1009,Static,0.091796875
1010,Static,0.08935546875
1011,Static,0.09423828125
1012,Static,0.09130859375
1013,Static,0.095703125
1014,Static,0.0966796875
1015,Static,0.087890625
1016,Static,0.08984375
1017,Static,0.08854166666666667
1018,Static,0.08837890625
1019,Static,0.09163411458333333
1020,Static,0.08805338541666667
1021,Static,0.09244791666666667
1022,Static,0.08902994791666667
1023,Static,0.091796875
3,LRU,0.18831380208333334
4,LRU,0.15397135416666666
5,LRU,0.162109375
6,LRU,0.15201822916666666
7,LRU,0.1884765625
8,LRU,0.1474609375
9,LRU,0.14518229166666666
10,LRU,0.15934244791666666
11,LRU,0.18798828125
12,LRU,0.15299479166666666
13,LRU,0.15266927083333334
14,LRU,0.14518229166666666
15,LRU,0.18082682291666666
16,LRU,0.14501953125
17,LRU,0.14013671875
18,LRU,0.14388020833333334
19,LRU,0.21077473958333334
20,LRU,0.17757161458333334
21,LRU,0.17057291666666666
22,LRU,0.16748046875
23,LRU,0.20393880208333334
24,LRU,0.18359375
25,LRU,0.17626953125
26,LRU,0.16438802083333334
27,LRU,0.1806640625
28,LRU,0.15055338541666666
29,LRU,0.14453125
30,LRU,0.14664713541666666
31,LRU,0.1923828125
32,LRU,0.16878255208333334
33,LRU,0.16080729166666666
34,LRU,0.16162109375
35,LRU,0.18131510416666666
36,LRU,0.15494791666666666
37,LRU,0.15348307291666666
38,LRU,0.14306640625
39,LRU,0.17903645833333334
40,LRU,0.15511067708333334
41,LRU,0.16129557291666666
42,LRU,0.15055338541666666
43,LRU,0.19694010416666666
44,LRU,0.16178385416666666
45,LRU,0.15690104166666666
46,LRU,0.16080729166666666
47,LRU,0.18522135416666666
48,LRU,0.1513671875
49,LRU,0.14794921875
50,LRU,0.14697265625
51,LRU,0.20556640625
52,LRU,0.16878255208333334
53,LRU,0.16178385416666666
54,LRU,0.17447916666666666
55,LRU,0.21647135416666666
56,LRU,0.17578125
57,LRU,0.17464192708333334
58,LRU,0.16455078125
59,LRU,0.18668619791666666
60,LRU,0.14469401041666666
61,LRU,0.1484375
62,LRU,0.15348307291666666
63,LRU,0.1953125
64,LRU,0.15950520833333334
65,LRU,0.16080729166666666
66,LRU,0.16292317708333334
67,LRU,0.20149739583333334
68,LRU,0.17545572916666666
69,LRU,0.16634114583333334
70,LRU,0.15934244791666666
71,LRU,0.19319661458333334
72,LRU,0.15152994791666666
73,LRU,0.14485677083333334
74,LRU,0.15690104166666666
75,LRU,0.17724609375
76,LRU,0.15380859375
77,LRU,0.14680989583333334
78,LRU,0.14192708333333334
79,LRU,0.18684895833333334
80,LRU,0.162109375
81,LRU,0.15380859375
82,LRU,0.15673828125
83,LRU,0.1845703125
84,LRU,0.15494791666666666
85,LRU,0.15266927083333334
86,LRU,0.15950520833333334
87,LRU,0.17447916666666666
88,LRU,0.13981119791666666
89,LRU,0.13525390625
90,LRU,0.14095052083333334
91,LRU,0.19889322916666666
92,LRU,0.16129557291666666
93,LRU,0.15966796875
94,LRU,0.16845703125
95,LRU,0.20768229166666666
96,LRU,0.17822265625
97,LRU,0.17464192708333334
98,LRU,0.16682942708333334
99,LRU,0.19189453125
100,LRU,0.15804036458333334
101,LRU,0.15901692708333334
102,LRU,0.15364583333333334
103,LRU,0.19645182291666666
104,LRU,0.17301432291666666
105,LRU,0.17936197916666666
106,LRU,0.17447916666666666
107,LRU,0.21044921875
108,LRU,0.18212890625
109,LRU,0.1728515625
110,LRU,0.16455078125
111,LRU,0.201171875
112,LRU,0.16357421875
113,LRU,0.16194661458333334
114,LRU,0.16682942708333334
115,LRU,0.18863932291666666
116,LRU,0.15462239583333334
117,LRU,0.15234375
118,LRU,0.14664713541666666
119,LRU,0.18766276041666666
120,LRU,0.15445963541666666
121,LRU,0.15250651041666666
122,LRU,0.1484375
123,LRU,0.18538411458333334
124,LRU,0.15445963541666666
125,LRU,0.15592447916666666
126,LRU,0.15348307291666666
127,LRU,0.17513020833333334
128,LRU,0.14225260416666666
129,LRU,0.13785807291666666
130,LRU,0.14274088541666666
131,LRU,0.18343098958333334
132,LRU,0.15250651041666666
133,LRU,0.14729817708333334
134,LRU,0.15006510416666666
135,LRU,0.19173177083333334
136,LRU,0.16015625
137,LRU,0.15494791666666666
138,LRU,0.15625
139,LRU,0.19156901041666666
140,LRU,0.16585286458333334
141,LRU,0.16975911458333334
142,LRU,0.16194661458333334
143,LRU,0.19889322916666666
144,LRU,0.16487630208333334
145,LRU,0.16178385416666666
146,LRU,0.16634114583333334
147,LRU,0.19075520833333334
148,LRU,0.15804036458333334
149,LRU,0.14925130208333334
150,LRU,0.15348307291666666
151,LRU,0.19873046875
152,LRU,0.17301432291666666
153,LRU,0.16552734375
154,LRU,0.16276041666666666
155,LRU,0.1904296875
156,LRU,0.16357421875
157,LRU,0.1533203125
158,LRU,0.15445963541666666
159,LRU,0.18489583333333334
160,LRU,0.15543619791666666
161,LRU,0.15104166666666666
162,LRU,0.14632161458333334
163,LRU,0.17708333333333334
164,LRU,0.14925130208333334
165,LRU,0.14990234375
166,LRU,0.14290364583333334
167,LRU,0.18815104166666666
168,LRU,0.15087890625
169,LRU,0.14794921875
170,LRU,0.14095052083333334
171,LRU,0.19319661458333334
172,LRU,0.16097005208333334
173,LRU,0.14697265625
174,LRU,0.13785807291666666
175,LRU,0.19417317708333334
176,LRU,0.16455078125
177,LRU,0.15462239583333334
178,LRU,0.162109375
179,LRU,0.18440755208333334
180,LRU,0.16178385416666666
181,LRU,0.15901692708333334
182,LRU,0.15950520833333334
183,LRU,0.18798828125
184,LRU,0.15706380208333334
185,LRU,0.15999348958333334
186,LRU,0.16536458333333334
187,LRU,0.18603515625
188,LRU,0.15397135416666666
189,LRU,0.14957682291666666
190,LRU,0.14892578125
191,LRU,0.19108072916666666
192,LRU,0.15755208333333334
193,LRU,0.14762369791666666
194,LRU,0.14078776041666666
195,LRU,0.17838541666666666
196,LRU,0.15250651041666666
197,LRU,0.1533203125
198,LRU,0.15055338541666666
199,LRU,0.18343098958333334
200,LRU,0.14973958333333334
201,LRU,0.14957682291666666
202,LRU,0.14339192708333334
203,LRU,0.189453125
204,LRU,0.15462239583333334
205,LRU,0.14290364583333334
206,LRU,0.14632161458333334
207,LRU,0.17431640625
208,LRU,0.1484375
209,LRU,0.13590494791666666
210,LRU,0.1328125
211,LRU,0.18131510416666666
212,LRU,0.14322916666666666
213,LRU,0.13785807291666666
214,LRU,0.14339192708333334
215,LRU,0.1748046875
216,LRU,0.15169270833333334
217,LRU,0.14908854166666666
218,LRU,0.14794921875
219,LRU,0.19368489583333334
220,LRU,0.16682942708333334
221,LRU,0.15983072916666666
222,LRU,0.16487630208333334
223,LRU,0.18912760416666666
224,LRU,0.16341145833333334
225,LRU,0.16585286458333334
226,LRU,0.16585286458333334
227,LRU,0.22574869791666666
228,LRU,0.16341145833333334
229,LRU,0.1669921875
230,LRU,0.17643229166666666
231,LRU,0.19173177083333334
232,LRU,0.16569010416666666
233,LRU,0.15673828125
234,LRU,0.15511067708333334
235,LRU,0.17415364583333334
236,LRU,0.142578125
237,LRU,0.14485677083333334
238,LRU,0.13850911458333334
239,LRU,0.18766276041666666
240,LRU,0.1572265625
241,LRU,0.15625
242,LRU,0.15397135416666666
243,LRU,0.18408203125
244,LRU,0.14973958333333334
245,LRU,0.1513671875
246,LRU,0.1494140625
247,LRU,0.1767578125
248,LRU,0.14371744791666666
249,LRU,0.13655598958333334
250,LRU,0.14322916666666666
251,LRU,0.18310546875
252,LRU,0.14534505208333334
253,LRU,0.14501953125
254,LRU,0.14485677083333334
255,LRU,0.19140625
256,LRU,0.16080729166666666
257,LRU,0.14876302083333334
258,LRU,0.15348307291666666
259,LRU,0.1796875
260,LRU,0.14697265625
261,LRU,0.150390625
262,LRU,0.14501953125
263,LRU,0.18489583333333334
264,LRU,0.15478515625
265,LRU,0.14925130208333334
266,LRU,0.15266927083333334
267,LRU,0.18505859375
268,LRU,0.15234375
269,LRU,0.14892578125
270,LRU,0.15494791666666666
271,LRU,0.17578125
272,LRU,0.14615885416666666
273,LRU,0.1494140625
274,LRU,0.14208984375
275,LRU,0.18310546875
276,LRU,0.15022786458333334
277,LRU,0.14290364583333334
278,LRU,0.14860026041666666
279,LRU,0.18180338541666666
280,LRU,0.14290364583333334
281,LRU,0.1484375
282,LRU,0.14632161458333334
283,LRU,0.18505859375
284,LRU,0.15315755208333334
285,LRU,0.14762369791666666
286,LRU,0.14990234375
287,LRU,0.18701171875
288,LRU,0.16422526041666666
289,LRU,0.15755208333333334
290,LRU,0.15706380208333334
291,LRU,0.17805989583333334
292,LRU,0.14290364583333334
293,LRU,0.146484375
294,LRU,0.15266927083333334
295,LRU,0.18343098958333334
296,LRU,0.16097005208333334
297,LRU,0.15543619791666666
298,LRU,0.15348307291666666
299,LRU,0.1826171875
300,LRU,0.15755208333333334
301,LRU,0.14957682291666666
302,LRU,0.14453125
303,LRU,0.17789713541666666
304,LRU,0.1494140625
305,LRU,0.14827473958333334
306,LRU,0.1396484375
307,LRU,0.1826171875
308,LRU,0.14794921875
309,LRU,0.146484375
310,LRU,0.13916015625
311,LRU,0.17431640625
312,LRU,0.14827473958333334
313,LRU,0.14876302083333334
314,LRU,0.13525390625
315,LRU,0.1748046875
316,LRU,0.14794921875
317,LRU,0.14192708333333334
318,LRU,0.13997395833333334
319,LRU,0.18782552083333334
320,LRU,0.15999348958333334
321,LRU,0.15706380208333334
322,LRU,0.15283203125
323,LRU,0.18636067708333334
324,LRU,0.14973958333333334
325,LRU,0.14990234375
326,LRU,0.1455078125
327,LRU,0.173828125
328,LRU,0.1416015625
329,LRU,0.14485677083333334
330,LRU,0.13834635416666666
331,LRU,0.17024739583333334
332,LRU,0.13346354166666666
333,LRU,0.13590494791666666
334,LRU,0.12972005208333334
335,LRU,0.17578125
336,LRU,0.14339192708333334
337,LRU,0.14436848958333334
338,LRU,0.14111328125
339,LRU,0.189453125
340,LRU,0.1455078125
341,LRU,0.14973958333333334
342,LRU,0.14957682291666666
343,LRU,0.17513020833333334
344,LRU,0.1376953125
345,LRU,0.1396484375
346,LRU,0.13492838541666666
347,LRU,0.17545572916666666
348,LRU,0.14388020833333334
349,LRU,0.15120442708333334
350,LRU,0.1435546875
351,LRU,0.18473307291666666
352,LRU,0.14501953125
353,LRU,0.13997395833333334
354,LRU,0.142578125
355,LRU,0.17171223958333334
356,LRU,0.14420572916666666
357,LRU,0.14827473958333334
358,LRU,0.14697265625
359,LRU,0.18326822916666666
360,LRU,0.15071614583333334
361,LRU,0.14990234375
362,LRU,0.142578125
363,LRU,0.18017578125
364,LRU,0.15380859375
365,LRU,0.146484375
366,LRU,0.13704427083333334
367,LRU,0.16927083333333334
368,LRU,0.134765625
369,LRU,0.12825520833333334
370,LRU,0.13444010416666666
371,LRU,0.17203776041666666
372,LRU,0.13688151041666666
373,LRU,0.13623046875
374,LRU,0.13639322916666666
375,LRU,0.17415364583333334
376,LRU,0.14111328125
377,LRU,0.13460286458333334
378,LRU,0.13688151041666666
379,LRU,0.17626953125
380,LRU,0.14485677083333334
381,LRU,0.14501953125
382,LRU,0.150390625
383,LRU,0.17496744791666666
384,LRU,0.134765625
385,LRU,0.13850911458333334
386,LRU,0.138671875
387,LRU,0.17041015625
388,LRU,0.13981119791666666
389,LRU,0.14046223958333334
390,LRU,0.14046223958333334
391,LRU,0.18587239583333334
392,LRU,0.16373697916666666
393,LRU,0.14925130208333334
394,LRU,0.14908854166666666
395,LRU,0.19270833333333334
396,LRU,0.1513671875
397,LRU,0.14111328125
398,LRU,0.13720703125
399,LRU,0.17366536458333334
400,LRU,0.15120442708333334
401,LRU,0.15250651041666666
402,LRU,0.14501953125
403,LRU,0.18245442708333334
404,LRU,0.154296875
405,LRU,0.154296875
406,LRU,0.14697265625
407,LRU,0.18603515625
408,LRU,0.16455078125
409,LRU,0.15511067708333334
410,LRU,0.15218098958333334
411,LRU,0.18098958333333334
412,LRU,0.14990234375
413,LRU,0.15315755208333334
414,LRU,0.15120442708333334
415,LRU,0.17887369791666666
416,LRU,0.14371744791666666
417,LRU,0.14274088541666666
418,LRU,0.14371744791666666
419,LRU,0.18880208333333334
420,LRU,0.15250651041666666
421,LRU,0.15380859375
422,LRU,0.15055338541666666
423,LRU,0.18098958333333334
424,LRU,0.1357421875
425,LRU,0.14192708333333334
426,LRU,0.14339192708333334
427,LRU,0.18684895833333334
428,LRU,0.14664713541666666
429,LRU,0.15364583333333334
430,LRU,0.15983072916666666
431,LRU,0.19319661458333334
432,LRU,0.14469401041666666
433,LRU,0.15380859375
434,LRU,0.15478515625
435,LRU,0.18603515625
436,LRU,0.14339192708333334
437,LRU,0.15071614583333334
438,LRU,0.16080729166666666
439,LRU,0.18619791666666666
440,LRU,0.15104166666666666
441,LRU,0.15169270833333334
442,LRU,0.14729817708333334
443,LRU,0.19661458333333334
444,LRU,0.15315755208333334
445,LRU,0.15201822916666666
446,LRU,0.14762369791666666
447,LRU,0.17513020833333334
448,LRU,0.13395182291666666
449,LRU,0.13623046875
450,LRU,0.13541666666666666
451,LRU,0.16569010416666666
452,LRU,0.13492838541666666
453,LRU,0.12890625
454,LRU,0.13020833333333334
455,LRU,0.17447916666666666
456,LRU,0.14778645833333334
457,LRU,0.13981119791666666
458,LRU,0.13899739583333334
459,LRU,0.17041015625
460,LRU,0.13785807291666666
461,LRU,0.13802083333333334
462,LRU,0.13330078125
463,LRU,0.16861979166666666
464,LRU,0.14192708333333334
465,LRU,0.13541666666666666
466,LRU,0.13704427083333334
467,LRU,0.17545572916666666
468,LRU,0.14388020833333334
469,LRU,0.13297526041666666
470,LRU,0.12288411458333333
471,LRU,0.17057291666666666
472,LRU,0.13655598958333334
473,LRU,0.14192708333333334
474,LRU,0.14794921875
475,LRU,0.18229166666666666
476,LRU,0.16145833333333334
477,LRU,0.15315755208333334
478,LRU,0.1484375
479,LRU,0.18815104166666666
480,LRU,0.15641276041666666
481,LRU,0.14632161458333334
482,LRU,0.13916015625
483,LRU,0.17936197916666666
484,LRU,0.14078776041666666
485,LRU,0.13834635416666666
486,LRU,0.13541666666666666
487,LRU,0.16845703125
488,LRU,0.13395182291666666
489,LRU,0.13916015625
490,LRU,0.1474609375
491,LRU,0.17805989583333334
492,LRU,0.14306640625
493,LRU,0.14469401041666666
494,LRU,0.13981119791666666
495,LRU,0.173828125
496,LRU,0.14453125
497,LRU,0.13297526041666666
498,LRU,0.14388020833333334
499,LRU,0.17545572916666666
500,LRU,0.14388020833333334
501,LRU,0.13590494791666666
502,LRU,0.13590494791666666
503,LRU,0.17073567708333334
504,LRU,0.13671875
505,LRU,0.14029947916666666
506,LRU,0.1376953125
507,LRU,0.17822265625
508,LRU,0.14876302083333334
509,LRU,0.13981119791666666
510,LRU,0.14225260416666666
511,LRU,0.18050130208333334
512,LRU,0.14208984375
513,LRU,0.13834635416666666
514,LRU,0.14615885416666666
515,LRU,0.18408203125
516,LRU,0.15559895833333334
517,LRU,0.15397135416666666
518,LRU,0.15380859375
519,LRU,0.18782552083333334
520,LRU,0.15966796875
521,LRU,0.15413411458333334
522,LRU,0.15299479166666666
523,LRU,0.20377604166666666
524,LRU,0.16162109375
525,LRU,0.15397135416666666
526,LRU,0.15494791666666666
527,LRU,0.16813151041666666
528,LRU,0.14680989583333334
529,LRU,0.14192708333333334
530,LRU,0.134765625
531,LRU,0.19580078125
532,LRU,0.15787760416666666
533,LRU,0.16471354166666666
534,LRU,0.15413411458333334
535,LRU,0.19156901041666666
536,LRU,0.15836588541666666
537,LRU,0.14957682291666666
538,LRU,0.15152994791666666
539,LRU,0.16715494791666666
540,LRU,0.13850911458333334
541,LRU,0.13834635416666666
542,LRU,0.12548828125
543,LRU,0.17106119791666666
544,LRU,0.14274088541666666
545,LRU,0.13427734375
546,LRU,0.13134765625
547,LRU,0.17561848958333334
548,LRU,0.13720703125
549,LRU,0.14143880208333334
550,LRU,0.13623046875
551,LRU,0.16487630208333334
552,LRU,0.1328125
553,LRU,0.13232421875
554,LRU,0.12841796875
555,LRU,0.1767578125
556,LRU,0.146484375
557,LRU,0.14127604166666666
558,LRU,0.13736979166666666
559,LRU,0.17985026041666666
560,LRU,0.15283203125
561,LRU,0.15299479166666666
562,LRU,0.13785807291666666
563,LRU,0.18245442708333334
564,LRU,0.14127604166666666
565,LRU,0.13395182291666666
566,LRU,0.13834635416666666
567,LRU,0.16748046875
568,LRU,0.1416015625
569,LRU,0.1376953125
570,LRU,0.13639322916666666
571,LRU,0.1669921875
572,LRU,0.1318359375
573,LRU,0.12483723958333333
574,LRU,0.12744140625
575,LRU,0.17529296875
576,LRU,0.13655598958333334
577,LRU,0.12141927083333333
578,LRU,0.126953125
579,LRU,0.16927083333333334
580,LRU,0.13444010416666666
581,LRU,0.13330078125
582,LRU,0.1318359375
583,LRU,0.17578125
584,LRU,0.14860026041666666
585,LRU,0.13899739583333334
586,LRU,0.14274088541666666
587,LRU,0.20263671875
588,LRU,0.17073567708333334
589,LRU,0.15022786458333334
590,LRU,0.14811197916666666
591,LRU,0.18424479166666666
592,LRU,0.1484375
593,LRU,0.15218098958333334
594,LRU,0.1435546875
595,LRU,0.18619791666666666
596,LRU,0.14518229166666666
597,LRU,0.13427734375
598,LRU,0.13411458333333334
599,LRU,0.17626953125
600,LRU,0.14176432291666666
601,LRU,0.138671875
602,LRU,0.13199869791666666
603,LRU,0.18343098958333334
604,LRU,0.14339192708333334
605,LRU,0.14420572916666666
606,LRU,0.14241536458333334
607,LRU,0.17708333333333334
608,LRU,0.14078776041666666
609,LRU,0.140625
610,LRU,0.14388020833333334
611,LRU,0.1904296875
612,LRU,0.15690104166666666
613,LRU,0.1484375
614,LRU,0.15201822916666666
615,LRU,0.18294270833333334
616,LRU,0.15787760416666666
617,LRU,0.14925130208333334
618,LRU,0.14680989583333334
619,LRU,0.17789713541666666
620,LRU,0.13899739583333334
621,LRU,0.14860026041666666
622,LRU,0.142578125
623,LRU,0.17057291666666666
624,LRU,0.14680989583333334
625,LRU,0.13460286458333334
626,LRU,0.13395182291666666
627,LRU,0.17822265625
628,LRU,0.1376953125
629,LRU,0.13460286458333334
630,LRU,0.12890625
631,LRU,0.17366536458333334
632,LRU,0.14599609375
633,LRU,0.13167317708333334
634,LRU,0.13346354166666666
635,LRU,0.1708984375
636,LRU,0.13623046875
637,LRU,0.13167317708333334
638,LRU,0.13020833333333334
639,LRU,0.173828125
640,LRU,0.134765625
641,LRU,0.14046223958333334
642,LRU,0.13199869791666666
643,LRU,0.17952473958333334
644,LRU,0.15055338541666666
645,LRU,0.13557942708333334
646,LRU,0.14469401041666666
647,LRU,0.16650390625
648,LRU,0.13444010416666666
649,LRU,0.13037109375
650,LRU,0.13248697916666666
651,LRU,0.17154947916666666
652,LRU,0.12955729166666666
653,LRU,0.13427734375
654,LRU,0.14925130208333334
655,LRU,0.173828125
656,LRU,0.14388020833333334
657,LRU,0.13802083333333334
658,LRU,0.1455078125
659,LRU,0.16927083333333334
660,LRU,0.14208984375
661,LRU,0.13818359375
662,LRU,0.142578125
663,LRU,0.17073567708333334
664,LRU,0.13590494791666666
665,LRU,0.14192708333333334
666,LRU,0.14501953125
667,LRU,0.17757161458333334
668,LRU,0.13883463541666666
669,LRU,0.15055338541666666
670,LRU,0.13606770833333334
671,LRU,0.17692057291666666
672,LRU,0.14501953125
673,LRU,0.14567057291666666
674,LRU,0.14534505208333334
675,LRU,0.18115234375
676,LRU,0.146484375
677,LRU,0.14127604166666666
678,LRU,0.13232421875
679,LRU,0.17317708333333334
680,LRU,0.13395182291666666
681,LRU,0.14274088541666666
682,LRU,0.14404296875
683,LRU,0.18147786458333334
684,LRU,0.15087890625
685,LRU,0.15380859375
686,LRU,0.13981119791666666
687,LRU,0.1826171875
688,LRU,0.1484375
689,LRU,0.14306640625
690,LRU,0.14404296875
691,LRU,0.17838541666666666
692,LRU,0.1435546875
693,LRU,0.13997395833333334
694,LRU,0.150390625
695,LRU,0.1982421875
696,LRU,0.16666666666666666
697,LRU,0.15494791666666666
698,LRU,0.15250651041666666
699,LRU,0.17838541666666666
700,LRU,0.14567057291666666
701,LRU,0.14339192708333334
702,LRU,0.13736979166666666
703,LRU,0.16438802083333334
704,LRU,0.13053385416666666
705,LRU,0.12711588541666666
706,LRU,0.13525390625
707,LRU,0.16357421875
708,LRU,0.13460286458333334
709,LRU,0.13362630208333334
710,LRU,0.13834635416666666
711,LRU,0.17887369791666666
712,LRU,0.14583333333333334
713,LRU,0.14713541666666666
714,LRU,0.13916015625
715,LRU,0.18668619791666666
716,LRU,0.1494140625
717,LRU,0.1474609375
718,LRU,0.14827473958333334
719,LRU,0.17220052083333334
720,LRU,0.13541666666666666
721,LRU,0.14143880208333334
722,LRU,0.13460286458333334
723,LRU,0.18115234375
724,LRU,0.15152994791666666
725,LRU,0.14973958333333334
726,LRU,0.146484375
727,LRU,0.18619791666666666
728,LRU,0.15511067708333334
729,LRU,0.14078776041666666
730,LRU,0.14990234375
731,LRU,0.18440755208333334
732,LRU,0.14729817708333334
733,LRU,0.14274088541666666
734,LRU,0.14973958333333334
735,LRU,0.19173177083333334
736,LRU,0.15673828125
737,LRU,0.15201822916666666
738,LRU,0.14794921875
739,LRU,0.18831380208333334
740,LRU,0.16162109375
741,LRU,0.15690104166666666
742,LRU,0.14794921875
743,LRU,0.16585286458333334
744,LRU,0.14501953125
745,LRU,0.13623046875
746,LRU,0.1328125
747,LRU,0.17106119791666666
748,LRU,0.14013671875
749,LRU,0.13427734375
750,LRU,0.13704427083333334
751,LRU,0.177734375
752,LRU,0.14615885416666666
753,LRU,0.13932291666666666
754,LRU,0.14013671875
755,LRU,0.17106119791666666
756,LRU,0.14241536458333334
757,LRU,0.13004557291666666
758,LRU,0.13509114583333334
759,LRU,0.17919921875
760,LRU,0.14762369791666666
761,LRU,0.13981119791666666
762,LRU,0.14013671875
763,LRU,0.18017578125
764,LRU,0.1455078125
765,LRU,0.14436848958333334
766,LRU,0.15152994791666666
767,LRU,0.185546875
768,LRU,0.15462239583333334
769,LRU,0.1474609375
770,LRU,0.14680989583333334
771,LRU,0.17708333333333334
772,LRU,0.14078776041666666
773,LRU,0.14615885416666666
774,LRU,0.14615885416666666
775,LRU,0.17415364583333334
776,LRU,0.14762369791666666
777,LRU,0.14274088541666666
778,LRU,0.14208984375
779,LRU,0.18147786458333334
780,LRU,0.15169270833333334
781,LRU,0.14013671875
782,LRU,0.1357421875
783,LRU,0.18408203125
784,LRU,0.13948567708333334
785,LRU,0.13639322916666666
786,LRU,0.13802083333333334
787,LRU,0.17301432291666666
788,LRU,0.14371744791666666
789,LRU,0.138671875
790,LRU,0.1337890625
791,LRU,0.17008463541666666
792,LRU,0.13834635416666666
793,LRU,0.13753255208333334
794,LRU,0.12744140625
795,LRU,0.18180338541666666
796,LRU,0.1474609375
797,LRU,0.15006510416666666
798,LRU,0.14436848958333334
799,LRU,0.18359375
800,LRU,0.14322916666666666
801,LRU,0.14615885416666666
802,LRU,0.140625
803,LRU,0.17919921875
804,LRU,0.15592447916666666
805,LRU,0.14599609375
806,LRU,0.15315755208333334
807,LRU,0.18929036458333334
808,LRU,0.15445963541666666
809,LRU,0.15120442708333334
810,LRU,0.14778645833333334
811,LRU,0.18440755208333334
812,LRU,0.15071614583333334
813,LRU,0.14518229166666666
814,LRU,0.13916015625
815,LRU,0.18408203125
816,LRU,0.15576171875
817,LRU,0.14973958333333334
818,LRU,0.14241536458333334
819,LRU,0.19596354166666666
820,LRU,0.1552734375
821,LRU,0.15055338541666666
822,LRU,0.13753255208333334
823,LRU,0.17447916666666666
824,LRU,0.13346354166666666
825,LRU,0.13639322916666666
826,LRU,0.1376953125
827,LRU,0.17464192708333334
828,LRU,0.14664713541666666
829,LRU,0.13916015625
830,LRU,0.13264973958333334
831,LRU,0.17138671875
832,LRU,0.13346354166666666
833,LRU,0.1376953125
834,LRU,0.13330078125
835,LRU,0.18033854166666666
836,LRU,0.15087890625
837,LRU,0.1396484375
838,LRU,0.13932291666666666
839,LRU,0.1748046875
840,LRU,0.13883463541666666
841,LRU,0.14225260416666666
842,LRU,0.13818359375
843,LRU,0.17936197916666666
844,LRU,0.14208984375
845,LRU,0.1455078125
846,LRU,0.13818359375
847,LRU,0.18766276041666666
848,LRU,0.1513671875
849,LRU,0.16227213541666666
850,LRU,0.13883463541666666
851,LRU,0.17708333333333334
852,LRU,0.1416015625
853,LRU,0.14192708333333334
854,LRU,0.13948567708333334
855,LRU,0.1826171875
856,LRU,0.15071614583333334
857,LRU,0.14892578125
858,LRU,0.14485677083333334
859,LRU,0.18147786458333334
860,LRU,0.15218098958333334
861,LRU,0.14274088541666666
862,LRU,0.13981119791666666
863,LRU,0.17106119791666666
864,LRU,0.14095052083333334
865,LRU,0.13818359375
866,LRU,0.1318359375
867,LRU,0.18212890625
868,LRU,0.13802083333333334
869,LRU,0.14029947916666666
870,LRU,0.14029947916666666
871,LRU,0.17789713541666666
872,LRU,0.1337890625
873,LRU,0.14453125
874,LRU,0.13427734375
875,LRU,0.1748046875
876,LRU,0.14534505208333334
877,LRU,0.14127604166666666
878,LRU,0.14876302083333334
879,LRU,0.17366536458333334
880,LRU,0.13932291666666666
881,LRU,0.14469401041666666
882,LRU,0.126953125
883,LRU,0.17203776041666666
884,LRU,0.14192708333333334
885,LRU,0.14078776041666666
886,LRU,0.13720703125
887,LRU,0.18212890625
888,LRU,0.1591796875
889,LRU,0.14876302083333334
890,LRU,0.13785807291666666
891,LRU,0.171875
892,LRU,0.1396484375
893,LRU,0.13834635416666666
894,LRU,0.138671875
895,LRU,0.1806640625
896,LRU,0.14827473958333334
897,LRU,0.14615885416666666
898,LRU,0.14615885416666666
899,LRU,0.17887369791666666
900,LRU,0.15022786458333334
901,LRU,0.14534505208333334
902,LRU,0.15055338541666666
903,LRU,0.19091796875
904,LRU,0.15966796875
905,LRU,0.15592447916666666
906,LRU,0.14811197916666666
907,LRU,0.17529296875
908,LRU,0.146484375
909,LRU,0.14371744791666666
910,LRU,0.14192708333333334
911,LRU,0.17317708333333334
912,LRU,0.13932291666666666
913,LRU,0.13720703125
914,LRU,0.1396484375
915,LRU,0.17399088541666666
916,LRU,0.14794921875
917,LRU,0.14371744791666666
918,LRU,0.13704427083333334
919,LRU,0.17431640625
920,LRU,0.15234375
921,LRU,0.14534505208333334
922,LRU,0.14388020833333334
923,LRU,0.18880208333333334
924,LRU,0.16064453125
925,LRU,0.1591796875
926,LRU,0.14371744791666666
927,LRU,0.18326822916666666
928,LRU,0.16162109375
929,LRU,0.1640625
930,LRU,0.15983072916666666
931,LRU,0.19563802083333334
932,LRU,0.15169270833333334
933,LRU,0.15266927083333334
934,LRU,0.15397135416666666
935,LRU,0.18473307291666666
936,LRU,0.15966796875
937,LRU,0.15055338541666666
938,LRU,0.14583333333333334
939,LRU,0.19091796875
940,LRU,0.16731770833333334
941,LRU,0.15120442708333334
942,LRU,0.14176432291666666
943,LRU,0.17919921875
944,LRU,0.15169270833333334
945,LRU,0.15966796875
946,LRU,0.150390625
947,LRU,0.18050130208333334
948,LRU,0.15397135416666666
949,LRU,0.146484375
950,LRU,0.14290364583333334
951,LRU,0.1630859375
952,LRU,0.1357421875
953,LRU,0.12825520833333334
954,LRU,0.13199869791666666
955,LRU,0.17822265625
956,LRU,0.1455078125
957,LRU,0.1416015625
958,LRU,0.13818359375
959,LRU,0.17822265625
960,LRU,0.15104166666666666
961,LRU,0.13606770833333334
962,LRU,0.13069661458333334
963,LRU,0.17220052083333334
964,LRU,0.13932291666666666
965,LRU,0.14664713541666666
966,LRU,0.13232421875
967,LRU,0.17626953125
968,LRU,0.1474609375
969,LRU,0.14339192708333334
970,LRU,0.14208984375
971,LRU,0.17822265625
972,LRU,0.14860026041666666
973,LRU,0.14225260416666666
974,LRU,0.13151041666666666
975,LRU,0.17529296875
976,LRU,0.14111328125
977,LRU,0.1455078125
978,LRU,0.15364583333333334
979,LRU,0.18798828125
980,LRU,0.14680989583333334
981,LRU,0.14860026041666666
982,LRU,0.15218098958333334
983,LRU,0.1865234375
984,LRU,0.14420572916666666
985,LRU,0.15071614583333334
986,LRU,0.13818359375
987,LRU,0.1806640625
988,LRU,0.1455078125
989,LRU,0.14143880208333334
990,LRU,0.13216145833333334
991,LRU,0.1806640625
992,LRU,0.14176432291666666
993,LRU,0.13753255208333334
994,LRU,0.13753255208333334
995,LRU,0.17057291666666666
996,LRU,0.14518229166666666
997,LRU,0.15022786458333334
998,LRU,0.140625
999,LRU,0.18684895833333334
1000,LRU,0.15087890625
1001,LRU,0.14534505208333334
1002,LRU,0.14095052083333334
1003,LRU,0.17073567708333334
1004,LRU,0.14371744791666666
1005,LRU,0.14225260416666666
1006,LRU,0.1494140625
1007,LRU,0.16861979166666666
1008,LRU,0.13916015625
1009,LRU,0.13557942708333334
1010,LRU,0.13623046875
1011,LRU,0.18473307291666666
1012,LRU,0.1455078125
1013,LRU,0.15494791666666666
1014,LRU,0.15022786458333334
1015,LRU,0.1767578125
1016,LRU,0.13834635416666666
1017,LRU,0.142578125
1018,LRU,0.14192708333333334
1019,LRU,0.17643229166666666
1020,LRU,0.14322916666666666
1021,LRU,0.14176432291666666
1022,LRU,0.14241536458333334
1023,LRU,0.19873046875
3,LFU,0.2584635416666667
4,LFU,0.24039713541666666
5,LFU,0.234375
6,LFU,0.23128255208333334
7,LFU,0.24951171875
8,LFU,0.22672526041666666
9,LFU,0.20914713541666666
10,LFU,0.21744791666666666
11,LFU,0.24869791666666666
12,LFU,0.21907552083333334
13,LFU,0.22591145833333334
14,LFU,0.22054036458333334
15,LFU,0.23274739583333334
16,LFU,0.22184244791666666
17,LFU,0.22786458333333334
18,LFU,0.22233072916666666
19,LFU,0.2820638020833333
20,LFU,0.265625
21,LFU,0.2610677083333333
22,LFU,0.2569986979166667
23,LFU,0.2692057291666667
24,LFU,0.24788411458333334
25,LFU,0.24544270833333334
26,LFU,0.21533203125
27,LFU,0.24820963541666666
28,LFU,0.234375
29,LFU,0.24088541666666666
30,LFU,0.23421223958333334
31,LFU,0.23909505208333334
32,LFU,0.23502604166666666
33,LFU,0.228515625
34,LFU,0.22786458333333334
35,LFU,0.24348958333333334
36,LFU,0.23372395833333334
37,LFU,0.23258463541666666
38,LFU,0.22477213541666666
39,LFU,0.23470052083333334
40,LFU,0.22314453125
41,LFU,0.23388671875
42,LFU,0.22412109375
43,LFU,0.2745768229166667
44,LFU,0.26318359375
45,LFU,0.25634765625
46,LFU,0.244140625
47,LFU,0.24235026041666666
48,LFU,0.236328125
49,LFU,0.24381510416666666
50,LFU,0.23649088541666666
51,LFU,0.2639973958333333
52,LFU,0.23649088541666666
53,LFU,0.22493489583333334
54,LFU,0.24641927083333334
55,LFU,0.2919921875
56,LFU,0.2607421875
57,LFU,0.2571614583333333
58,LFU,0.24267578125
59,LFU,0.2644856770833333
60,LFU,0.2501627604166667
61,LFU,0.23909505208333334
62,LFU,0.24381510416666666
63,LFU,0.2654622395833333
64,LFU,0.24625651041666666
65,LFU,0.24300130208333334
66,LFU,0.24544270833333334
67,LFU,0.27197265625
68,LFU,0.2620442708333333
69,LFU,0.2594401041666667
70,LFU,0.23307291666666666
71,LFU,0.2630208333333333
72,LFU,0.23958333333333334
73,LFU,0.22298177083333334
74,LFU,0.23811848958333334
75,LFU,0.2412109375
76,LFU,0.21842447916666666
77,LFU,0.22835286458333334
78,LFU,0.23193359375
79,LFU,0.25048828125
80,LFU,0.23193359375
81,LFU,0.22770182291666666
82,LFU,0.2275390625
83,LFU,0.23746744791666666
84,LFU,0.23323567708333334
85,LFU,0.22932942708333334
86,LFU,0.22672526041666666
87,LFU,0.23697916666666666
88,LFU,0.22526041666666666
89,LFU,0.22802734375
90,LFU,0.234375
91,LFU,0.26220703125
92,LFU,0.24658203125
93,LFU,0.24381510416666666
94,LFU,0.2560221354166667
95,LFU,0.2752278645833333
96,LFU,0.26318359375
97,LFU,0.25634765625
98,LFU,0.24918619791666666
99,LFU,0.2569986979166667
100,LFU,0.23876953125
101,LFU,0.24658203125
102,LFU,0.24235026041666666
103,LFU,0.2638346354166667
104,LFU,0.2605794270833333
105,LFU,0.2552083333333333
106,LFU,0.2599283854166667
107,LFU,0.2696940104166667
108,LFU,0.2662760416666667
109,LFU,0.24869791666666666
110,LFU,0.23828125
111,LFU,0.2859700520833333
112,LFU,0.2490234375
113,LFU,0.2333984375
114,LFU,0.24658203125
115,LFU,0.24104817708333334
116,LFU,0.22884114583333334
117,LFU,0.22379557291666666
118,LFU,0.22102864583333334
119,LFU,0.24462890625
120,LFU,0.23014322916666666
121,LFU,0.22542317708333334
122,LFU,0.21598307291666666
123,LFU,0.24625651041666666
124,LFU,0.24527994791666666
125,LFU,0.23193359375
126,LFU,0.2265625
127,LFU,0.22314453125
128,LFU,0.21549479166666666
129,LFU,0.20524088541666666
130,LFU,0.20345052083333334
131,LFU,0.24381510416666666
132,LFU,0.22688802083333334
133,LFU,0.236328125
134,LFU,0.24039713541666666
135,LFU,0.24479166666666666
136,LFU,0.23551432291666666
137,LFU,0.236328125
138,LFU,0.22639973958333334
139,LFU,0.2527669270833333
140,LFU,0.23209635416666666
141,LFU,0.24381510416666666
142,LFU,0.2275390625
143,LFU,0.2600911458333333
144,LFU,0.23958333333333334
145,LFU,0.23795572916666666
146,LFU,0.25439453125
147,LFU,0.24560546875
148,LFU,0.21761067708333334
149,LFU,0.21875
150,LFU,0.22786458333333334
151,LFU,0.24820963541666666
152,LFU,0.2314453125
153,LFU,0.22249348958333334
154,LFU,0.22688802083333334
155,LFU,0.24381510416666666
156,LFU,0.22444661458333334
157,LFU,0.22509765625
158,LFU,0.22379557291666666
159,LFU,0.24381510416666666
160,LFU,0.23893229166666666
161,LFU,0.21923828125
162,LFU,0.21402994791666666
163,LFU,0.23909505208333334
164,LFU,0.23893229166666666
165,LFU,0.25244140625
166,LFU,0.24918619791666666
167,LFU,0.24202473958333334
168,LFU,0.19384765625
169,LFU,0.20914713541666666
170,LFU,0.2109375
171,LFU,0.2685546875
172,LFU,0.2373046875
173,LFU,0.22574869791666666
174,LFU,0.20572916666666666
175,LFU,0.23909505208333334
176,LFU,0.23697916666666666
177,LFU,0.212890625
178,LFU,0.21907552083333334
179,LFU,0.23746744791666666
180,LFU,0.24072265625
181,LFU,0.24332682291666666
182,LFU,0.2275390625
183,LFU,0.25
184,LFU,0.23909505208333334
185,LFU,0.24479166666666666
186,LFU,0.2412109375
187,LFU,0.25927734375
188,LFU,0.24169921875
189,LFU,0.24755859375
190,LFU,0.24462890625
191,LFU,0.2522786458333333
192,LFU,0.24381510416666666
193,LFU,0.232421875
194,LFU,0.21728515625
195,LFU,0.236328125
196,LFU,0.23046875
197,LFU,0.22705078125
198,LFU,0.2294921875
199,LFU,0.23665364583333334
200,LFU,0.21630859375
201,LFU,0.22574869791666666
202,LFU,0.2099609375
203,LFU,0.22493489583333334
204,LFU,0.21728515625
205,LFU,0.22086588541666666
206,LFU,0.21614583333333334
207,LFU,0.22574869791666666
208,LFU,0.20703125
209,LFU,0.18668619791666666
210,LFU,0.19466145833333334
211,LFU,0.23193359375
212,LFU,0.20947265625
213,LFU,0.20621744791666666
214,LFU,0.21077473958333334
215,LFU,0.2177734375
216,LFU,0.21061197916666666
217,LFU,0.20882161458333334
218,LFU,0.19970703125
219,LFU,0.24951171875
220,LFU,0.22623697916666666
221,LFU,0.2265625
222,LFU,0.22672526041666666
223,LFU,0.2508138020833333
224,LFU,0.23600260416666666
225,LFU,0.23958333333333334
226,LFU,0.2490234375
227,LFU,0.2755533854166667
228,LFU,0.21842447916666666
229,LFU,0.22900390625
230,LFU,0.23372395833333334
231,LFU,0.2529296875
232,LFU,0.23681640625
233,LFU,0.21354166666666666
234,LFU,0.20963541666666666
235,LFU,0.22412109375
236,LFU,0.22900390625
237,LFU,0.21272786458333334
238,LFU,0.20784505208333334
239,LFU,0.24365234375
240,LFU,0.23063151041666666
241,LFU,0.22607421875
242,LFU,0.2236328125
243,LFU,0.23811848958333334
244,LFU,0.23291015625
245,LFU,0.25048828125
246,LFU,0.23551432291666666
247,LFU,0.24886067708333334
248,LFU,0.2275390625
249,LFU,0.21728515625
250,LFU,0.234375
251,LFU,0.23649088541666666
252,LFU,0.21809895833333334
253,LFU,0.21321614583333334
254,LFU,0.21761067708333334
255,LFU,0.24593098958333334
256,LFU,0.228515625
257,LFU,0.21761067708333334
258,LFU,0.23453776041666666
259,LFU,0.23974609375
260,LFU,0.2255859375
261,LFU,0.2216796875
262,LFU,0.21321614583333334
263,LFU,0.248046875
264,LFU,0.23567708333333334
265,LFU,0.22184244791666666
266,LFU,0.22688802083333334
267,LFU,0.22672526041666666
268,LFU,0.21370442708333334
269,LFU,0.21826171875
270,LFU,0.21337890625
271,LFU,0.22314453125
272,LFU,0.21044921875
273,LFU,0.22184244791666666
274,LFU,0.20833333333333334
275,LFU,0.2392578125
276,LFU,0.22151692708333334
277,LFU,0.22412109375
278,LFU,0.2216796875
279,LFU,0.24153645833333334
280,LFU,0.2255859375
281,LFU,0.23014322916666666
282,LFU,0.21940104166666666
283,LFU,0.24088541666666666
284,LFU,0.22998046875
285,LFU,0.22298177083333334
286,LFU,0.22607421875
287,LFU,0.2421875
288,LFU,0.22493489583333334
289,LFU,0.21728515625
290,LFU,0.22184244791666666
291,LFU,0.2421875
292,LFU,0.21940104166666666
293,LFU,0.22737630208333334
294,LFU,0.23942057291666666
295,LFU,0.24104817708333334
296,LFU,0.24072265625
297,LFU,0.2353515625
298,LFU,0.23551432291666666
299,LFU,0.2535807291666667
300,LFU,0.23486328125
301,LFU,0.22688802083333334
302,LFU,0.22054036458333334
303,LFU,0.2314453125
304,LFU,0.2216796875
305,LFU,0.22184244791666666
306,LFU,0.20817057291666666
307,LFU,0.23551432291666666
308,LFU,0.21516927083333334
309,LFU,0.22184244791666666
310,LFU,0.20556640625
311,LFU,0.23014322916666666
312,LFU,0.21663411458333334
313,LFU,0.22054036458333334
314,LFU,0.216796875
315,LFU,0.22086588541666666
316,LFU,0.2041015625
317,LFU,0.2109375
318,LFU,0.20491536458333334
319,LFU,0.2412109375
320,LFU,0.21695963541666666
321,LFU,0.22867838541666666
322,LFU,0.22314453125
323,LFU,0.2501627604166667
324,LFU,0.21647135416666666
325,LFU,0.21907552083333334
326,LFU,0.21012369791666666
327,LFU,0.22086588541666666
328,LFU,0.2041015625
329,LFU,0.20638020833333334
330,LFU,0.20963541666666666
331,LFU,0.224609375
332,LFU,0.1962890625
333,LFU,0.20621744791666666
334,LFU,0.20638020833333334
335,LFU,0.2236328125
336,LFU,0.20279947916666666
337,LFU,0.19905598958333334
338,LFU,0.19677734375
339,LFU,0.23323567708333334
340,LFU,0.20003255208333334
341,LFU,0.19596354166666666
342,LFU,0.19742838541666666
343,LFU,0.23681640625
344,LFU,0.22493489583333334
345,LFU,0.23014322916666666
346,LFU,0.23470052083333334
347,LFU,0.23616536458333334
348,LFU,0.21598307291666666
349,LFU,0.22705078125
350,LFU,0.2216796875
351,LFU,0.23356119791666666
352,LFU,0.21598307291666666
353,LFU,0.19596354166666666
354,LFU,0.20393880208333334
355,LFU,0.23844401041666666
356,LFU,0.22347005208333334
357,LFU,0.21712239583333334
358,LFU,0.22249348958333334
359,LFU,0.23291015625
360,LFU,0.22330729166666666
361,LFU,0.21988932291666666
362,LFU,0.21272786458333334
363,LFU,0.23291015625
364,LFU,0.22281901041666666
365,LFU,0.22102864583333334
366,LFU,0.20361328125
367,LFU,0.22184244791666666
368,LFU,0.20540364583333334
369,LFU,0.19596354166666666
370,LFU,0.2099609375
371,LFU,0.22379557291666666
372,LFU,0.20540364583333334
373,LFU,0.19921875
374,LFU,0.20849609375
375,LFU,0.22233072916666666
376,LFU,0.21549479166666666
377,LFU,0.20345052083333334
378,LFU,0.20296223958333334
379,LFU,0.240234375
380,LFU,0.22786458333333334
381,LFU,0.23470052083333334
382,LFU,0.23111979166666666
383,LFU,0.24527994791666666
384,LFU,0.2255859375
385,LFU,0.21875
386,LFU,0.21923828125
387,LFU,0.22867838541666666
388,LFU,0.2177734375
389,LFU,0.21484375
390,LFU,0.2197265625
391,LFU,0.25
392,LFU,0.23421223958333334
393,LFU,0.22379557291666666
394,LFU,0.21402994791666666
395,LFU,0.24788411458333334
396,LFU,0.23111979166666666
397,LFU,0.23372395833333334
398,LFU,0.21337890625
399,LFU,0.22135416666666666
400,LFU,0.21598307291666666
401,LFU,0.2255859375
402,LFU,0.20914713541666666
403,LFU,0.24544270833333334
404,LFU,0.24479166666666666
405,LFU,0.2509765625
406,LFU,0.2392578125
407,LFU,0.2540690104166667
408,LFU,0.22021484375
409,LFU,0.21223958333333334
410,LFU,0.22086588541666666
411,LFU,0.24690755208333334
412,LFU,0.236328125
413,LFU,0.23160807291666666
414,LFU,0.22102864583333334
415,LFU,0.23665364583333334
416,LFU,0.22412109375
417,LFU,0.21793619791666666
418,LFU,0.22493489583333334
419,LFU,0.251953125
420,LFU,0.23209635416666666
421,LFU,0.22574869791666666
422,LFU,0.21468098958333334
423,LFU,0.23795572916666666
424,LFU,0.22184244791666666
425,LFU,0.2314453125
426,LFU,0.2216796875
427,LFU,0.2490234375
428,LFU,0.23160807291666666
429,LFU,0.23665364583333334
430,LFU,0.23697916666666666
431,LFU,0.2555338541666667
432,LFU,0.22477213541666666
433,LFU,0.22135416666666666
434,LFU,0.22607421875
435,LFU,0.23779296875
436,LFU,0.21126302083333334
437,LFU,0.21110026041666666
438,LFU,0.20638020833333334
439,LFU,0.24869791666666666
440,LFU,0.23551432291666666
441,LFU,0.2275390625
442,LFU,0.21614583333333334
443,LFU,0.24527994791666666
444,LFU,0.20963541666666666
445,LFU,0.20865885416666666
446,LFU,0.20328776041666666
447,LFU,0.2265625
448,LFU,0.1875
449,LFU,0.19840494791666666
450,LFU,0.18522135416666666
451,LFU,0.19905598958333334
452,LFU,0.17822265625
453,LFU,0.17626953125
454,LFU,0.17936197916666666
455,LFU,0.21598307291666666
456,LFU,0.19856770833333334
457,LFU,0.19498697916666666
458,LFU,0.19156901041666666
459,LFU,0.21207682291666666
460,LFU,0.18212890625
461,LFU,0.17838541666666666
462,LFU,0.16373697916666666
463,LFU,0.19580078125
464,LFU,0.1806640625
465,LFU,0.16829427083333334
466,LFU,0.17887369791666666
467,LFU,0.21484375
468,LFU,0.19677734375
469,LFU,0.18408203125
470,LFU,0.19075520833333334
471,LFU,0.22265625
472,LFU,0.19449869791666666
473,LFU,0.19694010416666666
474,LFU,0.197265625
475,LFU,0.24055989583333334
476,LFU,0.23974609375
477,LFU,0.23095703125
478,LFU,0.22135416666666666
479,LFU,0.24869791666666666
480,LFU,0.23356119791666666
481,LFU,0.21256510416666666
482,LFU,0.197265625
483,LFU,0.22493489583333334
484,LFU,0.203125
485,LFU,0.21435546875
486,LFU,0.20328776041666666
487,LFU,0.22395833333333334
488,LFU,0.18489583333333334
489,LFU,0.20003255208333334
490,LFU,0.19954427083333334
491,LFU,0.22737630208333334
492,LFU,0.21435546875
493,LFU,0.21598307291666666
494,LFU,0.21728515625
495,LFU,0.2236328125
496,LFU,0.20914713541666666
497,LFU,0.20393880208333334
498,LFU,0.20491536458333334
499,LFU,0.21891276041666666
500,LFU,0.19368489583333334
501,LFU,0.18277994791666666
502,LFU,0.17708333333333334
503,LFU,0.21044921875
504,LFU,0.18391927083333334
505,LFU,0.19596354166666666
506,LFU,0.18277994791666666
507,LFU,0.22574869791666666
508,LFU,0.21988932291666666
509,LFU,0.216796875
510,LFU,0.21923828125
511,LFU,0.23860677083333334
512,LFU,0.20638020833333334
513,LFU,0.20833333333333334
514,LFU,0.21712239583333334
515,LFU,0.23470052083333334
516,LFU,0.22428385416666666
517,LFU,0.236328125
518,LFU,0.22249348958333334
519,LFU,0.248046875
520,LFU,0.23177083333333334
521,LFU,0.23681640625
522,LFU,0.23160807291666666
523,LFU,0.2561848958333333
524,LFU,0.22932942708333334
525,LFU,0.22347005208333334
526,LFU,0.22900390625
527,LFU,0.23763020833333334
528,LFU,0.22005208333333334
529,LFU,0.22151692708333334
530,LFU,0.21533203125
531,LFU,0.24235026041666666
532,LFU,0.21077473958333334
533,LFU,0.21061197916666666
534,LFU,0.20361328125
535,LFU,0.24137369791666666
536,LFU,0.2080078125
537,LFU,0.19970703125
538,LFU,0.19791666666666666
539,LFU,0.21110026041666666
540,LFU,0.19580078125
541,LFU,0.19124348958333334
542,LFU,0.17740885416666666
543,LFU,0.22102864583333334
544,LFU,0.18701171875
545,LFU,0.19580078125
546,LFU,0.18896484375
547,LFU,0.21435546875
548,LFU,0.17838541666666666
549,LFU,0.19417317708333334
550,LFU,0.18538411458333334
551,LFU,0.21907552083333334
552,LFU,0.19449869791666666
553,LFU,0.20589192708333334
554,LFU,0.19873046875
555,LFU,0.22737630208333334
556,LFU,0.20817057291666666
557,LFU,0.20296223958333334
558,LFU,0.20735677083333334
559,LFU,0.23649088541666666
560,LFU,0.21809895833333334
561,LFU,0.22884114583333334
562,LFU,0.2177734375
563,LFU,0.23551432291666666
564,LFU,0.21484375
565,LFU,0.2021484375
566,LFU,0.20442708333333334
567,LFU,0.21630859375
568,LFU,0.20296223958333334
569,LFU,0.20247395833333334
570,LFU,0.20589192708333334
571,LFU,0.22574869791666666
572,LFU,0.1904296875
573,LFU,0.18929036458333334
574,LFU,0.18391927083333334
575,LFU,0.21175130208333334
576,LFU,0.19466145833333334
577,LFU,0.17578125
578,LFU,0.18245442708333334
579,LFU,0.21663411458333334
580,LFU,0.18619791666666666
581,LFU,0.1884765625
582,LFU,0.1865234375
583,LFU,0.22037760416666666
584,LFU,0.20426432291666666
585,LFU,0.20296223958333334
586,LFU,0.20182291666666666
587,LFU,0.24332682291666666
588,LFU,0.22379557291666666
589,LFU,0.21305338541666666
590,LFU,0.20947265625
591,LFU,0.232421875
592,LFU,0.21533203125
593,LFU,0.22591145833333334
594,LFU,0.2138671875
595,LFU,0.22965494791666666
596,LFU,0.20621744791666666
597,LFU,0.193359375
598,LFU,0.19205729166666666
599,LFU,0.22200520833333334
600,LFU,0.19287109375
601,LFU,0.18636067708333334
602,LFU,0.19091796875
603,LFU,0.22819010416666666
604,LFU,0.20247395833333334
605,LFU,0.19775390625
606,LFU,0.19856770833333334
607,LFU,0.21907552083333334
608,LFU,0.2001953125
609,LFU,0.19742838541666666
610,LFU,0.19417317708333334
611,LFU,0.2373046875
612,LFU,0.21793619791666666
613,LFU,0.22835286458333334
614,LFU,0.22119140625
615,LFU,0.22916666666666666
616,LFU,0.21158854166666666
617,LFU,0.20572916666666666
618,LFU,0.20133463541666666
619,LFU,0.2265625
620,LFU,0.20084635416666666
621,LFU,0.208984375
622,LFU,0.20263671875
623,LFU,0.22428385416666666
624,LFU,0.20914713541666666
625,LFU,0.19401041666666666
626,LFU,0.19596354166666666
627,LFU,0.20670572916666666
628,LFU,0.17985026041666666
629,LFU,0.18570963541666666
630,LFU,0.19254557291666666
631,LFU,0.23046875
632,LFU,0.19449869791666666
633,LFU,0.18033854166666666
634,LFU,0.18522135416666666
635,LFU,0.21126302083333334
636,LFU,0.18701171875
637,LFU,0.17626953125
638,LFU,0.18440755208333334
639,LFU,0.21614583333333334
640,LFU,0.19189453125
641,LFU,0.19026692708333334
642,LFU,0.18684895833333334
643,LFU,0.22591145833333334
644,LFU,0.20149739583333334
645,LFU,0.18815104166666666
646,LFU,0.18863932291666666
647,LFU,0.2119140625
648,LFU,0.19026692708333334
649,LFU,0.19921875
650,LFU,0.1962890625
651,LFU,0.21630859375
652,LFU,0.19205729166666666
653,LFU,0.19417317708333334
654,LFU,0.20377604166666666
655,LFU,0.24088541666666666
656,LFU,0.220703125
657,LFU,0.2265625
658,LFU,0.2392578125
659,LFU,0.22102864583333334
660,LFU,0.19270833333333334
661,LFU,0.18505859375
662,LFU,0.181640625
663,LFU,0.2109375
664,LFU,0.19677734375
665,LFU,0.20849609375
666,LFU,0.20296223958333334
667,LFU,0.22314453125
668,LFU,0.20052083333333334
669,LFU,0.1943359375
670,LFU,0.18863932291666666
671,LFU,0.23421223958333334
672,LFU,0.20491536458333334
673,LFU,0.20703125
674,LFU,0.201171875
675,LFU,0.22965494791666666
676,LFU,0.21988932291666666
677,LFU,0.20751953125
678,LFU,0.20052083333333334
679,LFU,0.21354166666666666
680,LFU,0.19840494791666666
681,LFU,0.2060546875
682,LFU,0.19612630208333334
683,LFU,0.2314453125
684,LFU,0.21761067708333334
685,LFU,0.21907552083333334
686,LFU,0.21061197916666666
687,LFU,0.22509765625
688,LFU,0.19938151041666666
689,LFU,0.19661458333333334
690,LFU,0.20166015625
691,LFU,0.23486328125
692,LFU,0.21321614583333334
693,LFU,0.21533203125
694,LFU,0.22737630208333334
695,LFU,0.2581380208333333
696,LFU,0.23030598958333334
697,LFU,0.208984375
698,LFU,0.197265625
699,LFU,0.22151692708333334
700,LFU,0.18994140625
701,LFU,0.1904296875
702,LFU,0.17936197916666666
703,LFU,0.19580078125
704,LFU,0.18082682291666666
705,LFU,0.18831380208333334
706,LFU,0.18798828125
707,LFU,0.2041015625
708,LFU,0.19075520833333334
709,LFU,0.19368489583333334
710,LFU,0.19661458333333334
711,LFU,0.21875
712,LFU,0.19661458333333334
713,LFU,0.20296223958333334
714,LFU,0.19580078125
715,LFU,0.22705078125
716,LFU,0.2060546875
717,LFU,0.2099609375
718,LFU,0.19580078125
719,LFU,0.20768229166666666
720,LFU,0.19352213541666666
721,LFU,0.2041015625
722,LFU,0.20166015625
723,LFU,0.2275390625
724,LFU,0.20703125
725,LFU,0.20263671875
726,LFU,0.21142578125
727,LFU,0.22900390625
728,LFU,0.20947265625
729,LFU,0.19986979166666666
730,LFU,0.20914713541666666
731,LFU,0.23893229166666666
732,LFU,0.21875
733,LFU,0.21891276041666666
734,LFU,0.21956380208333334
735,LFU,0.2431640625
736,LFU,0.21940104166666666
737,LFU,0.21272786458333334
738,LFU,0.21533203125
739,LFU,0.23681640625
740,LFU,0.2158203125
741,LFU,0.20052083333333334
742,LFU,0.1923828125
743,LFU,0.2177734375
744,LFU,0.20524088541666666
745,LFU,0.19010416666666666
746,LFU,0.19677734375
747,LFU,0.22379557291666666
748,LFU,0.19775390625
749,LFU,0.19222005208333334
750,LFU,0.19759114583333334
751,LFU,0.21907552083333334
752,LFU,0.19661458333333334
753,LFU,0.197265625
754,LFU,0.20377604166666666
755,LFU,0.2275390625
756,LFU,0.208984375
757,LFU,0.21240234375
758,LFU,0.20442708333333334
759,LFU,0.22233072916666666
760,LFU,0.20572916666666666
761,LFU,0.19742838541666666
762,LFU,0.19108072916666666
763,LFU,0.2216796875
764,LFU,0.21126302083333334
765,LFU,0.21533203125
766,LFU,0.22802734375
767,LFU,0.2412109375
768,LFU,0.21809895833333334
769,LFU,0.20882161458333334
770,LFU,0.20247395833333334
771,LFU,0.23128255208333334
772,LFU,0.21044921875
773,LFU,0.21110026041666666
774,LFU,0.20768229166666666
775,LFU,0.22819010416666666
776,LFU,0.2216796875
777,LFU,0.22281901041666666
778,LFU,0.22314453125
779,LFU,0.22737630208333334
780,LFU,0.20231119791666666
781,LFU,0.19791666666666666
782,LFU,0.20247395833333334
783,LFU,0.23193359375
784,LFU,0.21321614583333334
785,LFU,0.19938151041666666
786,LFU,0.20735677083333334
787,LFU,0.22102864583333334
788,LFU,0.21223958333333334
789,LFU,0.2021484375
790,LFU,0.1875
791,LFU,0.2255859375
792,LFU,0.20686848958333334
793,LFU,0.18815104166666666
794,LFU,0.19563802083333334
795,LFU,0.23095703125
796,LFU,0.20231119791666666
797,LFU,0.21484375
798,LFU,0.2060546875
799,LFU,0.23388671875
800,LFU,0.2060546875
801,LFU,0.20833333333333334
802,LFU,0.19108072916666666
803,LFU,0.22819010416666666
804,LFU,0.22428385416666666
805,LFU,0.21077473958333334
806,LFU,0.22102864583333334
807,LFU,0.2503255208333333
808,LFU,0.2353515625
809,LFU,0.22574869791666666
810,LFU,0.20751953125
811,LFU,0.23046875
812,LFU,0.20393880208333334
813,LFU,0.20621744791666666
814,LFU,0.20817057291666666
815,LFU,0.23225911458333334
816,LFU,0.21435546875
817,LFU,0.21321614583333334
818,LFU,0.1943359375
819,LFU,0.24788411458333334
820,LFU,0.22607421875
821,LFU,0.21240234375
822,LFU,0.20930989583333334
823,LFU,0.21630859375
824,LFU,0.20263671875
825,LFU,0.19352213541666666
826,LFU,0.20345052083333334
827,LFU,0.21842447916666666
828,LFU,0.1982421875
829,LFU,0.1953125
830,LFU,0.18701171875
831,LFU,0.21077473958333334
832,LFU,0.18961588541666666
833,LFU,0.18701171875
834,LFU,0.193359375
835,LFU,0.23209635416666666
836,LFU,0.21044921875
837,LFU,0.19889322916666666
838,LFU,0.19807942708333334
839,LFU,0.22444661458333334
840,LFU,0.20035807291666666
841,LFU,0.205078125
842,LFU,0.18831380208333334
843,LFU,0.23893229166666666
844,LFU,0.22802734375
845,LFU,0.22314453125
846,LFU,0.22200520833333334
847,LFU,0.2275390625
848,LFU,0.20979817708333334
849,LFU,0.21923828125
850,LFU,0.20426432291666666
851,LFU,0.23583984375
852,LFU,0.21891276041666666
853,LFU,0.21744791666666666
854,LFU,0.22119140625
855,LFU,0.24886067708333334
856,LFU,0.2177734375
857,LFU,0.2333984375
858,LFU,0.21793619791666666
859,LFU,0.2373046875
860,LFU,0.20817057291666666
861,LFU,0.21500651041666666
862,LFU,0.21761067708333334
863,LFU,0.22705078125
864,LFU,0.20328776041666666
865,LFU,0.2021484375
866,LFU,0.2021484375
867,LFU,0.21988932291666666
868,LFU,0.19059244791666666
869,LFU,0.20084635416666666
870,LFU,0.19449869791666666
871,LFU,0.21402994791666666
872,LFU,0.18619791666666666
873,LFU,0.1884765625
874,LFU,0.18408203125
875,LFU,0.2197265625
876,LFU,0.20426432291666666
877,LFU,0.2099609375
878,LFU,0.20751953125
879,LFU,0.22314453125
880,LFU,0.20621744791666666
881,LFU,0.2041015625
882,LFU,0.19352213541666666
883,LFU,0.21695963541666666
884,LFU,0.20638020833333334
885,LFU,0.19840494791666666
886,LFU,0.19482421875
887,LFU,0.22526041666666666
888,LFU,0.20686848958333334
889,LFU,0.20930989583333334
890,LFU,0.1953125
891,LFU,0.20328776041666666
892,LFU,0.18115234375
893,LFU,0.18375651041666666
894,LFU,0.18863932291666666
895,LFU,0.22786458333333334
896,LFU,0.2041015625
897,LFU,0.2109375
898,LFU,0.21370442708333334
899,LFU,0.21842447916666666
900,LFU,0.19938151041666666
901,LFU,0.20393880208333334
902,LFU,0.224609375
903,LFU,0.24658203125
904,LFU,0.22216796875
905,LFU,0.2109375
906,LFU,0.2138671875
907,LFU,0.220703125
908,LFU,0.19661458333333334
909,LFU,0.21321614583333334
910,LFU,0.20735677083333334
911,LFU,0.21712239583333334
912,LFU,0.19580078125
913,LFU,0.18798828125
914,LFU,0.19498697916666666
915,LFU,0.2236328125
916,LFU,0.20524088541666666
917,LFU,0.19710286458333334
918,LFU,0.19645182291666666
919,LFU,0.22005208333333334
920,LFU,0.19694010416666666
921,LFU,0.21402994791666666
922,LFU,0.20035807291666666
923,LFU,0.24381510416666666
924,LFU,0.23160807291666666
925,LFU,0.23291015625
926,LFU,0.23079427083333334
927,LFU,0.23177083333333334
928,LFU,0.21695963541666666
929,LFU,0.22916666666666666
930,LFU,0.22054036458333334
931,LFU,0.24641927083333334
932,LFU,0.20784505208333334
933,LFU,0.19954427083333334
934,LFU,0.20817057291666666
935,LFU,0.23990885416666666
936,LFU,0.23828125
937,LFU,0.2275390625
938,LFU,0.21891276041666666
939,LFU,0.24462890625
940,LFU,0.22607421875
941,LFU,0.20638020833333334
942,LFU,0.1875
943,LFU,0.22819010416666666
944,LFU,0.22819010416666666
945,LFU,0.23876953125
946,LFU,0.22574869791666666
947,LFU,0.21842447916666666
948,LFU,0.20426432291666666
949,LFU,0.2041015625
950,LFU,0.19970703125
951,LFU,0.20621744791666666
952,LFU,0.1806640625
953,LFU,0.18017578125
954,LFU,0.17496744791666666
955,LFU,0.22802734375
956,LFU,0.20524088541666666
957,LFU,0.18863932291666666
958,LFU,0.19319661458333334
959,LFU,0.22786458333333334
960,LFU,0.19759114583333334
961,LFU,0.19563802083333334
962,LFU,0.19384765625
963,LFU,0.22086588541666666
964,LFU,0.19954427083333334
965,LFU,0.20703125
966,LFU,0.20182291666666666
967,LFU,0.2255859375
968,LFU,0.21305338541666666
969,LFU,0.20166015625
970,LFU,0.20068359375
971,LFU,0.24153645833333334
972,LFU,0.21354166666666666
973,LFU,0.21809895833333334
974,LFU,0.18977864583333334
975,LFU,0.21923828125
976,LFU,0.21614583333333334
977,LFU,0.2158203125
978,LFU,0.216796875
979,LFU,0.25146484375
980,LFU,0.22705078125
981,LFU,0.22721354166666666
982,LFU,0.228515625
983,LFU,0.24055989583333334
984,LFU,0.22216796875
985,LFU,0.2197265625
986,LFU,0.2158203125
987,LFU,0.23160807291666666
988,LFU,0.20133463541666666
989,LFU,0.20263671875
990,LFU,0.19612630208333334
991,LFU,0.21663411458333334
992,LFU,0.19319661458333334
993,LFU,0.19108072916666666
994,LFU,0.181640625
995,LFU,0.22526041666666666
996,LFU,0.2080078125
997,LFU,0.20719401041666666
998,LFU,0.20947265625
999,LFU,0.2542317708333333
1000,LFU,0.23209635416666666
1001,LFU,0.23209635416666666
1002,LFU,0.232421875
1003,LFU,0.23795572916666666
1004,LFU,0.22444661458333334
1005,LFU,0.21809895833333334
1006,LFU,0.21695963541666666
1007,LFU,0.23095703125
1008,LFU,0.2265625
1009,LFU,0.21761067708333334
1010,LFU,0.22607421875
1011,LFU,0.24088541666666666
1012,LFU,0.22086588541666666
1013,LFU,0.22330729166666666
1014,LFU,0.21354166666666666
1015,LFU,0.21956380208333334
1016,LFU,0.19807942708333334
1017,LFU,0.20458984375
1018,LFU,0.19905598958333334
1019,LFU,0.21451822916666666
1020,LFU,0.19580078125
1021,LFU,0.20166015625
1022,LFU,0.1923828125
1023,LFU,0.23372395833333334
3,WeightedLFU,0.3860677083333333
4,WeightedLFU,0.34521484375
5,WeightedLFU,0.3116861979166667
6,WeightedLFU,0.33984375
7,WeightedLFU,0.3780924479166667
8,WeightedLFU,0.37255859375
9,WeightedLFU,0.3444010416666667
10,WeightedLFU,0.3572591145833333
11,WeightedLFU,0.3707682291666667
12,WeightedLFU,0.3489583333333333
13,WeightedLFU,0.3517252604166667
14,WeightedLFU,0.349609375
15,WeightedLFU,0.3846028645833333
16,WeightedLFU,0.3888346354166667
17,WeightedLFU,0.4140625
18,WeightedLFU,0.3902994791666667
19,WeightedLFU,0.4015299479166667
20,WeightedLFU,0.3986002604166667
21,WeightedLFU,0.375
22,WeightedLFU,0.4039713541666667
23,WeightedLFU,0.4207356770833333
24,WeightedLFU,0.39306640625
25,WeightedLFU,0.41943359375
26,WeightedLFU,0.35986328125
27,WeightedLFU,0.3785807291666667
28,WeightedLFU,0.37890625
29,WeightedLFU,0.3746744791666667
30,WeightedLFU,0.365234375
31,WeightedLFU,0.3878580729166667
32,WeightedLFU,0.3759765625
33,WeightedLFU,0.3904622395833333
34,WeightedLFU,0.390625
35,WeightedLFU,0.3792317708333333
36,WeightedLFU,0.3595377604166667
37,WeightedLFU,0.3761393229166667
38,WeightedLFU,0.3419596354166667
39,WeightedLFU,0.353515625
40,WeightedLFU,0.3663736979166667
41,WeightedLFU,0.400390625
42,WeightedLFU,0.3929036458333333
43,WeightedLFU,0.41015625
44,WeightedLFU,0.4225260416666667
45,WeightedLFU,0.3904622395833333
46,WeightedLFU,0.3759765625
47,WeightedLFU,0.3621419270833333
48,WeightedLFU,0.3470052083333333
49,WeightedLFU,0.3780924479166667
50,WeightedLFU,0.3733723958333333
51,WeightedLFU,0.3953450520833333
52,WeightedLFU,0.3732096354166667
53,WeightedLFU,0.3533528645833333
54,WeightedLFU,0.3759765625
55,WeightedLFU,0.4270833333333333
56,WeightedLFU,0.3902994791666667
57,WeightedLFU,0.3888346354166667
58,WeightedLFU,0.3841145833333333
59,WeightedLFU,0.3933919270833333
60,WeightedLFU,0.4054361979166667
61,WeightedLFU,0.3603515625
62,WeightedLFU,0.3767903645833333
63,WeightedLFU,0.3857421875
64,WeightedLFU,0.3810221354166667
65,WeightedLFU,0.3611653645833333
66,WeightedLFU,0.3642578125
67,WeightedLFU,0.3720703125
68,WeightedLFU,0.3601888020833333
69,WeightedLFU,0.36865234375
70,WeightedLFU,0.3548177083333333
71,WeightedLFU,0.3780924479166667
72,WeightedLFU,0.3787434895833333
73,WeightedLFU,0.3748372395833333
74,WeightedLFU,0.3671875
75,WeightedLFU,0.3816731770833333
76,WeightedLFU,0.34228515625
77,WeightedLFU,0.3727213541666667
78,WeightedLFU,0.4046223958333333
79,WeightedLFU,0.4186197916666667
80,WeightedLFU,0.3955078125
81,WeightedLFU,0.3878580729166667
82,WeightedLFU,0.3868815104166667
83,WeightedLFU,0.3297526041666667
84,WeightedLFU,0.3533528645833333
85,WeightedLFU,0.33203125
86,WeightedLFU,0.3318684895833333
87,WeightedLFU,0.3349609375
88,WeightedLFU,0.38134765625
89,WeightedLFU,0.3400065104166667
90,WeightedLFU,0.3727213541666667
91,WeightedLFU,0.35498046875
92,WeightedLFU,0.37646484375
93,WeightedLFU,0.3636067708333333
94,WeightedLFU,0.3702799479166667
95,WeightedLFU,0.3894856770833333
96,WeightedLFU,0.3751627604166667
97,WeightedLFU,0.3740234375
98,WeightedLFU,0.37451171875
99,WeightedLFU,0.3889973958333333
100,WeightedLFU,0.3933919270833333
101,WeightedLFU,0.4021809895833333
102,WeightedLFU,0.3876953125
103,WeightedLFU,0.3821614583333333
104,WeightedLFU,0.3818359375
105,WeightedLFU,0.35791015625
106,WeightedLFU,0.3961588541666667
107,WeightedLFU,0.3966471354166667
108,WeightedLFU,0.4088541666666667
109,WeightedLFU,0.3610026041666667
110,WeightedLFU,0.3992513020833333
111,WeightedLFU,0.4021809895833333
112,WeightedLFU,0.3665364583333333
113,WeightedLFU,0.3391927083333333
114,WeightedLFU,0.3795572916666667
115,WeightedLFU,0.3684895833333333
116,WeightedLFU,0.3722330729166667
117,WeightedLFU,0.3605143229166667
118,WeightedLFU,0.3707682291666667
119,WeightedLFU,0.4031575520833333
120,WeightedLFU,0.39453125
121,WeightedLFU,0.3756510416666667
122,WeightedLFU,0.3434244791666667
123,WeightedLFU,0.3662109375
124,WeightedLFU,0.3982747395833333
125,WeightedLFU,0.3543294270833333
126,WeightedLFU,0.3525390625
127,WeightedLFU,0.3525390625
128,WeightedLFU,0.3818359375
129,WeightedLFU,0.3655598958333333
130,WeightedLFU,0.3362630208333333
131,WeightedLFU,0.3287760416666667
132,WeightedLFU,0.3429361979166667
133,WeightedLFU,0.3644205729166667
134,WeightedLFU,0.3673502604166667
135,WeightedLFU,0.34033203125
136,WeightedLFU,0.326171875
137,WeightedLFU,0.3572591145833333
138,WeightedLFU,0.3714192708333333
139,WeightedLFU,0.3504231770833333
140,WeightedLFU,0.33056640625
141,WeightedLFU,0.3512369791666667
142,WeightedLFU,0.34912109375
143,WeightedLFU,0.3701171875
144,WeightedLFU,0.3370768229166667
145,WeightedLFU,0.3292643229166667
146,WeightedLFU,0.3455403645833333
147,WeightedLFU,0.3518880208333333
148,WeightedLFU,0.3216145833333333
149,WeightedLFU,0.3121744791666667
150,WeightedLFU,0.3203125
151,WeightedLFU,0.32958984375
152,WeightedLFU,0.3318684895833333
153,WeightedLFU,0.337890625
154,WeightedLFU,0.326171875
155,WeightedLFU,0.32421875
156,WeightedLFU,0.31005859375
157,WeightedLFU,0.349609375
158,WeightedLFU,0.3527018229166667
159,WeightedLFU,0.3450520833333333
160,WeightedLFU,0.3640950520833333
161,WeightedLFU,0.3479817708333333
162,WeightedLFU,0.32861328125
163,WeightedLFU,0.31005859375
164,WeightedLFU,0.3258463541666667
165,WeightedLFU,0.34765625
166,WeightedLFU,0.3582356770833333
167,WeightedLFU,0.3470052083333333
168,WeightedLFU,0.3118489583333333
169,WeightedLFU,0.3429361979166667
170,WeightedLFU,0.3484700520833333
171,WeightedLFU,0.37646484375
172,WeightedLFU,0.35546875
173,WeightedLFU,0.3675130208333333
174,WeightedLFU,0.3299153645833333
175,WeightedLFU,0.3338216145833333
176,WeightedLFU,0.3544921875
177,WeightedLFU,0.3230794270833333
178,WeightedLFU,0.30419921875
179,WeightedLFU,0.3304036458333333
180,WeightedLFU,0.35107421875
181,WeightedLFU,0.3507486979166667
182,WeightedLFU,0.3177083333333333
183,WeightedLFU,0.3427734375
184,WeightedLFU,0.361328125
185,WeightedLFU,0.3434244791666667
186,WeightedLFU,0.32666015625
187,WeightedLFU,0.3424479166666667
188,WeightedLFU,0.3253580729166667
189,WeightedLFU,0.345703125
190,WeightedLFU,0.3658854166666667
191,WeightedLFU,0.3445638020833333
192,WeightedLFU,0.3577473958333333
193,WeightedLFU,0.341796875
194,WeightedLFU,0.3172200520833333
195,WeightedLFU,0.3219401041666667
196,WeightedLFU,0.33251953125
197,WeightedLFU,0.3172200520833333
198,WeightedLFU,0.3391927083333333
199,WeightedLFU,0.3369140625
200,WeightedLFU,0.35400390625
201,WeightedLFU,0.3660481770833333
202,WeightedLFU,0.3421223958333333
203,WeightedLFU,0.3094075520833333
204,WeightedLFU,0.310546875
205,WeightedLFU,0.3359375
206,WeightedLFU,0.3165690104166667
207,WeightedLFU,0.3125
208,WeightedLFU,0.3235677083333333
209,WeightedLFU,0.2967122395833333
210,WeightedLFU,0.32421875
211,WeightedLFU,0.34033203125
212,WeightedLFU,0.33056640625
213,WeightedLFU,0.318359375
214,WeightedLFU,0.3365885416666667
215,WeightedLFU,0.3302408854166667
216,WeightedLFU,0.33740234375
217,WeightedLFU,0.3369140625
218,WeightedLFU,0.32421875
219,WeightedLFU,0.3330078125
220,WeightedLFU,0.3214518229166667
221,WeightedLFU,0.33056640625
222,WeightedLFU,0.31640625
223,WeightedLFU,0.33056640625
224,WeightedLFU,0.3162434895833333
225,WeightedLFU,0.2991536458333333
226,WeightedLFU,0.3343098958333333
227,WeightedLFU,0.3592122395833333
228,WeightedLFU,0.3427734375
229,WeightedLFU,0.32763671875
230,WeightedLFU,0.3424479166666667
231,WeightedLFU,0.3447265625
232,WeightedLFU,0.3504231770833333
233,WeightedLFU,0.3181966145833333
234,WeightedLFU,0.2923177083333333
235,WeightedLFU,0.30419921875
236,WeightedLFU,0.3388671875
237,WeightedLFU,0.3592122395833333
238,WeightedLFU,0.3395182291666667
239,WeightedLFU,0.3274739583333333
240,WeightedLFU,0.3400065104166667
241,WeightedLFU,0.3020833333333333
242,WeightedLFU,0.3194986979166667
243,WeightedLFU,0.3059895833333333
244,WeightedLFU,0.326171875
245,WeightedLFU,0.3828125
246,WeightedLFU,0.3636067708333333
247,WeightedLFU,0.3502604166666667
248,WeightedLFU,0.3544921875
249,WeightedLFU,0.3385416666666667
250,WeightedLFU,0.3518880208333333
251,WeightedLFU,0.3400065104166667
252,WeightedLFU,0.3525390625
253,WeightedLFU,0.3121744791666667
254,WeightedLFU,0.3385416666666667
255,WeightedLFU,0.3522135416666667
256,WeightedLFU,0.3328450520833333
257,WeightedLFU,0.3411458333333333
258,WeightedLFU,0.3538411458333333
259,WeightedLFU,0.3225911458333333
260,WeightedLFU,0.3165690104166667
261,WeightedLFU,0.3225911458333333
262,WeightedLFU,0.3264973958333333
263,WeightedLFU,0.3380533854166667
264,WeightedLFU,0.32470703125
265,WeightedLFU,0.3095703125
266,WeightedLFU,0.3162434895833333
267,WeightedLFU,0.3279622395833333
268,WeightedLFU,0.3162434895833333
269,WeightedLFU,0.32666015625
270,WeightedLFU,0.3147786458333333
271,WeightedLFU,0.3326822916666667
272,WeightedLFU,0.3264973958333333
273,WeightedLFU,0.3448893229166667
274,WeightedLFU,0.3310546875
275,WeightedLFU,0.3304036458333333
276,WeightedLFU,0.32373046875
277,WeightedLFU,0.3527018229166667
278,WeightedLFU,0.3439127604166667
279,WeightedLFU,0.3466796875
280,WeightedLFU,0.3209635416666667
281,WeightedLFU,0.3356119791666667
282,WeightedLFU,0.34765625
283,WeightedLFU,0.3465169270833333
284,WeightedLFU,0.3391927083333333
285,WeightedLFU,0.3580729166666667
286,WeightedLFU,0.3478190104166667
287,WeightedLFU,0.3665364583333333
288,WeightedLFU,0.34423828125
289,WeightedLFU,0.3603515625
290,WeightedLFU,0.3670247395833333
291,WeightedLFU,0.3528645833333333
292,WeightedLFU,0.32666015625
293,WeightedLFU,0.3450520833333333
294,WeightedLFU,0.3826497395833333
295,WeightedLFU,0.3429361979166667
296,WeightedLFU,0.359375
297,WeightedLFU,0.37158203125
298,WeightedLFU,0.3684895833333333
299,WeightedLFU,0.3553059895833333
300,WeightedLFU,0.3494466145833333
301,WeightedLFU,0.3341471354166667
302,WeightedLFU,0.3395182291666667
303,WeightedLFU,0.32666015625
304,WeightedLFU,0.3235677083333333
305,WeightedLFU,0.3258463541666667
306,WeightedLFU,0.3251953125
307,WeightedLFU,0.3297526041666667
308,WeightedLFU,0.3349609375
309,WeightedLFU,0.3458658854166667
310,WeightedLFU,0.3409830729166667
311,WeightedLFU,0.3064778645833333
312,WeightedLFU,0.2861328125
313,WeightedLFU,0.3043619791666667
314,WeightedLFU,0.2926432291666667
315,WeightedLFU,0.2916666666666667
316,WeightedLFU,0.3035481770833333
317,WeightedLFU,0.3186848958333333
318,WeightedLFU,0.3396809895833333
319,WeightedLFU,0.3326822916666667
320,WeightedLFU,0.3141276041666667
321,WeightedLFU,0.3331705729166667
322,WeightedLFU,0.3333333333333333
323,WeightedLFU,0.3566080729166667
324,WeightedLFU,0.32861328125
325,WeightedLFU,0.3468424479166667
326,WeightedLFU,0.3181966145833333
327,WeightedLFU,0.3040364583333333
328,WeightedLFU,0.3180338541666667
329,WeightedLFU,0.294921875
330,WeightedLFU,0.3196614583333333
331,WeightedLFU,0.2864583333333333
332,WeightedLFU,0.2830403645833333
333,WeightedLFU,0.2911783854166667
334,WeightedLFU,0.2683919270833333
335,WeightedLFU,0.283203125
336,WeightedLFU,0.2957356770833333
337,WeightedLFU,0.29931640625
338,WeightedLFU,0.3338216145833333
339,WeightedLFU,0.3655598958333333
340,WeightedLFU,0.3328450520833333
341,WeightedLFU,0.3173828125
342,WeightedLFU,0.3323567708333333
343,WeightedLFU,0.3251953125
344,WeightedLFU,0.3209635416666667
345,WeightedLFU,0.31787109375
346,WeightedLFU,0.3487955729166667
347,WeightedLFU,0.3357747395833333
348,WeightedLFU,0.3068033854166667
349,WeightedLFU,0.3203125
350,WeightedLFU,0.3347981770833333
351,WeightedLFU,0.3087565104166667
352,WeightedLFU,0.3253580729166667
353,WeightedLFU,0.3043619791666667
354,WeightedLFU,0.3097330729166667
355,WeightedLFU,0.3302408854166667
356,WeightedLFU,0.3255208333333333
357,WeightedLFU,0.3291015625
358,WeightedLFU,0.3258463541666667
359,WeightedLFU,0.3167317708333333
360,WeightedLFU,0.3388671875
361,WeightedLFU,0.3268229166666667
362,WeightedLFU,0.322265625
363,WeightedLFU,0.2957356770833333
364,WeightedLFU,0.29052734375
365,WeightedLFU,0.2950846354166667
366,WeightedLFU,0.2849934895833333
367,WeightedLFU,0.2882486979166667
368,WeightedLFU,0.31884765625
369,WeightedLFU,0.30712890625
370,WeightedLFU,0.3024088541666667
371,WeightedLFU,0.2976888020833333
372,WeightedLFU,0.2996419270833333
373,WeightedLFU,0.3151041666666667
374,WeightedLFU,0.3108723958333333
375,WeightedLFU,0.2994791666666667
376,WeightedLFU,0.3351236979166667
377,WeightedLFU,0.3292643229166667
378,WeightedLFU,0.3045247395833333
379,WeightedLFU,0.3157552083333333
380,WeightedLFU,0.3190104166666667
381,WeightedLFU,0.3225911458333333
382,WeightedLFU,0.3385416666666667
383,WeightedLFU,0.3126627604166667
384,WeightedLFU,0.3118489583333333
385,WeightedLFU,0.2830403645833333
386,WeightedLFU,0.2902018229166667
387,WeightedLFU,0.3142903645833333
388,WeightedLFU,0.3277994791666667
389,WeightedLFU,0.3273111979166667
390,WeightedLFU,0.3299153645833333
391,WeightedLFU,0.35888671875
392,WeightedLFU,0.3567708333333333
393,WeightedLFU,0.3346354166666667
394,WeightedLFU,0.3087565104166667
395,WeightedLFU,0.3203125
396,WeightedLFU,0.3165690104166667
397,WeightedLFU,0.3175455729166667
398,WeightedLFU,0.3240559895833333
399,WeightedLFU,0.310546875
400,WeightedLFU,0.34765625
401,WeightedLFU,0.34716796875
402,WeightedLFU,0.3313802083333333
403,WeightedLFU,0.31787109375
404,WeightedLFU,0.32958984375
405,WeightedLFU,0.3466796875
406,WeightedLFU,0.3326822916666667
407,WeightedLFU,0.34716796875
408,WeightedLFU,0.3458658854166667
409,WeightedLFU,0.3567708333333333
410,WeightedLFU,0.3606770833333333
411,WeightedLFU,0.36181640625
412,WeightedLFU,0.35009765625
413,WeightedLFU,0.3284505208333333
414,WeightedLFU,0.310546875
415,WeightedLFU,0.3248697916666667
416,WeightedLFU,0.3326822916666667
417,WeightedLFU,0.32275390625
418,WeightedLFU,0.3450520833333333
419,WeightedLFU,0.3175455729166667
420,WeightedLFU,0.32666015625
421,WeightedLFU,0.31689453125
422,WeightedLFU,0.3097330729166667
423,WeightedLFU,0.3224283854166667
424,WeightedLFU,0.3287760416666667
425,WeightedLFU,0.3193359375
426,WeightedLFU,0.3349609375
427,WeightedLFU,0.3294270833333333
428,WeightedLFU,0.3421223958333333
429,WeightedLFU,0.3347981770833333
430,WeightedLFU,0.31982421875
431,WeightedLFU,0.3395182291666667
432,WeightedLFU,0.3333333333333333
433,WeightedLFU,0.3341471354166667
434,WeightedLFU,0.3225911458333333
435,WeightedLFU,0.3214518229166667
436,WeightedLFU,0.3230794270833333
437,WeightedLFU,0.30859375
438,WeightedLFU,0.2900390625
439,WeightedLFU,0.30859375
440,WeightedLFU,0.3028971354166667
441,WeightedLFU,0.3025716145833333
442,WeightedLFU,0.28173828125
443,WeightedLFU,0.2838541666666667
444,WeightedLFU,0.2877604166666667
445,WeightedLFU,0.2921549479166667
446,WeightedLFU,0.2919921875
447,WeightedLFU,0.27734375
448,WeightedLFU,0.2784830729166667
449,WeightedLFU,0.2740885416666667
450,WeightedLFU,0.28466796875
451,WeightedLFU,0.25390625
452,WeightedLFU,0.27978515625
453,WeightedLFU,0.2763671875
454,WeightedLFU,0.26025390625
455,WeightedLFU,0.2941080729166667
456,WeightedLFU,0.2965494791666667
457,WeightedLFU,0.29443359375
458,WeightedLFU,0.2775065104166667
459,WeightedLFU,0.27783203125
460,WeightedLFU,0.2742513020833333
461,WeightedLFU,0.26416015625
462,WeightedLFU,0.24772135416666666
463,WeightedLFU,0.2718098958333333
464,WeightedLFU,0.27685546875
465,WeightedLFU,0.2732747395833333
466,WeightedLFU,0.296875
467,WeightedLFU,0.3030598958333333
468,WeightedLFU,0.3141276041666667
469,WeightedLFU,0.2941080729166667
470,WeightedLFU,0.30615234375
471,WeightedLFU,0.30517578125
472,WeightedLFU,0.29833984375
473,WeightedLFU,0.3009440104166667
474,WeightedLFU,0.291015625
475,WeightedLFU,0.2975260416666667
476,WeightedLFU,0.3243815104166667
477,WeightedLFU,0.3128255208333333
478,WeightedLFU,0.3234049479166667
479,WeightedLFU,0.28271484375
480,WeightedLFU,0.2939453125
481,WeightedLFU,0.28466796875
482,WeightedLFU,0.27587890625
483,WeightedLFU,0.2799479166666667
484,WeightedLFU,0.26611328125
485,WeightedLFU,0.2696940104166667
486,WeightedLFU,0.2646484375
487,WeightedLFU,0.2784830729166667
488,WeightedLFU,0.2845052083333333
489,WeightedLFU,0.2799479166666667
490,WeightedLFU,0.2596028645833333
491,WeightedLFU,0.2537434895833333
492,WeightedLFU,0.2999674479166667
493,WeightedLFU,0.30126953125
494,WeightedLFU,0.3115234375
495,WeightedLFU,0.3028971354166667
496,WeightedLFU,0.3058268229166667
497,WeightedLFU,0.2981770833333333
498,WeightedLFU,0.3133138020833333
499,WeightedLFU,0.3043619791666667
500,WeightedLFU,0.3009440104166667
501,WeightedLFU,0.2960611979166667
502,WeightedLFU,0.2862955729166667
503,WeightedLFU,0.2976888020833333
504,WeightedLFU,0.28076171875
505,WeightedLFU,0.2991536458333333
506,WeightedLFU,0.2724609375
507,WeightedLFU,0.2744140625
508,WeightedLFU,0.3084309895833333
509,WeightedLFU,0.3263346354166667
510,WeightedLFU,0.3248697916666667
511,WeightedLFU,0.3079427083333333
512,WeightedLFU,0.2996419270833333
513,WeightedLFU,0.3006184895833333
514,WeightedLFU,0.3165690104166667
515,WeightedLFU,0.2859700520833333
516,WeightedLFU,0.3040364583333333
517,WeightedLFU,0.3458658854166667
518,WeightedLFU,0.3307291666666667
519,WeightedLFU,0.3434244791666667
520,WeightedLFU,0.32763671875
521,WeightedLFU,0.35009765625
522,WeightedLFU,0.3473307291666667
523,WeightedLFU,0.32080078125
524,WeightedLFU,0.3035481770833333
525,WeightedLFU,0.3015950520833333
526,WeightedLFU,0.3185221354166667
527,WeightedLFU,0.3102213541666667
528,WeightedLFU,0.3357747395833333
529,WeightedLFU,0.341796875
530,WeightedLFU,0.3313802083333333
531,WeightedLFU,0.3375651041666667
532,WeightedLFU,0.3102213541666667
533,WeightedLFU,0.3024088541666667
534,WeightedLFU,0.2950846354166667
535,WeightedLFU,0.3107096354166667
536,WeightedLFU,0.2864583333333333
537,WeightedLFU,0.29736328125
538,WeightedLFU,0.2952473958333333
539,WeightedLFU,0.2740885416666667
540,WeightedLFU,0.2970377604166667
541,WeightedLFU,0.2838541666666667
542,WeightedLFU,0.2853190104166667
543,WeightedLFU,0.2734375
544,WeightedLFU,0.2638346354166667
545,WeightedLFU,0.2737630208333333
546,WeightedLFU,0.265625
547,WeightedLFU,0.2840169270833333
548,WeightedLFU,0.2635091145833333
549,WeightedLFU,0.28076171875
550,WeightedLFU,0.2801106770833333
551,WeightedLFU,0.2605794270833333
552,WeightedLFU,0.25927734375
553,WeightedLFU,0.2638346354166667
554,WeightedLFU,0.2770182291666667
555,WeightedLFU,0.2571614583333333
556,WeightedLFU,0.2810872395833333
557,WeightedLFU,0.2898763020833333
558,WeightedLFU,0.2950846354166667
559,WeightedLFU,0.27783203125
560,WeightedLFU,0.2677408854166667
561,WeightedLFU,0.2745768229166667
562,WeightedLFU,0.3040364583333333
563,WeightedLFU,0.2848307291666667
564,WeightedLFU,0.2609049479166667
565,WeightedLFU,0.2794596354166667
566,WeightedLFU,0.2952473958333333
567,WeightedLFU,0.2838541666666667
568,WeightedLFU,0.3025716145833333
569,WeightedLFU,0.31005859375
570,WeightedLFU,0.314453125
571,WeightedLFU,0.29638671875
572,WeightedLFU,0.2804361979166667
573,WeightedLFU,0.2815755208333333
574,WeightedLFU,0.2776692708333333
575,WeightedLFU,0.2799479166666667
576,WeightedLFU,0.26416015625
577,WeightedLFU,0.2722981770833333
578,WeightedLFU,0.3180338541666667
579,WeightedLFU,0.3025716145833333
580,WeightedLFU,0.2932942708333333
581,WeightedLFU,0.291015625
582,WeightedLFU,0.2884114583333333
583,WeightedLFU,0.2919921875
584,WeightedLFU,0.2802734375
585,WeightedLFU,0.31396484375
586,WeightedLFU,0.29931640625
587,WeightedLFU,0.3116861979166667
588,WeightedLFU,0.3219401041666667
589,WeightedLFU,0.3194986979166667
590,WeightedLFU,0.3186848958333333
591,WeightedLFU,0.3015950520833333
592,WeightedLFU,0.31005859375
593,WeightedLFU,0.3102213541666667
594,WeightedLFU,0.3004557291666667
595,WeightedLFU,0.28564453125
596,WeightedLFU,0.30615234375
597,WeightedLFU,0.3015950520833333
598,WeightedLFU,0.2854817708333333
599,WeightedLFU,0.296875
600,WeightedLFU,0.27294921875
601,WeightedLFU,0.2732747395833333
602,WeightedLFU,0.2718098958333333
603,WeightedLFU,0.27001953125
604,WeightedLFU,0.28271484375
605,WeightedLFU,0.2763671875
606,WeightedLFU,0.2762044270833333
607,WeightedLFU,0.2978515625
608,WeightedLFU,0.2999674479166667
609,WeightedLFU,0.3146158854166667
610,WeightedLFU,0.3160807291666667
611,WeightedLFU,0.2985026041666667
612,WeightedLFU,0.2898763020833333
613,WeightedLFU,0.318359375
614,WeightedLFU,0.3011067708333333
615,WeightedLFU,0.3015950520833333
616,WeightedLFU,0.29150390625
617,WeightedLFU,0.2932942708333333
618,WeightedLFU,0.2994791666666667
619,WeightedLFU,0.3206380208333333
620,WeightedLFU,0.3116861979166667
621,WeightedLFU,0.3152669270833333
622,WeightedLFU,0.3346354166666667
623,WeightedLFU,0.30908203125
624,WeightedLFU,0.2996419270833333
625,WeightedLFU,0.28759765625
626,WeightedLFU,0.296875
627,WeightedLFU,0.2615559895833333
628,WeightedLFU,0.2762044270833333
629,WeightedLFU,0.2861328125
630,WeightedLFU,0.2923177083333333
631,WeightedLFU,0.2890625
632,WeightedLFU,0.271484375
633,WeightedLFU,0.24625651041666666
634,WeightedLFU,0.2550455729166667
635,WeightedLFU,0.24527994791666666
636,WeightedLFU,0.25244140625
637,WeightedLFU,0.263671875
638,WeightedLFU,0.2682291666666667
639,WeightedLFU,0.26904296875
640,WeightedLFU,0.26318359375
641,WeightedLFU,0.2776692708333333
642,WeightedLFU,0.2644856770833333
643,WeightedLFU,0.2638346354166667
644,WeightedLFU,0.2820638020833333
645,WeightedLFU,0.2620442708333333
646,WeightedLFU,0.24625651041666666
647,WeightedLFU,0.2609049479166667
648,WeightedLFU,0.2779947916666667
649,WeightedLFU,0.2784830729166667
650,WeightedLFU,0.30126953125
651,WeightedLFU,0.2744140625
652,WeightedLFU,0.2809244791666667
653,WeightedLFU,0.2711588541666667
654,WeightedLFU,0.2692057291666667
655,WeightedLFU,0.2685546875
656,WeightedLFU,0.26953125
657,WeightedLFU,0.2706705729166667
658,WeightedLFU,0.2975260416666667
659,WeightedLFU,0.2830403645833333
660,WeightedLFU,0.2584635416666667
661,WeightedLFU,0.27392578125
662,WeightedLFU,0.25341796875
663,WeightedLFU,0.2745768229166667
664,WeightedLFU,0.2880859375
665,WeightedLFU,0.3053385416666667
666,WeightedLFU,0.2950846354166667
667,WeightedLFU,0.2945963541666667
668,WeightedLFU,0.306640625
669,WeightedLFU,0.2830403645833333
670,WeightedLFU,0.2789713541666667
671,WeightedLFU,0.2745768229166667
672,WeightedLFU,0.2683919270833333
673,WeightedLFU,0.2825520833333333
674,WeightedLFU,0.2604166666666667
675,WeightedLFU,0.2677408854166667
676,WeightedLFU,0.2724609375
677,WeightedLFU,0.2771809895833333
678,WeightedLFU,0.2918294270833333
679,WeightedLFU,0.2664388020833333
680,WeightedLFU,0.3055013020833333
681,WeightedLFU,0.3180338541666667
682,WeightedLFU,0.2783203125
683,WeightedLFU,0.2874348958333333
684,WeightedLFU,0.28369140625
685,WeightedLFU,0.29248046875
686,WeightedLFU,0.28515625
687,WeightedLFU,0.2744140625
688,WeightedLFU,0.28125
689,WeightedLFU,0.2775065104166667
690,WeightedLFU,0.2999674479166667
691,WeightedLFU,0.3095703125
692,WeightedLFU,0.29931640625
693,WeightedLFU,0.2994791666666667
694,WeightedLFU,0.3172200520833333
695,WeightedLFU,0.3440755208333333
696,WeightedLFU,0.3087565104166667
697,WeightedLFU,0.3043619791666667
698,WeightedLFU,0.3146158854166667
699,WeightedLFU,0.2950846354166667
700,WeightedLFU,0.2947591145833333
701,WeightedLFU,0.3050130208333333
702,WeightedLFU,0.2643229166666667
703,WeightedLFU,0.2815755208333333
704,WeightedLFU,0.2976888020833333
705,WeightedLFU,0.3055013020833333
706,WeightedLFU,0.2906901041666667
707,WeightedLFU,0.2869466145833333
708,WeightedLFU,0.2742513020833333
709,WeightedLFU,0.2801106770833333
710,WeightedLFU,0.30908203125
711,WeightedLFU,0.3045247395833333
712,WeightedLFU,0.3037109375
713,WeightedLFU,0.3211263020833333
714,WeightedLFU,0.3077799479166667
715,WeightedLFU,0.31396484375
716,WeightedLFU,0.3068033854166667
717,WeightedLFU,0.3203125
718,WeightedLFU,0.30126953125
719,WeightedLFU,0.2835286458333333
720,WeightedLFU,0.3038736979166667
721,WeightedLFU,0.3116861979166667
722,WeightedLFU,0.3108723958333333
723,WeightedLFU,0.2976888020833333
724,WeightedLFU,0.2936197916666667
725,WeightedLFU,0.2902018229166667
726,WeightedLFU,0.2981770833333333
727,WeightedLFU,0.3033854166666667
728,WeightedLFU,0.29638671875
729,WeightedLFU,0.28271484375
730,WeightedLFU,0.298828125
731,WeightedLFU,0.3020833333333333
732,WeightedLFU,0.3147786458333333
733,WeightedLFU,0.3255208333333333
734,WeightedLFU,0.3131510416666667
735,WeightedLFU,0.3362630208333333
736,WeightedLFU,0.3287760416666667
737,WeightedLFU,0.3136393229166667
738,WeightedLFU,0.3167317708333333
739,WeightedLFU,0.3299153645833333
740,WeightedLFU,0.3121744791666667
741,WeightedLFU,0.30029296875
742,WeightedLFU,0.3152669270833333
743,WeightedLFU,0.3011067708333333
744,WeightedLFU,0.2958984375
745,WeightedLFU,0.27490234375
746,WeightedLFU,0.29931640625
747,WeightedLFU,0.3141276041666667
748,WeightedLFU,0.3082682291666667
749,WeightedLFU,0.283203125
750,WeightedLFU,0.3098958333333333
751,WeightedLFU,0.3015950520833333
752,WeightedLFU,0.2981770833333333
753,WeightedLFU,0.2998046875
754,WeightedLFU,0.3107096354166667
755,WeightedLFU,0.3107096354166667
756,WeightedLFU,0.2996419270833333
757,WeightedLFU,0.30078125
758,WeightedLFU,0.3155924479166667
759,WeightedLFU,0.2962239583333333
760,WeightedLFU,0.3108723958333333
761,WeightedLFU,0.3121744791666667
762,WeightedLFU,0.3035481770833333
763,WeightedLFU,0.3185221354166667
764,WeightedLFU,0.3030598958333333
765,WeightedLFU,0.29833984375
766,WeightedLFU,0.3245442708333333
767,WeightedLFU,0.3151041666666667
768,WeightedLFU,0.3317057291666667
769,WeightedLFU,0.3235677083333333
770,WeightedLFU,0.3361002604166667
771,WeightedLFU,0.3279622395833333
772,WeightedLFU,0.3094075520833333
773,WeightedLFU,0.30615234375
774,WeightedLFU,0.3107096354166667
775,WeightedLFU,0.31201171875
776,WeightedLFU,0.3092447916666667
777,WeightedLFU,0.3203125
778,WeightedLFU,0.3331705729166667
779,WeightedLFU,0.3170572916666667
780,WeightedLFU,0.2998046875
781,WeightedLFU,0.3056640625
782,WeightedLFU,0.3201497395833333
783,WeightedLFU,0.3098958333333333
784,WeightedLFU,0.2916666666666667
785,WeightedLFU,0.2740885416666667
786,WeightedLFU,0.3020833333333333
787,WeightedLFU,0.30419921875
788,WeightedLFU,0.30615234375
789,WeightedLFU,0.3349609375
790,WeightedLFU,0.3190104166666667
791,WeightedLFU,0.3131510416666667
792,WeightedLFU,0.31103515625
793,WeightedLFU,0.2965494791666667
794,WeightedLFU,0.3050130208333333
795,WeightedLFU,0.2952473958333333
796,WeightedLFU,0.3024088541666667
797,WeightedLFU,0.3206380208333333
798,WeightedLFU,0.3341471354166667
799,WeightedLFU,0.3095703125
800,WeightedLFU,0.3125
801,WeightedLFU,0.3097330729166667
802,WeightedLFU,0.3037109375
803,WeightedLFU,0.3058268229166667
804,WeightedLFU,0.322265625
805,WeightedLFU,0.302734375
806,WeightedLFU,0.3370768229166667
807,WeightedLFU,0.3240559895833333
808,WeightedLFU,0.3282877604166667
809,WeightedLFU,0.3024088541666667
810,WeightedLFU,0.3059895833333333
811,WeightedLFU,0.3025716145833333
812,WeightedLFU,0.3030598958333333
813,WeightedLFU,0.30419921875
814,WeightedLFU,0.29931640625
815,WeightedLFU,0.3020833333333333
816,WeightedLFU,0.3095703125
817,WeightedLFU,0.306640625
818,WeightedLFU,0.2908528645833333
819,WeightedLFU,0.30517578125
820,WeightedLFU,0.3082682291666667
821,WeightedLFU,0.3160807291666667
822,WeightedLFU,0.3045247395833333
823,WeightedLFU,0.2877604166666667
824,WeightedLFU,0.2962239583333333
825,WeightedLFU,0.2687174479166667
826,WeightedLFU,0.2801106770833333
827,WeightedLFU,0.30322265625
828,WeightedLFU,0.3009440104166667
829,WeightedLFU,0.3046875
830,WeightedLFU,0.28955078125
831,WeightedLFU,0.2822265625
832,WeightedLFU,0.2736002604166667
833,WeightedLFU,0.2765299479166667
834,WeightedLFU,0.30419921875
835,WeightedLFU,0.3092447916666667
836,WeightedLFU,0.29931640625
837,WeightedLFU,0.2989908854166667
838,WeightedLFU,0.3011067708333333
839,WeightedLFU,0.30029296875
840,WeightedLFU,0.3048502604166667
841,WeightedLFU,0.3206380208333333
842,WeightedLFU,0.3098958333333333
843,WeightedLFU,0.3147786458333333
844,WeightedLFU,0.3177083333333333
845,WeightedLFU,0.3211263020833333
846,WeightedLFU,0.3162434895833333
847,WeightedLFU,0.3165690104166667
848,WeightedLFU,0.3111979166666667
849,WeightedLFU,0.3079427083333333
850,WeightedLFU,0.32080078125
851,WeightedLFU,0.3113606770833333
852,WeightedLFU,0.3235677083333333
853,WeightedLFU,0.3224283854166667
854,WeightedLFU,0.3177083333333333
855,WeightedLFU,0.3408203125
856,WeightedLFU,0.3245442708333333
857,WeightedLFU,0.3361002604166667
858,WeightedLFU,0.3151041666666667
859,WeightedLFU,0.3107096354166667
860,WeightedLFU,0.2996419270833333
861,WeightedLFU,0.3087565104166667
862,WeightedLFU,0.3131510416666667
863,WeightedLFU,0.3121744791666667
864,WeightedLFU,0.28857421875
865,WeightedLFU,0.2906901041666667
866,WeightedLFU,0.30419921875
867,WeightedLFU,0.28759765625
868,WeightedLFU,0.2960611979166667
869,WeightedLFU,0.29541015625
870,WeightedLFU,0.2828776041666667
871,WeightedLFU,0.2903645833333333
872,WeightedLFU,0.3103841145833333
873,WeightedLFU,0.2955729166666667
874,WeightedLFU,0.3165690104166667
875,WeightedLFU,0.3115234375
876,WeightedLFU,0.30419921875
877,WeightedLFU,0.3077799479166667
878,WeightedLFU,0.328125
879,WeightedLFU,0.2950846354166667
880,WeightedLFU,0.302734375
881,WeightedLFU,0.3108723958333333
882,WeightedLFU,0.2937825520833333
883,WeightedLFU,0.2985026041666667
884,WeightedLFU,0.3102213541666667
885,WeightedLFU,0.2947591145833333
886,WeightedLFU,0.3053385416666667
887,WeightedLFU,0.3181966145833333
888,WeightedLFU,0.3251953125
889,WeightedLFU,0.3097330729166667
890,WeightedLFU,0.3040364583333333
891,WeightedLFU,0.306640625
892,WeightedLFU,0.2955729166666667
893,WeightedLFU,0.2900390625
894,WeightedLFU,0.3058268229166667
895,WeightedLFU,0.31005859375
896,WeightedLFU,0.3115234375
897,WeightedLFU,0.3248697916666667
898,WeightedLFU,0.32470703125
899,WeightedLFU,0.2985026041666667
900,WeightedLFU,0.32958984375
901,WeightedLFU,0.3307291666666667
902,WeightedLFU,0.3395182291666667
903,WeightedLFU,0.3365885416666667
904,WeightedLFU,0.33544921875
905,WeightedLFU,0.3234049479166667
906,WeightedLFU,0.3349609375
907,WeightedLFU,0.3089192708333333
908,WeightedLFU,0.2999674479166667
909,WeightedLFU,0.3098958333333333
910,WeightedLFU,0.3069661458333333
911,WeightedLFU,0.3025716145833333
912,WeightedLFU,0.3155924479166667
913,WeightedLFU,0.2937825520833333
914,WeightedLFU,0.3094075520833333
915,WeightedLFU,0.31982421875
916,WeightedLFU,0.31884765625
917,WeightedLFU,0.3107096354166667
918,WeightedLFU,0.3221028645833333
919,WeightedLFU,0.3181966145833333
920,WeightedLFU,0.31298828125
921,WeightedLFU,0.3440755208333333
922,WeightedLFU,0.33056640625
923,WeightedLFU,0.333984375
924,WeightedLFU,0.330078125
925,WeightedLFU,0.3338216145833333
926,WeightedLFU,0.32373046875
927,WeightedLFU,0.3277994791666667
928,WeightedLFU,0.3291015625
929,WeightedLFU,0.3391927083333333
930,WeightedLFU,0.33203125
931,WeightedLFU,0.3351236979166667
932,WeightedLFU,0.31689453125
933,WeightedLFU,0.3045247395833333
934,WeightedLFU,0.31005859375
935,WeightedLFU,0.3212890625
936,WeightedLFU,0.3427734375
937,WeightedLFU,0.3232421875
938,WeightedLFU,0.3382161458333333
939,WeightedLFU,0.3424479166666667
940,WeightedLFU,0.3362630208333333
941,WeightedLFU,0.3175455729166667
942,WeightedLFU,0.3025716145833333
943,WeightedLFU,0.3030598958333333
944,WeightedLFU,0.3238932291666667
945,WeightedLFU,0.3299153645833333
946,WeightedLFU,0.3238932291666667
947,WeightedLFU,0.2906901041666667
948,WeightedLFU,0.3019205729166667
949,WeightedLFU,0.298828125
950,WeightedLFU,0.3181966145833333
951,WeightedLFU,0.3043619791666667
952,WeightedLFU,0.2955729166666667
953,WeightedLFU,0.3118489583333333
954,WeightedLFU,0.3107096354166667
955,WeightedLFU,0.3279622395833333
956,WeightedLFU,0.32080078125
957,WeightedLFU,0.2999674479166667
958,WeightedLFU,0.3077799479166667
959,WeightedLFU,0.3134765625
960,WeightedLFU,0.31982421875
961,WeightedLFU,0.31640625
962,WeightedLFU,0.31884765625
963,WeightedLFU,0.3125
964,WeightedLFU,0.3111979166666667
965,WeightedLFU,0.3274739583333333
966,WeightedLFU,0.3204752604166667
967,WeightedLFU,0.3133138020833333
968,WeightedLFU,0.31494140625
969,WeightedLFU,0.3133138020833333
970,WeightedLFU,0.3118489583333333
971,WeightedLFU,0.3053385416666667
972,WeightedLFU,0.32763671875
973,WeightedLFU,0.33984375
974,WeightedLFU,0.3020833333333333
975,WeightedLFU,0.2945963541666667
976,WeightedLFU,0.310546875
977,WeightedLFU,0.3235677083333333
978,WeightedLFU,0.3162434895833333
979,WeightedLFU,0.32470703125
980,WeightedLFU,0.3128255208333333
981,WeightedLFU,0.3077799479166667
982,WeightedLFU,0.3147786458333333
983,WeightedLFU,0.31640625
984,WeightedLFU,0.3219401041666667
985,WeightedLFU,0.3273111979166667
986,WeightedLFU,0.3170572916666667
987,WeightedLFU,0.33056640625
988,WeightedLFU,0.3162434895833333
989,WeightedLFU,0.3121744791666667
990,WeightedLFU,0.3212890625
991,WeightedLFU,0.3157552083333333
992,WeightedLFU,0.3180338541666667
993,WeightedLFU,0.31787109375
994,WeightedLFU,0.2893880208333333
995,WeightedLFU,0.32861328125
996,WeightedLFU,0.3313802083333333
997,WeightedLFU,0.3204752604166667
998,WeightedLFU,0.3238932291666667
999,WeightedLFU,0.3611653645833333
1000,WeightedLFU,0.3512369791666667
1001,WeightedLFU,0.3597005208333333
1002,WeightedLFU,0.3512369791666667
1003,WeightedLFU,0.3219401041666667
1004,WeightedLFU,0.3430989583333333
1005,WeightedLFU,0.3203125
1006,WeightedLFU,0.3125
1007,WeightedLFU,0.3074544270833333
1008,WeightedLFU,0.3279622395833333
1009,WeightedLFU,0.3352864583333333
1010,WeightedLFU,0.3369140625
1011,WeightedLFU,0.3359375
1012,WeightedLFU,0.3250325520833333
1013,WeightedLFU,0.3273111979166667
1014,WeightedLFU,0.3175455729166667
1015,WeightedLFU,0.3103841145833333
1016,WeightedLFU,0.3048502604166667
1017,WeightedLFU,0.3190104166666667
1018,WeightedLFU,0.31396484375
1019,WeightedLFU,0.3076171875
1020,WeightedLFU,0.3116861979166667
1021,WeightedLFU,0.3209635416666667
1022,WeightedLFU,0.3157552083333333
1023,WeightedLFU,0.3113606770833333
3,THER,0.3860677083333333
4,THER,0.34521484375
5,THER,0.3116861979166667
6,THER,0.33984375
7,THER,0.3780924479166667
8,THER,0.37255859375
9,THER,0.3444010416666667
10,THER,0.3572591145833333
11,THER,0.3683268229166667
12,THER,0.3408203125
13,THER,0.3458658854166667
14,THER,0.341796875
15,THER,0.3824869791666667
16,THER,0.3902994791666667
17,THER,0.4103190104166667
18,THER,0.38671875
19,THER,0.4054361979166667
20,THER,0.3943684895833333
21,THER,0.3758138020833333
22,THER,0.4012044270833333
23,THER,0.419921875
24,THER,0.3844401041666667
25,THER,0.4129231770833333
26,THER,0.35400390625
27,THER,0.3777669270833333
28,THER,0.3697916666666667
29,THER,0.3681640625
30,THER,0.36279296875
31,THER,0.3958333333333333
32,THER,0.3743489583333333
33,THER,0.3902994791666667
34,THER,0.3902994791666667
35,THER,0.3824869791666667
36,THER,0.3567708333333333
37,THER,0.3723958333333333
38,THER,0.3323567708333333
39,THER,0.3575846354166667
40,THER,0.3597005208333333
41,THER,0.3907877604166667
42,THER,0.3909505208333333
43,THER,0.4178059895833333
44,THER,0.4103190104166667
45,THER,0.3680013020833333
46,THER,0.3636067708333333
47,THER,0.3644205729166667
48,THER,0.3466796875
49,THER,0.375
50,THER,0.3681640625
51,THER,0.4212239583333333
52,THER,0.3733723958333333
53,THER,0.3474934895833333
54,THER,0.3684895833333333
55,THER,0.4280598958333333
56,THER,0.38916015625
57,THER,0.37255859375
58,THER,0.3702799479166667
59,THER,0.3990885416666667
60,THER,0.3982747395833333
61,THER,0.3614908854166667
62,THER,0.3693033854166667
63,THER,0.3863932291666667
64,THER,0.3649088541666667
65,THER,0.3416341145833333
66,THER,0.3660481770833333
67,THER,0.384765625
68,THER,0.3670247395833333
69,THER,0.3701171875
70,THER,0.3553059895833333
71,THER,0.3850911458333333
72,THER,0.3746744791666667
73,THER,0.3624674479166667
74,THER,0.3536783854166667
75,THER,0.3878580729166667
76,THER,0.3356119791666667
77,THER,0.36962890625
78,THER,0.3972981770833333
79,THER,0.4287109375
80,THER,0.38330078125
81,THER,0.36865234375
82,THER,0.36962890625
83,THER,0.3302408854166667
84,THER,0.34912109375
85,THER,0.330078125
86,THER,0.3219401041666667
87,THER,0.3483072916666667
88,THER,0.3681640625
89,THER,0.3409830729166667
90,THER,0.3670247395833333
91,THER,0.3631184895833333
92,THER,0.36474609375
93,THER,0.3587239583333333
94,THER,0.3780924479166667
95,THER,0.4171549479166667
96,THER,0.3818359375
97,THER,0.3640950520833333
98,THER,0.36767578125
99,THER,0.3955078125
100,THER,0.38037109375
101,THER,0.3968098958333333
102,THER,0.3761393229166667
103,THER,0.39404296875
104,THER,0.3819986979166667
105,THER,0.3566080729166667
106,THER,0.3912760416666667
107,THER,0.4152018229166667
108,THER,0.4124348958333333
109,THER,0.369140625
110,THER,0.3899739583333333
111,THER,0.40576171875
112,THER,0.359375
113,THER,0.3214518229166667
114,THER,0.36865234375
115,THER,0.3761393229166667
116,THER,0.37060546875
117,THER,0.3512369791666667
118,THER,0.3662109375
119,THER,0.4060872395833333
120,THER,0.3929036458333333
121,THER,0.3758138020833333
122,THER,0.33740234375
123,THER,0.3772786458333333
124,THER,0.3976236979166667
125,THER,0.3533528645833333
126,THER,0.3543294270833333
127,THER,0.3614908854166667
128,THER,0.3893229166666667
129,THER,0.3699544270833333
130,THER,0.3323567708333333
131,THER,0.34521484375
132,THER,0.3347981770833333
133,THER,0.3494466145833333
134,THER,0.35302734375
135,THER,0.3572591145833333
136,THER,0.337890625
137,THER,0.3543294270833333
138,THER,0.37646484375
139,THER,0.37353515625
140,THER,0.3465169270833333
141,THER,0.3680013020833333
142,THER,0.3513997395833333
143,THER,0.3772786458333333
144,THER,0.3541666666666667
145,THER,0.3367513020833333
146,THER,0.3411458333333333
147,THER,0.3645833333333333
148,THER,0.3201497395833333
149,THER,0.3172200520833333
150,THER,0.3230794270833333
151,THER,0.3479817708333333
152,THER,0.3380533854166667
153,THER,0.3349609375
154,THER,0.3308919270833333
155,THER,0.3463541666666667
156,THER,0.32373046875
157,THER,0.32080078125
158,THER,0.3466796875
159,THER,0.3502604166666667
160,THER,0.3507486979166667
161,THER,0.3512369791666667
162,THER,0.3201497395833333
163,THER,0.3313802083333333
164,THER,0.33984375
165,THER,0.3601888020833333
166,THER,0.3673502604166667
167,THER,0.3660481770833333
168,THER,0.2916666666666667
169,THER,0.3216145833333333
170,THER,0.3440755208333333
171,THER,0.3859049479166667
172,THER,0.3473307291666667
173,THER,0.3504231770833333
174,THER,0.3146158854166667
175,THER,0.3541666666666667
176,THER,0.35546875
177,THER,0.3230794270833333
178,THER,0.31982421875
179,THER,0.3424479166666667
180,THER,0.3590494791666667
181,THER,0.3543294270833333
182,THER,0.3196614583333333
183,THER,0.3527018229166667
184,THER,0.3623046875
185,THER,0.3463541666666667
186,THER,0.3330078125
187,THER,0.3492838541666667
188,THER,0.33447265625
189,THER,0.34765625
190,THER,0.3523763020833333
191,THER,0.3577473958333333
192,THER,0.3375651041666667
193,THER,0.3235677083333333
194,THER,0.3134765625
195,THER,0.3427734375
196,THER,0.3289388020833333
197,THER,0.3092447916666667
198,THER,0.3273111979166667
199,THER,0.3509114583333333
200,THER,0.3448893229166667
201,THER,0.3512369791666667
202,THER,0.3338216145833333
203,THER,0.3180338541666667
204,THER,0.3214518229166667
205,THER,0.3377278645833333
206,THER,0.3142903645833333
207,THER,0.3361002604166667
208,THER,0.3123372395833333
209,THER,0.27978515625
210,THER,0.2958984375
211,THER,0.3494466145833333
212,THER,0.3284505208333333
213,THER,0.3203125
214,THER,0.3282877604166667
215,THER,0.3388671875
216,THER,0.3341471354166667
217,THER,0.3395182291666667
218,THER,0.3253580729166667
219,THER,0.3562825520833333
220,THER,0.33251953125
221,THER,0.32763671875
222,THER,0.3180338541666667
223,THER,0.34423828125
224,THER,0.3273111979166667
225,THER,0.30908203125
226,THER,0.3186848958333333
227,THER,0.3837890625
228,THER,0.3313802083333333
229,THER,0.3282877604166667
230,THER,0.3370768229166667
231,THER,0.3733723958333333
232,THER,0.34130859375
233,THER,0.3118489583333333
234,THER,0.2957356770833333
235,THER,0.3264973958333333
236,THER,0.3346354166666667
237,THER,0.3382161458333333
238,THER,0.3338216145833333
239,THER,0.3507486979166667
240,THER,0.3492838541666667
241,THER,0.3201497395833333
242,THER,0.3255208333333333
243,THER,0.3232421875
244,THER,0.33544921875
245,THER,0.36083984375
246,THER,0.3434244791666667
247,THER,0.3380533854166667
248,THER,0.3264973958333333
249,THER,0.3343098958333333
250,THER,0.3494466145833333
251,THER,0.3525390625
252,THER,0.3515625
253,THER,0.3162434895833333
254,THER,0.33935546875
255,THER,0.3680013020833333
256,THER,0.33837890625
257,THER,0.3414713541666667
258,THER,0.3492838541666667
259,THER,0.3419596354166667
260,THER,0.3206380208333333
261,THER,0.32275390625
262,THER,0.3292643229166667
263,THER,0.3561197916666667
264,THER,0.3347981770833333
265,THER,0.33154296875
266,THER,0.32470703125
267,THER,0.3333333333333333
268,THER,0.3251953125
269,THER,0.3395182291666667
270,THER,0.3186848958333333
271,THER,0.33544921875
272,THER,0.3024088541666667
273,THER,0.3287760416666667
274,THER,0.32177734375
275,THER,0.3463541666666667
276,THER,0.3277994791666667
277,THER,0.3466796875
278,THER,0.3489583333333333
279,THER,0.3601888020833333
280,THER,0.32568359375
281,THER,0.3313802083333333
282,THER,0.3204752604166667
283,THER,0.3513997395833333
284,THER,0.33984375
285,THER,0.3531901041666667
286,THER,0.34814453125
287,THER,0.3673502604166667
288,THER,0.3292643229166667
289,THER,0.3308919270833333
290,THER,0.33984375
291,THER,0.3649088541666667
292,THER,0.3279622395833333
293,THER,0.3426106770833333
294,THER,0.3780924479166667
295,THER,0.3536783854166667
296,THER,0.35400390625
297,THER,0.3533528645833333
298,THER,0.3566080729166667
299,THER,0.3766276041666667
300,THER,0.3458658854166667
301,THER,0.3326822916666667
302,THER,0.3411458333333333
303,THER,0.349609375
304,THER,0.3225911458333333
305,THER,0.33740234375
306,THER,0.3349609375
307,THER,0.3504231770833333
308,THER,0.3356119791666667
309,THER,0.3419596354166667
310,THER,0.3287760416666667
311,THER,0.3238932291666667
312,THER,0.2897135416666667
313,THER,0.3030598958333333
314,THER,0.2931315104166667
315,THER,0.3343098958333333
316,THER,0.2981770833333333
317,THER,0.3056640625
318,THER,0.3196614583333333
319,THER,0.3445638020833333
320,THER,0.3359375
321,THER,0.3279622395833333
322,THER,0.3103841145833333
323,THER,0.3624674479166667
324,THER,0.3271484375
325,THER,0.3282877604166667
326,THER,0.3107096354166667
327,THER,0.3302408854166667
328,THER,0.30615234375
329,THER,0.30810546875
330,THER,0.3258463541666667
331,THER,0.3251953125
332,THER,0.3116861979166667
333,THER,0.3038736979166667
334,THER,0.3115234375
335,THER,0.33056640625
336,THER,0.31103515625
337,THER,0.30078125
338,THER,0.3196614583333333
339,THER,0.35888671875
340,THER,0.3125
341,THER,0.2985026041666667
342,THER,0.3152669270833333
343,THER,0.3395182291666667
344,THER,0.3181966145833333
345,THER,0.3121744791666667
346,THER,0.3492838541666667
347,THER,0.3582356770833333
348,THER,0.3133138020833333
349,THER,0.3177083333333333
350,THER,0.34033203125
351,THER,0.33740234375
352,THER,0.3359375
353,THER,0.2903645833333333
354,THER,0.3082682291666667
355,THER,0.34765625
356,THER,0.345703125
357,THER,0.3230794270833333
358,THER,0.31884765625
359,THER,0.3463541666666667
360,THER,0.3505859375
361,THER,0.3427734375
362,THER,0.30419921875
363,THER,0.3151041666666667
364,THER,0.2985026041666667
365,THER,0.2998046875
366,THER,0.2962239583333333
367,THER,0.31103515625
368,THER,0.3035481770833333
369,THER,0.29443359375
370,THER,0.3040364583333333
371,THER,0.3313802083333333
372,THER,0.3069661458333333
373,THER,0.3045247395833333
374,THER,0.3128255208333333
375,THER,0.3318684895833333
376,THER,0.3302408854166667
377,THER,0.310546875
378,THER,0.2962239583333333
379,THER,0.3473307291666667
380,THER,0.33740234375
381,THER,0.3388671875
382,THER,0.34765625
383,THER,0.3509114583333333
384,THER,0.33740234375
385,THER,0.3015950520833333
386,THER,0.3089192708333333
387,THER,0.3271484375
388,THER,0.31884765625
389,THER,0.3206380208333333
390,THER,0.326171875
391,THER,0.3697916666666667
392,THER,0.35693359375
393,THER,0.3299153645833333
394,THER,0.29638671875
395,THER,0.33642578125
396,THER,0.3146158854166667
397,THER,0.3172200520833333
398,THER,0.3084309895833333
399,THER,0.3346354166666667
400,THER,0.34228515625
401,THER,0.3468424479166667
402,THER,0.3447265625
403,THER,0.3507486979166667
404,THER,0.34521484375
405,THER,0.36181640625
406,THER,0.3548177083333333
407,THER,0.3671875
408,THER,0.318359375
409,THER,0.3268229166666667
410,THER,0.33544921875
411,THER,0.38037109375
412,THER,0.3463541666666667
413,THER,0.3087565104166667
414,THER,0.3102213541666667
415,THER,0.35302734375
416,THER,0.3408203125
417,THER,0.3310546875
418,THER,0.353515625
419,THER,0.3689778645833333
420,THER,0.33740234375
421,THER,0.3284505208333333
422,THER,0.3126627604166667
423,THER,0.3326822916666667
424,THER,0.330078125
425,THER,0.3292643229166667
426,THER,0.3268229166666667
427,THER,0.3544921875
428,THER,0.3357747395833333
429,THER,0.3439127604166667
430,THER,0.3458658854166667
431,THER,0.3678385416666667
432,THER,0.34423828125
433,THER,0.31396484375
434,THER,0.3294270833333333
435,THER,0.349609375
436,THER,0.3365885416666667
437,THER,0.3123372395833333
438,THER,0.2980143229166667
439,THER,0.3416341145833333
440,THER,0.3287760416666667
441,THER,0.3284505208333333
442,THER,0.3025716145833333
443,THER,0.3346354166666667
444,THER,0.3194986979166667
445,THER,0.3094075520833333
446,THER,0.3033854166666667
447,THER,0.3346354166666667
448,THER,0.3040364583333333
449,THER,0.2884114583333333
450,THER,0.2822265625
451,THER,0.2841796875
452,THER,0.2696940104166667
453,THER,0.27978515625
454,THER,0.26904296875
455,THER,0.3326822916666667
456,THER,0.3108723958333333
457,THER,0.3193359375
458,THER,0.3038736979166667
459,THER,0.31982421875
460,THER,0.2960611979166667
461,THER,0.2763671875
462,THER,0.25390625
463,THER,0.3059895833333333
464,THER,0.3040364583333333
465,THER,0.3024088541666667
466,THER,0.326171875
467,THER,0.31787109375
468,THER,0.3123372395833333
469,THER,0.283203125
470,THER,0.3033854166666667
471,THER,0.3421223958333333
472,THER,0.31103515625
473,THER,0.3053385416666667
474,THER,0.3177083333333333
475,THER,0.3225911458333333
476,THER,0.3450520833333333
477,THER,0.3181966145833333
478,THER,0.333984375
479,THER,0.33544921875
480,THER,0.3211263020833333
481,THER,0.2932942708333333
482,THER,0.2893880208333333
483,THER,0.3157552083333333
484,THER,0.2867838541666667
485,THER,0.2939453125
486,THER,0.2950846354166667
487,THER,0.3367513020833333
488,THER,0.2916666666666667
489,THER,0.3123372395833333
490,THER,0.3097330729166667
491,THER,0.3380533854166667
492,THER,0.318359375
493,THER,0.3229166666666667
494,THER,0.3248697916666667
495,THER,0.31787109375
496,THER,0.3048502604166667
497,THER,0.3077799479166667
498,THER,0.3035481770833333
499,THER,0.3269856770833333
500,THER,0.30810546875
501,THER,0.2937825520833333
502,THER,0.28564453125
503,THER,0.3312174479166667
504,THER,0.2888997395833333
505,THER,0.3133138020833333
506,THER,0.3053385416666667
507,THER,0.35107421875
508,THER,0.3570963541666667
509,THER,0.3291015625
510,THER,0.3284505208333333
511,THER,0.3258463541666667
512,THER,0.2781575520833333
513,THER,0.2804361979166667
514,THER,0.30615234375
515,THER,0.32861328125
516,THER,0.3206380208333333
517,THER,0.3297526041666667
518,THER,0.3362630208333333
519,THER,0.3603515625
520,THER,0.3346354166666667
521,THER,0.3616536458333333
522,THER,0.3504231770833333
523,THER,0.35693359375
524,THER,0.3098958333333333
525,THER,0.3113606770833333
526,THER,0.34716796875
527,THER,0.3580729166666667
528,THER,0.3292643229166667
529,THER,0.3308919270833333
530,THER,0.2967122395833333
531,THER,0.3504231770833333
532,THER,0.3059895833333333
533,THER,0.3043619791666667
534,THER,0.2913411458333333
535,THER,0.3421223958333333
536,THER,0.3033854166666667
537,THER,0.3079427083333333
538,THER,0.3087565104166667
539,THER,0.3133138020833333
540,THER,0.328125
541,THER,0.302734375
542,THER,0.2887369791666667
543,THER,0.310546875
544,THER,0.2893880208333333
545,THER,0.29541015625
546,THER,0.2833658854166667
547,THER,0.31591796875
548,THER,0.3055013020833333
549,THER,0.3147786458333333
550,THER,0.3084309895833333
551,THER,0.3154296875
552,THER,0.3046875
553,THER,0.3151041666666667
554,THER,0.3134765625
555,THER,0.3390299479166667
556,THER,0.3219401041666667
557,THER,0.3063151041666667
558,THER,0.3235677083333333
559,THER,0.3387044270833333
560,THER,0.3370768229166667
561,THER,0.3349609375
562,THER,0.3294270833333333
563,THER,0.3118489583333333
564,THER,0.3108723958333333
565,THER,0.2975260416666667
566,THER,0.2887369791666667
567,THER,0.3125
568,THER,0.2991536458333333
569,THER,0.30810546875
570,THER,0.3243815104166667
571,THER,0.3336588541666667
572,THER,0.3001302083333333
573,THER,0.2960611979166667
574,THER,0.2918294270833333
575,THER,0.3229166666666667
576,THER,0.2898763020833333
577,THER,0.2921549479166667
578,THER,0.3162434895833333
579,THER,0.3336588541666667
580,THER,0.30517578125
581,THER,0.32080078125
582,THER,0.2932942708333333
583,THER,0.318359375
584,THER,0.2955729166666667
585,THER,0.32470703125
586,THER,0.3180338541666667
587,THER,0.359375
588,THER,0.3450520833333333
589,THER,0.3352864583333333
590,THER,0.3380533854166667
591,THER,0.3388671875
592,THER,0.3170572916666667
593,THER,0.3291015625
594,THER,0.3219401041666667
595,THER,0.3310546875
596,THER,0.3204752604166667
597,THER,0.3020833333333333
598,THER,0.3017578125
599,THER,0.3212890625
600,THER,0.3001302083333333
601,THER,0.2877604166666667
602,THER,0.2890625
603,THER,0.3289388020833333
604,THER,0.3020833333333333
605,THER,0.30810546875
606,THER,0.3123372395833333
607,THER,0.33544921875
608,THER,0.3170572916666667
609,THER,0.3199869791666667
610,THER,0.3248697916666667
611,THER,0.3512369791666667
612,THER,0.3087565104166667
613,THER,0.3486328125
614,THER,0.3289388020833333
615,THER,0.33984375
616,THER,0.318359375
617,THER,0.2999674479166667
618,THER,0.3056640625
619,THER,0.3543294270833333
620,THER,0.3087565104166667
621,THER,0.3229166666666667
622,THER,0.3196614583333333
623,THER,0.3328450520833333
624,THER,0.3203125
625,THER,0.30615234375
626,THER,0.3201497395833333
627,THER,0.31640625
628,THER,0.2779947916666667
629,THER,0.2970377604166667
630,THER,0.3040364583333333
631,THER,0.3375651041666667
632,THER,0.2902018229166667
633,THER,0.2727864583333333
634,THER,0.2858072916666667
635,THER,0.3121744791666667
636,THER,0.29736328125
637,THER,0.28857421875
638,THER,0.30078125
639,THER,0.3094075520833333
640,THER,0.2906901041666667
641,THER,0.302734375
642,THER,0.2941080729166667
643,THER,0.3230794270833333
644,THER,0.291015625
645,THER,0.275390625
646,THER,0.2819010416666667
647,THER,0.3072916666666667
648,THER,0.3056640625
649,THER,0.3128255208333333
650,THER,0.3206380208333333
651,THER,0.3258463541666667
652,THER,0.3103841145833333
653,THER,0.32080078125
654,THER,0.314453125
655,THER,0.3409830729166667
656,THER,0.3277994791666667
657,THER,0.3359375
658,THER,0.3465169270833333
659,THER,0.3274739583333333
660,THER,0.3019205729166667
661,THER,0.2882486979166667
662,THER,0.2950846354166667
663,THER,0.31201171875
664,THER,0.30322265625
665,THER,0.3131510416666667
666,THER,0.3248697916666667
667,THER,0.3487955729166667
668,THER,0.3282877604166667
669,THER,0.3180338541666667
670,THER,0.3053385416666667
671,THER,0.3338216145833333
672,THER,0.3235677083333333
673,THER,0.31103515625
674,THER,0.3046875
675,THER,0.3338216145833333
676,THER,0.3341471354166667
677,THER,0.3204752604166667
678,THER,0.3126627604166667
679,THER,0.3069661458333333
680,THER,0.3111979166666667
681,THER,0.3372395833333333
682,THER,0.30712890625
683,THER,0.3274739583333333
684,THER,0.3203125
685,THER,0.32421875
686,THER,0.3277994791666667
687,THER,0.3250325520833333
688,THER,0.30419921875
689,THER,0.3068033854166667
690,THER,0.3356119791666667
691,THER,0.3548177083333333
692,THER,0.3203125
693,THER,0.33349609375
694,THER,0.3463541666666667
695,THER,0.3736979166666667
696,THER,0.3440755208333333
697,THER,0.3193359375
698,THER,0.3160807291666667
699,THER,0.3240559895833333
700,THER,0.3177083333333333
701,THER,0.3074544270833333
702,THER,0.2862955729166667
703,THER,0.2989908854166667
704,THER,0.31884765625
705,THER,0.30126953125
706,THER,0.3157552083333333
707,THER,0.3045247395833333
708,THER,0.2928059895833333
709,THER,0.2994791666666667
710,THER,0.31884765625
711,THER,0.3404947916666667
712,THER,0.3175455729166667
713,THER,0.322265625
714,THER,0.3113606770833333
715,THER,0.330078125
716,THER,0.3131510416666667
717,THER,0.3263346354166667
718,THER,0.3165690104166667
719,THER,0.3175455729166667
720,THER,0.3258463541666667
721,THER,0.3250325520833333
722,THER,0.330078125
723,THER,0.33544921875
724,THER,0.3251953125
725,THER,0.3092447916666667
726,THER,0.3219401041666667
727,THER,0.3463541666666667
728,THER,0.3225911458333333
729,THER,0.314453125
730,THER,0.3219401041666667
731,THER,0.3445638020833333
732,THER,0.3212890625
733,THER,0.32666015625
734,THER,0.32861328125
735,THER,0.36767578125
736,THER,0.3370768229166667
737,THER,0.3268229166666667
738,THER,0.33056640625
739,THER,0.3720703125
740,THER,0.3372395833333333
741,THER,0.3098958333333333
742,THER,0.310546875
743,THER,0.3142903645833333
744,THER,0.3172200520833333
745,THER,0.2845052083333333
746,THER,0.31884765625
747,THER,0.3310546875
748,THER,0.306640625
749,THER,0.2776692708333333
750,THER,0.3151041666666667
751,THER,0.3177083333333333
752,THER,0.3050130208333333
753,THER,0.2911783854166667
754,THER,0.2998046875
755,THER,0.33154296875
756,THER,0.3094075520833333
757,THER,0.30517578125
758,THER,0.3113606770833333
759,THER,0.31298828125
760,THER,0.31494140625
761,THER,0.3069661458333333
762,THER,0.2928059895833333
763,THER,0.3333333333333333
764,THER,0.31298828125
765,THER,0.3020833333333333
766,THER,0.3400065104166667
767,THER,0.3492838541666667
768,THER,0.33984375
769,THER,0.32958984375
770,THER,0.3351236979166667
771,THER,0.34521484375
772,THER,0.3172200520833333
773,THER,0.30126953125
774,THER,0.3199869791666667
775,THER,0.33642578125
776,THER,0.3206380208333333
777,THER,0.3232421875
778,THER,0.3224283854166667
779,THER,0.3395182291666667
780,THER,0.3201497395833333
781,THER,0.3162434895833333
782,THER,0.318359375
783,THER,0.322265625
784,THER,0.2958984375
785,THER,0.2734375
786,THER,0.310546875
787,THER,0.3268229166666667
788,THER,0.3118489583333333
789,THER,0.337890625
790,THER,0.3191731770833333
791,THER,0.3434244791666667
792,THER,0.31591796875
793,THER,0.2903645833333333
794,THER,0.2923177083333333
795,THER,0.31591796875
796,THER,0.31689453125
797,THER,0.3193359375
798,THER,0.3289388020833333
799,THER,0.3313802083333333
800,THER,0.3170572916666667
801,THER,0.3138020833333333
802,THER,0.3191731770833333
803,THER,0.3289388020833333
804,THER,0.337890625
805,THER,0.33154296875
806,THER,0.3513997395833333
807,THER,0.349609375
808,THER,0.34423828125
809,THER,0.3312174479166667
810,THER,0.3194986979166667
811,THER,0.3255208333333333
812,THER,0.3224283854166667
813,THER,0.3287760416666667
814,THER,0.3406575520833333
815,THER,0.34716796875
816,THER,0.3411458333333333
817,THER,0.3414713541666667
818,THER,0.3204752604166667
819,THER,0.33837890625
820,THER,0.3251953125
821,THER,0.3146158854166667
822,THER,0.2996419270833333
823,THER,0.2952473958333333
824,THER,0.29248046875
825,THER,0.2819010416666667
826,THER,0.2975260416666667
827,THER,0.3245442708333333
828,THER,0.3004557291666667
829,THER,0.30224609375
830,THER,0.2872721354166667
831,THER,0.3214518229166667
832,THER,0.296875
833,THER,0.2864583333333333
834,THER,0.3038736979166667
835,THER,0.3255208333333333
836,THER,0.3077799479166667
837,THER,0.3077799479166667
838,THER,0.318359375
839,THER,0.3253580729166667
840,THER,0.3138020833333333
841,THER,0.3154296875
842,THER,0.30078125
843,THER,0.3326822916666667
844,THER,0.3196614583333333
845,THER,0.3271484375
846,THER,0.3365885416666667
847,THER,0.3606770833333333
848,THER,0.3409830729166667
849,THER,0.3377278645833333
850,THER,0.3333333333333333
851,THER,0.34326171875
852,THER,0.3251953125
853,THER,0.3206380208333333
854,THER,0.3312174479166667
855,THER,0.3435872395833333
856,THER,0.3313802083333333
857,THER,0.3434244791666667
858,THER,0.3211263020833333
859,THER,0.3330078125
860,THER,0.3079427083333333
861,THER,0.3162434895833333
862,THER,0.3170572916666667
863,THER,0.3173828125
864,THER,0.2976888020833333
865,THER,0.2989908854166667
866,THER,0.3125
867,THER,0.3234049479166667
868,THER,0.29150390625
869,THER,0.3011067708333333
870,THER,0.3056640625
871,THER,0.322265625
872,THER,0.2955729166666667
873,THER,0.2932942708333333
874,THER,0.3146158854166667
875,THER,0.3356119791666667
876,THER,0.3219401041666667
877,THER,0.3077799479166667
878,THER,0.3229166666666667
879,THER,0.3055013020833333
880,THER,0.3017578125
881,THER,0.3121744791666667
882,THER,0.2900390625
883,THER,0.3116861979166667
884,THER,0.3113606770833333
885,THER,0.2975260416666667
886,THER,0.3004557291666667
887,THER,0.3359375
888,THER,0.31787109375
889,THER,0.30810546875
890,THER,0.3146158854166667
891,THER,0.3385416666666667
892,THER,0.2859700520833333
893,THER,0.2897135416666667
894,THER,0.3056640625
895,THER,0.3294270833333333
896,THER,0.3165690104166667
897,THER,0.3165690104166667
898,THER,0.3250325520833333
899,THER,0.3196614583333333
900,THER,0.3336588541666667
901,THER,0.3287760416666667
902,THER,0.3375651041666667
903,THER,0.3421223958333333
904,THER,0.3304036458333333
905,THER,0.30859375
906,THER,0.3330078125
907,THER,0.32470703125
908,THER,0.3014322916666667
909,THER,0.314453125
910,THER,0.3011067708333333
911,THER,0.3258463541666667
912,THER,0.3094075520833333
913,THER,0.2802734375
914,THER,0.3059895833333333
915,THER,0.32373046875
916,THER,0.30517578125
917,THER,0.2864583333333333
918,THER,0.3033854166666667
919,THER,0.32275390625
920,THER,0.3087565104166667
921,THER,0.34326171875
922,THER,0.3274739583333333
923,THER,0.3551432291666667
924,THER,0.3356119791666667
925,THER,0.3427734375
926,THER,0.322265625
927,THER,0.3419596354166667
928,THER,0.3336588541666667
929,THER,0.3513997395833333
930,THER,0.3411458333333333
931,THER,0.357421875
932,THER,0.32666015625
933,THER,0.3151041666666667
934,THER,0.3212890625
935,THER,0.3414713541666667
936,THER,0.35302734375
937,THER,0.3346354166666667
938,THER,0.333984375
939,THER,0.35888671875
940,THER,0.3289388020833333
941,THER,0.3268229166666667
942,THER,0.3142903645833333
943,THER,0.3304036458333333
944,THER,0.3369140625
945,THER,0.3512369791666667
946,THER,0.3375651041666667
947,THER,0.3365885416666667
948,THER,0.3087565104166667
949,THER,0.31494140625
950,THER,0.3196614583333333
951,THER,0.328125
952,THER,0.30126953125
953,THER,0.29638671875
954,THER,0.3190104166666667
955,THER,0.3474934895833333
956,THER,0.3282877604166667
957,THER,0.3181966145833333
958,THER,0.3194986979166667
959,THER,0.3361002604166667
960,THER,0.3250325520833333
961,THER,0.32666015625
962,THER,0.31640625
963,THER,0.3330078125
964,THER,0.3089192708333333
965,THER,0.3271484375
966,THER,0.3094075520833333
967,THER,0.3470052083333333
968,THER,0.3307291666666667
969,THER,0.3321940104166667
970,THER,0.32861328125
971,THER,0.34814453125
972,THER,0.3287760416666667
973,THER,0.3304036458333333
974,THER,0.2978515625
975,THER,0.3141276041666667
976,THER,0.3269856770833333
977,THER,0.3404947916666667
978,THER,0.337890625
979,THER,0.3662109375
980,THER,0.3499348958333333
981,THER,0.34228515625
982,THER,0.3466796875
983,THER,0.3444010416666667
984,THER,0.3367513020833333
985,THER,0.3486328125
986,THER,0.3343098958333333
987,THER,0.3424479166666667
988,THER,0.3134765625
989,THER,0.3273111979166667
990,THER,0.3072916666666667
991,THER,0.33935546875
992,THER,0.3111979166666667
993,THER,0.3136393229166667
994,THER,0.3046875
995,THER,0.34423828125
996,THER,0.337890625
997,THER,0.3352864583333333
998,THER,0.3291015625
999,THER,0.36962890625
1000,THER,0.35009765625
1001,THER,0.3466796875
1002,THER,0.3347981770833333
1003,THER,0.3357747395833333
1004,THER,0.33349609375
1005,THER,0.3190104166666667
1006,THER,0.3028971354166667
1007,THER,0.3170572916666667
1008,THER,0.3292643229166667
1009,THER,0.3224283854166667
1010,THER,0.3380533854166667
1011,THER,0.35693359375
1012,THER,0.3313802083333333
1013,THER,0.3234049479166667
1014,THER,0.3074544270833333
1015,THER,0.3087565104166667
1016,THER,0.2989908854166667
1017,THER,0.3113606770833333
1018,THER,0.3072916666666667
1019,THER,0.3304036458333333
1020,THER,0.3204752604166667
1021,THER,0.3211263020833333
1022,THER,0.3225911458333333
1023,THER,0.3313802083333333
3,Oracle,0.3919270833333333
4,Oracle,0.3927408854166667
5,Oracle,0.3816731770833333
6,Oracle,0.3811848958333333
7,Oracle,0.38720703125
8,Oracle,0.3929036458333333
9,Oracle,0.3766276041666667
10,Oracle,0.3792317708333333
11,Oracle,0.3850911458333333
12,Oracle,0.3806966145833333
13,Oracle,0.3815104166666667
14,Oracle,0.3790690104166667
15,Oracle,0.3889973958333333
16,Oracle,0.4265950520833333
17,Oracle,0.4430338541666667
18,Oracle,0.40673828125
19,Oracle,0.41796875
20,Oracle,0.4158528645833333
21,Oracle,0.39794921875
22,Oracle,0.41748046875
23,Oracle,0.4215494791666667
24,Oracle,0.4153645833333333
25,Oracle,0.4405924479166667
26,Oracle,0.3738606770833333
27,Oracle,0.3792317708333333
28,Oracle,0.3997395833333333
29,Oracle,0.40869140625
30,Oracle,0.3899739583333333
31,Oracle,0.4044596354166667
32,Oracle,0.3875325520833333
33,Oracle,0.4031575520833333
34,Oracle,0.4070638020833333
35,Oracle,0.3824869791666667
36,Oracle,0.38623046875
37,Oracle,0.4142252604166667
38,Oracle,0.3629557291666667
39,Oracle,0.3712565104166667
40,Oracle,0.3819986979166667
41,Oracle,0.4142252604166667
42,Oracle,0.40576171875
43,Oracle,0.4210611979166667
44,Oracle,0.4392903645833333
45,Oracle,0.4080403645833333
46,Oracle,0.3870442708333333
47,Oracle,0.3767903645833333
48,Oracle,0.3709309895833333
49,Oracle,0.3955078125
50,Oracle,0.3854166666666667
51,Oracle,0.4169921875
52,Oracle,0.4065755208333333
53,Oracle,0.3798828125
54,Oracle,0.38818359375
55,Oracle,0.4290364583333333
56,Oracle,0.39892578125
57,Oracle,0.42626953125
58,Oracle,0.4069010416666667
59,Oracle,0.4049479166666667
60,Oracle,0.4259440104166667
61,Oracle,0.3854166666666667
62,Oracle,0.3909505208333333
63,Oracle,0.3953450520833333
64,Oracle,0.4080403645833333
65,Oracle,0.3929036458333333
66,Oracle,0.37060546875
67,Oracle,0.40625
68,Oracle,0.3955078125
69,Oracle,0.3977864583333333
70,Oracle,0.3629557291666667
71,Oracle,0.3878580729166667
72,Oracle,0.4000651041666667
73,Oracle,0.4031575520833333
74,Oracle,0.375
75,Oracle,0.39892578125
76,Oracle,0.3621419270833333
77,Oracle,0.3972981770833333
78,Oracle,0.41650390625
79,Oracle,0.4186197916666667
80,Oracle,0.4169921875
81,Oracle,0.4195963541666667
82,Oracle,0.41162109375
83,Oracle,0.3566080729166667
84,Oracle,0.3837890625
85,Oracle,0.3732096354166667
86,Oracle,0.37548828125
87,Oracle,0.3601888020833333
88,Oracle,0.41650390625
89,Oracle,0.3636067708333333
90,Oracle,0.3779296875
91,Oracle,0.38720703125
92,Oracle,0.40185546875
93,Oracle,0.3927408854166667
94,Oracle,0.4073893229166667
95,Oracle,0.412109375
96,Oracle,0.4065755208333333
97,Oracle,0.4098307291666667
98,Oracle,0.3984375
99,Oracle,0.40625
100,Oracle,0.4064127604166667
101,Oracle,0.42431640625
102,Oracle,0.4051106770833333
103,Oracle,0.4012044270833333
104,Oracle,0.4111328125
105,Oracle,0.39501953125
106,Oracle,0.4088541666666667
107,Oracle,0.423828125
108,Oracle,0.4402669270833333
109,Oracle,0.4055989583333333
110,Oracle,0.4069010416666667
111,Oracle,0.416015625
112,Oracle,0.3937174479166667
113,Oracle,0.3733723958333333
114,Oracle,0.3880208333333333
115,Oracle,0.3837890625
116,Oracle,0.38232421875
117,Oracle,0.3834635416666667
118,Oracle,0.3875325520833333
119,Oracle,0.4187825520833333
120,Oracle,0.4108072916666667
121,Oracle,0.40673828125
122,Oracle,0.3587239583333333
123,Oracle,0.3818359375
124,Oracle,0.4182942708333333
125,Oracle,0.37060546875
126,Oracle,0.3688151041666667
127,Oracle,0.361328125
128,Oracle,0.4142252604166667
129,Oracle,0.3916015625
130,Oracle,0.34814453125
131,Oracle,0.3525390625
132,Oracle,0.369140625
133,Oracle,0.3951822916666667
134,Oracle,0.3958333333333333
135,Oracle,0.3722330729166667
136,Oracle,0.3780924479166667
137,Oracle,0.3776041666666667
138,Oracle,0.3986002604166667
139,Oracle,0.3855794270833333
140,Oracle,0.36865234375
141,Oracle,0.3990885416666667
142,Oracle,0.3728841145833333
143,Oracle,0.3780924479166667
144,Oracle,0.3790690104166667
145,Oracle,0.3704427083333333
146,Oracle,0.3927408854166667
147,Oracle,0.3640950520833333
148,Oracle,0.3587239583333333
149,Oracle,0.36181640625
150,Oracle,0.3528645833333333
151,Oracle,0.3946940104166667
152,Oracle,0.3878580729166667
153,Oracle,0.36572265625
154,Oracle,0.3551432291666667
155,Oracle,0.36865234375
156,Oracle,0.35693359375
157,Oracle,0.3697916666666667
158,Oracle,0.3719075520833333
159,Oracle,0.3644205729166667
160,Oracle,0.3878580729166667
161,Oracle,0.3683268229166667
162,Oracle,0.3499348958333333
163,Oracle,0.3388671875
164,Oracle,0.3668619791666667
165,Oracle,0.39599609375
166,Oracle,0.39599609375
167,Oracle,0.3631184895833333
168,Oracle,0.37841796875
169,Oracle,0.38818359375
170,Oracle,0.3626302083333333
171,Oracle,0.3912760416666667
172,Oracle,0.3992513020833333
173,Oracle,0.388671875
174,Oracle,0.3675130208333333
175,Oracle,0.3728841145833333
176,Oracle,0.3955078125
177,Oracle,0.3518880208333333
178,Oracle,0.3440755208333333
179,Oracle,0.3439127604166667
180,Oracle,0.4025065104166667
181,Oracle,0.3992513020833333
182,Oracle,0.3518880208333333
183,Oracle,0.3740234375
184,Oracle,0.3819986979166667
185,Oracle,0.3779296875
186,Oracle,0.37109375
187,Oracle,0.3736979166666667
188,Oracle,0.3649088541666667
189,Oracle,0.3873697916666667
190,Oracle,0.38671875
191,Oracle,0.369140625
192,Oracle,0.3878580729166667
193,Oracle,0.3580729166666667
194,Oracle,0.3406575520833333
195,Oracle,0.34033203125
196,Oracle,0.3564453125
197,Oracle,0.3619791666666667
198,Oracle,0.3709309895833333
199,Oracle,0.365234375
200,Oracle,0.3701171875
201,Oracle,0.3806966145833333
202,Oracle,0.3680013020833333
203,Oracle,0.3406575520833333
204,Oracle,0.3494466145833333
205,Oracle,0.3772786458333333
206,Oracle,0.35107421875
207,Oracle,0.3287760416666667
208,Oracle,0.3619791666666667
209,Oracle,0.3396809895833333
210,Oracle,0.3307291666666667
211,Oracle,0.3572591145833333
212,Oracle,0.35498046875
213,Oracle,0.3585611979166667
214,Oracle,0.3683268229166667
215,Oracle,0.341796875
216,Oracle,0.3562825520833333
217,Oracle,0.3821614583333333
218,Oracle,0.3841145833333333
219,Oracle,0.3837890625
220,Oracle,0.3699544270833333
221,Oracle,0.3649088541666667
222,Oracle,0.3487955729166667
223,Oracle,0.3707682291666667
224,Oracle,0.3810221354166667
225,Oracle,0.3831380208333333
226,Oracle,0.3922526041666667
227,Oracle,0.3914388020833333
228,Oracle,0.3748372395833333
229,Oracle,0.3688151041666667
230,Oracle,0.3790690104166667
231,Oracle,0.3624674479166667
232,Oracle,0.3693033854166667
233,Oracle,0.36328125
234,Oracle,0.3273111979166667
235,Oracle,0.3375651041666667
236,Oracle,0.35546875
237,Oracle,0.3756510416666667
238,Oracle,0.3688151041666667
239,Oracle,0.3551432291666667
240,Oracle,0.3728841145833333
241,Oracle,0.3798828125
242,Oracle,0.3611653645833333
243,Oracle,0.33837890625
244,Oracle,0.3650716145833333
245,Oracle,0.400390625
246,Oracle,0.3844401041666667
247,Oracle,0.3684895833333333
248,Oracle,0.376953125
249,Oracle,0.3606770833333333
250,Oracle,0.3714192708333333
251,Oracle,0.36962890625
252,Oracle,0.38037109375
253,Oracle,0.3499348958333333
254,Oracle,0.3653971354166667
255,Oracle,0.3701171875
256,Oracle,0.3614908854166667
257,Oracle,0.3707682291666667
258,Oracle,0.3795572916666667
259,Oracle,0.34814453125
260,Oracle,0.3642578125
261,Oracle,0.3577473958333333
262,Oracle,0.3401692708333333
263,Oracle,0.3707682291666667
264,Oracle,0.3556315104166667
265,Oracle,0.35986328125
266,Oracle,0.3450520833333333
267,Oracle,0.3551432291666667
268,Oracle,0.3522135416666667
269,Oracle,0.3640950520833333
270,Oracle,0.3504231770833333
271,Oracle,0.3460286458333333
272,Oracle,0.3610026041666667
273,Oracle,0.37255859375
274,Oracle,0.3570963541666667
275,Oracle,0.35498046875
276,Oracle,0.3419596354166667
277,Oracle,0.3699544270833333
278,Oracle,0.37548828125
279,Oracle,0.3655598958333333
280,Oracle,0.3487955729166667
281,Oracle,0.3779296875
282,Oracle,0.36865234375
283,Oracle,0.36279296875
284,Oracle,0.3614908854166667
285,Oracle,0.39599609375
286,Oracle,0.3761393229166667
287,Oracle,0.3836263020833333
288,Oracle,0.3836263020833333
289,Oracle,0.4031575520833333
290,Oracle,0.3919270833333333
291,Oracle,0.3681640625
292,Oracle,0.3567708333333333
293,Oracle,0.36865234375
294,Oracle,0.40771484375
295,Oracle,0.36669921875
296,Oracle,0.3942057291666667
297,Oracle,0.3860677083333333
298,Oracle,0.384765625
299,Oracle,0.3834635416666667
300,Oracle,0.376953125
301,Oracle,0.3597005208333333
302,Oracle,0.3631184895833333
303,Oracle,0.3614908854166667
304,Oracle,0.35009765625
305,Oracle,0.36181640625
306,Oracle,0.3564453125
307,Oracle,0.3465169270833333
308,Oracle,0.3557942708333333
309,Oracle,0.3699544270833333
310,Oracle,0.3668619791666667
311,Oracle,0.3551432291666667
312,Oracle,0.353515625
313,Oracle,0.3717447916666667
314,Oracle,0.31591796875
315,Oracle,0.3331705729166667
316,Oracle,0.3430989583333333
317,Oracle,0.3502604166666667
318,Oracle,0.3512369791666667
319,Oracle,0.3507486979166667
320,Oracle,0.353515625
321,Oracle,0.3748372395833333
322,Oracle,0.3644205729166667
323,Oracle,0.3834635416666667
324,Oracle,0.3595377604166667
325,Oracle,0.3824869791666667
326,Oracle,0.3567708333333333
327,Oracle,0.33349609375
328,Oracle,0.3473307291666667
329,Oracle,0.3468424479166667
330,Oracle,0.357421875
331,Oracle,0.3291015625
332,Oracle,0.3400065104166667
333,Oracle,0.3317057291666667
334,Oracle,0.3450520833333333
335,Oracle,0.33642578125
336,Oracle,0.3460286458333333
337,Oracle,0.3346354166666667
338,Oracle,0.3502604166666667
339,Oracle,0.3811848958333333
340,Oracle,0.3502604166666667
341,Oracle,0.34521484375
342,Oracle,0.3626302083333333
343,Oracle,0.3430989583333333
344,Oracle,0.3445638020833333
345,Oracle,0.3492838541666667
346,Oracle,0.3743489583333333
347,Oracle,0.3697916666666667
348,Oracle,0.3533528645833333
349,Oracle,0.3655598958333333
350,Oracle,0.36474609375
351,Oracle,0.3409830729166667
352,Oracle,0.3624674479166667
353,Oracle,0.3444010416666667
354,Oracle,0.3390299479166667
355,Oracle,0.36376953125
356,Oracle,0.3766276041666667
357,Oracle,0.38037109375
358,Oracle,0.3763020833333333
359,Oracle,0.3564453125
360,Oracle,0.3811848958333333
361,Oracle,0.37744140625
362,Oracle,0.3544921875
363,Oracle,0.35107421875
364,Oracle,0.3575846354166667
365,Oracle,0.3499348958333333
366,Oracle,0.33056640625
367,Oracle,0.3204752604166667
368,Oracle,0.3513997395833333
369,Oracle,0.3492838541666667
370,Oracle,0.35302734375
371,Oracle,0.3310546875
372,Oracle,0.3427734375
373,Oracle,0.34912109375
374,Oracle,0.3448893229166667
375,Oracle,0.3328450520833333
376,Oracle,0.3590494791666667
377,Oracle,0.36669921875
378,Oracle,0.3356119791666667
379,Oracle,0.3541666666666667
380,Oracle,0.36328125
381,Oracle,0.36669921875
382,Oracle,0.36767578125
383,Oracle,0.359375
384,Oracle,0.36083984375
385,Oracle,0.34326171875
386,Oracle,0.3287760416666667
387,Oracle,0.3497721354166667
388,Oracle,0.37060546875
389,Oracle,0.3709309895833333
390,Oracle,0.37890625
391,Oracle,0.3681640625
392,Oracle,0.3785807291666667
393,Oracle,0.3792317708333333
394,Oracle,0.34375
395,Oracle,0.35302734375
396,Oracle,0.3631184895833333
397,Oracle,0.3541666666666667
398,Oracle,0.3509114583333333
399,Oracle,0.3447265625
400,Oracle,0.3798828125
401,Oracle,0.3826497395833333
402,Oracle,0.365234375
403,Oracle,0.3626302083333333
404,Oracle,0.3904622395833333
405,Oracle,0.39794921875
406,Oracle,0.3859049479166667
407,Oracle,0.36181640625
408,Oracle,0.3766276041666667
409,Oracle,0.3855794270833333
410,Oracle,0.3798828125
411,Oracle,0.37939453125
412,Oracle,0.3819986979166667
413,Oracle,0.3722330729166667
414,Oracle,0.3592122395833333
415,Oracle,0.3623046875
416,Oracle,0.3704427083333333
417,Oracle,0.3693033854166667
418,Oracle,0.3924153645833333
419,Oracle,0.38232421875
420,Oracle,0.3707682291666667
421,Oracle,0.37060546875
422,Oracle,0.3621419270833333
423,Oracle,0.33544921875
424,Oracle,0.3743489583333333
425,Oracle,0.35693359375
426,Oracle,0.3614908854166667
427,Oracle,0.3631184895833333
428,Oracle,0.3624674479166667
429,Oracle,0.3723958333333333
430,Oracle,0.3746744791666667
431,Oracle,0.3736979166666667
432,Oracle,0.3684895833333333
433,Oracle,0.3583984375
434,Oracle,0.3507486979166667
435,Oracle,0.3567708333333333
436,Oracle,0.361328125
437,Oracle,0.3453776041666667
438,Oracle,0.3356119791666667
439,Oracle,0.3557942708333333
440,Oracle,0.3624674479166667
441,Oracle,0.3650716145833333
442,Oracle,0.34130859375
443,Oracle,0.3624674479166667
444,Oracle,0.3697916666666667
445,Oracle,0.3583984375
446,Oracle,0.3248697916666667
447,Oracle,0.3404947916666667
448,Oracle,0.3349609375
449,Oracle,0.3190104166666667
450,Oracle,0.3172200520833333
451,Oracle,0.2859700520833333
452,Oracle,0.31591796875
453,Oracle,0.3414713541666667
454,Oracle,0.3225911458333333
455,Oracle,0.3347981770833333
456,Oracle,0.35009765625
457,Oracle,0.3528645833333333
458,Oracle,0.3310546875
459,Oracle,0.3214518229166667
460,Oracle,0.3274739583333333
461,Oracle,0.3238932291666667
462,Oracle,0.3154296875
463,Oracle,0.3147786458333333
464,Oracle,0.3414713541666667
465,Oracle,0.3427734375
466,Oracle,0.3385416666666667
467,Oracle,0.3180338541666667
468,Oracle,0.3502604166666667
469,Oracle,0.3445638020833333
470,Oracle,0.3468424479166667
471,Oracle,0.34716796875
472,Oracle,0.34423828125
473,Oracle,0.3515625
474,Oracle,0.3409830729166667
475,Oracle,0.3468424479166667
476,Oracle,0.3837890625
477,Oracle,0.3678385416666667
478,Oracle,0.3531901041666667
479,Oracle,0.34423828125
480,Oracle,0.3426106770833333
481,Oracle,0.3297526041666667
482,Oracle,0.3172200520833333
483,Oracle,0.3352864583333333
484,Oracle,0.3238932291666667
485,Oracle,0.3260091145833333
486,Oracle,0.3219401041666667
487,Oracle,0.3369140625
488,Oracle,0.3193359375
489,Oracle,0.3541666666666667
490,Oracle,0.3370768229166667
491,Oracle,0.3367513020833333
492,Oracle,0.3450520833333333
493,Oracle,0.3561197916666667
494,Oracle,0.3448893229166667
495,Oracle,0.3343098958333333
496,Oracle,0.3421223958333333
497,Oracle,0.3406575520833333
498,Oracle,0.3616536458333333
499,Oracle,0.3492838541666667
500,Oracle,0.3722330729166667
501,Oracle,0.337890625
502,Oracle,0.32421875
503,Oracle,0.33740234375
504,Oracle,0.3115234375
505,Oracle,0.34375
506,Oracle,0.3312174479166667
507,Oracle,0.35498046875
508,Oracle,0.4034830729166667
509,Oracle,0.3551432291666667
510,Oracle,0.36181640625
511,Oracle,0.3538411458333333
512,Oracle,0.3497721354166667
513,Oracle,0.34228515625
514,Oracle,0.3416341145833333
515,Oracle,0.3465169270833333
516,Oracle,0.3570963541666667
517,Oracle,0.37353515625
518,Oracle,0.3605143229166667
519,Oracle,0.3644205729166667
520,Oracle,0.3806966145833333
521,Oracle,0.3992513020833333
522,Oracle,0.4054361979166667
523,Oracle,0.3595377604166667
524,Oracle,0.3561197916666667
525,Oracle,0.3561197916666667
526,Oracle,0.3603515625
527,Oracle,0.3470052083333333
528,Oracle,0.3660481770833333
529,Oracle,0.36767578125
530,Oracle,0.345703125
531,Oracle,0.36474609375
532,Oracle,0.3642578125
533,Oracle,0.3759765625
534,Oracle,0.33154296875
535,Oracle,0.3585611979166667
536,Oracle,0.3426106770833333
537,Oracle,0.3466796875
538,Oracle,0.3499348958333333
539,Oracle,0.3126627604166667
540,Oracle,0.3435872395833333
541,Oracle,0.3434244791666667
542,Oracle,0.3361002604166667
543,Oracle,0.3287760416666667
544,Oracle,0.35009765625
545,Oracle,0.33984375
546,Oracle,0.3087565104166667
547,Oracle,0.3219401041666667
548,Oracle,0.3323567708333333
549,Oracle,0.3406575520833333
550,Oracle,0.3362630208333333
551,Oracle,0.3157552083333333
552,Oracle,0.3421223958333333
553,Oracle,0.349609375
554,Oracle,0.3380533854166667
555,Oracle,0.32763671875
556,Oracle,0.361328125
557,Oracle,0.3557942708333333
558,Oracle,0.3546549479166667
559,Oracle,0.3479817708333333
560,Oracle,0.3575846354166667
561,Oracle,0.36328125
562,Oracle,0.3528645833333333
563,Oracle,0.3395182291666667
564,Oracle,0.3304036458333333
565,Oracle,0.3367513020833333
566,Oracle,0.33642578125
567,Oracle,0.3330078125
568,Oracle,0.337890625
569,Oracle,0.3518880208333333
570,Oracle,0.3590494791666667
571,Oracle,0.3321940104166667
572,Oracle,0.3299153645833333
573,Oracle,0.3238932291666667
574,Oracle,0.3177083333333333
575,Oracle,0.3250325520833333
576,Oracle,0.3165690104166667
577,Oracle,0.3181966145833333
578,Oracle,0.3385416666666667
579,Oracle,0.3507486979166667
580,Oracle,0.3326822916666667
581,Oracle,0.3465169270833333
582,Oracle,0.3212890625
583,Oracle,0.3580729166666667
584,Oracle,0.3434244791666667
585,Oracle,0.36572265625
586,Oracle,0.3525390625
587,Oracle,0.3688151041666667
588,Oracle,0.375
589,Oracle,0.3629557291666667
590,Oracle,0.3577473958333333
591,Oracle,0.3408203125
592,Oracle,0.35205078125
593,Oracle,0.35791015625
594,Oracle,0.3453776041666667
595,Oracle,0.3250325520833333
596,Oracle,0.3466796875
597,Oracle,0.3426106770833333
598,Oracle,0.3504231770833333
599,Oracle,0.3489583333333333
600,Oracle,0.3409830729166667
601,Oracle,0.3414713541666667
602,Oracle,0.3304036458333333
603,Oracle,0.3522135416666667
604,Oracle,0.3304036458333333
605,Oracle,0.32958984375
606,Oracle,0.3401692708333333
607,Oracle,0.34326171875
608,Oracle,0.3440755208333333
609,Oracle,0.3546549479166667
610,Oracle,0.3517252604166667
611,Oracle,0.35693359375
612,Oracle,0.3447265625
613,Oracle,0.3802083333333333
614,Oracle,0.3671875
615,Oracle,0.3551432291666667
616,Oracle,0.3460286458333333
617,Oracle,0.3351236979166667
618,Oracle,0.3331705729166667
619,Oracle,0.36767578125
620,Oracle,0.3395182291666667
621,Oracle,0.3610026041666667
622,Oracle,0.373046875
623,Oracle,0.3440755208333333
624,Oracle,0.3487955729166667
625,Oracle,0.3294270833333333
626,Oracle,0.3387044270833333
627,Oracle,0.3204752604166667
628,Oracle,0.31640625
629,Oracle,0.3372395833333333
630,Oracle,0.3404947916666667
631,Oracle,0.33349609375
632,Oracle,0.32861328125
633,Oracle,0.3347981770833333
634,Oracle,0.3486328125
635,Oracle,0.31689453125
636,Oracle,0.3214518229166667
637,Oracle,0.3221028645833333
638,Oracle,0.32958984375
639,Oracle,0.3263346354166667
640,Oracle,0.3277994791666667
641,Oracle,0.3497721354166667
642,Oracle,0.337890625
643,Oracle,0.3330078125
644,Oracle,0.3400065104166667
645,Oracle,0.32177734375
646,Oracle,0.3102213541666667
647,Oracle,0.3154296875
648,Oracle,0.32275390625
649,Oracle,0.34130859375
650,Oracle,0.3447265625
651,Oracle,0.3321940104166667
652,Oracle,0.337890625
653,Oracle,0.3597005208333333
654,Oracle,0.3553059895833333
655,Oracle,0.3548177083333333
656,Oracle,0.3564453125
657,Oracle,0.3639322916666667
658,Oracle,0.3680013020833333
659,Oracle,0.3297526041666667
660,Oracle,0.3465169270833333
661,Oracle,0.3291015625
662,Oracle,0.3411458333333333
663,Oracle,0.3160807291666667
664,Oracle,0.3375651041666667
665,Oracle,0.3626302083333333
666,Oracle,0.3536783854166667
667,Oracle,0.3603515625
668,Oracle,0.3527018229166667
669,Oracle,0.3561197916666667
670,Oracle,0.32958984375
671,Oracle,0.34375
672,Oracle,0.3513997395833333
673,Oracle,0.3404947916666667
674,Oracle,0.3377278645833333
675,Oracle,0.3479817708333333
676,Oracle,0.3699544270833333
677,Oracle,0.3499348958333333
678,Oracle,0.3429361979166667
679,Oracle,0.32275390625
680,Oracle,0.3484700520833333
681,Oracle,0.3717447916666667
682,Oracle,0.35302734375
683,Oracle,0.3479817708333333
684,Oracle,0.3460286458333333
685,Oracle,0.3551432291666667
686,Oracle,0.359375
687,Oracle,0.3448893229166667
688,Oracle,0.3349609375
689,Oracle,0.3424479166666667
690,Oracle,0.3541666666666667
691,Oracle,0.3564453125
692,Oracle,0.3507486979166667
693,Oracle,0.36083984375
694,Oracle,0.3810221354166667
695,Oracle,0.3701171875
696,Oracle,0.369140625
697,Oracle,0.3582356770833333
698,Oracle,0.3650716145833333
699,Oracle,0.34423828125
700,Oracle,0.36474609375
701,Oracle,0.3435872395833333
702,Oracle,0.3131510416666667
703,Oracle,0.3079427083333333
704,Oracle,0.3458658854166667
705,Oracle,0.3486328125
706,Oracle,0.3375651041666667
707,Oracle,0.32275390625
708,Oracle,0.3206380208333333
709,Oracle,0.3273111979166667
710,Oracle,0.3487955729166667
711,Oracle,0.3447265625
712,Oracle,0.3463541666666667
713,Oracle,0.35888671875
714,Oracle,0.3302408854166667
715,Oracle,0.3408203125
716,Oracle,0.34033203125
717,Oracle,0.3543294270833333
718,Oracle,0.3447265625
719,Oracle,0.3206380208333333
720,Oracle,0.3577473958333333
721,Oracle,0.3684895833333333
722,Oracle,0.3572591145833333
723,Oracle,0.3352864583333333
724,Oracle,0.3502604166666667
725,Oracle,0.3445638020833333
726,Oracle,0.3577473958333333
727,Oracle,0.3513997395833333
728,Oracle,0.3395182291666667
729,Oracle,0.3382161458333333
730,Oracle,0.3543294270833333
731,Oracle,0.3486328125
732,Oracle,0.3492838541666667
733,Oracle,0.3507486979166667
734,Oracle,0.3548177083333333
735,Oracle,0.3802083333333333
736,Oracle,0.3650716145833333
737,Oracle,0.35302734375
738,Oracle,0.3527018229166667
739,Oracle,0.37109375
740,Oracle,0.3645833333333333
741,Oracle,0.3351236979166667
742,Oracle,0.3349609375
743,Oracle,0.3313802083333333
744,Oracle,0.3502604166666667
745,Oracle,0.3347981770833333
746,Oracle,0.3377278645833333
747,Oracle,0.3445638020833333
748,Oracle,0.3284505208333333
749,Oracle,0.3125
750,Oracle,0.34716796875
751,Oracle,0.3133138020833333
752,Oracle,0.3365885416666667
753,Oracle,0.3357747395833333
754,Oracle,0.3406575520833333
755,Oracle,0.3439127604166667
756,Oracle,0.3409830729166667
757,Oracle,0.3455403645833333
758,Oracle,0.34423828125
759,Oracle,0.32666015625
760,Oracle,0.3299153645833333
761,Oracle,0.35302734375
762,Oracle,0.33447265625
763,Oracle,0.3416341145833333
764,Oracle,0.3341471354166667
765,Oracle,0.3282877604166667
766,Oracle,0.3678385416666667
767,Oracle,0.3642578125
768,Oracle,0.3616536458333333
769,Oracle,0.3616536458333333
770,Oracle,0.35693359375
771,Oracle,0.3655598958333333
772,Oracle,0.3541666666666667
773,Oracle,0.3347981770833333
774,Oracle,0.3439127604166667
775,Oracle,0.3474934895833333
776,Oracle,0.3536783854166667
777,Oracle,0.3470052083333333
778,Oracle,0.35302734375
779,Oracle,0.3439127604166667
780,Oracle,0.3372395833333333
781,Oracle,0.3541666666666667
782,Oracle,0.3507486979166667
783,Oracle,0.3291015625
784,Oracle,0.3255208333333333
785,Oracle,0.3020833333333333
786,Oracle,0.3248697916666667
787,Oracle,0.3268229166666667
788,Oracle,0.333984375
789,Oracle,0.3727213541666667
790,Oracle,0.3583984375
791,Oracle,0.3487955729166667
792,Oracle,0.3507486979166667
793,Oracle,0.3347981770833333
794,Oracle,0.3268229166666667
795,Oracle,0.3365885416666667
796,Oracle,0.3404947916666667
797,Oracle,0.3465169270833333
798,Oracle,0.3466796875
799,Oracle,0.3486328125
800,Oracle,0.341796875
801,Oracle,0.3541666666666667
802,Oracle,0.34619140625
803,Oracle,0.3357747395833333
804,Oracle,0.3722330729166667
805,Oracle,0.369140625
806,Oracle,0.3839518229166667
807,Oracle,0.3681640625
808,Oracle,0.3636067708333333
809,Oracle,0.365234375
810,Oracle,0.33984375
811,Oracle,0.3328450520833333
812,Oracle,0.3430989583333333
813,Oracle,0.353515625
814,Oracle,0.3610026041666667
815,Oracle,0.3527018229166667
816,Oracle,0.3585611979166667
817,Oracle,0.365234375
818,Oracle,0.34423828125
819,Oracle,0.3463541666666667
820,Oracle,0.357421875
821,Oracle,0.35400390625
822,Oracle,0.3330078125
823,Oracle,0.3292643229166667
824,Oracle,0.33056640625
825,Oracle,0.31494140625
826,Oracle,0.3196614583333333
827,Oracle,0.3385416666666667
828,Oracle,0.3426106770833333
829,Oracle,0.3401692708333333
830,Oracle,0.3264973958333333
831,Oracle,0.32080078125
832,Oracle,0.3248697916666667
833,Oracle,0.33642578125
834,Oracle,0.3434244791666667
835,Oracle,0.34521484375
836,Oracle,0.3533528645833333
837,Oracle,0.3463541666666667
838,Oracle,0.3349609375
839,Oracle,0.3367513020833333
840,Oracle,0.3427734375
841,Oracle,0.3536783854166667
842,Oracle,0.3372395833333333
843,Oracle,0.34619140625
844,Oracle,0.3507486979166667
845,Oracle,0.3528645833333333
846,Oracle,0.3523763020833333
847,Oracle,0.3697916666666667
848,Oracle,0.36962890625
849,Oracle,0.3684895833333333
850,Oracle,0.35107421875
851,Oracle,0.33984375
852,Oracle,0.3484700520833333
853,Oracle,0.3629557291666667
854,Oracle,0.3502604166666667
855,Oracle,0.3527018229166667
856,Oracle,0.3583984375
857,Oracle,0.36474609375
858,Oracle,0.3444010416666667
859,Oracle,0.3465169270833333
860,Oracle,0.3404947916666667
861,Oracle,0.3416341145833333
862,Oracle,0.3372395833333333
863,Oracle,0.33056640625
864,Oracle,0.33056640625
865,Oracle,0.3307291666666667
866,Oracle,0.341796875
867,Oracle,0.3209635416666667
868,Oracle,0.3264973958333333
869,Oracle,0.3289388020833333
870,Oracle,0.32080078125
871,Oracle,0.3154296875
872,Oracle,0.3287760416666667
873,Oracle,0.32763671875
874,Oracle,0.3544921875
875,Oracle,0.3424479166666667
876,Oracle,0.3419596354166667
877,Oracle,0.3362630208333333
878,Oracle,0.3460286458333333
879,Oracle,0.3214518229166667
880,Oracle,0.33935546875
881,Oracle,0.34375
882,Oracle,0.3292643229166667
883,Oracle,0.3240559895833333
884,Oracle,0.3385416666666667
885,Oracle,0.3287760416666667
886,Oracle,0.3238932291666667
887,Oracle,0.3489583333333333
888,Oracle,0.3458658854166667
889,Oracle,0.3390299479166667
890,Oracle,0.3234049479166667
891,Oracle,0.3263346354166667
892,Oracle,0.3271484375
893,Oracle,0.3470052083333333
894,Oracle,0.3447265625
895,Oracle,0.34375
896,Oracle,0.3409830729166667
897,Oracle,0.3556315104166667
898,Oracle,0.3367513020833333
899,Oracle,0.3294270833333333
900,Oracle,0.36083984375
901,Oracle,0.3606770833333333
902,Oracle,0.3600260416666667
903,Oracle,0.3504231770833333
904,Oracle,0.3671875
905,Oracle,0.3587239583333333
906,Oracle,0.3580729166666667
907,Oracle,0.3434244791666667
908,Oracle,0.33984375
909,Oracle,0.3474934895833333
910,Oracle,0.3351236979166667
911,Oracle,0.337890625
912,Oracle,0.3551432291666667
913,Oracle,0.3557942708333333
914,Oracle,0.3318684895833333
915,Oracle,0.3365885416666667
916,Oracle,0.34765625
917,Oracle,0.3473307291666667
918,Oracle,0.3352864583333333
919,Oracle,0.33740234375
920,Oracle,0.3416341145833333
921,Oracle,0.3743489583333333
922,Oracle,0.3517252604166667
923,Oracle,0.3693033854166667
924,Oracle,0.3639322916666667
925,Oracle,0.36572265625
926,Oracle,0.33984375
927,Oracle,0.3561197916666667
928,Oracle,0.3522135416666667
929,Oracle,0.3767903645833333
930,Oracle,0.3816731770833333
931,Oracle,0.3684895833333333
932,Oracle,0.3821614583333333
933,Oracle,0.3527018229166667
934,Oracle,0.3372395833333333
935,Oracle,0.3580729166666667
936,Oracle,0.388671875
937,Oracle,0.3611653645833333
938,Oracle,0.3605143229166667
939,Oracle,0.36376953125
940,Oracle,0.3509114583333333
941,Oracle,0.353515625
942,Oracle,0.3382161458333333
943,Oracle,0.3450520833333333
944,Oracle,0.36962890625
945,Oracle,0.3870442708333333
946,Oracle,0.3587239583333333
947,Oracle,0.3440755208333333
948,Oracle,0.3317057291666667
949,Oracle,0.3528645833333333
950,Oracle,0.3484700520833333
951,Oracle,0.3352864583333333
952,Oracle,0.3347981770833333
953,Oracle,0.345703125
954,Oracle,0.3367513020833333
955,Oracle,0.359375
956,Oracle,0.35595703125
957,Oracle,0.3406575520833333
958,Oracle,0.3507486979166667
959,Oracle,0.3543294270833333
960,Oracle,0.3497721354166667
961,Oracle,0.3509114583333333
962,Oracle,0.3375651041666667
963,Oracle,0.3391927083333333
964,Oracle,0.3557942708333333
965,Oracle,0.36669921875
966,Oracle,0.35009765625
967,Oracle,0.353515625
968,Oracle,0.3634440104166667
969,Oracle,0.3642578125
970,Oracle,0.3610026041666667
971,Oracle,0.35693359375
972,Oracle,0.3626302083333333
973,Oracle,0.3702799479166667
974,Oracle,0.3251953125
975,Oracle,0.3194986979166667
976,Oracle,0.3499348958333333
977,Oracle,0.36572265625
978,Oracle,0.3541666666666667
979,Oracle,0.3782552083333333
980,Oracle,0.380859375
981,Oracle,0.3758138020833333
982,Oracle,0.3771158854166667
983,Oracle,0.3544921875
984,Oracle,0.3606770833333333
985,Oracle,0.36962890625
986,Oracle,0.3605143229166667
987,Oracle,0.3582356770833333
988,Oracle,0.3597005208333333
989,Oracle,0.359375
990,Oracle,0.3489583333333333
991,Oracle,0.3585611979166667
992,Oracle,0.3649088541666667
993,Oracle,0.3489583333333333
994,Oracle,0.3186848958333333
995,Oracle,0.3590494791666667
996,Oracle,0.361328125
997,Oracle,0.3688151041666667
998,Oracle,0.3592122395833333
999,Oracle,0.3888346354166667
1000,Oracle,0.3873697916666667
1001,Oracle,0.38330078125
1002,Oracle,0.3740234375
1003,Oracle,0.3489583333333333
1004,Oracle,0.3678385416666667
1005,Oracle,0.3572591145833333
1006,Oracle,0.3234049479166667
1007,Oracle,0.32080078125
1008,Oracle,0.3640950520833333
1009,Oracle,0.3518880208333333
1010,Oracle,0.3570963541666667
1011,Oracle,0.3624674479166667
1012,Oracle,0.3644205729166667
1013,Oracle,0.3585611979166667
1014,Oracle,0.3331705729166667
1015,Oracle,0.3203125
1016,Oracle,0.32763671875
1017,Oracle,0.3484700520833333
1018,Oracle,0.3401692708333333
1019,Oracle,0.33544921875
1020,Oracle,0.3426106770833333
1021,Oracle,0.3502604166666667
1022,Oracle,0.3404947916666667
1023,Oracle,0.4039713541666667
