decode_step,policy,gpu_routed_token_coverage
3,Static,0.09700520833333333
4,Static,0.09212239583333333
5,Static,0.08919270833333333
6,Static,0.091796875
7,Static,0.091796875
8,Static,0.09261067708333333
9,Static,0.09049479166666667
10,Static,0.09049479166666667
11,Static,0.09195963541666667
12,Static,0.08723958333333333
13,Static,0.09895833333333333
14,Static,0.08772786458333333
15,Static,0.08919270833333333
16,Static,0.09488932291666667
17,Static,0.09114583333333333
18,Static,0.0986328125
19,Static,0.09358723958333333
20,Static,0.09733072916666667
21,Static,0.10009765625
22,Static,0.09993489583333333
23,Static,0.09505208333333333
24,Static,0.09619140625
25,Static,0.095703125
26,Static,0.09944661458333333
27,Static,0.09537760416666667
28,Static,0.10302734375
29,Static,0.09537760416666667
30,Static,0.09895833333333333
31,Static,0.0986328125
32,Static,0.09814453125
33,Static,0.099609375
34,Static,0.09407552083333333
35,Static,0.09700520833333333
36,Static,0.09879557291666667
37,Static,0.08870442708333333
38,Static,0.0927734375
39,Static,0.09114583333333333
40,Static,0.09293619791666667
41,Static,0.09716796875
42,Static,0.09033203125
43,Static,0.09114583333333333
44,Static,0.087890625
45,Static,0.09212239583333333
46,Static,0.09700520833333333
47,Static,0.09521484375
48,Static,0.099609375
49,Static,0.09212239583333333
50,Static,0.08968098958333333
51,Static,0.09098307291666667
52,Static,0.09586588541666667
53,Static,0.09619140625
54,Static,0.10042317708333333
55,Static,0.1025390625
56,Static,0.0986328125
57,Static,0.08968098958333333
58,Static,0.09488932291666667
59,Static,0.0966796875
60,Static,0.09293619791666667
61,Static,0.0927734375
62,Static,0.09749348958333333
63,Static,0.09781901041666667
64,Static,0.09798177083333333
65,Static,0.095703125
66,Static,0.09944661458333333
67,Static,0.10432942708333333
68,Static,0.10188802083333333
69,Static,0.10172526041666667
70,Static,0.0947265625
71,Static,0.09391276041666667
72,Static,0.10107421875
73,Static,0.09554036458333333
74,Static,0.09749348958333333
75,Static,0.09700520833333333
76,Static,0.09358723958333333
77,Static,0.09521484375
78,Static,0.10237630208333333
79,Static,0.08805338541666667
80,Static,0.09993489583333333
81,Static,0.09847005208333333
82,Static,0.09423828125
83,Static,0.10172526041666667
84,Static,0.10123697916666667
85,Static,0.09781901041666667
86,Static,0.09879557291666667
87,Static,0.09586588541666667
88,Static,0.08837890625
89,Static,0.09977213541666667
90,Static,0.091796875
91,Static,0.09765625
92,Static,0.09407552083333333
93,Static,0.09488932291666667
94,Static,0.09261067708333333
95,Static,0.09407552083333333
96,Static,0.09895833333333333
97,Static,0.09847005208333333
98,Static,0.09423828125
99,Static,0.09895833333333333
100,Static,0.09684244791666667
101,Static,0.09830729166666667
102,Static,0.1005859375
103,Static,0.09716796875
104,Static,0.0947265625
105,Static,0.09798177083333333
106,Static,0.10302734375
107,Static,0.09977213541666667
108,Static,0.1005859375
109,Static,0.10237630208333333
110,Static,0.09830729166666667
111,Static,0.09814453125
112,Static,0.09602864583333333
113,Static,0.09830729166666667
114,Static,0.10091145833333333
115,Static,0.09228515625
116,Static,0.10514322916666667
117,Static,0.095703125
118,Static,0.09114583333333333
119,Static,0.09765625
120,Static,0.09456380208333333
121,Static,0.09586588541666667
122,Static,0.09700520833333333
123,Static,0.09912109375
124,Static,0.09928385416666667
125,Static,0.09895833333333333
126,Static,0.09163411458333333
127,Static,0.0986328125
128,Static,0.09749348958333333
129,Static,0.0927734375
130,Static,0.09505208333333333
131,Static,0.09326171875
132,Static,0.10302734375
133,Static,0.09716796875
134,Static,0.10172526041666667
135,Static,0.09879557291666667
136,Static,0.10774739583333333
137,Static,0.09944661458333333
138,Static,0.09749348958333333
139,Static,0.09993489583333333
140,Static,0.09895833333333333
141,Static,0.10188802083333333
142,Static,0.10026041666666667
143,Static,0.10465494791666667
144,Static,0.10791015625
145,Static,0.09944661458333333
146,Static,0.10188802083333333
147,Static,0.10546875
148,Static,0.10286458333333333
149,Static,0.10823567708333333
150,Static,0.10595703125
151,Static,0.1005859375
152,Static,0.09798177083333333
153,Static,0.09847005208333333
154,Static,0.10107421875
155,Static,0.10921223958333333
156,Static,0.107421875
157,Static,0.10660807291666667
158,Static,0.09879557291666667
159,Static,0.10546875
160,Static,0.1015625
161,Static,0.10465494791666667
162,Static,0.10384114583333333
163,Static,0.099609375
164,Static,0.09993489583333333
165,Static,0.10530598958333333
166,Static,0.09830729166666667
167,Static,0.09993489583333333
168,Static,0.10009765625
169,Static,0.10172526041666667
170,Static,0.10188802083333333
171,Static,0.10530598958333333
172,Static,0.10107421875
173,Static,0.10774739583333333
174,Static,0.10563151041666667
175,Static,0.10807291666666667
176,Static,0.10319010416666667
177,Static,0.10319010416666667
178,Static,0.10758463541666667
179,Static,0.10791015625
180,Static,0.10677083333333333
181,Static,0.1044921875
182,Static,0.10432942708333333
183,Static,0.11165364583333333
184,Static,0.11344401041666667
185,Static,0.111328125
186,Static,0.11067708333333333
187,Static,0.10677083333333333
188,Static,0.10579427083333333
189,Static,0.10758463541666667
190,Static,0.09928385416666667
191,Static,0.10074869791666667
192,Static,0.10205078125
193,Static,0.10205078125
194,Static,0.10367838541666667
195,Static,0.10367838541666667
196,Static,0.10693359375
197,Static,0.10628255208333333
198,Static,0.10774739583333333
199,Static,0.10026041666666667
200,Static,0.10042317708333333
201,Static,0.10270182291666667
202,Static,0.10904947916666667
203,Static,0.10807291666666667
204,Static,0.1044921875
205,Static,0.10872395833333333
206,Static,0.11083984375
207,Static,0.10286458333333333
208,Static,0.10009765625
209,Static,0.10921223958333333
210,Static,0.10823567708333333
211,Static,0.10709635416666667
212,Static,0.10807291666666667
213,Static,0.10432942708333333
214,Static,0.103515625
215,Static,0.10188802083333333
216,Static,0.10807291666666667
217,Static,0.10693359375
218,Static,0.10139973958333333
219,Static,0.10628255208333333
220,Static,0.10660807291666667
221,Static,0.111328125
222,Static,0.11197916666666667
223,Static,0.10888671875
224,Static,0.10970052083333333
225,Static,0.107421875
226,Static,0.10709635416666667
227,Static,0.10904947916666667
228,Static,0.10774739583333333
229,Static,0.10758463541666667
230,Static,0.107421875
231,Static,0.10595703125
232,Static,0.10693359375
233,Static,0.10888671875
234,Static,0.107421875
235,Static,0.10823567708333333
236,Static,0.1083984375
237,Static,0.10628255208333333
238,Static,0.10481770833333333
239,Static,0.10498046875
240,Static,0.10595703125
241,Static,0.10514322916666667
242,Static,0.10677083333333333
243,Static,0.10888671875
244,Static,0.10758463541666667
245,Static,0.11116536458333333
246,Static,0.11197916666666667
247,Static,0.11083984375
248,Static,0.11539713541666667
249,Static,0.11083984375
250,Static,0.11067708333333333
251,Static,0.1181640625
252,Static,0.10758463541666667
253,Static,0.11067708333333333
254,Static,0.10677083333333333
255,Static,0.11442057291666667
256,Static,0.10986328125
257,Static,0.10563151041666667
258,Static,0.1044921875
259,Static,0.1044921875
260,Static,0.10481770833333333
261,Static,0.09765625
262,Static,0.107421875
263,Static,0.10172526041666667
264,Static,0.10595703125
265,Static,0.10725911458333333
266,Static,0.11067708333333333
267,Static,0.10823567708333333
268,Static,0.10188802083333333
269,Static,0.10026041666666667
270,Static,0.11848958333333333
271,Static,0.11197916666666667
272,Static,0.10611979166666667
273,Static,0.1103515625
274,Static,0.11067708333333333
275,Static,0.10335286458333333
276,Static,0.11393229166666667
277,Static,0.11279296875
278,Static,0.10872395833333333
279,Static,0.111328125
280,Static,0.1044921875
281,Static,0.10546875
282,Static,0.10432942708333333
283,Static,0.10774739583333333
284,Static,0.11100260416666667
285,Static,0.10481770833333333
286,Static,0.10546875
287,Static,0.11328125
288,Static,0.10335286458333333
289,Static,0.11295572916666667
290,Static,0.11295572916666667
291,Static,0.10693359375
292,Static,0.11116536458333333
293,Static,0.11149088541666667
294,Static,0.10709635416666667
295,Static,0.11083984375
296,Static,0.10725911458333333
297,Static,0.11051432291666667
298,Static,0.11214192708333333
299,Static,0.11018880208333333
300,Static,0.1083984375
301,Static,0.11962890625
302,Static,0.10872395833333333
303,Static,0.10693359375
304,Static,0.11751302083333333
305,Static,0.10807291666666667
306,Static,0.1103515625
307,Static,0.10498046875
308,Static,0.10595703125
309,Static,0.11311848958333333
310,Static,0.11197916666666667
311,Static,0.115234375
312,Static,0.1103515625
313,Static,0.10823567708333333
314,Static,0.10335286458333333
315,Static,0.11490885416666667
316,Static,0.10921223958333333
317,Static,0.11328125
318,Static,0.11197916666666667
319,Static,0.10953776041666667
320,Static,0.1064453125
321,Static,0.10384114583333333
322,Static,0.11051432291666667
323,Static,0.11018880208333333
324,Static,0.11263020833333333
325,Static,0.10563151041666667
326,Static,0.111328125
327,Static,0.10921223958333333
328,Static,0.11002604166666667
329,Static,0.10970052083333333
330,Static,0.11002604166666667
331,Static,0.10709635416666667
332,Static,0.10953776041666667
333,Static,0.10970052083333333
334,Static,0.11051432291666667
335,Static,0.10791015625
336,Static,0.11246744791666667
337,Static,0.10628255208333333
338,Static,0.11067708333333333
339,Static,0.10693359375
340,Static,0.11490885416666667
341,Static,0.11393229166666667
342,Static,0.10758463541666667
343,Static,0.11295572916666667
344,Static,0.11197916666666667
345,Static,0.111328125
346,Static,0.11197916666666667
347,Static,0.11100260416666667
348,Static,0.111328125
349,Static,0.109375
350,Static,0.10139973958333333
351,Static,0.10546875
352,Static,0.11051432291666667
353,Static,0.11181640625
354,Static,0.10563151041666667
355,Static,0.10791015625
356,Static,0.11311848958333333
357,Static,0.1103515625
358,Static,0.10400390625
359,Static,0.11051432291666667
360,Static,0.11067708333333333
361,Static,0.1083984375
362,Static,0.11100260416666667
363,Static,0.11214192708333333
364,Static,0.10709635416666667
365,Static,0.11344401041666667
366,Static,0.10611979166666667
367,Static,0.11637369791666667
368,Static,0.11214192708333333
369,Static,0.11165364583333333
370,Static,0.11653645833333333
371,Static,0.12320963541666667
372,Static,0.11165364583333333
373,Static,0.11555989583333333
374,Static,0.10888671875
375,Static,0.10546875
376,Static,0.11279296875
377,Static,0.10725911458333333
378,Static,0.11588541666666667
379,Static,0.10628255208333333
380,Static,0.11295572916666667
381,Static,0.11311848958333333
382,Static,0.11263020833333333
383,Static,0.10986328125
384,Static,0.11588541666666667
385,Static,0.10677083333333333
386,Static,0.10856119791666667
387,Static,0.11311848958333333
388,Static,0.10774739583333333
389,Static,0.10709635416666667
390,Static,0.10774739583333333
391,Static,0.11930338541666667
392,Static,0.10953776041666667
393,Static,0.10904947916666667
394,Static,0.10872395833333333
395,Static,0.11279296875
396,Static,0.11800130208333333
397,Static,0.1025390625
398,Static,0.10660807291666667
399,Static,0.10807291666666667
400,Static,0.10856119791666667
401,Static,0.12093098958333333
402,Static,0.11751302083333333
403,Static,0.12076822916666667
404,Static,0.10677083333333333
405,Static,0.11409505208333333
406,Static,0.11165364583333333
407,Static,0.11279296875
408,Static,0.10758463541666667
409,Static,0.11149088541666667
410,Static,0.115234375
411,Static,0.1181640625
412,Static,0.11018880208333333
413,Static,0.1103515625
414,Static,0.10579427083333333
415,Static,0.11311848958333333
416,Static,0.11474609375
417,Static,0.1083984375
418,Static,0.1142578125
419,Static,0.10774739583333333
420,Static,0.11197916666666667
421,Static,0.11686197916666667
422,Static,0.10856119791666667
423,Static,0.10514322916666667
424,Static,0.11018880208333333
425,Static,0.10823567708333333
426,Static,0.107421875
427,Static,0.10758463541666667
428,Static,0.11018880208333333
429,Static,0.11328125
430,Static,0.11507161458333333
431,Static,0.10807291666666667
432,Static,0.1103515625
433,Static,0.109375
434,Static,0.10823567708333333
435,Static,0.10953776041666667
436,Static,0.10709635416666667
437,Static,0.1123046875
438,Static,0.11197916666666667
439,Static,0.11490885416666667
440,Static,0.107421875
441,Static,0.10807291666666667
442,Static,0.10579427083333333
443,Static,0.10970052083333333
444,Static,0.11311848958333333
445,Static,0.11897786458333333
446,Static,0.11409505208333333
447,Static,0.11279296875
448,Static,0.1064453125
449,Static,0.10677083333333333
450,Static,0.11295572916666667
451,Static,0.11002604166666667
452,Static,0.10856119791666667
453,Static,0.10465494791666667
454,Static,0.11637369791666667
455,Static,0.10481770833333333
456,Static,0.1044921875
457,Static,0.11507161458333333
458,Static,0.11197916666666667
459,Static,0.11572265625
460,Static,0.11197916666666667
461,Static,0.10888671875
462,Static,0.11328125
463,Static,0.1142578125
464,Static,0.11100260416666667
465,Static,0.11360677083333333
466,Static,0.1171875
467,Static,0.11572265625
468,Static,0.11116536458333333
469,Static,0.11067708333333333
470,Static,0.11572265625
471,Static,0.11686197916666667
472,Static,0.11572265625
473,Static,0.11197916666666667
474,Static,0.11604817708333333
475,Static,0.11214192708333333
476,Static,0.11572265625
477,Static,0.11376953125
478,Static,0.11246744791666667
479,Static,0.11295572916666667
480,Static,0.11018880208333333
481,Static,0.11263020833333333
482,Static,0.10774739583333333
483,Static,0.10856119791666667
484,Static,0.11653645833333333
485,Static,0.11588541666666667
486,Static,0.11100260416666667
487,Static,0.109375
488,Static,0.1103515625
489,Static,0.11702473958333333
490,Static,0.115234375
491,Static,0.111328125
492,Static,0.11214192708333333
493,Static,0.11376953125
494,Static,0.10791015625
495,Static,0.11051432291666667
496,Static,0.1171875
497,Static,0.12076822916666667
498,Static,0.11474609375
499,Static,0.11490885416666667
500,Static,0.11507161458333333
501,Static,0.1142578125
502,Static,0.11376953125
503,Static,0.11116536458333333
504,Static,0.11409505208333333
505,Static,0.115234375
506,Static,0.11588541666666667
507,Static,0.11637369791666667
508,Static,0.11637369791666667
509,Static,0.1171875
510,Static,0.11279296875
511,Static,0.11051432291666667
512,Static,0.1142578125
513,Static,0.11800130208333333
514,Static,0.11116536458333333
515,Static,0.1181640625
516,Static,0.11783854166666667
517,Static,0.11572265625
518,Static,0.11897786458333333
519,Static,0.1083984375
520,Static,0.107421875
521,Static,0.1123046875
522,Static,0.11279296875
523,Static,0.11442057291666667
524,Static,0.10986328125
525,Static,0.111328125
526,Static,0.11897786458333333
527,Static,0.1123046875
528,Static,0.11409505208333333
529,Static,0.11067708333333333
530,Static,0.10970052083333333
531,Static,0.11279296875
532,Static,0.10579427083333333
533,Static,0.11604817708333333
534,Static,0.111328125
535,Static,0.11165364583333333
536,Static,0.10530598958333333
537,Static,0.11360677083333333
538,Static,0.11686197916666667
539,Static,0.11360677083333333
540,Static,0.11751302083333333
541,Static,0.1083984375
542,Static,0.10904947916666667
543,Static,0.115234375
544,Static,0.11637369791666667
545,Static,0.11832682291666667
546,Static,0.1103515625
547,Static,0.11669921875
548,Static,0.11669921875
549,Static,0.11539713541666667
550,Static,0.11263020833333333
551,Static,0.115234375
552,Static,0.11279296875
553,Static,0.11946614583333333
554,Static,0.11735026041666667
555,Static,0.10611979166666667
556,Static,0.11458333333333333
557,Static,0.11376953125
558,Static,0.11686197916666667
559,Static,0.1162109375
560,Static,0.11474609375
561,Static,0.11800130208333333
562,Static,0.11588541666666667
563,Static,0.11702473958333333
564,Static,0.11946614583333333
565,Static,0.11442057291666667
566,Static,0.11360677083333333
567,Static,0.11735026041666667
568,Static,0.11311848958333333
569,Static,0.11279296875
570,Static,0.11409505208333333
571,Static,0.11458333333333333
572,Static,0.11149088541666667
573,Static,0.10514322916666667
574,Static,0.11555989583333333
575,Static,0.11214192708333333
576,Static,0.11051432291666667
577,Static,0.10709635416666667
578,Static,0.10823567708333333
579,Static,0.11376953125
580,Static,0.11409505208333333
581,Static,0.11962890625
582,Static,0.11149088541666667
583,Static,0.10970052083333333
584,Static,0.1142578125
585,Static,0.11181640625
586,Static,0.1103515625
587,Static,0.111328125
588,Static,0.11588541666666667
589,Static,0.11572265625
590,Static,0.11279296875
591,Static,0.11393229166666667
592,Static,0.11604817708333333
593,Static,0.1162109375
594,Static,0.11263020833333333
595,Static,0.11604817708333333
596,Static,0.11051432291666667
597,Static,0.11637369791666667
598,Static,0.1142578125
599,Static,0.1171875
600,Static,0.11149088541666667
601,Static,0.11100260416666667
602,Static,0.11751302083333333
603,Static,0.11002604166666667
604,Static,0.109375
605,Static,0.1123046875
606,Static,0.11507161458333333
607,Static,0.1142578125
608,Static,0.11637369791666667
609,Static,0.11946614583333333
610,Static,0.11555989583333333
611,Static,0.11458333333333333
612,Static,0.1181640625
613,Static,0.11669921875
614,Static,0.11393229166666667
615,Static,0.11735026041666667
616,Static,0.11442057291666667
617,Static,0.11783854166666667
618,Static,0.1171875
619,Static,0.11995442708333333
620,Static,0.11279296875
621,Static,0.1083984375
622,Static,0.11572265625
623,Static,0.1064453125
624,Static,0.11637369791666667
625,Static,0.11604817708333333
626,Static,0.10872395833333333
627,Static,0.11783854166666667
628,Static,0.11116536458333333
629,Static,0.11490885416666667
630,Static,0.111328125
631,Static,0.10791015625
632,Static,0.11149088541666667
633,Static,0.11604817708333333
634,Static,0.11539713541666667
635,Static,0.11800130208333333
636,Static,0.1123046875
637,Static,0.11067708333333333
638,Static,0.11669921875
639,Static,0.11279296875
640,Static,0.10807291666666667
641,Static,0.11555989583333333
642,Static,0.11344401041666667
643,Static,0.11409505208333333
644,Static,0.1162109375
645,Static,0.11116536458333333
646,Static,0.11979166666666667
647,Static,0.11702473958333333
648,Static,0.11376953125
649,Static,0.11246744791666667
650,Static,0.11376953125
651,Static,0.12109375
652,Static,0.11848958333333333
653,Static,0.115234375
654,Static,0.11246744791666667
655,Static,0.11604817708333333
656,Static,0.11865234375
657,Static,0.11865234375
658,Static,0.11311848958333333
659,Static,0.11490885416666667
660,Static,0.11279296875
661,Static,0.11393229166666667
662,Static,0.10986328125
663,Static,0.11311848958333333
664,Static,0.11474609375
665,Static,0.11067708333333333
666,Static,0.11702473958333333
667,Static,0.11376953125
668,Static,0.10660807291666667
669,Static,0.11393229166666667
670,Static,0.1142578125
671,Static,0.109375
672,Static,0.11197916666666667
673,Static,0.11360677083333333
674,Static,0.11067708333333333
675,Static,0.115234375
676,Static,0.1142578125
677,Static,0.11507161458333333
678,Static,0.11197916666666667
679,Static,0.1123046875
680,Static,0.11686197916666667
681,Static,0.11572265625
682,Static,0.11539713541666667
683,Static,0.11751302083333333
684,Static,0.11669921875
685,Static,0.12369791666666667
686,Static,0.11507161458333333
687,Static,0.11002604166666667
688,Static,0.11165364583333333
689,Static,0.11783854166666667
690,Static,0.11507161458333333
691,Static,0.11360677083333333
692,Static,0.11360677083333333
693,Static,0.11539713541666667
694,Static,0.11409505208333333
695,Static,0.111328125
696,Static,0.11442057291666667
697,Static,0.115234375
698,Static,0.11881510416666667
699,Static,0.11181640625
700,Static,0.11930338541666667
701,Static,0.12044270833333333
702,Static,0.11783854166666667
703,Static,0.12027994791666667
704,Static,0.12141927083333333
705,Static,0.11832682291666667
706,Static,0.1142578125
707,Static,0.11002604166666667
708,Static,0.11263020833333333
709,Static,0.1103515625
710,Static,0.11149088541666667
711,Static,0.11474609375
712,Static,0.1142578125
713,Static,0.11051432291666667
714,Static,0.11279296875
715,Static,0.10791015625
716,Static,0.1123046875
717,Static,0.11246744791666667
718,Static,0.11897786458333333
719,Static,0.11018880208333333
720,Static,0.11783854166666667
721,Static,0.11865234375
722,Static,0.11002604166666667
723,Static,0.12190755208333333
724,Static,0.11442057291666667
725,Static,0.11800130208333333
726,Static,0.11279296875
727,Static,0.11930338541666667
728,Static,0.11832682291666667
729,Static,0.12386067708333333
730,Static,0.12044270833333333
731,Static,0.11555989583333333
732,Static,0.11653645833333333
733,Static,0.11669921875
734,Static,0.11409505208333333
735,Static,0.11962890625
736,Static,0.11800130208333333
737,Static,0.11735026041666667
738,Static,0.11572265625
739,Static,0.11539713541666667
740,Static,0.1142578125
741,Static,0.12093098958333333
742,Static,0.11360677083333333
743,Static,0.11539713541666667
744,Static,0.11653645833333333
745,Static,0.11588541666666667
746,Static,0.11507161458333333
747,Static,0.11865234375
748,Static,0.11474609375
749,Static,0.11767578125
750,Static,0.11442057291666667
751,Static,0.1142578125
752,Static,0.11767578125
753,Static,0.11995442708333333
754,Static,0.11051432291666667
755,Static,0.111328125
756,Static,0.11751302083333333
757,Static,0.1162109375
758,Static,0.11572265625
759,Static,0.11832682291666667
760,Static,0.11344401041666667
761,Static,0.10970052083333333
762,Static,0.1142578125
763,Static,0.11783854166666667
764,Static,0.11149088541666667
765,Static,0.11848958333333333
766,Static,0.11588541666666667
767,Static,0.11669921875
768,Static,0.11783854166666667
769,Static,0.11083984375
770,Static,0.11165364583333333
771,Static,0.11214192708333333
772,Static,0.12174479166666667
773,Static,0.11409505208333333
774,Static,0.11344401041666667
775,Static,0.10807291666666667
776,Static,0.11653645833333333
777,Static,0.10953776041666667
778,Static,0.11572265625
779,Static,0.1181640625
780,Static,0.11572265625
781,Static,0.11686197916666667
782,Static,0.11735026041666667
783,Static,0.11490885416666667
784,Static,0.11214192708333333
785,Static,0.115234375
786,Static,0.11393229166666667
787,Static,0.11311848958333333
788,Static,0.10888671875
789,Static,0.11100260416666667
790,Static,0.11360677083333333
791,Static,0.11783854166666667
792,Static,0.11735026041666667
793,Static,0.1083984375
794,Static,0.11442057291666667
795,Static,0.11507161458333333
796,Static,0.11083984375
797,Static,0.11263020833333333
798,Static,0.11018880208333333
799,Static,0.11295572916666667
800,Static,0.11539713541666667
801,Static,0.111328125
802,Static,0.11344401041666667
803,Static,0.11767578125
804,Static,0.10904947916666667
805,Static,0.11686197916666667
806,Static,0.11832682291666667
807,Static,0.12109375
808,Static,0.1162109375
809,Static,0.11393229166666667
810,Static,0.11588541666666667
811,Static,0.1044921875
812,Static,0.10807291666666667
813,Static,0.11490885416666667
814,Static,0.11165364583333333
815,Static,0.11507161458333333
816,Static,0.11539713541666667
817,Static,0.11962890625
818,Static,0.10774739583333333
819,Static,0.11930338541666667
820,Static,0.1083984375
821,Static,0.11962890625
822,Static,0.11100260416666667
823,Static,0.11669921875
824,Static,0.11490885416666667
825,Static,0.11572265625
826,Static,0.1142578125
827,Static,0.11246744791666667
828,Static,0.10481770833333333
829,Static,0.11409505208333333
830,Static,0.11572265625
831,Static,0.11767578125
832,Static,0.115234375
833,Static,0.11848958333333333
834,Static,0.11946614583333333
835,Static,0.11962890625
836,Static,0.11800130208333333
837,Static,0.12141927083333333
838,Static,0.1171875
839,Static,0.11751302083333333
840,Static,0.11865234375
841,Static,0.1220703125
842,Static,0.11669921875
843,Static,0.11930338541666667
844,Static,0.12223307291666667
845,Static,0.11246744791666667
846,Static,0.11800130208333333
847,Static,0.111328125
848,Static,0.11572265625
849,Static,0.11474609375
850,Static,0.11555989583333333
851,Static,0.11555989583333333
852,Static,0.11344401041666667
853,Static,0.11376953125
854,Static,0.11572265625
855,Static,0.11376953125
856,Static,0.11083984375
857,Static,0.11214192708333333
858,Static,0.11686197916666667
859,Static,0.11393229166666667
860,Static,0.10579427083333333
861,Static,0.11214192708333333
862,Static,0.11507161458333333
863,Static,0.11197916666666667
864,Static,0.1083984375
865,Static,0.11018880208333333
866,Static,0.11702473958333333
867,Static,0.11018880208333333
868,Static,0.11360677083333333
869,Static,0.11783854166666667
870,Static,0.11767578125
871,Static,0.11653645833333333
872,Static,0.11555989583333333
873,Static,0.11897786458333333
874,Static,0.11686197916666667
875,Static,0.11702473958333333
876,Static,0.11539713541666667
877,Static,0.12109375
878,Static,0.11572265625
879,Static,0.12141927083333333
880,Static,0.11165364583333333
881,Static,0.11848958333333333
882,Static,0.11783854166666667
883,Static,0.1181640625
884,Static,0.11653645833333333
885,Static,0.11393229166666667
886,Static,0.11572265625
887,Static,0.11197916666666667
888,Static,0.11376953125
889,Static,0.11555989583333333
890,Static,0.11637369791666667
891,Static,0.11783854166666667
892,Static,0.11653645833333333
893,Static,0.11328125
894,Static,0.11539713541666667
895,Static,0.11490885416666667
896,Static,0.11572265625
897,Static,0.1181640625
898,Static,0.1142578125
899,Static,0.11555989583333333
900,Static,0.11832682291666667
901,Static,0.11083984375
902,Static,0.11246744791666667
903,Static,0.11751302083333333
904,Static,0.11848958333333333
905,Static,0.11409505208333333
906,Static,0.11100260416666667
907,Static,0.11702473958333333
908,Static,0.11328125
909,Static,0.11311848958333333
910,Static,0.11067708333333333
911,Static,0.11881510416666667
912,Static,0.11930338541666667
913,Static,0.1162109375
914,Static,0.115234375
915,Static,0.11458333333333333
916,Static,0.11865234375
917,Static,0.12255859375
918,Static,0.11360677083333333
919,Static,0.11588541666666667
920,Static,0.11962890625
921,Static,0.11311848958333333
922,Static,0.11604817708333333
923,Static,0.11458333333333333
924,Static,0.11881510416666667
925,Static,0.1162109375
926,Static,0.1083984375
927,Static,0.10904947916666667
928,Static,0.11588541666666667
929,Static,0.12141927083333333
930,Static,0.11702473958333333
931,Static,0.11409505208333333
932,Static,0.11962890625
933,Static,0.11702473958333333
934,Static,0.11832682291666667
935,Static,0.11946614583333333
936,Static,0.11376953125
937,Static,0.115234375
938,Static,0.11458333333333333
939,Static,0.11263020833333333
940,Static,0.11572265625
941,Static,0.12288411458333333
942,Static,0.11474609375
943,Static,0.11360677083333333
944,Static,0.111328125
945,Static,0.11848958333333333
946,Static,0.11653645833333333
947,Static,0.11490885416666667
948,Static,0.12044270833333333
949,Static,0.11669921875
950,Static,0.11295572916666667
951,Static,0.11442057291666667
952,Static,0.11588541666666667
953,Static,0.11214192708333333
954,Static,0.11653645833333333
955,Static,0.11393229166666667
956,Static,0.12190755208333333
957,Static,0.11214192708333333
958,Static,0.1181640625
959,Static,0.11197916666666667
960,Static,0.11393229166666667
961,Static,0.11555989583333333
962,Static,0.11653645833333333
963,Static,0.11279296875
964,Static,0.11311848958333333
965,Static,0.11669921875
966,Static,0.11181640625
967,Static,0.11897786458333333
968,Static,0.11197916666666667
969,Static,0.11393229166666667
970,Static,0.11653645833333333
971,Static,0.11946614583333333
972,Static,0.1142578125
973,Static,0.11246744791666667
974,Static,0.115234375
975,Static,0.1181640625
976,Static,0.11604817708333333
977,Static,0.115234375
978,Static,0.11360677083333333
979,Static,0.1142578125
980,Static,0.10807291666666667
981,Static,0.11507161458333333
982,Static,0.11474609375
983,Static,0.10970052083333333
984,Static,0.11588541666666667
985,Static,0.11783854166666667
986,Static,0.11897786458333333
987,Static,0.11979166666666667
988,Static,0.11507161458333333
989,Static,0.11686197916666667
990,Static,0.11555989583333333
991,Static,0.12109375
992,Static,0.12093098958333333
993,Static,0.12255859375
994,Static,0.12076822916666667
995,Static,0.11409505208333333
996,Static,0.1171875
997,Static,0.11767578125
998,Static,0.1083984375
999,Static,0.11653645833333333
1000,Static,0.11832682291666667
1001,Static,0.11588541666666667
1002,Static,0.11555989583333333
1003,Static,0.1142578125
1004,Static,0.11051432291666667
1005,Static,0.11653645833333333
1006,Static,0.11751302083333333
1007,Static,0.11344401041666667
1008,Static,0.12174479166666667
1009,Static,0.11442057291666667
1010,Static,0.11214192708333333
1011,Static,0.11360677083333333
1012,Static,0.11930338541666667
1013,Static,0.11100260416666667
1014,Static,0.12190755208333333
1015,Static,0.11263020833333333
1016,Static,0.11588541666666667
1017,Static,0.11653645833333333
1018,Static,0.12858072916666666
1019,Static,0.11735026041666667
1020,Static,0.115234375
1021,Static,0.11116536458333333
1022,Static,0.10921223958333333
1023,Static,0.11197916666666667
3,LRU,0.19596354166666666
4,LRU,0.16650390625
5,LRU,0.16162109375
6,LRU,0.15657552083333334
7,LRU,0.2041015625
8,LRU,0.16813151041666666
9,LRU,0.16357421875
10,LRU,0.15266927083333334
11,LRU,0.19775390625
12,LRU,0.17073567708333334
13,LRU,0.17138671875
14,LRU,0.17024739583333334
15,LRU,0.2392578125
16,LRU,0.212890625
17,LRU,0.20654296875
18,LRU,0.20930989583333334
19,LRU,0.19873046875
20,LRU,0.17529296875
21,LRU,0.17740885416666666
22,LRU,0.17024739583333334
23,LRU,0.20621744791666666
24,LRU,0.17220052083333334
25,LRU,0.16927083333333334
26,LRU,0.19124348958333334
27,LRU,0.20947265625
28,LRU,0.18880208333333334
29,LRU,0.17415364583333334
30,LRU,0.18359375
31,LRU,0.21175130208333334
32,LRU,0.18408203125
33,LRU,0.18212890625
34,LRU,0.18050130208333334
35,LRU,0.18277994791666666
36,LRU,0.16845703125
37,LRU,0.1533203125
38,LRU,0.16178385416666666
39,LRU,0.20328776041666666
40,LRU,0.18343098958333334
41,LRU,0.18001302083333334
42,LRU,0.17561848958333334
43,LRU,0.24365234375
44,LRU,0.20458984375
45,LRU,0.20491536458333334
46,LRU,0.21402994791666666
47,LRU,0.2109375
48,LRU,0.189453125
49,LRU,0.1806640625
50,LRU,0.17171223958333334
51,LRU,0.22281901041666666
52,LRU,0.20393880208333334
53,LRU,0.20084635416666666
54,LRU,0.18929036458333334
55,LRU,0.23209635416666666
56,LRU,0.20231119791666666
57,LRU,0.18017578125
58,LRU,0.18636067708333334
59,LRU,0.23779296875
60,LRU,0.21110026041666666
61,LRU,0.20914713541666666
62,LRU,0.20231119791666666
63,LRU,0.205078125
64,LRU,0.17952473958333334
65,LRU,0.17203776041666666
66,LRU,0.17952473958333334
67,LRU,0.21923828125
68,LRU,0.181640625
69,LRU,0.19010416666666666
70,LRU,0.18408203125
71,LRU,0.22379557291666666
72,LRU,0.21451822916666666
73,LRU,0.20149739583333334
74,LRU,0.19710286458333334
75,LRU,0.2314453125
76,LRU,0.19807942708333334
77,LRU,0.1953125
78,LRU,0.18538411458333334
79,LRU,0.22639973958333334
80,LRU,0.19921875
81,LRU,0.19856770833333334
82,LRU,0.19807942708333334
83,LRU,0.22119140625
84,LRU,0.19905598958333334
85,LRU,0.19124348958333334
86,LRU,0.19319661458333334
87,LRU,0.2333984375
88,LRU,0.19270833333333334
89,LRU,0.19319661458333334
90,LRU,0.19010416666666666
91,LRU,0.22802734375
92,LRU,0.19140625
93,LRU,0.18912760416666666
94,LRU,0.18440755208333334
95,LRU,0.20491536458333334
96,LRU,0.18538411458333334
97,LRU,0.18538411458333334
98,LRU,0.17529296875
99,LRU,0.19384765625
100,LRU,0.16731770833333334
101,LRU,0.16666666666666666
102,LRU,0.17138671875
103,LRU,0.22705078125
104,LRU,0.18977864583333334
105,LRU,0.1904296875
106,LRU,0.20442708333333334
107,LRU,0.22298177083333334
108,LRU,0.197265625
109,LRU,0.19580078125
110,LRU,0.18001302083333334
111,LRU,0.20540364583333334
112,LRU,0.17106119791666666
113,LRU,0.17659505208333334
114,LRU,0.1767578125
115,LRU,0.20849609375
116,LRU,0.18912760416666666
117,LRU,0.17822265625
118,LRU,0.18473307291666666
119,LRU,0.22900390625
120,LRU,0.18229166666666666
121,LRU,0.18017578125
122,LRU,0.18082682291666666
123,LRU,0.19986979166666666
124,LRU,0.16536458333333334
125,LRU,0.16373697916666666
126,LRU,0.15250651041666666
127,LRU,0.17529296875
128,LRU,0.15576171875
129,LRU,0.15625
130,LRU,0.15836588541666666
131,LRU,0.19563802083333334
132,LRU,0.17171223958333334
133,LRU,0.17236328125
134,LRU,0.17268880208333334
135,LRU,0.20247395833333334
136,LRU,0.18766276041666666
137,LRU,0.17447916666666666
138,LRU,0.17447916666666666
139,LRU,0.19580078125
140,LRU,0.16357421875
141,LRU,0.16878255208333334
142,LRU,0.16178385416666666
143,LRU,0.2216796875
144,LRU,0.18277994791666666
145,LRU,0.18619791666666666
146,LRU,0.17073567708333334
147,LRU,0.20100911458333334
148,LRU,0.16389973958333334
149,LRU,0.17350260416666666
150,LRU,0.16227213541666666
151,LRU,0.19742838541666666
152,LRU,0.16748046875
153,LRU,0.16748046875
154,LRU,0.16259765625
155,LRU,0.20279947916666666
156,LRU,0.18473307291666666
157,LRU,0.18098958333333334
158,LRU,0.16975911458333334
159,LRU,0.19986979166666666
160,LRU,0.1767578125
161,LRU,0.16943359375
162,LRU,0.16373697916666666
163,LRU,0.18880208333333334
164,LRU,0.16080729166666666
165,LRU,0.16341145833333334
166,LRU,0.15218098958333334
167,LRU,0.2119140625
168,LRU,0.181640625
169,LRU,0.18326822916666666
170,LRU,0.18733723958333334
171,LRU,0.197265625
172,LRU,0.16341145833333334
173,LRU,0.16650390625
174,LRU,0.1689453125
175,LRU,0.23209635416666666
176,LRU,0.17268880208333334
177,LRU,0.17057291666666666
178,LRU,0.17952473958333334
179,LRU,0.20572916666666666
180,LRU,0.17561848958333334
181,LRU,0.16324869791666666
182,LRU,0.16943359375
183,LRU,0.21891276041666666
184,LRU,0.18977864583333334
185,LRU,0.18229166666666666
186,LRU,0.17985026041666666
187,LRU,0.2099609375
188,LRU,0.17529296875
189,LRU,0.17789713541666666
190,LRU,0.17268880208333334
191,LRU,0.20279947916666666
192,LRU,0.17333984375
193,LRU,0.17447916666666666
194,LRU,0.16292317708333334
195,LRU,0.2099609375
196,LRU,0.181640625
197,LRU,0.18050130208333334
198,LRU,0.17643229166666666
199,LRU,0.20296223958333334
200,LRU,0.1708984375
201,LRU,0.16731770833333334
202,LRU,0.17789713541666666
203,LRU,0.21223958333333334
204,LRU,0.1865234375
205,LRU,0.1884765625
206,LRU,0.1875
207,LRU,0.20703125
208,LRU,0.17399088541666666
209,LRU,0.17431640625
210,LRU,0.17610677083333334
211,LRU,0.19840494791666666
212,LRU,0.17431640625
213,LRU,0.16845703125
214,LRU,0.16585286458333334
215,LRU,0.20817057291666666
216,LRU,0.17822265625
217,LRU,0.1708984375
218,LRU,0.16520182291666666
219,LRU,0.19563802083333334
220,LRU,0.16145833333333334
221,LRU,0.16585286458333334
222,LRU,0.16373697916666666
223,LRU,0.20068359375
224,LRU,0.16861979166666666
225,LRU,0.17008463541666666
226,LRU,0.17171223958333334
227,LRU,0.21809895833333334
228,LRU,0.19156901041666666
229,LRU,0.18831380208333334
230,LRU,0.18375651041666666
231,LRU,0.21272786458333334
232,LRU,0.17578125
233,LRU,0.17822265625
234,LRU,0.16829427083333334
235,LRU,0.20784505208333334
236,LRU,0.17919921875
237,LRU,0.16617838541666666
238,LRU,0.1669921875
239,LRU,0.19954427083333334
240,LRU,0.17415364583333334
241,LRU,0.16731770833333334
242,LRU,0.16764322916666666
243,LRU,0.236328125
244,LRU,0.19270833333333334
245,LRU,0.19677734375
246,LRU,0.19189453125
247,LRU,0.21858723958333334
248,LRU,0.18831380208333334
249,LRU,0.17952473958333334
250,LRU,0.19091796875
251,LRU,0.22705078125
252,LRU,0.19124348958333334
253,LRU,0.18994140625
254,LRU,0.18343098958333334
255,LRU,0.24446614583333334
256,LRU,0.19401041666666666
257,LRU,0.19010416666666666
258,LRU,0.19173177083333334
259,LRU,0.20979817708333334
260,LRU,0.17854817708333334
261,LRU,0.17903645833333334
262,LRU,0.18375651041666666
263,LRU,0.21110026041666666
264,LRU,0.17740885416666666
265,LRU,0.18343098958333334
266,LRU,0.18147786458333334
267,LRU,0.20751953125
268,LRU,0.171875
269,LRU,0.171875
270,LRU,0.17854817708333334
271,LRU,0.21142578125
272,LRU,0.16585286458333334
273,LRU,0.17350260416666666
274,LRU,0.17203776041666666
275,LRU,0.21402994791666666
276,LRU,0.17171223958333334
277,LRU,0.18912760416666666
278,LRU,0.18733723958333334
279,LRU,0.21175130208333334
280,LRU,0.169921875
281,LRU,0.15950520833333334
282,LRU,0.16731770833333334
283,LRU,0.21663411458333334
284,LRU,0.18701171875
285,LRU,0.17399088541666666
286,LRU,0.1826171875
287,LRU,0.20670572916666666
288,LRU,0.17203776041666666
289,LRU,0.1767578125
290,LRU,0.17578125
291,LRU,0.20768229166666666
292,LRU,0.17822265625
293,LRU,0.1708984375
294,LRU,0.17447916666666666
295,LRU,0.21647135416666666
296,LRU,0.17708333333333334
297,LRU,0.19108072916666666
298,LRU,0.1806640625
299,LRU,0.22086588541666666
300,LRU,0.18115234375
301,LRU,0.19368489583333334
302,LRU,0.17724609375
303,LRU,0.208984375
304,LRU,0.19140625
305,LRU,0.17805989583333334
306,LRU,0.17545572916666666
307,LRU,0.20377604166666666
308,LRU,0.18212890625
309,LRU,0.18391927083333334
310,LRU,0.18310546875
311,LRU,0.21875
312,LRU,0.18587239583333334
313,LRU,0.17268880208333334
314,LRU,0.17122395833333334
315,LRU,0.21826171875
316,LRU,0.19124348958333334
317,LRU,0.18782552083333334
318,LRU,0.19482421875
319,LRU,0.22509765625
320,LRU,0.19303385416666666
321,LRU,0.19075520833333334
322,LRU,0.19140625
323,LRU,0.22737630208333334
324,LRU,0.2041015625
325,LRU,0.19368489583333334
326,LRU,0.19938151041666666
327,LRU,0.21712239583333334
328,LRU,0.18733723958333334
329,LRU,0.1875
330,LRU,0.1845703125
331,LRU,0.20670572916666666
332,LRU,0.18196614583333334
333,LRU,0.171875
334,LRU,0.1748046875
335,LRU,0.19970703125
336,LRU,0.17740885416666666
337,LRU,0.16813151041666666
338,LRU,0.17317708333333334
339,LRU,0.203125
340,LRU,0.18587239583333334
341,LRU,0.17513020833333334
342,LRU,0.17464192708333334
343,LRU,0.21468098958333334
344,LRU,0.19140625
345,LRU,0.19091796875
346,LRU,0.18880208333333334
347,LRU,0.21565755208333334
348,LRU,0.17805989583333334
349,LRU,0.17399088541666666
350,LRU,0.16422526041666666
351,LRU,0.20231119791666666
352,LRU,0.18001302083333334
353,LRU,0.17757161458333334
354,LRU,0.17724609375
355,LRU,0.2158203125
356,LRU,0.18863932291666666
357,LRU,0.17643229166666666
358,LRU,0.18505859375
359,LRU,0.205078125
360,LRU,0.17301432291666666
361,LRU,0.173828125
362,LRU,0.17415364583333334
363,LRU,0.21451822916666666
364,LRU,0.18489583333333334
365,LRU,0.18115234375
366,LRU,0.17236328125
367,LRU,0.22493489583333334
368,LRU,0.18603515625
369,LRU,0.18424479166666666
370,LRU,0.19075520833333334
371,LRU,0.2275390625
372,LRU,0.18473307291666666
373,LRU,0.19661458333333334
374,LRU,0.18082682291666666
375,LRU,0.2099609375
376,LRU,0.18977864583333334
377,LRU,0.18180338541666666
378,LRU,0.18603515625
379,LRU,0.2177734375
380,LRU,0.18310546875
381,LRU,0.19140625
382,LRU,0.18050130208333334
383,LRU,0.23860677083333334
384,LRU,0.20084635416666666
385,LRU,0.20556640625
386,LRU,0.18977864583333334
387,LRU,0.21761067708333334
388,LRU,0.18896484375
389,LRU,0.1826171875
390,LRU,0.18147786458333334
391,LRU,0.22509765625
392,LRU,0.17903645833333334
393,LRU,0.185546875
394,LRU,0.18782552083333334
395,LRU,0.21891276041666666
396,LRU,0.19710286458333334
397,LRU,0.17854817708333334
398,LRU,0.18375651041666666
399,LRU,0.21809895833333334
400,LRU,0.19205729166666666
401,LRU,0.1962890625
402,LRU,0.19954427083333334
403,LRU,0.23811848958333334
404,LRU,0.18863932291666666
405,LRU,0.18001302083333334
406,LRU,0.17594401041666666
407,LRU,0.2138671875
408,LRU,0.17854817708333334
409,LRU,0.18001302083333334
410,LRU,0.19010416666666666
411,LRU,0.21956380208333334
412,LRU,0.17561848958333334
413,LRU,0.18050130208333334
414,LRU,0.16796875
415,LRU,0.22054036458333334
416,LRU,0.18896484375
417,LRU,0.16813151041666666
418,LRU,0.18359375
419,LRU,0.22981770833333334
420,LRU,0.1943359375
421,LRU,0.19319661458333334
422,LRU,0.18977864583333334
423,LRU,0.21712239583333334
424,LRU,0.18782552083333334
425,LRU,0.19384765625
426,LRU,0.18277994791666666
427,LRU,0.21077473958333334
428,LRU,0.18082682291666666
429,LRU,0.17447916666666666
430,LRU,0.17496744791666666
431,LRU,0.22102864583333334
432,LRU,0.18782552083333334
433,LRU,0.19254557291666666
434,LRU,0.18603515625
435,LRU,0.23356119791666666
436,LRU,0.1865234375
437,LRU,0.19856770833333334
438,LRU,0.1962890625
439,LRU,0.22721354166666666
440,LRU,0.18603515625
441,LRU,0.1865234375
442,LRU,0.18033854166666666
443,LRU,0.21923828125
444,LRU,0.1865234375
445,LRU,0.19873046875
446,LRU,0.19010416666666666
447,LRU,0.23128255208333334
448,LRU,0.18636067708333334
449,LRU,0.18782552083333334
450,LRU,0.19222005208333334
451,LRU,0.22623697916666666
452,LRU,0.18994140625
453,LRU,0.1796875
454,LRU,0.19270833333333334
455,LRU,0.21744791666666666
456,LRU,0.181640625
457,LRU,0.19156901041666666
458,LRU,0.19352213541666666
459,LRU,0.22444661458333334
460,LRU,0.1923828125
461,LRU,0.18229166666666666
462,LRU,0.18994140625
463,LRU,0.22542317708333334
464,LRU,0.1875
465,LRU,0.18522135416666666
466,LRU,0.189453125
467,LRU,0.2373046875
468,LRU,0.19270833333333334
469,LRU,0.20084635416666666
470,LRU,0.20166015625
471,LRU,0.23177083333333334
472,LRU,0.20556640625
473,LRU,0.20263671875
474,LRU,0.2041015625
475,LRU,0.23274739583333334
476,LRU,0.19417317708333334
477,LRU,0.19140625
478,LRU,0.19384765625
479,LRU,0.2255859375
480,LRU,0.18033854166666666
481,LRU,0.1845703125
482,LRU,0.17985026041666666
483,LRU,0.21549479166666666
484,LRU,0.18929036458333334
485,LRU,0.18147786458333334
486,LRU,0.18001302083333334
487,LRU,0.23502604166666666
488,LRU,0.19173177083333334
489,LRU,0.18863932291666666
490,LRU,0.18961588541666666
491,LRU,0.21630859375
492,LRU,0.18798828125
493,LRU,0.19254557291666666
494,LRU,0.18636067708333334
495,LRU,0.22509765625
496,LRU,0.19954427083333334
497,LRU,0.19661458333333334
498,LRU,0.1923828125
499,LRU,0.23079427083333334
500,LRU,0.20052083333333334
501,LRU,0.1962890625
502,LRU,0.19205729166666666
503,LRU,0.23258463541666666
504,LRU,0.20247395833333334
505,LRU,0.20133463541666666
506,LRU,0.19938151041666666
507,LRU,0.22477213541666666
508,LRU,0.19856770833333334
509,LRU,0.19970703125
510,LRU,0.19417317708333334
511,LRU,0.21891276041666666
512,LRU,0.20084635416666666
513,LRU,0.19889322916666666
514,LRU,0.1943359375
515,LRU,0.2392578125
516,LRU,0.20572916666666666
517,LRU,0.1943359375
518,LRU,0.1875
519,LRU,0.23453776041666666
520,LRU,0.19352213541666666
521,LRU,0.18310546875
522,LRU,0.19466145833333334
523,LRU,0.22314453125
524,LRU,0.18050130208333334
525,LRU,0.18798828125
526,LRU,0.19124348958333334
527,LRU,0.22200520833333334
528,LRU,0.1953125
529,LRU,0.19189453125
530,LRU,0.18229166666666666
531,LRU,0.23470052083333334
532,LRU,0.19563802083333334
533,LRU,0.20100911458333334
534,LRU,0.18766276041666666
535,LRU,0.23551432291666666
536,LRU,0.19612630208333334
537,LRU,0.19677734375
538,LRU,0.20231119791666666
539,LRU,0.2373046875
540,LRU,0.21175130208333334
541,LRU,0.20133463541666666
542,LRU,0.19986979166666666
543,LRU,0.2552083333333333
544,LRU,0.21077473958333334
545,LRU,0.21614583333333334
546,LRU,0.208984375
547,LRU,0.22998046875
548,LRU,0.20198567708333334
549,LRU,0.201171875
550,LRU,0.19596354166666666
551,LRU,0.22786458333333334
552,LRU,0.19677734375
553,LRU,0.21077473958333334
554,LRU,0.20084635416666666
555,LRU,0.21500651041666666
556,LRU,0.19010416666666666
557,LRU,0.18424479166666666
558,LRU,0.18212890625
559,LRU,0.22493489583333334
560,LRU,0.1953125
561,LRU,0.20035807291666666
562,LRU,0.19059244791666666
563,LRU,0.23356119791666666
564,LRU,0.20751953125
565,LRU,0.19970703125
566,LRU,0.20166015625
567,LRU,0.2421875
568,LRU,0.21647135416666666
569,LRU,0.20052083333333334
570,LRU,0.19580078125
571,LRU,0.22265625
572,LRU,0.19775390625
573,LRU,0.1875
574,LRU,0.19401041666666666
575,LRU,0.24007161458333334
576,LRU,0.21272786458333334
577,LRU,0.20638020833333334
578,LRU,0.19742838541666666
579,LRU,0.22932942708333334
580,LRU,0.19449869791666666
581,LRU,0.19889322916666666
582,LRU,0.20247395833333334
583,LRU,0.24137369791666666
584,LRU,0.20279947916666666
585,LRU,0.20052083333333334
586,LRU,0.19873046875
587,LRU,0.23128255208333334
588,LRU,0.20003255208333334
589,LRU,0.19873046875
590,LRU,0.19384765625
591,LRU,0.2333984375
592,LRU,0.20572916666666666
593,LRU,0.19954427083333334
594,LRU,0.19775390625
595,LRU,0.24430338541666666
596,LRU,0.20751953125
597,LRU,0.21142578125
598,LRU,0.20540364583333334
599,LRU,0.2532552083333333
600,LRU,0.21370442708333334
601,LRU,0.20947265625
602,LRU,0.21337890625
603,LRU,0.22672526041666666
604,LRU,0.19645182291666666
605,LRU,0.18473307291666666
606,LRU,0.1865234375
607,LRU,0.2314453125
608,LRU,0.20947265625
609,LRU,0.20703125
610,LRU,0.20475260416666666
611,LRU,0.25244140625
612,LRU,0.22037760416666666
613,LRU,0.21272786458333334
614,LRU,0.22249348958333334
615,LRU,0.23828125
616,LRU,0.1943359375
617,LRU,0.18880208333333334
618,LRU,0.19075520833333334
619,LRU,0.26123046875
620,LRU,0.21858723958333334
621,LRU,0.21923828125
622,LRU,0.22119140625
623,LRU,0.24202473958333334
624,LRU,0.21451822916666666
625,LRU,0.21712239583333334
626,LRU,0.20263671875
627,LRU,0.24674479166666666
628,LRU,0.19287109375
629,LRU,0.20768229166666666
630,LRU,0.19108072916666666
631,LRU,0.2333984375
632,LRU,0.203125
633,LRU,0.21647135416666666
634,LRU,0.21126302083333334
635,LRU,0.2412109375
636,LRU,0.18994140625
637,LRU,0.19156901041666666
638,LRU,0.19921875
639,LRU,0.21207682291666666
640,LRU,0.1884765625
641,LRU,0.18896484375
642,LRU,0.19189453125
643,LRU,0.22916666666666666
644,LRU,0.19596354166666666
645,LRU,0.19059244791666666
646,LRU,0.20068359375
647,LRU,0.232421875
648,LRU,0.19775390625
649,LRU,0.19840494791666666
650,LRU,0.1923828125
651,LRU,0.23518880208333334
652,LRU,0.20768229166666666
653,LRU,0.19661458333333334
654,LRU,0.18684895833333334
655,LRU,0.22135416666666666
656,LRU,0.19742838541666666
657,LRU,0.19612630208333334
658,LRU,0.18880208333333334
659,LRU,0.2431640625
660,LRU,0.20979817708333334
661,LRU,0.19645182291666666
662,LRU,0.1923828125
663,LRU,0.22444661458333334
664,LRU,0.20279947916666666
665,LRU,0.1962890625
666,LRU,0.19873046875
667,LRU,0.26123046875
668,LRU,0.20654296875
669,LRU,0.2109375
670,LRU,0.21728515625
671,LRU,0.23551432291666666
672,LRU,0.21695963541666666
673,LRU,0.2158203125
674,LRU,0.19401041666666666
675,LRU,0.2470703125
676,LRU,0.21435546875
677,LRU,0.20833333333333334
678,LRU,0.1982421875
679,LRU,0.23258463541666666
680,LRU,0.20670572916666666
681,LRU,0.20686848958333334
682,LRU,0.19742838541666666
683,LRU,0.25048828125
684,LRU,0.21370442708333334
685,LRU,0.21533203125
686,LRU,0.212890625
687,LRU,0.234375
688,LRU,0.20133463541666666
689,LRU,0.21370442708333334
690,LRU,0.20947265625
691,LRU,0.24837239583333334
692,LRU,0.20686848958333334
693,LRU,0.21370442708333334
694,LRU,0.205078125
695,LRU,0.21402994791666666
696,LRU,0.19059244791666666
697,LRU,0.19449869791666666
698,LRU,0.19124348958333334
699,LRU,0.24609375
700,LRU,0.20930989583333334
701,LRU,0.21419270833333334
702,LRU,0.2109375
703,LRU,0.236328125
704,LRU,0.21956380208333334
705,LRU,0.20670572916666666
706,LRU,0.20247395833333334
707,LRU,0.23160807291666666
708,LRU,0.203125
709,LRU,0.20100911458333334
710,LRU,0.1982421875
711,LRU,0.24153645833333334
712,LRU,0.19710286458333334
713,LRU,0.19563802083333334
714,LRU,0.1865234375
715,LRU,0.24072265625
716,LRU,0.20182291666666666
717,LRU,0.2099609375
718,LRU,0.2021484375
719,LRU,0.23974609375
720,LRU,0.21468098958333334
721,LRU,0.21500651041666666
722,LRU,0.20035807291666666
723,LRU,0.24886067708333334
724,LRU,0.20296223958333334
725,LRU,0.20052083333333334
726,LRU,0.1923828125
727,LRU,0.24951171875
728,LRU,0.22054036458333334
729,LRU,0.2265625
730,LRU,0.21630859375
731,LRU,0.24202473958333334
732,LRU,0.2080078125
733,LRU,0.20735677083333334
734,LRU,0.20263671875
735,LRU,0.25830078125
736,LRU,0.22200520833333334
737,LRU,0.21647135416666666
738,LRU,0.21891276041666666
739,LRU,0.23453776041666666
740,LRU,0.20475260416666666
741,LRU,0.19580078125
742,LRU,0.19303385416666666
743,LRU,0.2526041666666667
744,LRU,0.22102864583333334
745,LRU,0.21598307291666666
746,LRU,0.20296223958333334
747,LRU,0.23763020833333334
748,LRU,0.193359375
749,LRU,0.19921875
750,LRU,0.19661458333333334
751,LRU,0.23095703125
752,LRU,0.19287109375
753,LRU,0.1953125
754,LRU,0.19287109375
755,LRU,0.2517903645833333
756,LRU,0.21028645833333334
757,LRU,0.21940104166666666
758,LRU,0.2109375
759,LRU,0.24267578125
760,LRU,0.20654296875
761,LRU,0.19580078125
762,LRU,0.20100911458333334
763,LRU,0.23421223958333334
764,LRU,0.18701171875
765,LRU,0.18961588541666666
766,LRU,0.20426432291666666
767,LRU,0.2648111979166667
768,LRU,0.22737630208333334
769,LRU,0.22412109375
770,LRU,0.22672526041666666
771,LRU,0.23177083333333334
772,LRU,0.21012369791666666
773,LRU,0.19694010416666666
774,LRU,0.20279947916666666
775,LRU,0.23160807291666666
776,LRU,0.20003255208333334
777,LRU,0.19059244791666666
778,LRU,0.20345052083333334
779,LRU,0.2501627604166667
780,LRU,0.2197265625
781,LRU,0.22265625
782,LRU,0.20686848958333334
783,LRU,0.2600911458333333
784,LRU,0.21695963541666666
785,LRU,0.21744791666666666
786,LRU,0.21468098958333334
787,LRU,0.24267578125
788,LRU,0.2080078125
789,LRU,0.20052083333333334
790,LRU,0.20735677083333334
791,LRU,0.24235026041666666
792,LRU,0.21321614583333334
793,LRU,0.20524088541666666
794,LRU,0.20572916666666666
795,LRU,0.24283854166666666
796,LRU,0.21695963541666666
797,LRU,0.21240234375
798,LRU,0.2099609375
799,LRU,0.24967447916666666
800,LRU,0.22200520833333334
801,LRU,0.21663411458333334
802,LRU,0.21858723958333334
803,LRU,0.21793619791666666
804,LRU,0.18489583333333334
805,LRU,0.19189453125
806,LRU,0.19254557291666666
807,LRU,0.2503255208333333
808,LRU,0.21533203125
809,LRU,0.2119140625
810,LRU,0.21012369791666666
811,LRU,0.24674479166666666
812,LRU,0.21402994791666666
813,LRU,0.2216796875
814,LRU,0.21647135416666666
815,LRU,0.2581380208333333
816,LRU,0.22005208333333334
817,LRU,0.21858723958333334
818,LRU,0.21354166666666666
819,LRU,0.2535807291666667
820,LRU,0.19694010416666666
821,LRU,0.22054036458333334
822,LRU,0.19742838541666666
823,LRU,0.2522786458333333
824,LRU,0.21077473958333334
825,LRU,0.21419270833333334
826,LRU,0.20719401041666666
827,LRU,0.2516276041666667
828,LRU,0.20670572916666666
829,LRU,0.2119140625
830,LRU,0.20198567708333334
831,LRU,0.24544270833333334
832,LRU,0.212890625
833,LRU,0.20768229166666666
834,LRU,0.21484375
835,LRU,0.2526041666666667
836,LRU,0.21158854166666666
837,LRU,0.21761067708333334
838,LRU,0.20458984375
839,LRU,0.2646484375
840,LRU,0.23014322916666666
841,LRU,0.22770182291666666
842,LRU,0.22216796875
843,LRU,0.2716471354166667
844,LRU,0.23356119791666666
845,LRU,0.2177734375
846,LRU,0.23388671875
847,LRU,0.2501627604166667
848,LRU,0.22884114583333334
849,LRU,0.22086588541666666
850,LRU,0.2138671875
851,LRU,0.24072265625
852,LRU,0.20621744791666666
853,LRU,0.20882161458333334
854,LRU,0.20638020833333334
855,LRU,0.23111979166666666
856,LRU,0.20279947916666666
857,LRU,0.19059244791666666
858,LRU,0.20328776041666666
859,LRU,0.248046875
860,LRU,0.19807942708333334
861,LRU,0.2197265625
862,LRU,0.20328776041666666
863,LRU,0.24820963541666666
864,LRU,0.20670572916666666
865,LRU,0.20768229166666666
866,LRU,0.21305338541666666
867,LRU,0.23193359375
868,LRU,0.20751953125
869,LRU,0.21435546875
870,LRU,0.20556640625
871,LRU,0.2555338541666667
872,LRU,0.20930989583333334
873,LRU,0.23095703125
874,LRU,0.21419270833333334
875,LRU,0.23795572916666666
876,LRU,0.19921875
877,LRU,0.20426432291666666
878,LRU,0.20035807291666666
879,LRU,0.23876953125
880,LRU,0.1982421875
881,LRU,0.21354166666666666
882,LRU,0.21516927083333334
883,LRU,0.24641927083333334
884,LRU,0.21826171875
885,LRU,0.20426432291666666
886,LRU,0.21337890625
887,LRU,0.24886067708333334
888,LRU,0.21321614583333334
889,LRU,0.21158854166666666
890,LRU,0.21484375
891,LRU,0.2565104166666667
892,LRU,0.22249348958333334
893,LRU,0.21516927083333334
894,LRU,0.21614583333333334
895,LRU,0.255859375
896,LRU,0.22786458333333334
897,LRU,0.22086588541666666
898,LRU,0.20817057291666666
899,LRU,0.24235026041666666
900,LRU,0.21240234375
901,LRU,0.19954427083333334
902,LRU,0.19254557291666666
903,LRU,0.24886067708333334
904,LRU,0.21435546875
905,LRU,0.212890625
906,LRU,0.20686848958333334
907,LRU,0.24348958333333334
908,LRU,0.19759114583333334
909,LRU,0.20052083333333334
910,LRU,0.19807942708333334
911,LRU,0.24820963541666666
912,LRU,0.2041015625
913,LRU,0.2109375
914,LRU,0.21435546875
915,LRU,0.23372395833333334
916,LRU,0.21223958333333334
917,LRU,0.21761067708333334
918,LRU,0.20817057291666666
919,LRU,0.236328125
920,LRU,0.21061197916666666
921,LRU,0.20686848958333334
922,LRU,0.20784505208333334
923,LRU,0.23779296875
924,LRU,0.21012369791666666
925,LRU,0.21158854166666666
926,LRU,0.19889322916666666
927,LRU,0.25634765625
928,LRU,0.2333984375
929,LRU,0.22477213541666666
930,LRU,0.21988932291666666
931,LRU,0.24202473958333334
932,LRU,0.21744791666666666
933,LRU,0.21061197916666666
934,LRU,0.21809895833333334
935,LRU,0.23160807291666666
936,LRU,0.20377604166666666
937,LRU,0.2080078125
938,LRU,0.19921875
939,LRU,0.24202473958333334
940,LRU,0.20947265625
941,LRU,0.21158854166666666
942,LRU,0.20377604166666666
943,LRU,0.2646484375
944,LRU,0.21712239583333334
945,LRU,0.216796875
946,LRU,0.22233072916666666
947,LRU,0.26318359375
948,LRU,0.23046875
949,LRU,0.2255859375
950,LRU,0.22314453125
951,LRU,0.23063151041666666
952,LRU,0.20133463541666666
953,LRU,0.1923828125
954,LRU,0.1904296875
955,LRU,0.2801106770833333
956,LRU,0.23225911458333334
957,LRU,0.22802734375
958,LRU,0.24723307291666666
959,LRU,0.24007161458333334
960,LRU,0.21077473958333334
961,LRU,0.21744791666666666
962,LRU,0.2138671875
963,LRU,0.2537434895833333
964,LRU,0.21207682291666666
965,LRU,0.21842447916666666
966,LRU,0.21126302083333334
967,LRU,0.2765299479166667
968,LRU,0.23063151041666666
969,LRU,0.23225911458333334
970,LRU,0.2177734375
971,LRU,0.24300130208333334
972,LRU,0.19563802083333334
973,LRU,0.20556640625
974,LRU,0.20719401041666666
975,LRU,0.24267578125
976,LRU,0.20393880208333334
977,LRU,0.20328776041666666
978,LRU,0.20263671875
979,LRU,0.2526041666666667
980,LRU,0.21044921875
981,LRU,0.21175130208333334
982,LRU,0.21370442708333334
983,LRU,0.28125
984,LRU,0.24007161458333334
985,LRU,0.23681640625
986,LRU,0.236328125
987,LRU,0.2503255208333333
988,LRU,0.22200520833333334
989,LRU,0.20963541666666666
990,LRU,0.21044921875
991,LRU,0.24088541666666666
992,LRU,0.21370442708333334
993,LRU,0.21028645833333334
994,LRU,0.2021484375
995,LRU,0.2392578125
996,LRU,0.21175130208333334
997,LRU,0.20817057291666666
998,LRU,0.20068359375
999,LRU,0.24983723958333334
1000,LRU,0.21809895833333334
1001,LRU,0.21663411458333334
1002,LRU,0.2158203125
1003,LRU,0.2584635416666667
1004,LRU,0.21809895833333334
1005,LRU,0.22298177083333334
1006,LRU,0.22184244791666666
1007,LRU,0.24235026041666666
1008,LRU,0.2197265625
1009,LRU,0.2158203125
1010,LRU,0.201171875
1011,LRU,0.2470703125
1012,LRU,0.21484375
1013,LRU,0.22102864583333334
1014,LRU,0.21240234375
1015,LRU,0.25634765625
1016,LRU,0.22021484375
1017,LRU,0.23177083333333334
1018,LRU,0.23063151041666666
1019,LRU,0.2604166666666667
1020,LRU,0.23014322916666666
1021,LRU,0.2275390625
1022,LRU,0.21663411458333334
1023,LRU,0.23697916666666666
3,LFU,0.28759765625
4,LFU,0.28759765625
5,LFU,0.2848307291666667
6,LFU,0.2643229166666667
7,LFU,0.28466796875
8,LFU,0.2600911458333333
9,LFU,0.2561848958333333
10,LFU,0.23616536458333334
11,LFU,0.2599283854166667
12,LFU,0.23746744791666666
13,LFU,0.24951171875
14,LFU,0.2638346354166667
15,LFU,0.3134765625
16,LFU,0.283203125
17,LFU,0.2906901041666667
18,LFU,0.2903645833333333
19,LFU,0.2762044270833333
20,LFU,0.24202473958333334
21,LFU,0.24088541666666666
22,LFU,0.25927734375
23,LFU,0.2677408854166667
24,LFU,0.22819010416666666
25,LFU,0.23583984375
26,LFU,0.24886067708333334
27,LFU,0.2584635416666667
28,LFU,0.24462890625
29,LFU,0.236328125
30,LFU,0.2470703125
31,LFU,0.27099609375
32,LFU,0.2532552083333333
33,LFU,0.24853515625
34,LFU,0.24641927083333334
35,LFU,0.24918619791666666
36,LFU,0.2421875
37,LFU,0.23388671875
38,LFU,0.23876953125
39,LFU,0.2734375
40,LFU,0.27392578125
41,LFU,0.2734375
42,LFU,0.2613932291666667
43,LFU,0.31005859375
44,LFU,0.3069661458333333
45,LFU,0.3011067708333333
46,LFU,0.2955729166666667
47,LFU,0.2814127604166667
48,LFU,0.28564453125
49,LFU,0.2701822916666667
50,LFU,0.2646484375
51,LFU,0.2810872395833333
52,LFU,0.2765299479166667
53,LFU,0.28125
54,LFU,0.2613932291666667
55,LFU,0.32666015625
56,LFU,0.3048502604166667
57,LFU,0.2819010416666667
58,LFU,0.2913411458333333
59,LFU,0.3146158854166667
60,LFU,0.31201171875
61,LFU,0.3001302083333333
62,LFU,0.27587890625
63,LFU,0.26953125
64,LFU,0.24104817708333334
65,LFU,0.232421875
66,LFU,0.24462890625
67,LFU,0.2677408854166667
68,LFU,0.23649088541666666
69,LFU,0.23665364583333334
70,LFU,0.22981770833333334
71,LFU,0.2835286458333333
72,LFU,0.2828776041666667
73,LFU,0.2776692708333333
74,LFU,0.2581380208333333
75,LFU,0.3084309895833333
76,LFU,0.28076171875
77,LFU,0.2815755208333333
78,LFU,0.2679036458333333
79,LFU,0.2903645833333333
80,LFU,0.2630208333333333
81,LFU,0.2688802083333333
82,LFU,0.2779947916666667
83,LFU,0.2877604166666667
84,LFU,0.2620442708333333
85,LFU,0.26611328125
86,LFU,0.2835286458333333
87,LFU,0.3058268229166667
88,LFU,0.2760416666666667
89,LFU,0.2882486979166667
90,LFU,0.2825520833333333
91,LFU,0.3313802083333333
92,LFU,0.3024088541666667
93,LFU,0.31005859375
94,LFU,0.28515625
95,LFU,0.29052734375
96,LFU,0.2685546875
97,LFU,0.271484375
98,LFU,0.2698567708333333
99,LFU,0.2703450520833333
100,LFU,0.2626953125
101,LFU,0.255859375
102,LFU,0.2819010416666667
103,LFU,0.2902018229166667
104,LFU,0.27490234375
105,LFU,0.2701822916666667
106,LFU,0.2884114583333333
107,LFU,0.31005859375
108,LFU,0.2918294270833333
109,LFU,0.2791341145833333
110,LFU,0.2763671875
111,LFU,0.302734375
112,LFU,0.2745768229166667
113,LFU,0.2854817708333333
114,LFU,0.2900390625
115,LFU,0.2752278645833333
116,LFU,0.2794596354166667
117,LFU,0.2599283854166667
118,LFU,0.2674153645833333
119,LFU,0.29248046875
120,LFU,0.2609049479166667
121,LFU,0.2574869791666667
122,LFU,0.25537109375
123,LFU,0.24983723958333334
124,LFU,0.21956380208333334
125,LFU,0.21907552083333334
126,LFU,0.2158203125
127,LFU,0.23453776041666666
128,LFU,0.23600260416666666
129,LFU,0.23551432291666666
130,LFU,0.23583984375
131,LFU,0.24267578125
132,LFU,0.2353515625
133,LFU,0.23388671875
134,LFU,0.22916666666666666
135,LFU,0.2674153645833333
136,LFU,0.26708984375
137,LFU,0.2516276041666667
138,LFU,0.263671875
139,LFU,0.24479166666666666
140,LFU,0.24527994791666666
141,LFU,0.23421223958333334
142,LFU,0.22721354166666666
143,LFU,0.2625325520833333
144,LFU,0.23307291666666666
145,LFU,0.24869791666666666
146,LFU,0.22574869791666666
147,LFU,0.2639973958333333
148,LFU,0.23014322916666666
149,LFU,0.24039713541666666
150,LFU,0.24039713541666666
151,LFU,0.2560221354166667
152,LFU,0.24348958333333334
153,LFU,0.23795572916666666
154,LFU,0.24723307291666666
155,LFU,0.2771809895833333
156,LFU,0.2732747395833333
157,LFU,0.2687174479166667
158,LFU,0.2517903645833333
159,LFU,0.2721354166666667
160,LFU,0.24967447916666666
161,LFU,0.24609375
162,LFU,0.23046875
163,LFU,0.2555338541666667
164,LFU,0.24137369791666666
165,LFU,0.24397786458333334
166,LFU,0.23307291666666666
167,LFU,0.291015625
168,LFU,0.26611328125
169,LFU,0.2830403645833333
170,LFU,0.2815755208333333
171,LFU,0.2737630208333333
172,LFU,0.24788411458333334
173,LFU,0.26513671875
174,LFU,0.2724609375
175,LFU,0.3028971354166667
176,LFU,0.24544270833333334
177,LFU,0.22298177083333334
178,LFU,0.2578125
179,LFU,0.2747395833333333
180,LFU,0.2537434895833333
181,LFU,0.232421875
182,LFU,0.2513020833333333
183,LFU,0.2745768229166667
184,LFU,0.2623697916666667
185,LFU,0.2698567708333333
186,LFU,0.24609375
187,LFU,0.2683919270833333
188,LFU,0.24967447916666666
189,LFU,0.2600911458333333
190,LFU,0.24772135416666666
191,LFU,0.255859375
192,LFU,0.23600260416666666
193,LFU,0.24397786458333334
194,LFU,0.236328125
195,LFU,0.2591145833333333
196,LFU,0.2516276041666667
197,LFU,0.24495442708333334
198,LFU,0.2265625
199,LFU,0.26513671875
200,LFU,0.23421223958333334
201,LFU,0.24055989583333334
202,LFU,0.2545572916666667
203,LFU,0.26953125
204,LFU,0.2648111979166667
205,LFU,0.2548828125
206,LFU,0.2513020833333333
207,LFU,0.2784830729166667
208,LFU,0.2547200520833333
209,LFU,0.2529296875
210,LFU,0.2605794270833333
211,LFU,0.251953125
212,LFU,0.24462890625
213,LFU,0.24772135416666666
214,LFU,0.2421875
215,LFU,0.2747395833333333
216,LFU,0.2421875
217,LFU,0.23160807291666666
218,LFU,0.22639973958333334
219,LFU,0.23811848958333334
220,LFU,0.22379557291666666
221,LFU,0.2314453125
222,LFU,0.22526041666666666
223,LFU,0.2609049479166667
224,LFU,0.23876953125
225,LFU,0.23209635416666666
226,LFU,0.24658203125
227,LFU,0.2677408854166667
228,LFU,0.2509765625
229,LFU,0.23876953125
230,LFU,0.24739583333333334
231,LFU,0.3024088541666667
232,LFU,0.2766927083333333
233,LFU,0.2696940104166667
234,LFU,0.2696940104166667
235,LFU,0.26513671875
236,LFU,0.2594401041666667
237,LFU,0.240234375
238,LFU,0.23893229166666666
239,LFU,0.2633463541666667
240,LFU,0.2521158854166667
241,LFU,0.240234375
242,LFU,0.24788411458333334
243,LFU,0.2975260416666667
244,LFU,0.25048828125
245,LFU,0.2565104166666667
246,LFU,0.2581380208333333
247,LFU,0.27685546875
248,LFU,0.26513671875
249,LFU,0.26220703125
250,LFU,0.2657877604166667
251,LFU,0.2887369791666667
252,LFU,0.2555338541666667
253,LFU,0.265625
254,LFU,0.2667643229166667
255,LFU,0.2805989583333333
256,LFU,0.2659505208333333
257,LFU,0.2693684895833333
258,LFU,0.26708984375
259,LFU,0.2820638020833333
260,LFU,0.27197265625
261,LFU,0.2724609375
262,LFU,0.2609049479166667
263,LFU,0.2794596354166667
264,LFU,0.240234375
265,LFU,0.24641927083333334
266,LFU,0.2526041666666667
267,LFU,0.2791341145833333
268,LFU,0.2688802083333333
269,LFU,0.24755859375
270,LFU,0.2535807291666667
271,LFU,0.2809244791666667
272,LFU,0.2620442708333333
273,LFU,0.27685546875
274,LFU,0.2620442708333333
275,LFU,0.2804361979166667
276,LFU,0.25
277,LFU,0.2591145833333333
278,LFU,0.2610677083333333
279,LFU,0.2845052083333333
280,LFU,0.2521158854166667
281,LFU,0.24169921875
282,LFU,0.2552083333333333
283,LFU,0.283203125
284,LFU,0.2711588541666667
285,LFU,0.24739583333333334
286,LFU,0.26416015625
287,LFU,0.2721354166666667
288,LFU,0.2503255208333333
289,LFU,0.2516276041666667
290,LFU,0.24332682291666666
291,LFU,0.2623697916666667
292,LFU,0.24088541666666666
293,LFU,0.23763020833333334
294,LFU,0.23828125
295,LFU,0.2628580729166667
296,LFU,0.25537109375
297,LFU,0.2763671875
298,LFU,0.2693684895833333
299,LFU,0.3142903645833333
300,LFU,0.2906901041666667
301,LFU,0.2945963541666667
302,LFU,0.2731119791666667
303,LFU,0.2822265625
304,LFU,0.2801106770833333
305,LFU,0.2685546875
306,LFU,0.2687174479166667
307,LFU,0.2771809895833333
308,LFU,0.2815755208333333
309,LFU,0.2696940104166667
310,LFU,0.2594401041666667
311,LFU,0.2898763020833333
312,LFU,0.2727864583333333
313,LFU,0.2672526041666667
314,LFU,0.2609049479166667
315,LFU,0.2752278645833333
316,LFU,0.23828125
317,LFU,0.25830078125
318,LFU,0.2470703125
319,LFU,0.3287760416666667
320,LFU,0.3038736979166667
321,LFU,0.3084309895833333
322,LFU,0.3177083333333333
323,LFU,0.3212890625
324,LFU,0.3025716145833333
325,LFU,0.30078125
326,LFU,0.28515625
327,LFU,0.298828125
328,LFU,0.27587890625
329,LFU,0.2659505208333333
330,LFU,0.24332682291666666
331,LFU,0.27294921875
332,LFU,0.2643229166666667
333,LFU,0.24983723958333334
334,LFU,0.2555338541666667
335,LFU,0.2521158854166667
336,LFU,0.23551432291666666
337,LFU,0.2490234375
338,LFU,0.2532552083333333
339,LFU,0.25732421875
340,LFU,0.2615559895833333
341,LFU,0.2532552083333333
342,LFU,0.25390625
343,LFU,0.2892252604166667
344,LFU,0.2789713541666667
345,LFU,0.2840169270833333
346,LFU,0.26953125
347,LFU,0.2848307291666667
348,LFU,0.25732421875
349,LFU,0.2470703125
350,LFU,0.23274739583333334
351,LFU,0.26416015625
352,LFU,0.2620442708333333
353,LFU,0.2584635416666667
354,LFU,0.2503255208333333
355,LFU,0.2908528645833333
356,LFU,0.2775065104166667
357,LFU,0.2596028645833333
358,LFU,0.2706705729166667
359,LFU,0.2835286458333333
360,LFU,0.2581380208333333
361,LFU,0.23974609375
362,LFU,0.2579752604166667
363,LFU,0.2918294270833333
364,LFU,0.2757161458333333
365,LFU,0.2762044270833333
366,LFU,0.2633463541666667
367,LFU,0.2890625
368,LFU,0.2903645833333333
369,LFU,0.2760416666666667
370,LFU,0.2903645833333333
371,LFU,0.3015950520833333
372,LFU,0.2639973958333333
373,LFU,0.2693684895833333
374,LFU,0.26123046875
375,LFU,0.2698567708333333
376,LFU,0.2757161458333333
377,LFU,0.2659505208333333
378,LFU,0.2579752604166667
379,LFU,0.2893880208333333
380,LFU,0.26708984375
381,LFU,0.28662109375
382,LFU,0.2830403645833333
383,LFU,0.30859375
384,LFU,0.2820638020833333
385,LFU,0.2888997395833333
386,LFU,0.2779947916666667
387,LFU,0.2998046875
388,LFU,0.2796223958333333
389,LFU,0.2752278645833333
390,LFU,0.2861328125
391,LFU,0.3017578125
392,LFU,0.2540690104166667
393,LFU,0.2722981770833333
394,LFU,0.28076171875
395,LFU,0.3025716145833333
396,LFU,0.3020833333333333
397,LFU,0.2804361979166667
398,LFU,0.28076171875
399,LFU,0.3001302083333333
400,LFU,0.3025716145833333
401,LFU,0.3006184895833333
402,LFU,0.298828125
403,LFU,0.32568359375
404,LFU,0.2843424479166667
405,LFU,0.2794596354166667
406,LFU,0.2672526041666667
407,LFU,0.2918294270833333
408,LFU,0.28076171875
409,LFU,0.25390625
410,LFU,0.2747395833333333
411,LFU,0.2898763020833333
412,LFU,0.2605794270833333
413,LFU,0.287109375
414,LFU,0.2654622395833333
415,LFU,0.3001302083333333
416,LFU,0.2635091145833333
417,LFU,0.2530924479166667
418,LFU,0.2771809895833333
419,LFU,0.30615234375
420,LFU,0.2664388020833333
421,LFU,0.2736002604166667
422,LFU,0.2726236979166667
423,LFU,0.30517578125
424,LFU,0.2833658854166667
425,LFU,0.2926432291666667
426,LFU,0.2799479166666667
427,LFU,0.2950846354166667
428,LFU,0.2679036458333333
429,LFU,0.2623697916666667
430,LFU,0.2652994791666667
431,LFU,0.2991536458333333
432,LFU,0.2893880208333333
433,LFU,0.2890625
434,LFU,0.29345703125
435,LFU,0.3037109375
436,LFU,0.3011067708333333
437,LFU,0.30712890625
438,LFU,0.2841796875
439,LFU,0.3299153645833333
440,LFU,0.2918294270833333
441,LFU,0.3015950520833333
442,LFU,0.2861328125
443,LFU,0.3084309895833333
444,LFU,0.2887369791666667
445,LFU,0.2937825520833333
446,LFU,0.2919921875
447,LFU,0.3001302083333333
448,LFU,0.2685546875
449,LFU,0.27783203125
450,LFU,0.2859700520833333
451,LFU,0.3069661458333333
452,LFU,0.3040364583333333
453,LFU,0.28955078125
454,LFU,0.27783203125
455,LFU,0.2869466145833333
456,LFU,0.2763671875
457,LFU,0.28369140625
458,LFU,0.2902018229166667
459,LFU,0.3056640625
460,LFU,0.27294921875
461,LFU,0.26953125
462,LFU,0.28271484375
463,LFU,0.287109375
464,LFU,0.2926432291666667
465,LFU,0.2781575520833333
466,LFU,0.2862955729166667
467,LFU,0.3103841145833333
468,LFU,0.2841796875
469,LFU,0.2763671875
470,LFU,0.2791341145833333
471,LFU,0.3234049479166667
472,LFU,0.31787109375
473,LFU,0.31103515625
474,LFU,0.3058268229166667
475,LFU,0.3203125
476,LFU,0.31591796875
477,LFU,0.30712890625
478,LFU,0.31494140625
479,LFU,0.3165690104166667
480,LFU,0.26708984375
481,LFU,0.2967122395833333
482,LFU,0.2791341145833333
483,LFU,0.30224609375
484,LFU,0.2742513020833333
485,LFU,0.2880859375
486,LFU,0.2765299479166667
487,LFU,0.3193359375
488,LFU,0.2770182291666667
489,LFU,0.2667643229166667
490,LFU,0.275390625
491,LFU,0.2970377604166667
492,LFU,0.28271484375
493,LFU,0.2996419270833333
494,LFU,0.2783203125
495,LFU,0.2955729166666667
496,LFU,0.2923177083333333
497,LFU,0.2887369791666667
498,LFU,0.2880859375
499,LFU,0.3128255208333333
500,LFU,0.29541015625
501,LFU,0.3068033854166667
502,LFU,0.2814127604166667
503,LFU,0.3269856770833333
504,LFU,0.2957356770833333
505,LFU,0.29296875
506,LFU,0.2861328125
507,LFU,0.3136393229166667
508,LFU,0.31298828125
509,LFU,0.3098958333333333
510,LFU,0.3015950520833333
511,LFU,0.3094075520833333
512,LFU,0.28857421875
513,LFU,0.30712890625
514,LFU,0.2923177083333333
515,LFU,0.32763671875
516,LFU,0.30908203125
517,LFU,0.29052734375
518,LFU,0.2810872395833333
519,LFU,0.3125
520,LFU,0.2766927083333333
521,LFU,0.2744140625
522,LFU,0.2892252604166667
523,LFU,0.30224609375
524,LFU,0.2731119791666667
525,LFU,0.2843424479166667
526,LFU,0.28125
527,LFU,0.29443359375
528,LFU,0.26220703125
529,LFU,0.2701822916666667
530,LFU,0.2633463541666667
531,LFU,0.3347981770833333
532,LFU,0.3084309895833333
533,LFU,0.3138020833333333
534,LFU,0.2957356770833333
535,LFU,0.3343098958333333
536,LFU,0.2945963541666667
537,LFU,0.2830403645833333
538,LFU,0.3048502604166667
539,LFU,0.314453125
540,LFU,0.3273111979166667
541,LFU,0.2991536458333333
542,LFU,0.2970377604166667
543,LFU,0.3321940104166667
544,LFU,0.31298828125
545,LFU,0.3240559895833333
546,LFU,0.3102213541666667
547,LFU,0.32177734375
548,LFU,0.3125
549,LFU,0.2991536458333333
550,LFU,0.3142903645833333
551,LFU,0.30517578125
552,LFU,0.30859375
553,LFU,0.31787109375
554,LFU,0.3125
555,LFU,0.3206380208333333
556,LFU,0.3193359375
557,LFU,0.3095703125
558,LFU,0.306640625
559,LFU,0.2952473958333333
560,LFU,0.2937825520833333
561,LFU,0.29443359375
562,LFU,0.2843424479166667
563,LFU,0.3055013020833333
564,LFU,0.3046875
565,LFU,0.3055013020833333
566,LFU,0.2931315104166667
567,LFU,0.3172200520833333
568,LFU,0.2928059895833333
569,LFU,0.30908203125
570,LFU,0.3053385416666667
571,LFU,0.3170572916666667
572,LFU,0.3107096354166667
573,LFU,0.2989908854166667
574,LFU,0.3087565104166667
575,LFU,0.3336588541666667
576,LFU,0.31591796875
577,LFU,0.3074544270833333
578,LFU,0.29833984375
579,LFU,0.3194986979166667
580,LFU,0.2947591145833333
581,LFU,0.30908203125
582,LFU,0.31640625
583,LFU,0.3323567708333333
584,LFU,0.3103841145833333
585,LFU,0.3177083333333333
586,LFU,0.3194986979166667
587,LFU,0.3154296875
588,LFU,0.2991536458333333
589,LFU,0.29150390625
590,LFU,0.3058268229166667
591,LFU,0.31884765625
592,LFU,0.302734375
593,LFU,0.3011067708333333
594,LFU,0.2989908854166667
595,LFU,0.3382161458333333
596,LFU,0.32080078125
597,LFU,0.3181966145833333
598,LFU,0.3079427083333333
599,LFU,0.3509114583333333
600,LFU,0.3152669270833333
601,LFU,0.3125
602,LFU,0.3056640625
603,LFU,0.3224283854166667
604,LFU,0.3017578125
605,LFU,0.2849934895833333
606,LFU,0.2763671875
607,LFU,0.32080078125
608,LFU,0.3232421875
609,LFU,0.3077799479166667
610,LFU,0.32275390625
611,LFU,0.3419596354166667
612,LFU,0.31982421875
613,LFU,0.3121744791666667
614,LFU,0.3050130208333333
615,LFU,0.3175455729166667
616,LFU,0.2804361979166667
617,LFU,0.2921549479166667
618,LFU,0.2902018229166667
619,LFU,0.3479817708333333
620,LFU,0.3125
621,LFU,0.3204752604166667
622,LFU,0.3175455729166667
623,LFU,0.3323567708333333
624,LFU,0.3155924479166667
625,LFU,0.3180338541666667
626,LFU,0.2965494791666667
627,LFU,0.3387044270833333
628,LFU,0.3094075520833333
629,LFU,0.31005859375
630,LFU,0.2911783854166667
631,LFU,0.3172200520833333
632,LFU,0.30908203125
633,LFU,0.3125
634,LFU,0.29296875
635,LFU,0.3556315104166667
636,LFU,0.3219401041666667
637,LFU,0.3138020833333333
638,LFU,0.3255208333333333
639,LFU,0.3020833333333333
640,LFU,0.2859700520833333
641,LFU,0.27734375
642,LFU,0.3011067708333333
643,LFU,0.2967122395833333
644,LFU,0.2902018229166667
645,LFU,0.2877604166666667
646,LFU,0.29541015625
647,LFU,0.3238932291666667
648,LFU,0.30859375
649,LFU,0.2801106770833333
650,LFU,0.2931315104166667
651,LFU,0.2999674479166667
652,LFU,0.2822265625
653,LFU,0.2662760416666667
654,LFU,0.2646484375
655,LFU,0.3046875
656,LFU,0.2903645833333333
657,LFU,0.2892252604166667
658,LFU,0.2936197916666667
659,LFU,0.3419596354166667
660,LFU,0.33544921875
661,LFU,0.30078125
662,LFU,0.2872721354166667
663,LFU,0.3040364583333333
664,LFU,0.2952473958333333
665,LFU,0.2952473958333333
666,LFU,0.2985026041666667
667,LFU,0.34765625
668,LFU,0.3138020833333333
669,LFU,0.2972005208333333
670,LFU,0.3404947916666667
671,LFU,0.3273111979166667
672,LFU,0.3225911458333333
673,LFU,0.3103841145833333
674,LFU,0.2923177083333333
675,LFU,0.3173828125
676,LFU,0.2921549479166667
677,LFU,0.2931315104166667
678,LFU,0.2900390625
679,LFU,0.3098958333333333
680,LFU,0.3037109375
681,LFU,0.3014322916666667
682,LFU,0.296875
683,LFU,0.3299153645833333
684,LFU,0.3102213541666667
685,LFU,0.3134765625
686,LFU,0.3170572916666667
687,LFU,0.3346354166666667
688,LFU,0.3157552083333333
689,LFU,0.3411458333333333
690,LFU,0.3302408854166667
691,LFU,0.345703125
692,LFU,0.32666015625
693,LFU,0.3229166666666667
694,LFU,0.2833658854166667
695,LFU,0.3180338541666667
696,LFU,0.3287760416666667
697,LFU,0.3243815104166667
698,LFU,0.3336588541666667
699,LFU,0.3289388020833333
700,LFU,0.2877604166666667
701,LFU,0.3273111979166667
702,LFU,0.3074544270833333
703,LFU,0.3214518229166667
704,LFU,0.3123372395833333
705,LFU,0.3020833333333333
706,LFU,0.3113606770833333
707,LFU,0.3395182291666667
708,LFU,0.3229166666666667
709,LFU,0.32080078125
710,LFU,0.31201171875
711,LFU,0.3349609375
712,LFU,0.2996419270833333
713,LFU,0.2960611979166667
714,LFU,0.2975260416666667
715,LFU,0.3294270833333333
716,LFU,0.3030598958333333
717,LFU,0.2970377604166667
718,LFU,0.30322265625
719,LFU,0.33251953125
720,LFU,0.3162434895833333
721,LFU,0.32763671875
722,LFU,0.3037109375
723,LFU,0.3533528645833333
724,LFU,0.30859375
725,LFU,0.3019205729166667
726,LFU,0.2972005208333333
727,LFU,0.33154296875
728,LFU,0.3128255208333333
729,LFU,0.3123372395833333
730,LFU,0.3190104166666667
731,LFU,0.3328450520833333
732,LFU,0.30224609375
733,LFU,0.3230794270833333
734,LFU,0.3204752604166667
735,LFU,0.3616536458333333
736,LFU,0.3396809895833333
737,LFU,0.32958984375
738,LFU,0.32421875
739,LFU,0.3098958333333333
740,LFU,0.3004557291666667
741,LFU,0.3058268229166667
742,LFU,0.30810546875
743,LFU,0.3277994791666667
744,LFU,0.3108723958333333
745,LFU,0.3014322916666667
746,LFU,0.2932942708333333
747,LFU,0.32421875
748,LFU,0.2916666666666667
749,LFU,0.3097330729166667
750,LFU,0.3025716145833333
751,LFU,0.31640625
752,LFU,0.2867838541666667
753,LFU,0.2862955729166667
754,LFU,0.2975260416666667
755,LFU,0.3268229166666667
756,LFU,0.2923177083333333
757,LFU,0.3011067708333333
758,LFU,0.2918294270833333
759,LFU,0.33544921875
760,LFU,0.3424479166666667
761,LFU,0.3209635416666667
762,LFU,0.3141276041666667
763,LFU,0.3204752604166667
764,LFU,0.30712890625
765,LFU,0.306640625
766,LFU,0.3284505208333333
767,LFU,0.3531901041666667
768,LFU,0.3273111979166667
769,LFU,0.3294270833333333
770,LFU,0.3212890625
771,LFU,0.3430989583333333
772,LFU,0.3318684895833333
773,LFU,0.34521484375
774,LFU,0.3359375
775,LFU,0.3302408854166667
776,LFU,0.3194986979166667
777,LFU,0.3284505208333333
778,LFU,0.3453776041666667
779,LFU,0.3595377604166667
780,LFU,0.3346354166666667
781,LFU,0.3424479166666667
782,LFU,0.2945963541666667
783,LFU,0.3466796875
784,LFU,0.3053385416666667
785,LFU,0.3076171875
786,LFU,0.33056640625
787,LFU,0.33740234375
788,LFU,0.3209635416666667
789,LFU,0.3196614583333333
790,LFU,0.3209635416666667
791,LFU,0.3385416666666667
792,LFU,0.3209635416666667
793,LFU,0.3297526041666667
794,LFU,0.3190104166666667
795,LFU,0.3277994791666667
796,LFU,0.3056640625
797,LFU,0.30322265625
798,LFU,0.31201171875
799,LFU,0.3375651041666667
800,LFU,0.3211263020833333
801,LFU,0.30859375
802,LFU,0.3024088541666667
803,LFU,0.3194986979166667
804,LFU,0.2952473958333333
805,LFU,0.3204752604166667
806,LFU,0.3133138020833333
807,LFU,0.3268229166666667
808,LFU,0.3056640625
809,LFU,0.3154296875
810,LFU,0.3019205729166667
811,LFU,0.33447265625
812,LFU,0.3209635416666667
813,LFU,0.30810546875
814,LFU,0.3028971354166667
815,LFU,0.35107421875
816,LFU,0.31640625
817,LFU,0.3074544270833333
818,LFU,0.310546875
819,LFU,0.3341471354166667
820,LFU,0.2981770833333333
821,LFU,0.3102213541666667
822,LFU,0.3011067708333333
823,LFU,0.3458658854166667
824,LFU,0.3103841145833333
825,LFU,0.3253580729166667
826,LFU,0.3203125
827,LFU,0.36376953125
828,LFU,0.3232421875
829,LFU,0.3307291666666667
830,LFU,0.3138020833333333
831,LFU,0.3142903645833333
832,LFU,0.3095703125
833,LFU,0.29638671875
834,LFU,0.3204752604166667
835,LFU,0.3531901041666667
836,LFU,0.33837890625
837,LFU,0.361328125
838,LFU,0.3435872395833333
839,LFU,0.3509114583333333
840,LFU,0.32958984375
841,LFU,0.3131510416666667
842,LFU,0.3302408854166667
843,LFU,0.37060546875
844,LFU,0.3448893229166667
845,LFU,0.3287760416666667
846,LFU,0.3455403645833333
847,LFU,0.3349609375
848,LFU,0.3299153645833333
849,LFU,0.30615234375
850,LFU,0.298828125
851,LFU,0.3455403645833333
852,LFU,0.3199869791666667
853,LFU,0.3400065104166667
854,LFU,0.32958984375
855,LFU,0.337890625
856,LFU,0.3351236979166667
857,LFU,0.32470703125
858,LFU,0.3180338541666667
859,LFU,0.3453776041666667
860,LFU,0.3113606770833333
861,LFU,0.3310546875
862,LFU,0.3131510416666667
863,LFU,0.3292643229166667
864,LFU,0.2789713541666667
865,LFU,0.2825520833333333
866,LFU,0.2828776041666667
867,LFU,0.31396484375
868,LFU,0.3069661458333333
869,LFU,0.3089192708333333
870,LFU,0.3001302083333333
871,LFU,0.3444010416666667
872,LFU,0.3020833333333333
873,LFU,0.3367513020833333
874,LFU,0.3082682291666667
875,LFU,0.3310546875
876,LFU,0.3121744791666667
877,LFU,0.3136393229166667
878,LFU,0.3074544270833333
879,LFU,0.3160807291666667
880,LFU,0.30078125
881,LFU,0.3173828125
882,LFU,0.314453125
883,LFU,0.3611653645833333
884,LFU,0.3719075520833333
885,LFU,0.3486328125
886,LFU,0.3318684895833333
887,LFU,0.3551432291666667
888,LFU,0.3284505208333333
889,LFU,0.3317057291666667
890,LFU,0.3212890625
891,LFU,0.3372395833333333
892,LFU,0.3165690104166667
893,LFU,0.306640625
894,LFU,0.310546875
895,LFU,0.34228515625
896,LFU,0.3064778645833333
897,LFU,0.3136393229166667
898,LFU,0.3033854166666667
899,LFU,0.3326822916666667
900,LFU,0.31689453125
901,LFU,0.31103515625
902,LFU,0.2882486979166667
903,LFU,0.3391927083333333
904,LFU,0.3273111979166667
905,LFU,0.34033203125
906,LFU,0.3312174479166667
907,LFU,0.3513997395833333
908,LFU,0.3206380208333333
909,LFU,0.3245442708333333
910,LFU,0.3387044270833333
911,LFU,0.34033203125
912,LFU,0.3043619791666667
913,LFU,0.2981770833333333
914,LFU,0.3121744791666667
915,LFU,0.33203125
916,LFU,0.3308919270833333
917,LFU,0.3199869791666667
918,LFU,0.3212890625
919,LFU,0.3317057291666667
920,LFU,0.3203125
921,LFU,0.3111979166666667
922,LFU,0.3225911458333333
923,LFU,0.31591796875
924,LFU,0.3089192708333333
925,LFU,0.31005859375
926,LFU,0.28759765625
927,LFU,0.3486328125
928,LFU,0.3439127604166667
929,LFU,0.3277994791666667
930,LFU,0.3312174479166667
931,LFU,0.3406575520833333
932,LFU,0.3251953125
933,LFU,0.3082682291666667
934,LFU,0.3341471354166667
935,LFU,0.3330078125
936,LFU,0.32470703125
937,LFU,0.3395182291666667
938,LFU,0.3349609375
939,LFU,0.3245442708333333
940,LFU,0.32373046875
941,LFU,0.3390299479166667
942,LFU,0.32763671875
943,LFU,0.361328125
944,LFU,0.3331705729166667
945,LFU,0.3543294270833333
946,LFU,0.3487955729166667
947,LFU,0.3639322916666667
948,LFU,0.33935546875
949,LFU,0.3225911458333333
950,LFU,0.3201497395833333
951,LFU,0.3224283854166667
952,LFU,0.3069661458333333
953,LFU,0.3199869791666667
954,LFU,0.3190104166666667
955,LFU,0.3767903645833333
956,LFU,0.3224283854166667
957,LFU,0.3268229166666667
958,LFU,0.3509114583333333
959,LFU,0.3372395833333333
960,LFU,0.32275390625
961,LFU,0.3317057291666667
962,LFU,0.33251953125
963,LFU,0.3486328125
964,LFU,0.3181966145833333
965,LFU,0.3225911458333333
966,LFU,0.31494140625
967,LFU,0.3629557291666667
968,LFU,0.3284505208333333
969,LFU,0.326171875
970,LFU,0.3087565104166667
971,LFU,0.330078125
972,LFU,0.294921875
973,LFU,0.32763671875
974,LFU,0.3297526041666667
975,LFU,0.3307291666666667
976,LFU,0.3037109375
977,LFU,0.3063151041666667
978,LFU,0.3138020833333333
979,LFU,0.3240559895833333
980,LFU,0.2923177083333333
981,LFU,0.296875
982,LFU,0.3125
983,LFU,0.3907877604166667
984,LFU,0.33935546875
985,LFU,0.3346354166666667
986,LFU,0.3388671875
987,LFU,0.3224283854166667
988,LFU,0.3040364583333333
989,LFU,0.29052734375
990,LFU,0.2980143229166667
991,LFU,0.3347981770833333
992,LFU,0.3291015625
993,LFU,0.3395182291666667
994,LFU,0.3230794270833333
995,LFU,0.3318684895833333
996,LFU,0.3216145833333333
997,LFU,0.3048502604166667
998,LFU,0.3046875
999,LFU,0.3310546875
1000,LFU,0.31689453125
1001,LFU,0.3269856770833333
1002,LFU,0.3181966145833333
1003,LFU,0.3673502604166667
1004,LFU,0.3268229166666667
1005,LFU,0.3538411458333333
1006,LFU,0.3543294270833333
1007,LFU,0.333984375
1008,LFU,0.3291015625
1009,LFU,0.3243815104166667
1010,LFU,0.3279622395833333
1011,LFU,0.33447265625
1012,LFU,0.3151041666666667
1013,LFU,0.3154296875
1014,LFU,0.31005859375
1015,LFU,0.3528645833333333
1016,LFU,0.34765625
1017,LFU,0.3642578125
1018,LFU,0.3543294270833333
1019,LFU,0.3582356770833333
1020,LFU,0.35693359375
1021,LFU,0.3238932291666667
1022,LFU,0.3245442708333333
1023,LFU,0.3455403645833333
3,WeightedLFU,0.4270833333333333
4,WeightedLFU,0.47216796875
5,WeightedLFU,0.4503580729166667
6,WeightedLFU,0.4462890625
7,WeightedLFU,0.4431966145833333
8,WeightedLFU,0.39306640625
9,WeightedLFU,0.4293619791666667
10,WeightedLFU,0.3663736979166667
11,WeightedLFU,0.4228515625
12,WeightedLFU,0.42236328125
13,WeightedLFU,0.4715169270833333
14,WeightedLFU,0.5174153645833334
15,WeightedLFU,0.5159505208333334
16,WeightedLFU,0.4759114583333333
17,WeightedLFU,0.5198567708333334
18,WeightedLFU,0.4763997395833333
19,WeightedLFU,0.4427083333333333
20,WeightedLFU,0.3522135416666667
21,WeightedLFU,0.3497721354166667
22,WeightedLFU,0.427734375
23,WeightedLFU,0.4348958333333333
24,WeightedLFU,0.36181640625
25,WeightedLFU,0.3846028645833333
26,WeightedLFU,0.4152018229166667
27,WeightedLFU,0.4576822916666667
28,WeightedLFU,0.4314778645833333
29,WeightedLFU,0.4410807291666667
30,WeightedLFU,0.4361979166666667
31,WeightedLFU,0.4285481770833333
32,WeightedLFU,0.4122721354166667
33,WeightedLFU,0.4181315104166667
34,WeightedLFU,0.41650390625
35,WeightedLFU,0.4173177083333333
36,WeightedLFU,0.42529296875
37,WeightedLFU,0.4508463541666667
38,WeightedLFU,0.4661458333333333
39,WeightedLFU,0.4783528645833333
40,WeightedLFU,0.5045572916666666
41,WeightedLFU,0.5040690104166666
42,WeightedLFU,0.4703776041666667
43,WeightedLFU,0.474609375
44,WeightedLFU,0.5260416666666666
45,WeightedLFU,0.50732421875
46,WeightedLFU,0.4622395833333333
47,WeightedLFU,0.4215494791666667
48,WeightedLFU,0.4900716145833333
49,WeightedLFU,0.4612630208333333
50,WeightedLFU,0.4638671875
51,WeightedLFU,0.466796875
52,WeightedLFU,0.4967447916666667
53,WeightedLFU,0.52734375
54,WeightedLFU,0.4778645833333333
55,WeightedLFU,0.5234375
56,WeightedLFU,0.5047200520833334
57,WeightedLFU,0.4527994791666667
58,WeightedLFU,0.4832356770833333
59,WeightedLFU,0.5013020833333334
60,WeightedLFU,0.4951171875
61,WeightedLFU,0.4593098958333333
62,WeightedLFU,0.40087890625
63,WeightedLFU,0.380859375
64,WeightedLFU,0.3697916666666667
65,WeightedLFU,0.3531901041666667
66,WeightedLFU,0.42041015625
67,WeightedLFU,0.4606119791666667
68,WeightedLFU,0.4449869791666667
69,WeightedLFU,0.4103190104166667
70,WeightedLFU,0.3984375
71,WeightedLFU,0.4806315104166667
72,WeightedLFU,0.4723307291666667
73,WeightedLFU,0.4720052083333333
74,WeightedLFU,0.4259440104166667
75,WeightedLFU,0.43798828125
76,WeightedLFU,0.44580078125
77,WeightedLFU,0.4290364583333333
78,WeightedLFU,0.4060872395833333
79,WeightedLFU,0.4083658854166667
80,WeightedLFU,0.45068359375
81,WeightedLFU,0.4871419270833333
82,WeightedLFU,0.4514973958333333
83,WeightedLFU,0.4280598958333333
84,WeightedLFU,0.40380859375
85,WeightedLFU,0.43359375
86,WeightedLFU,0.4861653645833333
87,WeightedLFU,0.4912109375
88,WeightedLFU,0.4923502604166667
89,WeightedLFU,0.5222981770833334
90,WeightedLFU,0.50634765625
91,WeightedLFU,0.4796549479166667
92,WeightedLFU,0.4781901041666667
93,WeightedLFU,0.4807942708333333
94,WeightedLFU,0.44189453125
95,WeightedLFU,0.4630533854166667
96,WeightedLFU,0.4469401041666667
97,WeightedLFU,0.4391276041666667
98,WeightedLFU,0.4734700520833333
99,WeightedLFU,0.4055989583333333
100,WeightedLFU,0.4137369791666667
101,WeightedLFU,0.44091796875
102,WeightedLFU,0.4549153645833333
103,WeightedLFU,0.4651692708333333
104,WeightedLFU,0.4552408854166667
105,WeightedLFU,0.4763997395833333
106,WeightedLFU,0.5079752604166666
107,WeightedLFU,0.5016276041666666
108,WeightedLFU,0.5188802083333334
109,WeightedLFU,0.42431640625
110,WeightedLFU,0.47119140625
111,WeightedLFU,0.4744466145833333
112,WeightedLFU,0.4210611979166667
113,WeightedLFU,0.4436848958333333
114,WeightedLFU,0.4466145833333333
115,WeightedLFU,0.439453125
116,WeightedLFU,0.45361328125
117,WeightedLFU,0.4402669270833333
118,WeightedLFU,0.4337565104166667
119,WeightedLFU,0.4716796875
120,WeightedLFU,0.4259440104166667
121,WeightedLFU,0.4147135416666667
122,WeightedLFU,0.4200846354166667
123,WeightedLFU,0.3484700520833333
124,WeightedLFU,0.34912109375
125,WeightedLFU,0.3377278645833333
126,WeightedLFU,0.3211263020833333
127,WeightedLFU,0.3279622395833333
128,WeightedLFU,0.3693033854166667
129,WeightedLFU,0.3714192708333333
130,WeightedLFU,0.4012044270833333
131,WeightedLFU,0.3834635416666667
132,WeightedLFU,0.4134114583333333
133,WeightedLFU,0.4287109375
134,WeightedLFU,0.3974609375
135,WeightedLFU,0.4013671875
136,WeightedLFU,0.41845703125
137,WeightedLFU,0.4025065104166667
138,WeightedLFU,0.4124348958333333
139,WeightedLFU,0.35302734375
140,WeightedLFU,0.3815104166666667
141,WeightedLFU,0.3504231770833333
142,WeightedLFU,0.36376953125
143,WeightedLFU,0.3740234375
144,WeightedLFU,0.34814453125
145,WeightedLFU,0.3855794270833333
146,WeightedLFU,0.31787109375
147,WeightedLFU,0.3194986979166667
148,WeightedLFU,0.3385416666666667
149,WeightedLFU,0.3611653645833333
150,WeightedLFU,0.39453125
151,WeightedLFU,0.4191080729166667
152,WeightedLFU,0.4319661458333333
153,WeightedLFU,0.4117838541666667
154,WeightedLFU,0.4259440104166667
155,WeightedLFU,0.4358723958333333
156,WeightedLFU,0.44970703125
157,WeightedLFU,0.4459635416666667
158,WeightedLFU,0.4007161458333333
159,WeightedLFU,0.3896484375
160,WeightedLFU,0.34423828125
161,WeightedLFU,0.3606770833333333
162,WeightedLFU,0.3597005208333333
163,WeightedLFU,0.3557942708333333
164,WeightedLFU,0.4114583333333333
165,WeightedLFU,0.39892578125
166,WeightedLFU,0.3642578125
167,WeightedLFU,0.4122721354166667
168,WeightedLFU,0.3912760416666667
169,WeightedLFU,0.4308268229166667
170,WeightedLFU,0.4122721354166667
171,WeightedLFU,0.3927408854166667
172,WeightedLFU,0.36669921875
173,WeightedLFU,0.3981119791666667
174,WeightedLFU,0.40966796875
175,WeightedLFU,0.4225260416666667
176,WeightedLFU,0.3779296875
177,WeightedLFU,0.3077799479166667
178,WeightedLFU,0.40234375
179,WeightedLFU,0.3370768229166667
180,WeightedLFU,0.3616536458333333
181,WeightedLFU,0.3675130208333333
182,WeightedLFU,0.3629557291666667
183,WeightedLFU,0.3767903645833333
184,WeightedLFU,0.39794921875
185,WeightedLFU,0.4326171875
186,WeightedLFU,0.3907877604166667
187,WeightedLFU,0.3732096354166667
188,WeightedLFU,0.3689778645833333
189,WeightedLFU,0.38818359375
190,WeightedLFU,0.3719075520833333
191,WeightedLFU,0.3606770833333333
192,WeightedLFU,0.3522135416666667
193,WeightedLFU,0.37646484375
194,WeightedLFU,0.3662109375
195,WeightedLFU,0.4059244791666667
196,WeightedLFU,0.3961588541666667
197,WeightedLFU,0.3435872395833333
198,WeightedLFU,0.3470052083333333
199,WeightedLFU,0.3548177083333333
200,WeightedLFU,0.3455403645833333
201,WeightedLFU,0.36376953125
202,WeightedLFU,0.36181640625
203,WeightedLFU,0.380859375
204,WeightedLFU,0.4208984375
205,WeightedLFU,0.3489583333333333
206,WeightedLFU,0.333984375
207,WeightedLFU,0.3194986979166667
208,WeightedLFU,0.3289388020833333
209,WeightedLFU,0.3424479166666667
210,WeightedLFU,0.3400065104166667
211,WeightedLFU,0.3523763020833333
212,WeightedLFU,0.3445638020833333
213,WeightedLFU,0.36865234375
214,WeightedLFU,0.3621419270833333
215,WeightedLFU,0.35986328125
216,WeightedLFU,0.3430989583333333
217,WeightedLFU,0.3346354166666667
218,WeightedLFU,0.3154296875
219,WeightedLFU,0.2989908854166667
220,WeightedLFU,0.318359375
221,WeightedLFU,0.3108723958333333
222,WeightedLFU,0.3273111979166667
223,WeightedLFU,0.3681640625
224,WeightedLFU,0.3445638020833333
225,WeightedLFU,0.3810221354166667
226,WeightedLFU,0.3818359375
227,WeightedLFU,0.4072265625
228,WeightedLFU,0.3968098958333333
229,WeightedLFU,0.38720703125
230,WeightedLFU,0.4313151041666667
231,WeightedLFU,0.3732096354166667
232,WeightedLFU,0.3821614583333333
233,WeightedLFU,0.3899739583333333
234,WeightedLFU,0.3834635416666667
235,WeightedLFU,0.3849283854166667
236,WeightedLFU,0.4072265625
237,WeightedLFU,0.3479817708333333
238,WeightedLFU,0.3484700520833333
239,WeightedLFU,0.3406575520833333
240,WeightedLFU,0.3955078125
241,WeightedLFU,0.3680013020833333
242,WeightedLFU,0.37890625
243,WeightedLFU,0.4002278645833333
244,WeightedLFU,0.3955078125
245,WeightedLFU,0.3748372395833333
246,WeightedLFU,0.3821614583333333
247,WeightedLFU,0.3624674479166667
248,WeightedLFU,0.3987630208333333
249,WeightedLFU,0.4020182291666667
250,WeightedLFU,0.4013671875
251,WeightedLFU,0.3917643229166667
252,WeightedLFU,0.3658854166666667
253,WeightedLFU,0.3932291666666667
254,WeightedLFU,0.4171549479166667
255,WeightedLFU,0.3505859375
256,WeightedLFU,0.4112955729166667
257,WeightedLFU,0.3981119791666667
258,WeightedLFU,0.3990885416666667
259,WeightedLFU,0.3873697916666667
260,WeightedLFU,0.3961588541666667
261,WeightedLFU,0.38427734375
262,WeightedLFU,0.3704427083333333
263,WeightedLFU,0.35791015625
264,WeightedLFU,0.3551432291666667
265,WeightedLFU,0.37158203125
266,WeightedLFU,0.3994140625
267,WeightedLFU,0.38037109375
268,WeightedLFU,0.3922526041666667
269,WeightedLFU,0.3304036458333333
270,WeightedLFU,0.37109375
271,WeightedLFU,0.3610026041666667
272,WeightedLFU,0.3720703125
273,WeightedLFU,0.3865559895833333
274,WeightedLFU,0.3546549479166667
275,WeightedLFU,0.3802083333333333
276,WeightedLFU,0.349609375
277,WeightedLFU,0.3878580729166667
278,WeightedLFU,0.3771158854166667
279,WeightedLFU,0.3759765625
280,WeightedLFU,0.3707682291666667
281,WeightedLFU,0.34765625
282,WeightedLFU,0.3517252604166667
283,WeightedLFU,0.3640950520833333
284,WeightedLFU,0.4013671875
285,WeightedLFU,0.3448893229166667
286,WeightedLFU,0.35107421875
287,WeightedLFU,0.3562825520833333
288,WeightedLFU,0.3525390625
289,WeightedLFU,0.3610026041666667
290,WeightedLFU,0.3567708333333333
291,WeightedLFU,0.3528645833333333
292,WeightedLFU,0.3479817708333333
293,WeightedLFU,0.333984375
294,WeightedLFU,0.322265625
295,WeightedLFU,0.3352864583333333
296,WeightedLFU,0.34423828125
297,WeightedLFU,0.3924153645833333
298,WeightedLFU,0.4557291666666667
299,WeightedLFU,0.4186197916666667
300,WeightedLFU,0.3955078125
301,WeightedLFU,0.41064453125
302,WeightedLFU,0.3636067708333333
303,WeightedLFU,0.3330078125
304,WeightedLFU,0.3528645833333333
305,WeightedLFU,0.3531901041666667
306,WeightedLFU,0.3717447916666667
307,WeightedLFU,0.3829752604166667
308,WeightedLFU,0.3868815104166667
309,WeightedLFU,0.3564453125
310,WeightedLFU,0.3468424479166667
311,WeightedLFU,0.3544921875
312,WeightedLFU,0.3665364583333333
313,WeightedLFU,0.3575846354166667
314,WeightedLFU,0.3468424479166667
315,WeightedLFU,0.36474609375
316,WeightedLFU,0.32763671875
317,WeightedLFU,0.39990234375
318,WeightedLFU,0.36767578125
319,WeightedLFU,0.4091796875
320,WeightedLFU,0.4039713541666667
321,WeightedLFU,0.4217122395833333
322,WeightedLFU,0.4298502604166667
323,WeightedLFU,0.4345703125
324,WeightedLFU,0.4298502604166667
325,WeightedLFU,0.4016927083333333
326,WeightedLFU,0.392578125
327,WeightedLFU,0.4055989583333333
328,WeightedLFU,0.4095052083333333
329,WeightedLFU,0.3572591145833333
330,WeightedLFU,0.33544921875
331,WeightedLFU,0.3567708333333333
332,WeightedLFU,0.3733723958333333
333,WeightedLFU,0.3458658854166667
334,WeightedLFU,0.3372395833333333
335,WeightedLFU,0.3385416666666667
336,WeightedLFU,0.3675130208333333
337,WeightedLFU,0.3805338541666667
338,WeightedLFU,0.3841145833333333
339,WeightedLFU,0.3544921875
340,WeightedLFU,0.3898111979166667
341,WeightedLFU,0.3875325520833333
342,WeightedLFU,0.40380859375
343,WeightedLFU,0.404296875
344,WeightedLFU,0.3987630208333333
345,WeightedLFU,0.4182942708333333
346,WeightedLFU,0.3953450520833333
347,WeightedLFU,0.3619791666666667
348,WeightedLFU,0.36279296875
349,WeightedLFU,0.3444010416666667
350,WeightedLFU,0.3470052083333333
351,WeightedLFU,0.3590494791666667
352,WeightedLFU,0.39794921875
353,WeightedLFU,0.3678385416666667
354,WeightedLFU,0.3538411458333333
355,WeightedLFU,0.3893229166666667
356,WeightedLFU,0.390625
357,WeightedLFU,0.3626302083333333
358,WeightedLFU,0.35986328125
359,WeightedLFU,0.3375651041666667
360,WeightedLFU,0.3269856770833333
361,WeightedLFU,0.34130859375
362,WeightedLFU,0.4010416666666667
363,WeightedLFU,0.3670247395833333
364,WeightedLFU,0.3753255208333333
365,WeightedLFU,0.3987630208333333
366,WeightedLFU,0.3621419270833333
367,WeightedLFU,0.3831380208333333
368,WeightedLFU,0.36962890625
369,WeightedLFU,0.38720703125
370,WeightedLFU,0.4029947916666667
371,WeightedLFU,0.4044596354166667
372,WeightedLFU,0.3663736979166667
373,WeightedLFU,0.3343098958333333
374,WeightedLFU,0.36474609375
375,WeightedLFU,0.3663736979166667
376,WeightedLFU,0.3743489583333333
377,WeightedLFU,0.3819986979166667
378,WeightedLFU,0.3702799479166667
379,WeightedLFU,0.345703125
380,WeightedLFU,0.3683268229166667
381,WeightedLFU,0.3782552083333333
382,WeightedLFU,0.3736979166666667
383,WeightedLFU,0.3951822916666667
384,WeightedLFU,0.4007161458333333
385,WeightedLFU,0.3986002604166667
386,WeightedLFU,0.40185546875
387,WeightedLFU,0.3883463541666667
388,WeightedLFU,0.36474609375
389,WeightedLFU,0.375
390,WeightedLFU,0.38818359375
391,WeightedLFU,0.3736979166666667
392,WeightedLFU,0.3440755208333333
393,WeightedLFU,0.35009765625
394,WeightedLFU,0.3805338541666667
395,WeightedLFU,0.3653971354166667
396,WeightedLFU,0.3916015625
397,WeightedLFU,0.36865234375
398,WeightedLFU,0.3727213541666667
399,WeightedLFU,0.3732096354166667
400,WeightedLFU,0.3818359375
401,WeightedLFU,0.3935546875
402,WeightedLFU,0.38134765625
403,WeightedLFU,0.369140625
404,WeightedLFU,0.3650716145833333
405,WeightedLFU,0.3536783854166667
406,WeightedLFU,0.36376953125
407,WeightedLFU,0.3875325520833333
408,WeightedLFU,0.3798828125
409,WeightedLFU,0.3453776041666667
410,WeightedLFU,0.3683268229166667
411,WeightedLFU,0.3287760416666667
412,WeightedLFU,0.3570963541666667
413,WeightedLFU,0.3849283854166667
414,WeightedLFU,0.3753255208333333
415,WeightedLFU,0.3748372395833333
416,WeightedLFU,0.3839518229166667
417,WeightedLFU,0.35595703125
418,WeightedLFU,0.3912760416666667
419,WeightedLFU,0.3974609375
420,WeightedLFU,0.36279296875
421,WeightedLFU,0.37890625
422,WeightedLFU,0.3776041666666667
423,WeightedLFU,0.35986328125
424,WeightedLFU,0.3790690104166667
425,WeightedLFU,0.3837890625
426,WeightedLFU,0.3860677083333333
427,WeightedLFU,0.3649088541666667
428,WeightedLFU,0.3523763020833333
429,WeightedLFU,0.3372395833333333
430,WeightedLFU,0.3429361979166667
431,WeightedLFU,0.3932291666666667
432,WeightedLFU,0.3987630208333333
433,WeightedLFU,0.3766276041666667
434,WeightedLFU,0.40673828125
435,WeightedLFU,0.365234375
436,WeightedLFU,0.4099934895833333
437,WeightedLFU,0.42041015625
438,WeightedLFU,0.3616536458333333
439,WeightedLFU,0.38916015625
440,WeightedLFU,0.3605143229166667
441,WeightedLFU,0.3779296875
442,WeightedLFU,0.3688151041666667
443,WeightedLFU,0.3815104166666667
444,WeightedLFU,0.37841796875
445,WeightedLFU,0.3787434895833333
446,WeightedLFU,0.37109375
447,WeightedLFU,0.3701171875
448,WeightedLFU,0.3509114583333333
449,WeightedLFU,0.3844401041666667
450,WeightedLFU,0.4124348958333333
451,WeightedLFU,0.38916015625
452,WeightedLFU,0.400390625
453,WeightedLFU,0.35107421875
454,WeightedLFU,0.35595703125
455,WeightedLFU,0.3714192708333333
456,WeightedLFU,0.4150390625
457,WeightedLFU,0.4187825520833333
458,WeightedLFU,0.41162109375
459,WeightedLFU,0.3717447916666667
460,WeightedLFU,0.3660481770833333
461,WeightedLFU,0.3761393229166667
462,WeightedLFU,0.3824869791666667
463,WeightedLFU,0.3675130208333333
464,WeightedLFU,0.4036458333333333
465,WeightedLFU,0.4158528645833333
466,WeightedLFU,0.43017578125
467,WeightedLFU,0.4212239583333333
468,WeightedLFU,0.4215494791666667
469,WeightedLFU,0.3968098958333333
470,WeightedLFU,0.3743489583333333
471,WeightedLFU,0.3951822916666667
472,WeightedLFU,0.4085286458333333
473,WeightedLFU,0.4099934895833333
474,WeightedLFU,0.3860677083333333
475,WeightedLFU,0.38525390625
476,WeightedLFU,0.4140625
477,WeightedLFU,0.39599609375
478,WeightedLFU,0.3943684895833333
479,WeightedLFU,0.3924153645833333
480,WeightedLFU,0.3538411458333333
481,WeightedLFU,0.39306640625
482,WeightedLFU,0.3597005208333333
483,WeightedLFU,0.3671875
484,WeightedLFU,0.38134765625
485,WeightedLFU,0.3972981770833333
486,WeightedLFU,0.4051106770833333
487,WeightedLFU,0.4064127604166667
488,WeightedLFU,0.3942057291666667
489,WeightedLFU,0.3767903645833333
490,WeightedLFU,0.3912760416666667
491,WeightedLFU,0.4044596354166667
492,WeightedLFU,0.3933919270833333
493,WeightedLFU,0.39013671875
494,WeightedLFU,0.3763020833333333
495,WeightedLFU,0.3927408854166667
496,WeightedLFU,0.4072265625
497,WeightedLFU,0.39892578125
498,WeightedLFU,0.423828125
499,WeightedLFU,0.3958333333333333
500,WeightedLFU,0.4147135416666667
501,WeightedLFU,0.4080403645833333
502,WeightedLFU,0.3836263020833333
503,WeightedLFU,0.3888346354166667
504,WeightedLFU,0.3707682291666667
505,WeightedLFU,0.3821614583333333
506,WeightedLFU,0.3728841145833333
507,WeightedLFU,0.3868815104166667
508,WeightedLFU,0.4108072916666667
509,WeightedLFU,0.44091796875
510,WeightedLFU,0.4368489583333333
511,WeightedLFU,0.41943359375
512,WeightedLFU,0.4280598958333333
513,WeightedLFU,0.4248046875
514,WeightedLFU,0.419921875
515,WeightedLFU,0.41162109375
516,WeightedLFU,0.42626953125
517,WeightedLFU,0.3935546875
518,WeightedLFU,0.3709309895833333
519,WeightedLFU,0.3829752604166667
520,WeightedLFU,0.37890625
521,WeightedLFU,0.3902994791666667
522,WeightedLFU,0.39453125
523,WeightedLFU,0.388671875
524,WeightedLFU,0.3743489583333333
525,WeightedLFU,0.3870442708333333
526,WeightedLFU,0.38671875
527,WeightedLFU,0.39208984375
528,WeightedLFU,0.365234375
529,WeightedLFU,0.39794921875
530,WeightedLFU,0.400390625
531,WeightedLFU,0.4249674479166667
532,WeightedLFU,0.4781901041666667
533,WeightedLFU,0.4876302083333333
534,WeightedLFU,0.4300130208333333
535,WeightedLFU,0.4558919270833333
536,WeightedLFU,0.4207356770833333
537,WeightedLFU,0.40673828125
538,WeightedLFU,0.4241536458333333
539,WeightedLFU,0.4348958333333333
540,WeightedLFU,0.4422200520833333
541,WeightedLFU,0.4222005208333333
542,WeightedLFU,0.3961588541666667
543,WeightedLFU,0.4166666666666667
544,WeightedLFU,0.4363606770833333
545,WeightedLFU,0.4554036458333333
546,WeightedLFU,0.41552734375
547,WeightedLFU,0.40673828125
548,WeightedLFU,0.41796875
549,WeightedLFU,0.3958333333333333
550,WeightedLFU,0.4423828125
551,WeightedLFU,0.4178059895833333
552,WeightedLFU,0.43896484375
553,WeightedLFU,0.4571940104166667
554,WeightedLFU,0.4495442708333333
555,WeightedLFU,0.39306640625
556,WeightedLFU,0.40673828125
557,WeightedLFU,0.41259765625
558,WeightedLFU,0.4248046875
559,WeightedLFU,0.3951822916666667
560,WeightedLFU,0.3984375
561,WeightedLFU,0.40234375
562,WeightedLFU,0.4163411458333333
563,WeightedLFU,0.40478515625
564,WeightedLFU,0.4402669270833333
565,WeightedLFU,0.4041341145833333
566,WeightedLFU,0.41162109375
567,WeightedLFU,0.40185546875
568,WeightedLFU,0.4147135416666667
569,WeightedLFU,0.4226888020833333
570,WeightedLFU,0.4269205729166667
571,WeightedLFU,0.40234375
572,WeightedLFU,0.41650390625
573,WeightedLFU,0.3904622395833333
574,WeightedLFU,0.3972981770833333
575,WeightedLFU,0.435546875
576,WeightedLFU,0.4150390625
577,WeightedLFU,0.4080403645833333
578,WeightedLFU,0.4300130208333333
579,WeightedLFU,0.4186197916666667
580,WeightedLFU,0.43798828125
581,WeightedLFU,0.4130859375
582,WeightedLFU,0.4441731770833333
583,WeightedLFU,0.4132486979166667
584,WeightedLFU,0.4210611979166667
585,WeightedLFU,0.4109700520833333
586,WeightedLFU,0.4298502604166667
587,WeightedLFU,0.4090169270833333
588,WeightedLFU,0.4132486979166667
589,WeightedLFU,0.4202473958333333
590,WeightedLFU,0.4361979166666667
591,WeightedLFU,0.4148763020833333
592,WeightedLFU,0.4111328125
593,WeightedLFU,0.41455078125
594,WeightedLFU,0.4152018229166667
595,WeightedLFU,0.42919921875
596,WeightedLFU,0.4430338541666667
597,WeightedLFU,0.43701171875
598,WeightedLFU,0.4285481770833333
599,WeightedLFU,0.4485677083333333
600,WeightedLFU,0.4153645833333333
601,WeightedLFU,0.4205729166666667
602,WeightedLFU,0.4295247395833333
603,WeightedLFU,0.41748046875
604,WeightedLFU,0.4026692708333333
605,WeightedLFU,0.4124348958333333
606,WeightedLFU,0.4070638020833333
607,WeightedLFU,0.42333984375
608,WeightedLFU,0.43212890625
609,WeightedLFU,0.4176432291666667
610,WeightedLFU,0.4508463541666667
611,WeightedLFU,0.4388020833333333
612,WeightedLFU,0.4508463541666667
613,WeightedLFU,0.4541015625
614,WeightedLFU,0.4345703125
615,WeightedLFU,0.40380859375
616,WeightedLFU,0.3855794270833333
617,WeightedLFU,0.4091796875
618,WeightedLFU,0.4166666666666667
619,WeightedLFU,0.4881184895833333
620,WeightedLFU,0.4519856770833333
621,WeightedLFU,0.4523111979166667
622,WeightedLFU,0.4794921875
623,WeightedLFU,0.4484049479166667
624,WeightedLFU,0.4417317708333333
625,WeightedLFU,0.4425455729166667
626,WeightedLFU,0.42431640625
627,WeightedLFU,0.4200846354166667
628,WeightedLFU,0.4573567708333333
629,WeightedLFU,0.4444986979166667
630,WeightedLFU,0.4119466145833333
631,WeightedLFU,0.4222005208333333
632,WeightedLFU,0.4259440104166667
633,WeightedLFU,0.4488932291666667
634,WeightedLFU,0.42724609375
635,WeightedLFU,0.4407552083333333
636,WeightedLFU,0.4109700520833333
637,WeightedLFU,0.42138671875
638,WeightedLFU,0.4072265625
639,WeightedLFU,0.40478515625
640,WeightedLFU,0.3943684895833333
641,WeightedLFU,0.3922526041666667
642,WeightedLFU,0.4078776041666667
643,WeightedLFU,0.4246419270833333
644,WeightedLFU,0.4568684895833333
645,WeightedLFU,0.431640625
646,WeightedLFU,0.4527994791666667
647,WeightedLFU,0.43408203125
648,WeightedLFU,0.41015625
649,WeightedLFU,0.3683268229166667
650,WeightedLFU,0.3909505208333333
651,WeightedLFU,0.39208984375
652,WeightedLFU,0.4052734375
653,WeightedLFU,0.4129231770833333
654,WeightedLFU,0.3893229166666667
655,WeightedLFU,0.40576171875
656,WeightedLFU,0.4344075520833333
657,WeightedLFU,0.4444986979166667
658,WeightedLFU,0.4493815104166667
659,WeightedLFU,0.44580078125
660,WeightedLFU,0.4645182291666667
661,WeightedLFU,0.4324544270833333
662,WeightedLFU,0.40234375
663,WeightedLFU,0.419921875
664,WeightedLFU,0.4182942708333333
665,WeightedLFU,0.4391276041666667
666,WeightedLFU,0.4601236979166667
667,WeightedLFU,0.4353841145833333
668,WeightedLFU,0.4169921875
669,WeightedLFU,0.4052734375
670,WeightedLFU,0.4514973958333333
671,WeightedLFU,0.4345703125
672,WeightedLFU,0.439453125
673,WeightedLFU,0.41162109375
674,WeightedLFU,0.3899739583333333
675,WeightedLFU,0.4109700520833333
676,WeightedLFU,0.4293619791666667
677,WeightedLFU,0.41357421875
678,WeightedLFU,0.4158528645833333
679,WeightedLFU,0.4052734375
680,WeightedLFU,0.4287109375
681,WeightedLFU,0.435546875
682,WeightedLFU,0.4640299479166667
683,WeightedLFU,0.4417317708333333
684,WeightedLFU,0.4593098958333333
685,WeightedLFU,0.44970703125
686,WeightedLFU,0.4578450520833333
687,WeightedLFU,0.4217122395833333
688,WeightedLFU,0.4046223958333333
689,WeightedLFU,0.4500325520833333
690,WeightedLFU,0.4630533854166667
691,WeightedLFU,0.4453125
692,WeightedLFU,0.4521484375
693,WeightedLFU,0.4305013020833333
694,WeightedLFU,0.3904622395833333
695,WeightedLFU,0.3976236979166667
696,WeightedLFU,0.4256184895833333
697,WeightedLFU,0.4371744791666667
698,WeightedLFU,0.4519856770833333
699,WeightedLFU,0.4308268229166667
700,WeightedLFU,0.4109700520833333
701,WeightedLFU,0.45068359375
702,WeightedLFU,0.4479166666666667
703,WeightedLFU,0.4314778645833333
704,WeightedLFU,0.4609375
705,WeightedLFU,0.4501953125
706,WeightedLFU,0.4576822916666667
707,WeightedLFU,0.4275716145833333
708,WeightedLFU,0.43359375
709,WeightedLFU,0.4318033854166667
710,WeightedLFU,0.4052734375
711,WeightedLFU,0.4288736979166667
712,WeightedLFU,0.4182942708333333
713,WeightedLFU,0.3981119791666667
714,WeightedLFU,0.4288736979166667
715,WeightedLFU,0.42041015625
716,WeightedLFU,0.4274088541666667
717,WeightedLFU,0.4005533854166667
718,WeightedLFU,0.43994140625
719,WeightedLFU,0.45361328125
720,WeightedLFU,0.4685872395833333
721,WeightedLFU,0.4763997395833333
722,WeightedLFU,0.43896484375
723,WeightedLFU,0.4485677083333333
724,WeightedLFU,0.4436848958333333
725,WeightedLFU,0.4444986979166667
726,WeightedLFU,0.4376627604166667
727,WeightedLFU,0.4664713541666667
728,WeightedLFU,0.46142578125
729,WeightedLFU,0.42822265625
730,WeightedLFU,0.4518229166666667
731,WeightedLFU,0.4451497395833333
732,WeightedLFU,0.4345703125
733,WeightedLFU,0.44091796875
734,WeightedLFU,0.4703776041666667
735,WeightedLFU,0.4622395833333333
736,WeightedLFU,0.4456380208333333
737,WeightedLFU,0.44287109375
738,WeightedLFU,0.427734375
739,WeightedLFU,0.4095052083333333
740,WeightedLFU,0.4137369791666667
741,WeightedLFU,0.4347330729166667
742,WeightedLFU,0.4324544270833333
743,WeightedLFU,0.4501953125
744,WeightedLFU,0.4215494791666667
745,WeightedLFU,0.44775390625
746,WeightedLFU,0.4275716145833333
747,WeightedLFU,0.4347330729166667
748,WeightedLFU,0.4259440104166667
749,WeightedLFU,0.427734375
750,WeightedLFU,0.4318033854166667
751,WeightedLFU,0.4171549479166667
752,WeightedLFU,0.4052734375
753,WeightedLFU,0.4039713541666667
754,WeightedLFU,0.4295247395833333
755,WeightedLFU,0.4607747395833333
756,WeightedLFU,0.4298502604166667
757,WeightedLFU,0.4567057291666667
758,WeightedLFU,0.4440104166666667
759,WeightedLFU,0.4236653645833333
760,WeightedLFU,0.4677734375
761,WeightedLFU,0.4274088541666667
762,WeightedLFU,0.4161783854166667
763,WeightedLFU,0.3898111979166667
764,WeightedLFU,0.4274088541666667
765,WeightedLFU,0.4334309895833333
766,WeightedLFU,0.4615885416666667
767,WeightedLFU,0.4602864583333333
768,WeightedLFU,0.4606119791666667
769,WeightedLFU,0.4627278645833333
770,WeightedLFU,0.4581705729166667
771,WeightedLFU,0.4324544270833333
772,WeightedLFU,0.4422200520833333
773,WeightedLFU,0.4542643229166667
774,WeightedLFU,0.4319661458333333
775,WeightedLFU,0.4124348958333333
776,WeightedLFU,0.4376627604166667
777,WeightedLFU,0.44384765625
778,WeightedLFU,0.47802734375
779,WeightedLFU,0.48486328125
780,WeightedLFU,0.4772135416666667
781,WeightedLFU,0.4645182291666667
782,WeightedLFU,0.4332682291666667
783,WeightedLFU,0.43017578125
784,WeightedLFU,0.4129231770833333
785,WeightedLFU,0.4129231770833333
786,WeightedLFU,0.4480794270833333
787,WeightedLFU,0.4378255208333333
788,WeightedLFU,0.46142578125
789,WeightedLFU,0.4560546875
790,WeightedLFU,0.4763997395833333
791,WeightedLFU,0.4720052083333333
792,WeightedLFU,0.4915364583333333
793,WeightedLFU,0.4798177083333333
794,WeightedLFU,0.4612630208333333
795,WeightedLFU,0.45166015625
796,WeightedLFU,0.4326171875
797,WeightedLFU,0.4127604166666667
798,WeightedLFU,0.4479166666666667
799,WeightedLFU,0.484375
800,WeightedLFU,0.4602864583333333
801,WeightedLFU,0.4620768229166667
802,WeightedLFU,0.43505859375
803,WeightedLFU,0.4239908854166667
804,WeightedLFU,0.41064453125
805,WeightedLFU,0.4256184895833333
806,WeightedLFU,0.4376627604166667
807,WeightedLFU,0.4641927083333333
808,WeightedLFU,0.4803059895833333
809,WeightedLFU,0.4786783854166667
810,WeightedLFU,0.47216796875
811,WeightedLFU,0.45361328125
812,WeightedLFU,0.4541015625
813,WeightedLFU,0.4392903645833333
814,WeightedLFU,0.4352213541666667
815,WeightedLFU,0.4772135416666667
816,WeightedLFU,0.435546875
817,WeightedLFU,0.4324544270833333
818,WeightedLFU,0.4357096354166667
819,WeightedLFU,0.4169921875
820,WeightedLFU,0.4275716145833333
821,WeightedLFU,0.4376627604166667
822,WeightedLFU,0.4397786458333333
823,WeightedLFU,0.4581705729166667
824,WeightedLFU,0.4542643229166667
825,WeightedLFU,0.4552408854166667
826,WeightedLFU,0.4402669270833333
827,WeightedLFU,0.4423828125
828,WeightedLFU,0.4153645833333333
829,WeightedLFU,0.4275716145833333
830,WeightedLFU,0.4075520833333333
831,WeightedLFU,0.4228515625
832,WeightedLFU,0.4542643229166667
833,WeightedLFU,0.4625651041666667
834,WeightedLFU,0.47998046875
835,WeightedLFU,0.4454752604166667
836,WeightedLFU,0.4744466145833333
837,WeightedLFU,0.50048828125
838,WeightedLFU,0.4847005208333333
839,WeightedLFU,0.47900390625
840,WeightedLFU,0.4596354166666667
841,WeightedLFU,0.44140625
842,WeightedLFU,0.4611002604166667
843,WeightedLFU,0.4713541666666667
844,WeightedLFU,0.4638671875
845,WeightedLFU,0.4562174479166667
846,WeightedLFU,0.4798177083333333
847,WeightedLFU,0.49267578125
848,WeightedLFU,0.4744466145833333
849,WeightedLFU,0.4469401041666667
850,WeightedLFU,0.4560546875
851,WeightedLFU,0.4684244791666667
852,WeightedLFU,0.4765625
853,WeightedLFU,0.466796875
854,WeightedLFU,0.4459635416666667
855,WeightedLFU,0.45703125
856,WeightedLFU,0.45654296875
857,WeightedLFU,0.4475911458333333
858,WeightedLFU,0.4549153645833333
859,WeightedLFU,0.4404296875
860,WeightedLFU,0.4353841145833333
861,WeightedLFU,0.4376627604166667
862,WeightedLFU,0.42822265625
863,WeightedLFU,0.45654296875
864,WeightedLFU,0.4130859375
865,WeightedLFU,0.4256184895833333
866,WeightedLFU,0.4140625
867,WeightedLFU,0.4254557291666667
868,WeightedLFU,0.4659830729166667
869,WeightedLFU,0.48046875
870,WeightedLFU,0.4322916666666667
871,WeightedLFU,0.4383138020833333
872,WeightedLFU,0.4381510416666667
873,WeightedLFU,0.4619140625
874,WeightedLFU,0.4402669270833333
875,WeightedLFU,0.4153645833333333
876,WeightedLFU,0.42431640625
877,WeightedLFU,0.4371744791666667
878,WeightedLFU,0.4264322916666667
879,WeightedLFU,0.4205729166666667
880,WeightedLFU,0.4449869791666667
881,WeightedLFU,0.4903971354166667
882,WeightedLFU,0.48046875
883,WeightedLFU,0.4734700520833333
884,WeightedLFU,0.5050455729166666
885,WeightedLFU,0.4903971354166667
886,WeightedLFU,0.45947265625
887,WeightedLFU,0.4700520833333333
888,WeightedLFU,0.4474283854166667
889,WeightedLFU,0.45849609375
890,WeightedLFU,0.4529622395833333
891,WeightedLFU,0.46923828125
892,WeightedLFU,0.47021484375
893,WeightedLFU,0.44140625
894,WeightedLFU,0.4453125
895,WeightedLFU,0.451171875
896,WeightedLFU,0.4055989583333333
897,WeightedLFU,0.4202473958333333
898,WeightedLFU,0.4285481770833333
899,WeightedLFU,0.4435221354166667
900,WeightedLFU,0.4659830729166667
901,WeightedLFU,0.4609375
902,WeightedLFU,0.42236328125
903,WeightedLFU,0.43408203125
904,WeightedLFU,0.4576822916666667
905,WeightedLFU,0.4765625
906,WeightedLFU,0.4645182291666667
907,WeightedLFU,0.4251302083333333
908,WeightedLFU,0.4270833333333333
909,WeightedLFU,0.4259440104166667
910,WeightedLFU,0.44775390625
911,WeightedLFU,0.4503580729166667
912,WeightedLFU,0.4453125
913,WeightedLFU,0.4332682291666667
914,WeightedLFU,0.4466145833333333
915,WeightedLFU,0.4405924479166667
916,WeightedLFU,0.47900390625
917,WeightedLFU,0.4539388020833333
918,WeightedLFU,0.4737955729166667
919,WeightedLFU,0.4529622395833333
920,WeightedLFU,0.4588216145833333
921,WeightedLFU,0.41552734375
922,WeightedLFU,0.4650065104166667
923,WeightedLFU,0.4326171875
924,WeightedLFU,0.44775390625
925,WeightedLFU,0.44580078125
926,WeightedLFU,0.4580078125
927,WeightedLFU,0.4637044270833333
928,WeightedLFU,0.4925130208333333
929,WeightedLFU,0.484375
930,WeightedLFU,0.4619140625
931,WeightedLFU,0.4309895833333333
932,WeightedLFU,0.458984375
933,WeightedLFU,0.4363606770833333
934,WeightedLFU,0.4689127604166667
935,WeightedLFU,0.4449869791666667
936,WeightedLFU,0.4552408854166667
937,WeightedLFU,0.4814453125
938,WeightedLFU,0.4793294270833333
939,WeightedLFU,0.4293619791666667
940,WeightedLFU,0.4508463541666667
941,WeightedLFU,0.4484049479166667
942,WeightedLFU,0.44775390625
943,WeightedLFU,0.4640299479166667
944,WeightedLFU,0.4542643229166667
945,WeightedLFU,0.4742838541666667
946,WeightedLFU,0.4689127604166667
947,WeightedLFU,0.4986979166666667
948,WeightedLFU,0.47802734375
949,WeightedLFU,0.4443359375
950,WeightedLFU,0.4357096354166667
951,WeightedLFU,0.4085286458333333
952,WeightedLFU,0.4220377604166667
953,WeightedLFU,0.4703776041666667
954,WeightedLFU,0.4632161458333333
955,WeightedLFU,0.4964192708333333
956,WeightedLFU,0.45751953125
957,WeightedLFU,0.44384765625
958,WeightedLFU,0.4739583333333333
959,WeightedLFU,0.4547526041666667
960,WeightedLFU,0.4514973958333333
961,WeightedLFU,0.4578450520833333
962,WeightedLFU,0.4786783854166667
963,WeightedLFU,0.4806315104166667
964,WeightedLFU,0.4625651041666667
965,WeightedLFU,0.47802734375
966,WeightedLFU,0.4680989583333333
967,WeightedLFU,0.4920247395833333
968,WeightedLFU,0.48095703125
969,WeightedLFU,0.4580078125
970,WeightedLFU,0.4611002604166667
971,WeightedLFU,0.4607747395833333
972,WeightedLFU,0.44091796875
973,WeightedLFU,0.4656575520833333
974,WeightedLFU,0.4620768229166667
975,WeightedLFU,0.4625651041666667
976,WeightedLFU,0.4217122395833333
977,WeightedLFU,0.46240234375
978,WeightedLFU,0.458984375
979,WeightedLFU,0.4910481770833333
980,WeightedLFU,0.5016276041666666
981,WeightedLFU,0.4871419270833333
982,WeightedLFU,0.4988606770833333
983,WeightedLFU,0.5048828125
984,WeightedLFU,0.4588216145833333
985,WeightedLFU,0.44482421875
986,WeightedLFU,0.4651692708333333
987,WeightedLFU,0.4368489583333333
988,WeightedLFU,0.4303385416666667
989,WeightedLFU,0.4358723958333333
990,WeightedLFU,0.4415690104166667
991,WeightedLFU,0.4327799479166667
992,WeightedLFU,0.4490559895833333
993,WeightedLFU,0.4928385416666667
994,WeightedLFU,0.48193359375
995,WeightedLFU,0.4607747395833333
996,WeightedLFU,0.4627278645833333
997,WeightedLFU,0.4537760416666667
998,WeightedLFU,0.44287109375
999,WeightedLFU,0.4568684895833333
1000,WeightedLFU,0.4814453125
1001,WeightedLFU,0.5099283854166666
1002,WeightedLFU,0.4930013020833333
1003,WeightedLFU,0.4778645833333333
1004,WeightedLFU,0.4676106770833333
1005,WeightedLFU,0.4747721354166667
1006,WeightedLFU,0.4715169270833333
1007,WeightedLFU,0.43115234375
1008,WeightedLFU,0.4459635416666667
1009,WeightedLFU,0.4388020833333333
1010,WeightedLFU,0.4599609375
1011,WeightedLFU,0.4620768229166667
1012,WeightedLFU,0.4563802083333333
1013,WeightedLFU,0.4661458333333333
1014,WeightedLFU,0.45947265625
1015,WeightedLFU,0.45458984375
1016,WeightedLFU,0.4781901041666667
1017,WeightedLFU,0.5026041666666666
1018,WeightedLFU,0.47607421875
1019,WeightedLFU,0.4742838541666667
1020,WeightedLFU,0.49462890625
1021,WeightedLFU,0.4498697916666667
1022,WeightedLFU,0.4431966145833333
1023,WeightedLFU,0.45361328125
3,THER,0.4270833333333333
4,THER,0.47216796875
5,THER,0.4503580729166667
6,THER,0.4462890625
7,THER,0.4431966145833333
8,THER,0.39306640625
9,THER,0.4293619791666667
10,THER,0.3663736979166667
11,THER,0.4269205729166667
12,THER,0.408203125
13,THER,0.4677734375
14,THER,0.51513671875
15,THER,0.5133463541666666
16,THER,0.47705078125
17,THER,0.5275065104166666
18,THER,0.4856770833333333
19,THER,0.45263671875
20,THER,0.3513997395833333
21,THER,0.3483072916666667
22,THER,0.4231770833333333
23,THER,0.435546875
24,THER,0.3668619791666667
25,THER,0.3948567708333333
26,THER,0.4251302083333333
27,THER,0.4606119791666667
28,THER,0.4288736979166667
29,THER,0.4254557291666667
30,THER,0.4306640625
31,THER,0.4449869791666667
32,THER,0.41943359375
33,THER,0.4205729166666667
34,THER,0.4137369791666667
35,THER,0.4222005208333333
36,THER,0.419921875
37,THER,0.4368489583333333
38,THER,0.4384765625
39,THER,0.4777018229166667
40,THER,0.4959309895833333
41,THER,0.4913736979166667
42,THER,0.4700520833333333
43,THER,0.4850260416666667
44,THER,0.5291341145833334
45,THER,0.5094401041666666
46,THER,0.46484375
47,THER,0.4296875
48,THER,0.4881184895833333
49,THER,0.4596354166666667
50,THER,0.4567057291666667
51,THER,0.4827473958333333
52,THER,0.4851888020833333
53,THER,0.5205078125
54,THER,0.4684244791666667
55,THER,0.5341796875
56,THER,0.5123697916666666
57,THER,0.45849609375
58,THER,0.48193359375
59,THER,0.50927734375
60,THER,0.4952799479166667
61,THER,0.4641927083333333
62,THER,0.4026692708333333
63,THER,0.4007161458333333
64,THER,0.3756510416666667
65,THER,0.3499348958333333
66,THER,0.4065755208333333
67,THER,0.4611002604166667
68,THER,0.4444986979166667
69,THER,0.4148763020833333
70,THER,0.3986002604166667
71,THER,0.4861653645833333
72,THER,0.4679361979166667
73,THER,0.46923828125
74,THER,0.4212239583333333
75,THER,0.4529622395833333
76,THER,0.45166015625
77,THER,0.4449869791666667
78,THER,0.4070638020833333
79,THER,0.4288736979166667
80,THER,0.4482421875
81,THER,0.474609375
82,THER,0.4656575520833333
83,THER,0.44091796875
84,THER,0.4052734375
85,THER,0.42529296875
86,THER,0.4676106770833333
87,THER,0.4920247395833333
88,THER,0.4874674479166667
89,THER,0.5276692708333334
90,THER,0.51708984375
91,THER,0.46533203125
92,THER,0.4469401041666667
93,THER,0.4640299479166667
94,THER,0.4147135416666667
95,THER,0.4798177083333333
96,THER,0.45068359375
97,THER,0.4405924479166667
98,THER,0.4822591145833333
99,THER,0.4122721354166667
100,THER,0.4192708333333333
101,THER,0.4404296875
102,THER,0.4508463541666667
103,THER,0.4850260416666667
104,THER,0.4454752604166667
105,THER,0.46875
106,THER,0.4754231770833333
107,THER,0.5096028645833334
108,THER,0.5224609375
109,THER,0.4397786458333333
110,THER,0.4765625
111,THER,0.4850260416666667
112,THER,0.421875
113,THER,0.4519856770833333
114,THER,0.45263671875
115,THER,0.4534505208333333
116,THER,0.45703125
117,THER,0.4376627604166667
118,THER,0.41796875
119,THER,0.4866536458333333
120,THER,0.421875
121,THER,0.4147135416666667
122,THER,0.4132486979166667
123,THER,0.37109375
124,THER,0.3489583333333333
125,THER,0.3445638020833333
126,THER,0.3359375
127,THER,0.3595377604166667
128,THER,0.3634440104166667
129,THER,0.3815104166666667
130,THER,0.3854166666666667
131,THER,0.40380859375
132,THER,0.4264322916666667
133,THER,0.4303385416666667
134,THER,0.4080403645833333
135,THER,0.4391276041666667
136,THER,0.4334309895833333
137,THER,0.4205729166666667
138,THER,0.4210611979166667
139,THER,0.3829752604166667
140,THER,0.4054361979166667
141,THER,0.3670247395833333
142,THER,0.3668619791666667
143,THER,0.4012044270833333
144,THER,0.3670247395833333
145,THER,0.39794921875
146,THER,0.3388671875
147,THER,0.3561197916666667
148,THER,0.3704427083333333
149,THER,0.3759765625
150,THER,0.4012044270833333
151,THER,0.4265950520833333
152,THER,0.4285481770833333
153,THER,0.40478515625
154,THER,0.43505859375
155,THER,0.4557291666666667
156,THER,0.4443359375
157,THER,0.435546875
158,THER,0.4036458333333333
159,THER,0.41259765625
160,THER,0.3626302083333333
161,THER,0.376953125
162,THER,0.3709309895833333
163,THER,0.3836263020833333
164,THER,0.41796875
165,THER,0.4064127604166667
166,THER,0.3854166666666667
167,THER,0.4397786458333333
168,THER,0.4269205729166667
169,THER,0.44482421875
170,THER,0.4295247395833333
171,THER,0.4308268229166667
172,THER,0.396484375
173,THER,0.41552734375
174,THER,0.4392903645833333
175,THER,0.4798177083333333
176,THER,0.39453125
177,THER,0.3291015625
178,THER,0.4300130208333333
179,THER,0.4033203125
180,THER,0.3976236979166667
181,THER,0.3995768229166667
182,THER,0.39111328125
183,THER,0.4111328125
184,THER,0.4283854166666667
185,THER,0.46044921875
186,THER,0.40234375
187,THER,0.40234375
188,THER,0.3854166666666667
189,THER,0.4046223958333333
190,THER,0.3992513020833333
191,THER,0.3946940104166667
192,THER,0.3815104166666667
193,THER,0.3896484375
194,THER,0.4016927083333333
195,THER,0.41845703125
196,THER,0.4249674479166667
197,THER,0.3995768229166667
198,THER,0.3946940104166667
199,THER,0.3995768229166667
200,THER,0.3707682291666667
201,THER,0.3916015625
202,THER,0.3982747395833333
203,THER,0.4264322916666667
204,THER,0.4140625
205,THER,0.3850911458333333
206,THER,0.3603515625
207,THER,0.3748372395833333
208,THER,0.3748372395833333
209,THER,0.3810221354166667
210,THER,0.3902994791666667
211,THER,0.3958333333333333
212,THER,0.39306640625
213,THER,0.3916015625
214,THER,0.3942057291666667
215,THER,0.4479166666666667
216,THER,0.4065755208333333
217,THER,0.3966471354166667
218,THER,0.3855794270833333
219,THER,0.3767903645833333
220,THER,0.3776041666666667
221,THER,0.3616536458333333
222,THER,0.37890625
223,THER,0.427734375
224,THER,0.38525390625
225,THER,0.3816731770833333
226,THER,0.4013671875
227,THER,0.435546875
228,THER,0.4288736979166667
229,THER,0.4015299479166667
230,THER,0.42822265625
231,THER,0.4246419270833333
232,THER,0.4029947916666667
233,THER,0.40673828125
234,THER,0.4119466145833333
235,THER,0.40771484375
236,THER,0.4241536458333333
237,THER,0.3741861979166667
238,THER,0.3787434895833333
239,THER,0.39453125
240,THER,0.4171549479166667
241,THER,0.400390625
242,THER,0.4075520833333333
243,THER,0.4599609375
244,THER,0.4195963541666667
245,THER,0.41455078125
246,THER,0.4280598958333333
247,THER,0.4207356770833333
248,THER,0.4342447916666667
249,THER,0.4366861979166667
250,THER,0.42822265625
251,THER,0.4518229166666667
252,THER,0.42041015625
253,THER,0.4300130208333333
254,THER,0.46044921875
255,THER,0.4152018229166667
256,THER,0.447265625
257,THER,0.4300130208333333
258,THER,0.4344075520833333
259,THER,0.4378255208333333
260,THER,0.4305013020833333
261,THER,0.4410807291666667
262,THER,0.40380859375
263,THER,0.4278971354166667
264,THER,0.3927408854166667
265,THER,0.4029947916666667
266,THER,0.4296875
267,THER,0.4239908854166667
268,THER,0.42626953125
269,THER,0.3712565104166667
270,THER,0.4010416666666667
271,THER,0.4212239583333333
272,THER,0.4088541666666667
273,THER,0.4410807291666667
274,THER,0.4073893229166667
275,THER,0.4495442708333333
276,THER,0.4150390625
277,THER,0.39794921875
278,THER,0.4129231770833333
279,THER,0.4296875
280,THER,0.4026692708333333
281,THER,0.3914388020833333
282,THER,0.408203125
283,THER,0.44287109375
284,THER,0.4444986979166667
285,THER,0.3924153645833333
286,THER,0.4111328125
287,THER,0.4261067708333333
288,THER,0.39208984375
289,THER,0.3972981770833333
290,THER,0.3876953125
291,THER,0.4134114583333333
292,THER,0.39208984375
293,THER,0.3751627604166667
294,THER,0.3714192708333333
295,THER,0.4130859375
296,THER,0.4148763020833333
297,THER,0.4527994791666667
298,THER,0.4451497395833333
299,THER,0.4578450520833333
300,THER,0.45068359375
301,THER,0.4314778645833333
302,THER,0.4171549479166667
303,THER,0.4088541666666667
304,THER,0.4256184895833333
305,THER,0.4363606770833333
306,THER,0.4353841145833333
307,THER,0.4314778645833333
308,THER,0.45751953125
309,THER,0.43310546875
310,THER,0.39990234375
311,THER,0.4378255208333333
312,THER,0.4070638020833333
313,THER,0.3885091145833333
314,THER,0.38720703125
315,THER,0.4195963541666667
316,THER,0.3982747395833333
317,THER,0.41796875
318,THER,0.4187825520833333
319,THER,0.4671223958333333
320,THER,0.4609375
321,THER,0.4729817708333333
322,THER,0.48388671875
323,THER,0.4869791666666667
324,THER,0.4423828125
325,THER,0.44873046875
326,THER,0.4010416666666667
327,THER,0.4581705729166667
328,THER,0.4420572916666667
329,THER,0.4259440104166667
330,THER,0.35888671875
331,THER,0.4239908854166667
332,THER,0.4220377604166667
333,THER,0.39306640625
334,THER,0.3780924479166667
335,THER,0.4140625
336,THER,0.408203125
337,THER,0.42724609375
338,THER,0.4020182291666667
339,THER,0.4078776041666667
340,THER,0.43212890625
341,THER,0.4267578125
342,THER,0.4521484375
343,THER,0.4544270833333333
344,THER,0.4580078125
345,THER,0.4851888020833333
346,THER,0.4329427083333333
347,THER,0.4332682291666667
348,THER,0.42138671875
349,THER,0.3839518229166667
350,THER,0.3699544270833333
351,THER,0.4108072916666667
352,THER,0.4573567708333333
353,THER,0.4313151041666667
354,THER,0.4111328125
355,THER,0.45263671875
356,THER,0.4453125
357,THER,0.42333984375
358,THER,0.4202473958333333
359,THER,0.41845703125
360,THER,0.3790690104166667
361,THER,0.3712565104166667
362,THER,0.435546875
363,THER,0.4606119791666667
364,THER,0.45166015625
365,THER,0.44775390625
366,THER,0.4226888020833333
367,THER,0.42919921875
368,THER,0.4306640625
369,THER,0.4345703125
370,THER,0.4734700520833333
371,THER,0.474609375
372,THER,0.4130859375
373,THER,0.4156901041666667
374,THER,0.4124348958333333
375,THER,0.4078776041666667
376,THER,0.4479166666666667
377,THER,0.4423828125
378,THER,0.4303385416666667
379,THER,0.4230143229166667
380,THER,0.4158528645833333
381,THER,0.4339192708333333
382,THER,0.4357096354166667
383,THER,0.4816080729166667
384,THER,0.4392903645833333
385,THER,0.45947265625
386,THER,0.44140625
387,THER,0.4547526041666667
388,THER,0.4186197916666667
389,THER,0.4230143229166667
390,THER,0.44970703125
391,THER,0.462890625
392,THER,0.3922526041666667
393,THER,0.4296875
394,THER,0.4620768229166667
395,THER,0.4357096354166667
396,THER,0.4659830729166667
397,THER,0.4417317708333333
398,THER,0.4313151041666667
399,THER,0.44921875
400,THER,0.4755859375
401,THER,0.4890950520833333
402,THER,0.4679361979166667
403,THER,0.4739583333333333
404,THER,0.4427083333333333
405,THER,0.4231770833333333
406,THER,0.412109375
407,THER,0.4690755208333333
408,THER,0.4637044270833333
409,THER,0.419921875
410,THER,0.4532877604166667
411,THER,0.4143880208333333
412,THER,0.3684895833333333
413,THER,0.44677734375
414,THER,0.4140625
415,THER,0.45947265625
416,THER,0.4119466145833333
417,THER,0.3990885416666667
418,THER,0.43505859375
419,THER,0.4767252604166667
420,THER,0.427734375
421,THER,0.4365234375
422,THER,0.42822265625
423,THER,0.4444986979166667
424,THER,0.4353841145833333
425,THER,0.4376627604166667
426,THER,0.4186197916666667
427,THER,0.4469401041666667
428,THER,0.4114583333333333
429,THER,0.4060872395833333
430,THER,0.4169921875
431,THER,0.4609375
432,THER,0.4558919270833333
433,THER,0.4444986979166667
434,THER,0.44677734375
435,THER,0.4611002604166667
436,THER,0.4801432291666667
437,THER,0.4851888020833333
438,THER,0.4410807291666667
439,THER,0.486328125
440,THER,0.4412434895833333
441,THER,0.4490559895833333
442,THER,0.423828125
443,THER,0.4505208333333333
444,THER,0.4397786458333333
445,THER,0.4236653645833333
446,THER,0.4471028645833333
447,THER,0.451171875
448,THER,0.4285481770833333
449,THER,0.47607421875
450,THER,0.4861653645833333
451,THER,0.4446614583333333
452,THER,0.4581705729166667
453,THER,0.43212890625
454,THER,0.39404296875
455,THER,0.4280598958333333
456,THER,0.4703776041666667
457,THER,0.4552408854166667
458,THER,0.4601236979166667
459,THER,0.46435546875
460,THER,0.4296875
461,THER,0.4228515625
462,THER,0.443359375
463,THER,0.4195963541666667
464,THER,0.45654296875
465,THER,0.4417317708333333
466,THER,0.4514973958333333
467,THER,0.4723307291666667
468,THER,0.4638671875
469,THER,0.43701171875
470,THER,0.4329427083333333
471,THER,0.4571940104166667
472,THER,0.4860026041666667
473,THER,0.4677734375
474,THER,0.4342447916666667
475,THER,0.4508463541666667
476,THER,0.4715169270833333
477,THER,0.4443359375
478,THER,0.4698893229166667
479,THER,0.4532877604166667
480,THER,0.3948567708333333
481,THER,0.46484375
482,THER,0.43017578125
483,THER,0.4480794270833333
484,THER,0.4363606770833333
485,THER,0.482421875
486,THER,0.4430338541666667
487,THER,0.4884440104166667
488,THER,0.4313151041666667
489,THER,0.3982747395833333
490,THER,0.4412434895833333
491,THER,0.4427083333333333
492,THER,0.4265950520833333
493,THER,0.4627278645833333
494,THER,0.4152018229166667
495,THER,0.447265625
496,THER,0.4508463541666667
497,THER,0.4479166666666667
498,THER,0.4591471354166667
499,THER,0.4807942708333333
500,THER,0.45458984375
501,THER,0.4737955729166667
502,THER,0.4231770833333333
503,THER,0.47705078125
504,THER,0.4510091145833333
505,THER,0.4407552083333333
506,THER,0.4451497395833333
507,THER,0.4641927083333333
508,THER,0.4842122395833333
509,THER,0.5008138020833334
510,THER,0.4812825520833333
511,THER,0.47119140625
512,THER,0.42919921875
513,THER,0.4694010416666667
514,THER,0.4547526041666667
515,THER,0.478515625
516,THER,0.4715169270833333
517,THER,0.4210611979166667
518,THER,0.3990885416666667
519,THER,0.4461263020833333
520,THER,0.4212239583333333
521,THER,0.4283854166666667
522,THER,0.4449869791666667
523,THER,0.4397786458333333
524,THER,0.41259765625
525,THER,0.4375
526,THER,0.4378255208333333
527,THER,0.4500325520833333
528,THER,0.416015625
529,THER,0.43798828125
530,THER,0.4319661458333333
531,THER,0.4822591145833333
532,THER,0.482421875
533,THER,0.4962565104166667
534,THER,0.4619140625
535,THER,0.5157877604166666
536,THER,0.4627278645833333
537,THER,0.4264322916666667
538,THER,0.4609375
539,THER,0.47412109375
540,THER,0.5006510416666666
541,THER,0.4456380208333333
542,THER,0.4283854166666667
543,THER,0.4928385416666667
544,THER,0.4700520833333333
545,THER,0.498046875
546,THER,0.4627278645833333
547,THER,0.4620768229166667
548,THER,0.4689127604166667
549,THER,0.44140625
550,THER,0.5104166666666666
551,THER,0.4705403645833333
552,THER,0.5208333333333334
553,THER,0.5167643229166666
554,THER,0.4930013020833333
555,THER,0.4597981770833333
556,THER,0.4715169270833333
557,THER,0.4635416666666667
558,THER,0.47607421875
559,THER,0.4244791666666667
560,THER,0.447265625
561,THER,0.4547526041666667
562,THER,0.4441731770833333
563,THER,0.4482421875
564,THER,0.4715169270833333
565,THER,0.4680989583333333
566,THER,0.4601236979166667
567,THER,0.4475911458333333
568,THER,0.4386393229166667
569,THER,0.4752604166666667
570,THER,0.4737955729166667
571,THER,0.4583333333333333
572,THER,0.4552408854166667
573,THER,0.4523111979166667
574,THER,0.4451497395833333
575,THER,0.4931640625
576,THER,0.466796875
577,THER,0.4488932291666667
578,THER,0.4560546875
579,THER,0.4786783854166667
580,THER,0.4599609375
581,THER,0.4685872395833333
582,THER,0.5066731770833334
583,THER,0.4591471354166667
584,THER,0.44677734375
585,THER,0.4513346354166667
586,THER,0.4718424479166667
587,THER,0.470703125
588,THER,0.45361328125
589,THER,0.4466145833333333
590,THER,0.4622395833333333
591,THER,0.4825846354166667
592,THER,0.46630859375
593,THER,0.46923828125
594,THER,0.4580078125
595,THER,0.4895833333333333
596,THER,0.5105794270833334
597,THER,0.48779296875
598,THER,0.4860026041666667
599,THER,0.5152994791666666
600,THER,0.4695638020833333
601,THER,0.4622395833333333
602,THER,0.4617513020833333
603,THER,0.4793294270833333
604,THER,0.46337890625
605,THER,0.4166666666666667
606,THER,0.3938802083333333
607,THER,0.4625651041666667
608,THER,0.4654947916666667
609,THER,0.4523111979166667
610,THER,0.5003255208333334
611,THER,0.49853515625
612,THER,0.4910481770833333
613,THER,0.4713541666666667
614,THER,0.46484375
615,THER,0.4519856770833333
616,THER,0.4129231770833333
617,THER,0.44677734375
618,THER,0.4443359375
619,THER,0.54443359375
620,THER,0.4913736979166667
621,THER,0.5027669270833334
622,THER,0.5011393229166666
623,THER,0.515625
624,THER,0.4816080729166667
625,THER,0.4847005208333333
626,THER,0.4488932291666667
627,THER,0.4923502604166667
628,THER,0.478515625
629,THER,0.4938151041666667
630,THER,0.4501953125
631,THER,0.4765625
632,THER,0.4895833333333333
633,THER,0.5079752604166666
634,THER,0.4671223958333333
635,THER,0.5128580729166666
636,THER,0.46435546875
637,THER,0.44580078125
638,THER,0.4641927083333333
639,THER,0.4471028645833333
640,THER,0.4560546875
641,THER,0.4401041666666667
642,THER,0.46826171875
643,THER,0.45947265625
644,THER,0.4889322916666667
645,THER,0.4951171875
646,THER,0.498046875
647,THER,0.51220703125
648,THER,0.4720052083333333
649,THER,0.4153645833333333
650,THER,0.43505859375
651,THER,0.4567057291666667
652,THER,0.4651692708333333
653,THER,0.4373372395833333
654,THER,0.4319661458333333
655,THER,0.4521484375
656,THER,0.4773763020833333
657,THER,0.4775390625
658,THER,0.4889322916666667
659,THER,0.501953125
660,THER,0.51171875
661,THER,0.45947265625
662,THER,0.4191080729166667
663,THER,0.45263671875
664,THER,0.46826171875
665,THER,0.498046875
666,THER,0.5060221354166666
667,THER,0.49755859375
668,THER,0.4690755208333333
669,THER,0.43798828125
670,THER,0.5110677083333334
671,THER,0.5001627604166666
672,THER,0.5001627604166666
673,THER,0.4617513020833333
674,THER,0.42626953125
675,THER,0.4679361979166667
676,THER,0.4547526041666667
677,THER,0.4420572916666667
678,THER,0.43798828125
679,THER,0.4723307291666667
680,THER,0.4685872395833333
681,THER,0.48681640625
682,THER,0.47900390625
683,THER,0.5030924479166666
684,THER,0.5045572916666666
685,THER,0.48681640625
686,THER,0.4964192708333333
687,THER,0.4664713541666667
688,THER,0.43896484375
689,THER,0.4934895833333333
690,THER,0.50048828125
691,THER,0.4991861979166667
692,THER,0.49169921875
693,THER,0.4978841145833333
694,THER,0.4287109375
695,THER,0.4422200520833333
696,THER,0.4856770833333333
697,THER,0.4775390625
698,THER,0.4783528645833333
699,THER,0.5052083333333334
700,THER,0.4329427083333333
701,THER,0.4881184895833333
702,THER,0.4606119791666667
703,THER,0.4637044270833333
704,THER,0.4969075520833333
705,THER,0.4860026041666667
706,THER,0.49560546875
707,THER,0.4658203125
708,THER,0.4710286458333333
709,THER,0.4674479166666667
710,THER,0.4469401041666667
711,THER,0.4817708333333333
712,THER,0.4415690104166667
713,THER,0.43359375
714,THER,0.4495442708333333
715,THER,0.4851888020833333
716,THER,0.4607747395833333
717,THER,0.4549153645833333
718,THER,0.4921875
719,THER,0.5213216145833334
720,THER,0.501953125
721,THER,0.5211588541666666
722,THER,0.4723307291666667
723,THER,0.5315755208333334
724,THER,0.4651692708333333
725,THER,0.4554036458333333
726,THER,0.474609375
727,THER,0.521484375
728,THER,0.5182291666666666
729,THER,0.4772135416666667
730,THER,0.4970703125
731,THER,0.4949544270833333
732,THER,0.4700520833333333
733,THER,0.4833984375
734,THER,0.5126953125
735,THER,0.5232747395833334
736,THER,0.5193684895833334
737,THER,0.5011393229166666
738,THER,0.4866536458333333
739,THER,0.44677734375
740,THER,0.4501953125
741,THER,0.47216796875
742,THER,0.4920247395833333
743,THER,0.5042317708333334
744,THER,0.46630859375
745,THER,0.4729817708333333
746,THER,0.4720052083333333
747,THER,0.4827473958333333
748,THER,0.4454752604166667
749,THER,0.4777018229166667
750,THER,0.4734700520833333
751,THER,0.4606119791666667
752,THER,0.43212890625
753,THER,0.4363606770833333
754,THER,0.4656575520833333
755,THER,0.5192057291666666
756,THER,0.4676106770833333
757,THER,0.4949544270833333
758,THER,0.48876953125
759,THER,0.46826171875
760,THER,0.5055338541666666
761,THER,0.4705403645833333
762,THER,0.4505208333333333
763,THER,0.4443359375
764,THER,0.4754231770833333
765,THER,0.4625651041666667
766,THER,0.5099283854166666
767,THER,0.5369466145833334
768,THER,0.50634765625
769,THER,0.5188802083333334
770,THER,0.4853515625
771,THER,0.4881184895833333
772,THER,0.47314453125
773,THER,0.5104166666666666
774,THER,0.4866536458333333
775,THER,0.4632161458333333
776,THER,0.46484375
777,THER,0.4998372395833333
778,THER,0.5291341145833334
779,THER,0.5284830729166666
780,THER,0.5193684895833334
781,THER,0.5341796875
782,THER,0.4270833333333333
783,THER,0.4615885416666667
784,THER,0.4440104166666667
785,THER,0.4557291666666667
786,THER,0.4943033854166667
787,THER,0.4781901041666667
788,THER,0.4803059895833333
789,THER,0.4773763020833333
790,THER,0.4962565104166667
791,THER,0.4925130208333333
792,THER,0.51611328125
793,THER,0.5257161458333334
794,THER,0.4733072916666667
795,THER,0.47900390625
796,THER,0.4454752604166667
797,THER,0.4405924479166667
798,THER,0.4710286458333333
799,THER,0.5281575520833334
800,THER,0.5021158854166666
801,THER,0.4982096354166667
802,THER,0.4658203125
803,THER,0.47216796875
804,THER,0.4383138020833333
805,THER,0.4635416666666667
806,THER,0.4518229166666667
807,THER,0.4934895833333333
808,THER,0.5065104166666666
809,THER,0.5011393229166666
810,THER,0.4873046875
811,THER,0.4951171875
812,THER,0.5061848958333334
813,THER,0.4733072916666667
814,THER,0.4571940104166667
815,THER,0.5302734375
816,THER,0.4697265625
817,THER,0.4288736979166667
818,THER,0.4659830729166667
819,THER,0.48193359375
820,THER,0.47119140625
821,THER,0.48193359375
822,THER,0.47998046875
823,THER,0.5262044270833334
824,THER,0.4744466145833333
825,THER,0.51025390625
826,THER,0.486328125
827,THER,0.5096028645833334
828,THER,0.4650065104166667
829,THER,0.4684244791666667
830,THER,0.4446614583333333
831,THER,0.4521484375
832,THER,0.4943033854166667
833,THER,0.4794921875
834,THER,0.5304361979166666
835,THER,0.4938151041666667
836,THER,0.5027669270833334
837,THER,0.5428059895833334
838,THER,0.5192057291666666
839,THER,0.5203450520833334
840,THER,0.4952799479166667
841,THER,0.4471028645833333
842,THER,0.4921875
843,THER,0.5242513020833334
844,THER,0.4910481770833333
845,THER,0.4700520833333333
846,THER,0.4949544270833333
847,THER,0.5237630208333334
848,THER,0.50927734375
849,THER,0.4757486979166667
850,THER,0.4796549479166667
851,THER,0.5182291666666666
852,THER,0.5026041666666666
853,THER,0.4951171875
854,THER,0.4822591145833333
855,THER,0.4925130208333333
856,THER,0.5022786458333334
857,THER,0.48583984375
858,THER,0.4640299479166667
859,THER,0.5066731770833334
860,THER,0.4684244791666667
861,THER,0.4952799479166667
862,THER,0.4508463541666667
863,THER,0.5152994791666666
864,THER,0.4514973958333333
865,THER,0.45849609375
866,THER,0.4493815104166667
867,THER,0.484375
868,THER,0.5026041666666666
869,THER,0.5206705729166666
870,THER,0.4698893229166667
871,THER,0.4949544270833333
872,THER,0.4728190104166667
873,THER,0.5262044270833334
874,THER,0.4850260416666667
875,THER,0.47607421875
876,THER,0.44873046875
877,THER,0.4583333333333333
878,THER,0.4671223958333333
879,THER,0.47265625
880,THER,0.4749348958333333
881,THER,0.5283203125
882,THER,0.5100911458333334
883,THER,0.5060221354166666
884,THER,0.5372721354166666
885,THER,0.505859375
886,THER,0.466796875
887,THER,0.5017903645833334
888,THER,0.4814453125
889,THER,0.4923502604166667
890,THER,0.4638671875
891,THER,0.5048828125
892,THER,0.4973958333333333
893,THER,0.4755859375
894,THER,0.4899088541666667
895,THER,0.4973958333333333
896,THER,0.4508463541666667
897,THER,0.4412434895833333
898,THER,0.4586588541666667
899,THER,0.4928385416666667
900,THER,0.4973958333333333
901,THER,0.5027669270833334
902,THER,0.4366861979166667
903,THER,0.49267578125
904,THER,0.50439453125
905,THER,0.5211588541666666
906,THER,0.509765625
907,THER,0.4908854166666667
908,THER,0.4597981770833333
909,THER,0.46240234375
910,THER,0.5026041666666666
911,THER,0.5237630208333334
912,THER,0.48779296875
913,THER,0.4650065104166667
914,THER,0.5055338541666666
915,THER,0.4920247395833333
916,THER,0.5252278645833334
917,THER,0.4886067708333333
918,THER,0.5146484375
919,THER,0.4947916666666667
920,THER,0.48974609375
921,THER,0.4646809895833333
922,THER,0.5055338541666666
923,THER,0.4705403645833333
924,THER,0.48291015625
925,THER,0.4786783854166667
926,THER,0.47314453125
927,THER,0.52099609375
928,THER,0.5283203125
929,THER,0.505859375
930,THER,0.49951171875
931,THER,0.5016276041666666
932,THER,0.5006510416666666
933,THER,0.4723307291666667
934,THER,0.521484375
935,THER,0.46923828125
936,THER,0.4765625
937,THER,0.494140625
938,THER,0.5154622395833334
939,THER,0.4637044270833333
940,THER,0.4837239583333333
941,THER,0.4930013020833333
942,THER,0.4925130208333333
943,THER,0.5013020833333334
944,THER,0.4676106770833333
945,THER,0.50830078125
946,THER,0.5011393229166666
947,THER,0.5494791666666666
948,THER,0.5275065104166666
949,THER,0.4842122395833333
950,THER,0.4632161458333333
951,THER,0.45361328125
952,THER,0.46435546875
953,THER,0.5066731770833334
954,THER,0.4830729166666667
955,THER,0.5611979166666666
956,THER,0.48046875
957,THER,0.4762369791666667
958,THER,0.5118815104166666
959,THER,0.4817708333333333
960,THER,0.48388671875
961,THER,0.4825846354166667
962,THER,0.5094401041666666
963,THER,0.54296875
964,THER,0.48486328125
965,THER,0.5130208333333334
966,THER,0.5050455729166666
967,THER,0.5506184895833334
968,THER,0.5109049479166666
969,THER,0.4860026041666667
970,THER,0.4674479166666667
971,THER,0.4720052083333333
972,THER,0.4654947916666667
973,THER,0.4939778645833333
974,THER,0.5118815104166666
975,THER,0.5027669270833334
976,THER,0.4513346354166667
977,THER,0.48486328125
978,THER,0.478515625
979,THER,0.54248046875
980,THER,0.5130208333333334
981,THER,0.50390625
982,THER,0.5320638020833334
983,THER,0.5789388020833334
984,THER,0.4830729166666667
985,THER,0.47998046875
986,THER,0.4973958333333333
987,THER,0.46826171875
988,THER,0.4739583333333333
989,THER,0.4669596354166667
990,THER,0.4786783854166667
991,THER,0.46826171875
992,THER,0.4864908854166667
993,THER,0.509765625
994,THER,0.4939778645833333
995,THER,0.4951171875
996,THER,0.4982096354166667
997,THER,0.46728515625
998,THER,0.45703125
999,THER,0.49853515625
1000,THER,0.5152994791666666
1001,THER,0.54443359375
1002,THER,0.51025390625
1003,THER,0.5167643229166666
1004,THER,0.4755859375
1005,THER,0.5099283854166666
1006,THER,0.5091145833333334
1007,THER,0.4630533854166667
1008,THER,0.4736328125
1009,THER,0.46435546875
1010,THER,0.4840494791666667
1011,THER,0.5037434895833334
1012,THER,0.4884440104166667
1013,THER,0.5149739583333334
1014,THER,0.4786783854166667
1015,THER,0.5094401041666666
1016,THER,0.5078125
1017,THER,0.5398763020833334
1018,THER,0.5138346354166666
1019,THER,0.533203125
1020,THER,0.5494791666666666
1021,THER,0.4881184895833333
1022,THER,0.4812825520833333
1023,THER,0.5011393229166666
3,Oracle,0.4361979166666667
4,Oracle,0.49169921875
5,Oracle,0.4716796875
6,Oracle,0.47216796875
7,Oracle,0.4765625
8,Oracle,0.43701171875
9,Oracle,0.4775390625
10,Oracle,0.42333984375
11,Oracle,0.4239908854166667
12,Oracle,0.4366861979166667
13,Oracle,0.4993489583333333
14,Oracle,0.5302734375
15,Oracle,0.5196940104166666
16,Oracle,0.5006510416666666
17,Oracle,0.55224609375
18,Oracle,0.5089518229166666
19,Oracle,0.4593098958333333
20,Oracle,0.4051106770833333
21,Oracle,0.38525390625
22,Oracle,0.4264322916666667
23,Oracle,0.4422200520833333
24,Oracle,0.390625
25,Oracle,0.4099934895833333
26,Oracle,0.4554036458333333
27,Oracle,0.4637044270833333
28,Oracle,0.4563802083333333
29,Oracle,0.4754231770833333
30,Oracle,0.4620768229166667
31,Oracle,0.4514973958333333
32,Oracle,0.4371744791666667
33,Oracle,0.439453125
34,Oracle,0.44775390625
35,Oracle,0.4368489583333333
36,Oracle,0.4474283854166667
37,Oracle,0.4720052083333333
38,Oracle,0.47509765625
39,Oracle,0.4873046875
40,Oracle,0.52734375
41,Oracle,0.51806640625
42,Oracle,0.4959309895833333
43,Oracle,0.4840494791666667
44,Oracle,0.5485026041666666
45,Oracle,0.5380859375
46,Oracle,0.4908854166666667
47,Oracle,0.45361328125
48,Oracle,0.5037434895833334
49,Oracle,0.4762369791666667
50,Oracle,0.4742838541666667
51,Oracle,0.4890950520833333
52,Oracle,0.5245768229166666
53,Oracle,0.5406901041666666
54,Oracle,0.4944661458333333
55,Oracle,0.53662109375
56,Oracle,0.5281575520833334
57,Oracle,0.4755859375
58,Oracle,0.4990234375
59,Oracle,0.51025390625
60,Oracle,0.5224609375
61,Oracle,0.4921875
62,Oracle,0.4453125
63,Oracle,0.4085286458333333
64,Oracle,0.4117838541666667
65,Oracle,0.3972981770833333
66,Oracle,0.4373372395833333
67,Oracle,0.4724934895833333
68,Oracle,0.4676106770833333
69,Oracle,0.4402669270833333
70,Oracle,0.4309895833333333
71,Oracle,0.4967447916666667
72,Oracle,0.49169921875
73,Oracle,0.4874674479166667
74,Oracle,0.4479166666666667
75,Oracle,0.4803059895833333
76,Oracle,0.4690755208333333
77,Oracle,0.46630859375
78,Oracle,0.4217122395833333
79,Oracle,0.4275716145833333
80,Oracle,0.4703776041666667
81,Oracle,0.4996744791666667
82,Oracle,0.4778645833333333
83,Oracle,0.4620768229166667
84,Oracle,0.43603515625
85,Oracle,0.4794921875
86,Oracle,0.5218098958333334
87,Oracle,0.5003255208333334
88,Oracle,0.51806640625
89,Oracle,0.5732421875
90,Oracle,0.548828125
91,Oracle,0.50390625
92,Oracle,0.5066731770833334
93,Oracle,0.5125325520833334
94,Oracle,0.4661458333333333
95,Oracle,0.4755859375
96,Oracle,0.48779296875
97,Oracle,0.4635416666666667
98,Oracle,0.5227864583333334
99,Oracle,0.4318033854166667
100,Oracle,0.44287109375
101,Oracle,0.4620768229166667
102,Oracle,0.4803059895833333
103,Oracle,0.4820963541666667
104,Oracle,0.4773763020833333
105,Oracle,0.4933268229166667
106,Oracle,0.5302734375
107,Oracle,0.5185546875
108,Oracle,0.537109375
109,Oracle,0.44921875
110,Oracle,0.5006510416666666
111,Oracle,0.4943033854166667
112,Oracle,0.44091796875
113,Oracle,0.4677734375
114,Oracle,0.46484375
115,Oracle,0.4552408854166667
116,Oracle,0.4762369791666667
117,Oracle,0.46337890625
118,Oracle,0.4422200520833333
119,Oracle,0.4749348958333333
120,Oracle,0.4568684895833333
121,Oracle,0.44970703125
122,Oracle,0.4423828125
123,Oracle,0.38330078125
124,Oracle,0.3855794270833333
125,Oracle,0.3712565104166667
126,Oracle,0.3546549479166667
127,Oracle,0.3653971354166667
128,Oracle,0.4052734375
129,Oracle,0.40625
130,Oracle,0.4363606770833333
131,Oracle,0.4122721354166667
132,Oracle,0.43359375
133,Oracle,0.4568684895833333
134,Oracle,0.4378255208333333
135,Oracle,0.4527994791666667
136,Oracle,0.46240234375
137,Oracle,0.4368489583333333
138,Oracle,0.4404296875
139,Oracle,0.3880208333333333
140,Oracle,0.4493815104166667
141,Oracle,0.4090169270833333
142,Oracle,0.3956705729166667
143,Oracle,0.4171549479166667
144,Oracle,0.3984375
145,Oracle,0.4402669270833333
146,Oracle,0.3688151041666667
147,Oracle,0.3636067708333333
148,Oracle,0.4256184895833333
149,Oracle,0.4391276041666667
150,Oracle,0.4420572916666667
151,Oracle,0.4396158854166667
152,Oracle,0.4690755208333333
153,Oracle,0.43701171875
154,Oracle,0.4529622395833333
155,Oracle,0.4568684895833333
156,Oracle,0.4798177083333333
157,Oracle,0.4757486979166667
158,Oracle,0.43896484375
159,Oracle,0.4156901041666667
160,Oracle,0.3902994791666667
161,Oracle,0.4163411458333333
162,Oracle,0.3994140625
163,Oracle,0.4025065104166667
164,Oracle,0.4622395833333333
165,Oracle,0.4303385416666667
166,Oracle,0.4095052083333333
167,Oracle,0.44580078125
168,Oracle,0.4347330729166667
169,Oracle,0.4654947916666667
170,Oracle,0.4532877604166667
171,Oracle,0.4444986979166667
172,Oracle,0.4239908854166667
173,Oracle,0.4274088541666667
174,Oracle,0.45556640625
175,Oracle,0.4783528645833333
176,Oracle,0.42529296875
177,Oracle,0.361328125
178,Oracle,0.4498697916666667
179,Oracle,0.4352213541666667
180,Oracle,0.43701171875
181,Oracle,0.4402669270833333
182,Oracle,0.4114583333333333
183,Oracle,0.4267578125
184,Oracle,0.4573567708333333
185,Oracle,0.4943033854166667
186,Oracle,0.4352213541666667
187,Oracle,0.4152018229166667
188,Oracle,0.4178059895833333
189,Oracle,0.4300130208333333
190,Oracle,0.4274088541666667
191,Oracle,0.4088541666666667
192,Oracle,0.4005533854166667
193,Oracle,0.4098307291666667
194,Oracle,0.4215494791666667
195,Oracle,0.42236328125
196,Oracle,0.4484049479166667
197,Oracle,0.4264322916666667
198,Oracle,0.4236653645833333
199,Oracle,0.4137369791666667
200,Oracle,0.38037109375
201,Oracle,0.4132486979166667
202,Oracle,0.4278971354166667
203,Oracle,0.4261067708333333
204,Oracle,0.4469401041666667
205,Oracle,0.4186197916666667
206,Oracle,0.3924153645833333
207,Oracle,0.4134114583333333
208,Oracle,0.41357421875
209,Oracle,0.39697265625
210,Oracle,0.40576171875
211,Oracle,0.40478515625
212,Oracle,0.4303385416666667
213,Oracle,0.431640625
214,Oracle,0.4339192708333333
215,Oracle,0.4599609375
216,Oracle,0.4368489583333333
217,Oracle,0.41748046875
218,Oracle,0.4078776041666667
219,Oracle,0.39111328125
220,Oracle,0.39013671875
221,Oracle,0.3982747395833333
222,Oracle,0.39501953125
223,Oracle,0.423828125
224,Oracle,0.4029947916666667
225,Oracle,0.4152018229166667
226,Oracle,0.4353841145833333
227,Oracle,0.4401041666666667
228,Oracle,0.4500325520833333
229,Oracle,0.4404296875
230,Oracle,0.4695638020833333
231,Oracle,0.4353841145833333
232,Oracle,0.4249674479166667
233,Oracle,0.4404296875
234,Oracle,0.427734375
235,Oracle,0.4171549479166667
236,Oracle,0.4513346354166667
237,Oracle,0.40283203125
238,Oracle,0.3987630208333333
239,Oracle,0.4025065104166667
240,Oracle,0.4501953125
241,Oracle,0.4215494791666667
242,Oracle,0.4373372395833333
243,Oracle,0.4659830729166667
244,Oracle,0.4427083333333333
245,Oracle,0.43505859375
246,Oracle,0.4376627604166667
247,Oracle,0.4228515625
248,Oracle,0.4571940104166667
249,Oracle,0.4601236979166667
250,Oracle,0.447265625
251,Oracle,0.4638671875
252,Oracle,0.45654296875
253,Oracle,0.4567057291666667
254,Oracle,0.48486328125
255,Oracle,0.4296875
256,Oracle,0.4656575520833333
257,Oracle,0.45166015625
258,Oracle,0.4568684895833333
259,Oracle,0.4456380208333333
260,Oracle,0.45947265625
261,Oracle,0.4715169270833333
262,Oracle,0.4352213541666667
263,Oracle,0.4375
264,Oracle,0.4248046875
265,Oracle,0.4303385416666667
266,Oracle,0.4524739583333333
267,Oracle,0.4344075520833333
268,Oracle,0.4466145833333333
269,Oracle,0.4181315104166667
270,Oracle,0.4490559895833333
271,Oracle,0.4195963541666667
272,Oracle,0.4337565104166667
273,Oracle,0.4659830729166667
274,Oracle,0.4347330729166667
275,Oracle,0.4425455729166667
276,Oracle,0.4420572916666667
277,Oracle,0.4435221354166667
278,Oracle,0.4453125
279,Oracle,0.4339192708333333
280,Oracle,0.43017578125
281,Oracle,0.4161783854166667
282,Oracle,0.4244791666666667
283,Oracle,0.44580078125
284,Oracle,0.4588216145833333
285,Oracle,0.42578125
286,Oracle,0.4353841145833333
287,Oracle,0.42724609375
288,Oracle,0.42041015625
289,Oracle,0.43212890625
290,Oracle,0.4161783854166667
291,Oracle,0.4285481770833333
292,Oracle,0.4324544270833333
293,Oracle,0.4029947916666667
294,Oracle,0.3958333333333333
295,Oracle,0.4182942708333333
296,Oracle,0.4345703125
297,Oracle,0.50146484375
298,Oracle,0.4860026041666667
299,Oracle,0.4671223958333333
300,Oracle,0.4881184895833333
301,Oracle,0.4720052083333333
302,Oracle,0.4449869791666667
303,Oracle,0.4278971354166667
304,Oracle,0.458984375
305,Oracle,0.4625651041666667
306,Oracle,0.4488932291666667
307,Oracle,0.44580078125
308,Oracle,0.4817708333333333
309,Oracle,0.4601236979166667
310,Oracle,0.4195963541666667
311,Oracle,0.4396158854166667
312,Oracle,0.4357096354166667
313,Oracle,0.4308268229166667
314,Oracle,0.4313151041666667
315,Oracle,0.43798828125
316,Oracle,0.4728190104166667
317,Oracle,0.4471028645833333
318,Oracle,0.4568684895833333
319,Oracle,0.4755859375
320,Oracle,0.48193359375
321,Oracle,0.4991861979166667
322,Oracle,0.5123697916666666
323,Oracle,0.4938151041666667
324,Oracle,0.4967447916666667
325,Oracle,0.48193359375
326,Oracle,0.4518229166666667
327,Oracle,0.4715169270833333
328,Oracle,0.4676106770833333
329,Oracle,0.44091796875
330,Oracle,0.3968098958333333
331,Oracle,0.4228515625
332,Oracle,0.4358723958333333
333,Oracle,0.4244791666666667
334,Oracle,0.4080403645833333
335,Oracle,0.41064453125
336,Oracle,0.4352213541666667
337,Oracle,0.4632161458333333
338,Oracle,0.4275716145833333
339,Oracle,0.4152018229166667
340,Oracle,0.4554036458333333
341,Oracle,0.4420572916666667
342,Oracle,0.4783528645833333
343,Oracle,0.4627278645833333
344,Oracle,0.4814453125
345,Oracle,0.5126953125
346,Oracle,0.44384765625
347,Oracle,0.4375
348,Oracle,0.43798828125
349,Oracle,0.4191080729166667
350,Oracle,0.39599609375
351,Oracle,0.41552734375
352,Oracle,0.4698893229166667
353,Oracle,0.4514973958333333
354,Oracle,0.4264322916666667
355,Oracle,0.46240234375
356,Oracle,0.4658203125
357,Oracle,0.44775390625
358,Oracle,0.4466145833333333
359,Oracle,0.40576171875
360,Oracle,0.4158528645833333
361,Oracle,0.4207356770833333
362,Oracle,0.4820963541666667
363,Oracle,0.4697265625
364,Oracle,0.4783528645833333
365,Oracle,0.46923828125
366,Oracle,0.4375
367,Oracle,0.4588216145833333
368,Oracle,0.4381510416666667
369,Oracle,0.4599609375
370,Oracle,0.48828125
371,Oracle,0.4791666666666667
372,Oracle,0.439453125
373,Oracle,0.4415690104166667
374,Oracle,0.4431966145833333
375,Oracle,0.4140625
376,Oracle,0.4671223958333333
377,Oracle,0.4534505208333333
378,Oracle,0.4466145833333333
379,Oracle,0.4361979166666667
380,Oracle,0.4313151041666667
381,Oracle,0.4524739583333333
382,Oracle,0.45751953125
383,Oracle,0.482421875
384,Oracle,0.4622395833333333
385,Oracle,0.4786783854166667
386,Oracle,0.4695638020833333
387,Oracle,0.4630533854166667
388,Oracle,0.4514973958333333
389,Oracle,0.447265625
390,Oracle,0.47705078125
391,Oracle,0.4710286458333333
392,Oracle,0.4137369791666667
393,Oracle,0.4537760416666667
394,Oracle,0.4775390625
395,Oracle,0.4490559895833333
396,Oracle,0.4853515625
397,Oracle,0.4690755208333333
398,Oracle,0.4501953125
399,Oracle,0.4552408854166667
400,Oracle,0.5016276041666666
401,Oracle,0.5079752604166666
402,Oracle,0.4951171875
403,Oracle,0.4816080729166667
404,Oracle,0.4847005208333333
405,Oracle,0.4567057291666667
406,Oracle,0.4391276041666667
407,Oracle,0.4622395833333333
408,Oracle,0.4837239583333333
409,Oracle,0.4752604166666667
410,Oracle,0.4816080729166667
411,Oracle,0.44384765625
412,Oracle,0.4130859375
413,Oracle,0.4685872395833333
414,Oracle,0.4547526041666667
415,Oracle,0.47119140625
416,Oracle,0.4462890625
417,Oracle,0.42529296875
418,Oracle,0.45703125
419,Oracle,0.4684244791666667
420,Oracle,0.4534505208333333
421,Oracle,0.4620768229166667
422,Oracle,0.4451497395833333
423,Oracle,0.4410807291666667
424,Oracle,0.4578450520833333
425,Oracle,0.4767252604166667
426,Oracle,0.4352213541666667
427,Oracle,0.4576822916666667
428,Oracle,0.42919921875
429,Oracle,0.4283854166666667
430,Oracle,0.4484049479166667
431,Oracle,0.4637044270833333
432,Oracle,0.4807942708333333
433,Oracle,0.4698893229166667
434,Oracle,0.4816080729166667
435,Oracle,0.4599609375
436,Oracle,0.5113932291666666
437,Oracle,0.5198567708333334
438,Oracle,0.4627278645833333
439,Oracle,0.4934895833333333
440,Oracle,0.4586588541666667
441,Oracle,0.46875
442,Oracle,0.44921875
443,Oracle,0.4560546875
444,Oracle,0.4654947916666667
445,Oracle,0.4571940104166667
446,Oracle,0.4640299479166667
447,Oracle,0.4401041666666667
448,Oracle,0.4484049479166667
449,Oracle,0.5135091145833334
450,Oracle,0.5130208333333334
451,Oracle,0.451171875
452,Oracle,0.4890950520833333
453,Oracle,0.4549153645833333
454,Oracle,0.4137369791666667
455,Oracle,0.4410807291666667
456,Oracle,0.4952799479166667
457,Oracle,0.4835611979166667
458,Oracle,0.4949544270833333
459,Oracle,0.4724934895833333
460,Oracle,0.4568684895833333
461,Oracle,0.44970703125
462,Oracle,0.4744466145833333
463,Oracle,0.4396158854166667
464,Oracle,0.4703776041666667
465,Oracle,0.4690755208333333
466,Oracle,0.4807942708333333
467,Oracle,0.4716796875
468,Oracle,0.4928385416666667
469,Oracle,0.4718424479166667
470,Oracle,0.4563802083333333
471,Oracle,0.4685872395833333
472,Oracle,0.509765625
473,Oracle,0.4972330729166667
474,Oracle,0.4514973958333333
475,Oracle,0.4609375
476,Oracle,0.4951171875
477,Oracle,0.4695638020833333
478,Oracle,0.4959309895833333
479,Oracle,0.46533203125
480,Oracle,0.4368489583333333
481,Oracle,0.50048828125
482,Oracle,0.4505208333333333
483,Oracle,0.4449869791666667
484,Oracle,0.4563802083333333
485,Oracle,0.5139973958333334
486,Oracle,0.4695638020833333
487,Oracle,0.4820963541666667
488,Oracle,0.46875
489,Oracle,0.45263671875
490,Oracle,0.45849609375
491,Oracle,0.4599609375
492,Oracle,0.45654296875
493,Oracle,0.4827473958333333
494,Oracle,0.43115234375
495,Oracle,0.4384765625
496,Oracle,0.482421875
497,Oracle,0.48876953125
498,Oracle,0.4972330729166667
499,Oracle,0.4803059895833333
500,Oracle,0.484375
501,Oracle,0.4912109375
502,Oracle,0.4615885416666667
503,Oracle,0.4860026041666667
504,Oracle,0.46826171875
505,Oracle,0.45947265625
506,Oracle,0.4627278645833333
507,Oracle,0.484375
508,Oracle,0.4996744791666667
509,Oracle,0.52197265625
510,Oracle,0.5011393229166666
511,Oracle,0.47216796875
512,Oracle,0.466796875
513,Oracle,0.4910481770833333
514,Oracle,0.4669596354166667
515,Oracle,0.4737955729166667
516,Oracle,0.4827473958333333
517,Oracle,0.4498697916666667
518,Oracle,0.4443359375
519,Oracle,0.45654296875
520,Oracle,0.4532877604166667
521,Oracle,0.447265625
522,Oracle,0.470703125
523,Oracle,0.45068359375
524,Oracle,0.4353841145833333
525,Oracle,0.453125
526,Oracle,0.4552408854166667
527,Oracle,0.4514973958333333
528,Oracle,0.45654296875
529,Oracle,0.45751953125
530,Oracle,0.45654296875
531,Oracle,0.4990234375
532,Oracle,0.5224609375
533,Oracle,0.5545247395833334
534,Oracle,0.4921875
535,Oracle,0.51904296875
536,Oracle,0.4876302083333333
537,Oracle,0.4503580729166667
538,Oracle,0.5032552083333334
539,Oracle,0.478515625
540,Oracle,0.51220703125
541,Oracle,0.470703125
542,Oracle,0.45166015625
543,Oracle,0.4986979166666667
544,Oracle,0.4934895833333333
545,Oracle,0.533203125
546,Oracle,0.4833984375
547,Oracle,0.4737955729166667
548,Oracle,0.4817708333333333
549,Oracle,0.4661458333333333
550,Oracle,0.5188802083333334
551,Oracle,0.47509765625
552,Oracle,0.5374348958333334
553,Oracle,0.5262044270833334
554,Oracle,0.5149739583333334
555,Oracle,0.4680989583333333
556,Oracle,0.4855143229166667
557,Oracle,0.48583984375
558,Oracle,0.4905598958333333
559,Oracle,0.43310546875
560,Oracle,0.4562174479166667
561,Oracle,0.4798177083333333
562,Oracle,0.4755859375
563,Oracle,0.4562174479166667
564,Oracle,0.5006510416666666
565,Oracle,0.4890950520833333
566,Oracle,0.4832356770833333
567,Oracle,0.4620768229166667
568,Oracle,0.470703125
569,Oracle,0.4993489583333333
570,Oracle,0.4729817708333333
571,Oracle,0.4615885416666667
572,Oracle,0.4794921875
573,Oracle,0.47119140625
574,Oracle,0.4716796875
575,Oracle,0.5008138020833334
576,Oracle,0.4972330729166667
577,Oracle,0.4791666666666667
578,Oracle,0.47265625
579,Oracle,0.4803059895833333
580,Oracle,0.4720052083333333
581,Oracle,0.4866536458333333
582,Oracle,0.5262044270833334
583,Oracle,0.4710286458333333
584,Oracle,0.47021484375
585,Oracle,0.4664713541666667
586,Oracle,0.4913736979166667
587,Oracle,0.48095703125
588,Oracle,0.501953125
589,Oracle,0.4793294270833333
590,Oracle,0.482421875
591,Oracle,0.4876302083333333
592,Oracle,0.48291015625
593,Oracle,0.4959309895833333
594,Oracle,0.4933268229166667
595,Oracle,0.5182291666666666
596,Oracle,0.5511067708333334
597,Oracle,0.5182291666666666
598,Oracle,0.5244140625
599,Oracle,0.5242513020833334
600,Oracle,0.49267578125
601,Oracle,0.4742838541666667
602,Oracle,0.4934895833333333
603,Oracle,0.4798177083333333
604,Oracle,0.46337890625
605,Oracle,0.4757486979166667
606,Oracle,0.44482421875
607,Oracle,0.4646809895833333
608,Oracle,0.4890950520833333
609,Oracle,0.4718424479166667
610,Oracle,0.5271809895833334
611,Oracle,0.4993489583333333
612,Oracle,0.5234375
613,Oracle,0.5104166666666666
614,Oracle,0.4993489583333333
615,Oracle,0.4612630208333333
616,Oracle,0.4490559895833333
617,Oracle,0.4713541666666667
618,Oracle,0.4586588541666667
619,Oracle,0.55078125
620,Oracle,0.5099283854166666
621,Oracle,0.5236002604166666
622,Oracle,0.5192057291666666
623,Oracle,0.5275065104166666
624,Oracle,0.5115559895833334
625,Oracle,0.5110677083333334
626,Oracle,0.4669596354166667
627,Oracle,0.4973958333333333
628,Oracle,0.4930013020833333
629,Oracle,0.5216471354166666
630,Oracle,0.4739583333333333
631,Oracle,0.482421875
632,Oracle,0.50390625
633,Oracle,0.5281575520833334
634,Oracle,0.4856770833333333
635,Oracle,0.5154622395833334
636,Oracle,0.48486328125
637,Oracle,0.4793294270833333
638,Oracle,0.470703125
639,Oracle,0.46044921875
640,Oracle,0.4697265625
641,Oracle,0.4593098958333333
642,Oracle,0.4837239583333333
643,Oracle,0.45556640625
644,Oracle,0.5074869791666666
645,Oracle,0.5146484375
646,Oracle,0.52099609375
647,Oracle,0.5084635416666666
648,Oracle,0.49755859375
649,Oracle,0.4431966145833333
650,Oracle,0.46923828125
651,Oracle,0.4651692708333333
652,Oracle,0.4783528645833333
653,Oracle,0.4677734375
654,Oracle,0.4578450520833333
655,Oracle,0.4495442708333333
656,Oracle,0.5003255208333334
657,Oracle,0.5109049479166666
658,Oracle,0.5177408854166666
659,Oracle,0.5105794270833334
660,Oracle,0.5393880208333334
661,Oracle,0.4918619791666667
662,Oracle,0.4466145833333333
663,Oracle,0.4560546875
664,Oracle,0.4903971354166667
665,Oracle,0.5222981770833334
666,Oracle,0.5242513020833334
667,Oracle,0.5065104166666666
668,Oracle,0.48974609375
669,Oracle,0.4580078125
670,Oracle,0.5247395833333334
671,Oracle,0.5022786458333334
672,Oracle,0.529296875
673,Oracle,0.5017903645833334
674,Oracle,0.4488932291666667
675,Oracle,0.4928385416666667
676,Oracle,0.5001627604166666
677,Oracle,0.4651692708333333
678,Oracle,0.4612630208333333
679,Oracle,0.4778645833333333
680,Oracle,0.4860026041666667
681,Oracle,0.5130208333333334
682,Oracle,0.5035807291666666
683,Oracle,0.5120442708333334
684,Oracle,0.5205078125
685,Oracle,0.5128580729166666
686,Oracle,0.52685546875
687,Oracle,0.4822591145833333
688,Oracle,0.4638671875
689,Oracle,0.51171875
690,Oracle,0.5154622395833334
691,Oracle,0.49951171875
692,Oracle,0.5013020833333334
693,Oracle,0.5201822916666666
694,Oracle,0.4573567708333333
695,Oracle,0.4443359375
696,Oracle,0.5016276041666666
697,Oracle,0.49755859375
698,Oracle,0.4959309895833333
699,Oracle,0.4972330729166667
700,Oracle,0.4479166666666667
701,Oracle,0.5144856770833334
702,Oracle,0.4866536458333333
703,Oracle,0.4728190104166667
704,Oracle,0.5302734375
705,Oracle,0.52587890625
706,Oracle,0.4947916666666667
707,Oracle,0.4759114583333333
708,Oracle,0.5001627604166666
709,Oracle,0.4986979166666667
710,Oracle,0.4729817708333333
711,Oracle,0.4892578125
712,Oracle,0.4685872395833333
713,Oracle,0.45849609375
714,Oracle,0.4700520833333333
715,Oracle,0.4920247395833333
716,Oracle,0.470703125
717,Oracle,0.4879557291666667
718,Oracle,0.51806640625
719,Oracle,0.52783203125
720,Oracle,0.52587890625
721,Oracle,0.5426432291666666
722,Oracle,0.49267578125
723,Oracle,0.5276692708333334
724,Oracle,0.48974609375
725,Oracle,0.474609375
726,Oracle,0.4973958333333333
727,Oracle,0.5224609375
728,Oracle,0.53515625
729,Oracle,0.4988606770833333
730,Oracle,0.5052083333333334
731,Oracle,0.4964192708333333
732,Oracle,0.4884440104166667
733,Oracle,0.4990234375
734,Oracle,0.5499674479166666
735,Oracle,0.5328776041666666
736,Oracle,0.5345052083333334
737,Oracle,0.5242513020833334
738,Oracle,0.4943033854166667
739,Oracle,0.4612630208333333
740,Oracle,0.46875
741,Oracle,0.4899088541666667
742,Oracle,0.5021158854166666
743,Oracle,0.5164388020833334
744,Oracle,0.4842122395833333
745,Oracle,0.4943033854166667
746,Oracle,0.49169921875
747,Oracle,0.4939778645833333
748,Oracle,0.4630533854166667
749,Oracle,0.4894205729166667
750,Oracle,0.49267578125
751,Oracle,0.4832356770833333
752,Oracle,0.4485677083333333
753,Oracle,0.45458984375
754,Oracle,0.4807942708333333
755,Oracle,0.5330403645833334
756,Oracle,0.4851888020833333
757,Oracle,0.5227864583333334
758,Oracle,0.5109049479166666
759,Oracle,0.4710286458333333
760,Oracle,0.52880859375
761,Oracle,0.4939778645833333
762,Oracle,0.4715169270833333
763,Oracle,0.4580078125
764,Oracle,0.4947916666666667
765,Oracle,0.4820963541666667
766,Oracle,0.5304361979166666
767,Oracle,0.5439453125
768,Oracle,0.52099609375
769,Oracle,0.5341796875
770,Oracle,0.50634765625
771,Oracle,0.49853515625
772,Oracle,0.4866536458333333
773,Oracle,0.52490234375
774,Oracle,0.5055338541666666
775,Oracle,0.4677734375
776,Oracle,0.4833984375
777,Oracle,0.5281575520833334
778,Oracle,0.5421549479166666
779,Oracle,0.5299479166666666
780,Oracle,0.5400390625
781,Oracle,0.5673828125
782,Oracle,0.4606119791666667
783,Oracle,0.4895833333333333
784,Oracle,0.4851888020833333
785,Oracle,0.4763997395833333
786,Oracle,0.5030924479166666
787,Oracle,0.4930013020833333
788,Oracle,0.51025390625
789,Oracle,0.5081380208333334
790,Oracle,0.5226236979166666
791,Oracle,0.5123697916666666
792,Oracle,0.5431315104166666
793,Oracle,0.5540364583333334
794,Oracle,0.5107421875
795,Oracle,0.48681640625
796,Oracle,0.478515625
797,Oracle,0.47216796875
798,Oracle,0.4796549479166667
799,Oracle,0.5345052083333334
800,Oracle,0.521484375
801,Oracle,0.5276692708333334
802,Oracle,0.4773763020833333
803,Oracle,0.4755859375
804,Oracle,0.46142578125
805,Oracle,0.4861653645833333
806,Oracle,0.4777018229166667
807,Oracle,0.49658203125
808,Oracle,0.5398763020833334
809,Oracle,0.53076171875
810,Oracle,0.5113932291666666
811,Oracle,0.5174153645833334
812,Oracle,0.53271484375
813,Oracle,0.49951171875
814,Oracle,0.47509765625
815,Oracle,0.53173828125
816,Oracle,0.4842122395833333
817,Oracle,0.47412109375
818,Oracle,0.4855143229166667
819,Oracle,0.48486328125
820,Oracle,0.4903971354166667
821,Oracle,0.5094401041666666
822,Oracle,0.49658203125
823,Oracle,0.5319010416666666
824,Oracle,0.4801432291666667
825,Oracle,0.53955078125
826,Oracle,0.5074869791666666
827,Oracle,0.5201822916666666
828,Oracle,0.4837239583333333
829,Oracle,0.49072265625
830,Oracle,0.4658203125
831,Oracle,0.4606119791666667
832,Oracle,0.51416015625
833,Oracle,0.5125325520833334
834,Oracle,0.5579427083333334
835,Oracle,0.49365234375
836,Oracle,0.52587890625
837,Oracle,0.5662434895833334
838,Oracle,0.5413411458333334
839,Oracle,0.52294921875
840,Oracle,0.51025390625
841,Oracle,0.5011393229166666
842,Oracle,0.52197265625
843,Oracle,0.5475260416666666
844,Oracle,0.5016276041666666
845,Oracle,0.4993489583333333
846,Oracle,0.5345052083333334
847,Oracle,0.5338541666666666
848,Oracle,0.529296875
849,Oracle,0.4921875
850,Oracle,0.4951171875
851,Oracle,0.52734375
852,Oracle,0.52197265625
853,Oracle,0.5139973958333334
854,Oracle,0.5060221354166666
855,Oracle,0.4951171875
856,Oracle,0.5205078125
857,Oracle,0.50732421875
858,Oracle,0.49365234375
859,Oracle,0.5069986979166666
860,Oracle,0.4923502604166667
861,Oracle,0.5069986979166666
862,Oracle,0.4724934895833333
863,Oracle,0.50732421875
864,Oracle,0.47705078125
865,Oracle,0.4853515625
866,Oracle,0.4835611979166667
867,Oracle,0.4876302083333333
868,Oracle,0.52880859375
869,Oracle,0.5568033854166666
870,Oracle,0.4944661458333333
871,Oracle,0.5069986979166666
872,Oracle,0.50048828125
873,Oracle,0.5597330729166666
874,Oracle,0.5109049479166666
875,Oracle,0.4827473958333333
876,Oracle,0.486328125
877,Oracle,0.5006510416666666
878,Oracle,0.4768880208333333
879,Oracle,0.47216796875
880,Oracle,0.50927734375
881,Oracle,0.5486653645833334
882,Oracle,0.55712890625
883,Oracle,0.51220703125
884,Oracle,0.5655924479166666
885,Oracle,0.544921875
886,Oracle,0.5066731770833334
887,Oracle,0.52099609375
888,Oracle,0.5084635416666666
889,Oracle,0.52001953125
890,Oracle,0.49072265625
891,Oracle,0.5128580729166666
892,Oracle,0.5335286458333334
893,Oracle,0.4986979166666667
894,Oracle,0.5027669270833334
895,Oracle,0.5086263020833334
896,Oracle,0.47705078125
897,Oracle,0.4705403645833333
898,Oracle,0.4715169270833333
899,Oracle,0.5074869791666666
900,Oracle,0.5218098958333334
901,Oracle,0.5294596354166666
902,Oracle,0.4537760416666667
903,Oracle,0.4986979166666667
904,Oracle,0.5299479166666666
905,Oracle,0.54638671875
906,Oracle,0.5358072916666666
907,Oracle,0.501953125
908,Oracle,0.4856770833333333
909,Oracle,0.47900390625
910,Oracle,0.5048828125
911,Oracle,0.5232747395833334
912,Oracle,0.5133463541666666
913,Oracle,0.4835611979166667
914,Oracle,0.5193684895833334
915,Oracle,0.4934895833333333
916,Oracle,0.5450846354166666
917,Oracle,0.5079752604166666
918,Oracle,0.5382486979166666
919,Oracle,0.4970703125
920,Oracle,0.50927734375
921,Oracle,0.4851888020833333
922,Oracle,0.5341796875
923,Oracle,0.4866536458333333
924,Oracle,0.4962565104166667
925,Oracle,0.4915364583333333
926,Oracle,0.4938151041666667
927,Oracle,0.5319010416666666
928,Oracle,0.5546875
929,Oracle,0.5260416666666666
930,Oracle,0.51123046875
931,Oracle,0.4998372395833333
932,Oracle,0.5143229166666666
933,Oracle,0.5011393229166666
934,Oracle,0.54248046875
935,Oracle,0.478515625
936,Oracle,0.4886067708333333
937,Oracle,0.52490234375
938,Oracle,0.5450846354166666
939,Oracle,0.4837239583333333
940,Oracle,0.5003255208333334
941,Oracle,0.5081380208333334
942,Oracle,0.4964192708333333
943,Oracle,0.51220703125
944,Oracle,0.50537109375
945,Oracle,0.521484375
946,Oracle,0.5265299479166666
947,Oracle,0.5478515625
948,Oracle,0.5393880208333334
949,Oracle,0.51220703125
950,Oracle,0.4923502604166667
951,Oracle,0.4697265625
952,Oracle,0.4986979166666667
953,Oracle,0.5286458333333334
954,Oracle,0.5060221354166666
955,Oracle,0.5711263020833334
956,Oracle,0.5042317708333334
957,Oracle,0.49169921875
958,Oracle,0.5252278645833334
959,Oracle,0.498046875
960,Oracle,0.49365234375
961,Oracle,0.5045572916666666
962,Oracle,0.5296223958333334
963,Oracle,0.5520833333333334
964,Oracle,0.5032552083333334
965,Oracle,0.52880859375
966,Oracle,0.5266927083333334
967,Oracle,0.5499674479166666
968,Oracle,0.5304361979166666
969,Oracle,0.5094401041666666
970,Oracle,0.49560546875
971,Oracle,0.4855143229166667
972,Oracle,0.4798177083333333
973,Oracle,0.5048828125
974,Oracle,0.5270182291666666
975,Oracle,0.4962565104166667
976,Oracle,0.4757486979166667
977,Oracle,0.5120442708333334
978,Oracle,0.5099283854166666
979,Oracle,0.5436197916666666
980,Oracle,0.5377604166666666
981,Oracle,0.53076171875
982,Oracle,0.5470377604166666
983,Oracle,0.5870768229166666
984,Oracle,0.5040690104166666
985,Oracle,0.4931640625
986,Oracle,0.5120442708333334
987,Oracle,0.4873046875
988,Oracle,0.4986979166666667
989,Oracle,0.5040690104166666
990,Oracle,0.4959309895833333
991,Oracle,0.4720052083333333
992,Oracle,0.51708984375
993,Oracle,0.5387369791666666
994,Oracle,0.5139973958333334
995,Oracle,0.5052083333333334
996,Oracle,0.5113932291666666
997,Oracle,0.4915364583333333
998,Oracle,0.4715169270833333
999,Oracle,0.5100911458333334
1000,Oracle,0.5437825520833334
1001,Oracle,0.5647786458333334
1002,Oracle,0.5341796875
1003,Oracle,0.5240885416666666
1004,Oracle,0.4947916666666667
1005,Oracle,0.5328776041666666
1006,Oracle,0.53125
1007,Oracle,0.4778645833333333
1008,Oracle,0.4967447916666667
1009,Oracle,0.4931640625
1010,Oracle,0.49853515625
1011,Oracle,0.5105794270833334
1012,Oracle,0.5055338541666666
1013,Oracle,0.5439453125
1014,Oracle,0.49658203125
1015,Oracle,0.5159505208333334
1016,Oracle,0.5279947916666666
1017,Oracle,0.5665690104166666
1018,Oracle,0.5330403645833334
1019,Oracle,0.5359700520833334
1020,Oracle,0.5714518229166666
1021,Oracle,0.5143229166666666
1022,Oracle,0.50341796875
1023,Oracle,0.54052734375
