decode_step,policy,gpu_routed_token_coverage
3,Static,0.10270182291666667
4,Static,0.1083984375
5,Static,0.10921223958333333
6,Static,0.10904947916666667
7,Static,0.1005859375
8,Static,0.10107421875
9,Static,0.10579427083333333
10,Static,0.1064453125
11,Static,0.10416666666666667
12,Static,0.11002604166666667
13,Static,0.1025390625
14,Static,0.10123697916666667
15,Static,0.10432942708333333
16,Static,0.10302734375
17,Static,0.10481770833333333
18,Static,0.10791015625
19,Static,0.10091145833333333
20,Static,0.103515625
21,Static,0.10970052083333333
22,Static,0.10205078125
23,Static,0.10774739583333333
24,Static,0.10709635416666667
25,Static,0.10139973958333333
26,Static,0.10400390625
27,Static,0.09977213541666667
28,Static,0.10921223958333333
29,Static,0.10791015625
30,Static,0.11181640625
31,Static,0.10530598958333333
32,Static,0.099609375
33,Static,0.09700520833333333
34,Static,0.10481770833333333
35,Static,0.10774739583333333
36,Static,0.10319010416666667
37,Static,0.09635416666666667
38,Static,0.10237630208333333
39,Static,0.10286458333333333
40,Static,0.10888671875
41,Static,0.10563151041666667
42,Static,0.10172526041666667
43,Static,0.10367838541666667
44,Static,0.10611979166666667
45,Static,0.10367838541666667
46,Static,0.10074869791666667
47,Static,0.09619140625
48,Static,0.10074869791666667
49,Static,0.09879557291666667
50,Static,0.10514322916666667
51,Static,0.10123697916666667
52,Static,0.10139973958333333
53,Static,0.09781901041666667
54,Static,0.10725911458333333
55,Static,0.10074869791666667
56,Static,0.0986328125
57,Static,0.10188802083333333
58,Static,0.10563151041666667
59,Static,0.10302734375
60,Static,0.10774739583333333
61,Static,0.10546875
62,Static,0.10660807291666667
63,Static,0.1044921875
64,Static,0.10530598958333333
65,Static,0.10335286458333333
66,Static,0.1103515625
67,Static,0.10774739583333333
68,Static,0.10921223958333333
69,Static,0.10416666666666667
70,Static,0.1005859375
71,Static,0.09912109375
72,Static,0.10091145833333333
73,Static,0.10628255208333333
74,Static,0.10888671875
75,Static,0.099609375
76,Static,0.09895833333333333
77,Static,0.10205078125
78,Static,0.10872395833333333
79,Static,0.11067708333333333
80,Static,0.11116536458333333
81,Static,0.10579427083333333
82,Static,0.10872395833333333
83,Static,0.10693359375
84,Static,0.10237630208333333
85,Static,0.10302734375
86,Static,0.11409505208333333
87,Static,0.10774739583333333
88,Static,0.10400390625
89,Static,0.10091145833333333
90,Static,0.11295572916666667
91,Static,0.10660807291666667
92,Static,0.107421875
93,Static,0.10953776041666667
94,Static,0.111328125
95,Static,0.10042317708333333
96,Static,0.0986328125
97,Static,0.10546875
98,Static,0.10595703125
99,Static,0.10091145833333333
100,Static,0.11197916666666667
101,Static,0.10888671875
102,Static,0.1064453125
103,Static,0.10693359375
104,Static,0.10693359375
105,Static,0.10563151041666667
106,Static,0.10514322916666667
107,Static,0.10563151041666667
108,Static,0.10579427083333333
109,Static,0.10823567708333333
110,Static,0.10579427083333333
111,Static,0.10465494791666667
112,Static,0.10530598958333333
113,Static,0.10237630208333333
114,Static,0.10498046875
115,Static,0.09944661458333333
116,Static,0.10335286458333333
117,Static,0.10888671875
118,Static,0.10221354166666667
119,Static,0.10514322916666667
120,Static,0.10677083333333333
121,Static,0.10986328125
122,Static,0.11018880208333333
123,Static,0.10611979166666667
124,Static,0.10270182291666667
125,Static,0.10856119791666667
126,Static,0.1083984375
127,Static,0.11067708333333333
128,Static,0.10514322916666667
129,Static,0.10400390625
130,Static,0.10416666666666667
131,Static,0.1044921875
132,Static,0.09993489583333333
133,Static,0.10465494791666667
134,Static,0.1005859375
135,Static,0.10074869791666667
136,Static,0.10660807291666667
137,Static,0.1064453125
138,Static,0.10856119791666667
139,Static,0.10416666666666667
140,Static,0.10677083333333333
141,Static,0.10319010416666667
142,Static,0.10660807291666667
143,Static,0.10530598958333333
144,Static,0.10139973958333333
145,Static,0.10481770833333333
146,Static,0.10807291666666667
147,Static,0.10628255208333333
148,Static,0.1025390625
149,Static,0.10628255208333333
150,Static,0.10432942708333333
151,Static,0.10693359375
152,Static,0.10270182291666667
153,Static,0.10367838541666667
154,Static,0.10872395833333333
155,Static,0.10205078125
156,Static,0.10514322916666667
157,Static,0.11279296875
158,Static,0.11279296875
159,Static,0.10986328125
160,Static,0.10579427083333333
161,Static,0.107421875
162,Static,0.10725911458333333
163,Static,0.10091145833333333
164,Static,0.10123697916666667
165,Static,0.10188802083333333
166,Static,0.10302734375
167,Static,0.10856119791666667
168,Static,0.10709635416666667
169,Static,0.10677083333333333
170,Static,0.11149088541666667
171,Static,0.10595703125
172,Static,0.10302734375
173,Static,0.10563151041666667
174,Static,0.10986328125
175,Static,0.10677083333333333
176,Static,0.10498046875
177,Static,0.10123697916666667
178,Static,0.10563151041666667
179,Static,0.09993489583333333
180,Static,0.10335286458333333
181,Static,0.1044921875
182,Static,0.09912109375
183,Static,0.1083984375
184,Static,0.10693359375
185,Static,0.10465494791666667
186,Static,0.10432942708333333
187,Static,0.11067708333333333
188,Static,0.10709635416666667
189,Static,0.11328125
190,Static,0.10367838541666667
191,Static,0.10970052083333333
192,Static,0.103515625
193,Static,0.10270182291666667
194,Static,0.11409505208333333
195,Static,0.1064453125
196,Static,0.10970052083333333
197,Static,0.11393229166666667
198,Static,0.11100260416666667
199,Static,0.1083984375
200,Static,0.10660807291666667
201,Static,0.10367838541666667
202,Static,0.11393229166666667
203,Static,0.10026041666666667
204,Static,0.103515625
205,Static,0.11116536458333333
206,Static,0.11214192708333333
207,Static,0.10546875
208,Static,0.10026041666666667
209,Static,0.11083984375
210,Static,0.11067708333333333
211,Static,0.10872395833333333
212,Static,0.107421875
213,Static,0.10953776041666667
214,Static,0.10400390625
215,Static,0.10904947916666667
216,Static,0.103515625
217,Static,0.09765625
218,Static,0.103515625
219,Static,0.10774739583333333
220,Static,0.10432942708333333
221,Static,0.11572265625
222,Static,0.11263020833333333
223,Static,0.10986328125
224,Static,0.1044921875
225,Static,0.09912109375
226,Static,0.10595703125
227,Static,0.10872395833333333
228,Static,0.11490885416666667
229,Static,0.11165364583333333
230,Static,0.10270182291666667
231,Static,0.11051432291666667
232,Static,0.10986328125
233,Static,0.10774739583333333
234,Static,0.10400390625
235,Static,0.1083984375
236,Static,0.10904947916666667
237,Static,0.11669921875
238,Static,0.111328125
239,Static,0.1103515625
240,Static,0.10546875
241,Static,0.10888671875
242,Static,0.11002604166666667
243,Static,0.10367838541666667
244,Static,0.10091145833333333
245,Static,0.11279296875
246,Static,0.10611979166666667
247,Static,0.1083984375
248,Static,0.1044921875
249,Static,0.10498046875
250,Static,0.10335286458333333
251,Static,0.10465494791666667
252,Static,0.09895833333333333
253,Static,0.10677083333333333
254,Static,0.11458333333333333
255,Static,0.10579427083333333
256,Static,0.09912109375
257,Static,0.10921223958333333
258,Static,0.10498046875
259,Static,0.10660807291666667
260,Static,0.1044921875
261,Static,0.11083984375
262,Static,0.11051432291666667
263,Static,0.10270182291666667
264,Static,0.10791015625
265,Static,0.10498046875
266,Static,0.11197916666666667
267,Static,0.10986328125
268,Static,0.107421875
269,Static,0.10986328125
270,Static,0.10970052083333333
271,Static,0.10856119791666667
272,Static,0.10563151041666667
273,Static,0.10400390625
274,Static,0.10579427083333333
275,Static,0.10335286458333333
276,Static,0.10563151041666667
277,Static,0.10807291666666667
278,Static,0.10465494791666667
279,Static,0.10856119791666667
280,Static,0.10660807291666667
281,Static,0.10872395833333333
282,Static,0.11067708333333333
283,Static,0.10823567708333333
284,Static,0.11197916666666667
285,Static,0.1103515625
286,Static,0.10872395833333333
287,Static,0.10514322916666667
288,Static,0.11165364583333333
289,Static,0.10432942708333333
290,Static,0.10091145833333333
291,Static,0.1005859375
292,Static,0.10416666666666667
293,Static,0.10465494791666667
294,Static,0.10188802083333333
295,Static,0.10042317708333333
296,Static,0.10856119791666667
297,Static,0.10986328125
298,Static,0.10904947916666667
299,Static,0.11018880208333333
300,Static,0.10807291666666667
301,Static,0.10807291666666667
302,Static,0.1064453125
303,Static,0.10286458333333333
304,Static,0.10774739583333333
305,Static,0.11181640625
306,Static,0.11165364583333333
307,Static,0.10823567708333333
308,Static,0.10823567708333333
309,Static,0.11295572916666667
310,Static,0.10465494791666667
311,Static,0.10856119791666667
312,Static,0.11197916666666667
313,Static,0.11344401041666667
314,Static,0.10611979166666667
315,Static,0.10758463541666667
316,Static,0.1044921875
317,Static,0.10400390625
318,Static,0.10611979166666667
319,Static,0.10546875
320,Static,0.1064453125
321,Static,0.10709635416666667
322,Static,0.10921223958333333
323,Static,0.10856119791666667
324,Static,0.10465494791666667
325,Static,0.10823567708333333
326,Static,0.11311848958333333
327,Static,0.109375
328,Static,0.10026041666666667
329,Static,0.10563151041666667
330,Static,0.10514322916666667
331,Static,0.10611979166666667
332,Static,0.107421875
333,Static,0.11328125
334,Static,0.11083984375
335,Static,0.11051432291666667
336,Static,0.10807291666666667
337,Static,0.11067708333333333
338,Static,0.10481770833333333
339,Static,0.10856119791666667
340,Static,0.10091145833333333
341,Static,0.11360677083333333
342,Static,0.107421875
343,Static,0.10319010416666667
344,Static,0.10139973958333333
345,Static,0.10286458333333333
346,Static,0.10514322916666667
347,Static,0.10432942708333333
348,Static,0.10677083333333333
349,Static,0.10970052083333333
350,Static,0.11507161458333333
351,Static,0.1103515625
352,Static,0.10628255208333333
353,Static,0.10758463541666667
354,Static,0.11051432291666667
355,Static,0.10921223958333333
356,Static,0.10986328125
357,Static,0.11409505208333333
358,Static,0.10953776041666667
359,Static,0.1083984375
360,Static,0.10416666666666667
361,Static,0.10628255208333333
362,Static,0.11181640625
363,Static,0.10872395833333333
364,Static,0.10693359375
365,Static,0.10172526041666667
366,Static,0.10514322916666667
367,Static,0.11002604166666667
368,Static,0.10904947916666667
369,Static,0.10693359375
370,Static,0.10546875
371,Static,0.111328125
372,Static,0.10546875
373,Static,0.10807291666666667
374,Static,0.11100260416666667
375,Static,0.11051432291666667
376,Static,0.10986328125
377,Static,0.11197916666666667
378,Static,0.11100260416666667
379,Static,0.10758463541666667
380,Static,0.11246744791666667
381,Static,0.10546875
382,Static,0.10758463541666667
383,Static,0.10319010416666667
384,Static,0.11604817708333333
385,Static,0.10693359375
386,Static,0.10416666666666667
387,Static,0.10432942708333333
388,Static,0.10693359375
389,Static,0.11067708333333333
390,Static,0.10856119791666667
391,Static,0.10904947916666667
392,Static,0.11279296875
393,Static,0.10172526041666667
394,Static,0.111328125
395,Static,0.10514322916666667
396,Static,0.11116536458333333
397,Static,0.11214192708333333
398,Static,0.11165364583333333
399,Static,0.107421875
400,Static,0.10921223958333333
401,Static,0.1123046875
402,Static,0.11555989583333333
403,Static,0.10807291666666667
404,Static,0.11116536458333333
405,Static,0.1142578125
406,Static,0.11083984375
407,Static,0.103515625
408,Static,0.10693359375
409,Static,0.10921223958333333
410,Static,0.11197916666666667
411,Static,0.11018880208333333
412,Static,0.10807291666666667
413,Static,0.10709635416666667
414,Static,0.10758463541666667
415,Static,0.10384114583333333
416,Static,0.10400390625
417,Static,0.1025390625
418,Static,0.10693359375
419,Static,0.11490885416666667
420,Static,0.10579427083333333
421,Static,0.10725911458333333
422,Static,0.107421875
423,Static,0.10970052083333333
424,Static,0.10319010416666667
425,Static,0.10498046875
426,Static,0.11149088541666667
427,Static,0.10791015625
428,Static,0.11197916666666667
429,Static,0.1142578125
430,Static,0.10693359375
431,Static,0.11214192708333333
432,Static,0.10774739583333333
433,Static,0.10335286458333333
434,Static,0.10709635416666667
435,Static,0.10823567708333333
436,Static,0.10807291666666667
437,Static,0.11295572916666667
438,Static,0.10872395833333333
439,Static,0.11295572916666667
440,Static,0.10693359375
441,Static,0.10872395833333333
442,Static,0.10953776041666667
443,Static,0.11344401041666667
444,Static,0.11751302083333333
445,Static,0.11507161458333333
446,Static,0.115234375
447,Static,0.11539713541666667
448,Static,0.10904947916666667
449,Static,0.10807291666666667
450,Static,0.10677083333333333
451,Static,0.10823567708333333
452,Static,0.107421875
453,Static,0.1103515625
454,Static,0.109375
455,Static,0.103515625
456,Static,0.1005859375
457,Static,0.10921223958333333
458,Static,0.10465494791666667
459,Static,0.10139973958333333
460,Static,0.10384114583333333
461,Static,0.11328125
462,Static,0.10807291666666667
463,Static,0.10660807291666667
464,Static,0.11295572916666667
465,Static,0.10677083333333333
466,Static,0.11214192708333333
467,Static,0.11344401041666667
468,Static,0.10953776041666667
469,Static,0.10904947916666667
470,Static,0.109375
471,Static,0.10953776041666667
472,Static,0.10791015625
473,Static,0.10709635416666667
474,Static,0.10758463541666667
475,Static,0.10611979166666667
476,Static,0.10986328125
477,Static,0.11165364583333333
478,Static,0.11328125
479,Static,0.10921223958333333
480,Static,0.11018880208333333
481,Static,0.11263020833333333
482,Static,0.10725911458333333
483,Static,0.10237630208333333
484,Static,0.10530598958333333
485,Static,0.11083984375
486,Static,0.1142578125
487,Static,0.10758463541666667
488,Static,0.11002604166666667
489,Static,0.10970052083333333
490,Static,0.10677083333333333
491,Static,0.11344401041666667
492,Static,0.11018880208333333
493,Static,0.11018880208333333
494,Static,0.11376953125
495,Static,0.10611979166666667
496,Static,0.10546875
497,Static,0.10693359375
498,Static,0.10823567708333333
499,Static,0.11165364583333333
500,Static,0.10514322916666667
501,Static,0.11328125
502,Static,0.10530598958333333
503,Static,0.10758463541666667
504,Static,0.1064453125
505,Static,0.10009765625
506,Static,0.1103515625
507,Static,0.11149088541666667
508,Static,0.10546875
509,Static,0.11116536458333333
510,Static,0.11083984375
511,Static,0.10953776041666667
512,Static,0.10823567708333333
513,Static,0.11165364583333333
514,Static,0.11279296875
515,Static,0.1123046875
516,Static,0.10709635416666667
517,Static,0.11295572916666667
518,Static,0.10693359375
519,Static,0.10856119791666667
520,Static,0.11083984375
521,Static,0.10970052083333333
522,Static,0.107421875
523,Static,0.10872395833333333
524,Static,0.111328125
525,Static,0.10677083333333333
526,Static,0.11083984375
527,Static,0.1142578125
528,Static,0.11246744791666667
529,Static,0.11018880208333333
530,Static,0.11539713541666667
531,Static,0.1123046875
532,Static,0.10725911458333333
533,Static,0.10791015625
534,Static,0.10774739583333333
535,Static,0.111328125
536,Static,0.11344401041666667
537,Static,0.1123046875
538,Static,0.11246744791666667
539,Static,0.10953776041666667
540,Static,0.10725911458333333
541,Static,0.11100260416666667
542,Static,0.10514322916666667
543,Static,0.10791015625
544,Static,0.10628255208333333
545,Static,0.10758463541666667
546,Static,0.10530598958333333
547,Static,0.11214192708333333
548,Static,0.10660807291666667
549,Static,0.11767578125
550,Static,0.10660807291666667
551,Static,0.11263020833333333
552,Static,0.10986328125
553,Static,0.107421875
554,Static,0.107421875
555,Static,0.11051432291666667
556,Static,0.10774739583333333
557,Static,0.10921223958333333
558,Static,0.11002604166666667
559,Static,0.10725911458333333
560,Static,0.10872395833333333
561,Static,0.111328125
562,Static,0.10481770833333333
563,Static,0.10986328125
564,Static,0.1103515625
565,Static,0.11328125
566,Static,0.11311848958333333
567,Static,0.11100260416666667
568,Static,0.10709635416666667
569,Static,0.10807291666666667
570,Static,0.11197916666666667
571,Static,0.10986328125
572,Static,0.10872395833333333
573,Static,0.11328125
574,Static,0.11051432291666667
575,Static,0.11149088541666667
576,Static,0.11051432291666667
577,Static,0.10953776041666667
578,Static,0.11295572916666667
579,Static,0.11149088541666667
580,Static,0.10953776041666667
581,Static,0.1103515625
582,Static,0.111328125
583,Static,0.10725911458333333
584,Static,0.10986328125
585,Static,0.10188802083333333
586,Static,0.10953776041666667
587,Static,0.11083984375
588,Static,0.10514322916666667
589,Static,0.111328125
590,Static,0.10611979166666667
591,Static,0.10611979166666667
592,Static,0.11246744791666667
593,Static,0.11083984375
594,Static,0.11002604166666667
595,Static,0.10611979166666667
596,Static,0.11018880208333333
597,Static,0.11360677083333333
598,Static,0.11442057291666667
599,Static,0.11002604166666667
600,Static,0.11311848958333333
601,Static,0.11067708333333333
602,Static,0.10514322916666667
603,Static,0.10270182291666667
604,Static,0.10563151041666667
605,Static,0.10970052083333333
606,Static,0.10660807291666667
607,Static,0.11295572916666667
608,Static,0.11116536458333333
609,Static,0.11181640625
610,Static,0.11474609375
611,Static,0.11149088541666667
612,Static,0.11539713541666667
613,Static,0.10677083333333333
614,Static,0.11344401041666667
615,Static,0.11246744791666667
616,Static,0.10823567708333333
617,Static,0.11279296875
618,Static,0.11653645833333333
619,Static,0.10872395833333333
620,Static,0.1044921875
621,Static,0.10904947916666667
622,Static,0.10921223958333333
623,Static,0.10677083333333333
624,Static,0.11018880208333333
625,Static,0.10791015625
626,Static,0.11018880208333333
627,Static,0.11295572916666667
628,Static,0.10725911458333333
629,Static,0.10791015625
630,Static,0.11083984375
631,Static,0.11197916666666667
632,Static,0.11458333333333333
633,Static,0.10823567708333333
634,Static,0.11018880208333333
635,Static,0.11165364583333333
636,Static,0.10595703125
637,Static,0.11246744791666667
638,Static,0.11328125
639,Static,0.11442057291666667
640,Static,0.11214192708333333
641,Static,0.1044921875
642,Static,0.11263020833333333
643,Static,0.10319010416666667
644,Static,0.11539713541666667
645,Static,0.11002604166666667
646,Static,0.11181640625
647,Static,0.11100260416666667
648,Static,0.11067708333333333
649,Static,0.11474609375
650,Static,0.11100260416666667
651,Static,0.11409505208333333
652,Static,0.11376953125
653,Static,0.11263020833333333
654,Static,0.10611979166666667
655,Static,0.10774739583333333
656,Static,0.10986328125
657,Static,0.10872395833333333
658,Static,0.111328125
659,Static,0.115234375
660,Static,0.10888671875
661,Static,0.11181640625
662,Static,0.11555989583333333
663,Static,0.11295572916666667
664,Static,0.11539713541666667
665,Static,0.11800130208333333
666,Static,0.115234375
667,Static,0.11539713541666667
668,Static,0.10579427083333333
669,Static,0.10628255208333333
670,Static,0.10953776041666667
671,Static,0.11214192708333333
672,Static,0.11083984375
673,Static,0.1103515625
674,Static,0.10986328125
675,Static,0.10677083333333333
676,Static,0.10693359375
677,Static,0.11279296875
678,Static,0.1181640625
679,Static,0.10579427083333333
680,Static,0.10335286458333333
681,Static,0.10465494791666667
682,Static,0.10628255208333333
683,Static,0.10628255208333333
684,Static,0.10677083333333333
685,Static,0.10481770833333333
686,Static,0.11214192708333333
687,Static,0.11149088541666667
688,Static,0.10709635416666667
689,Static,0.10856119791666667
690,Static,0.11100260416666667
691,Static,0.1162109375
692,Static,0.11344401041666667
693,Static,0.11263020833333333
694,Static,0.10693359375
695,Static,0.11295572916666667
696,Static,0.10807291666666667
697,Static,0.11458333333333333
698,Static,0.11295572916666667
699,Static,0.11279296875
700,Static,0.1083984375
701,Static,0.11555989583333333
702,Static,0.11197916666666667
703,Static,0.10677083333333333
704,Static,0.11376953125
705,Static,0.11018880208333333
706,Static,0.11018880208333333
707,Static,0.11328125
708,Static,0.10904947916666667
709,Static,0.115234375
710,Static,0.11214192708333333
711,Static,0.111328125
712,Static,0.10888671875
713,Static,0.10335286458333333
714,Static,0.11051432291666667
715,Static,0.10807291666666667
716,Static,0.10611979166666667
717,Static,0.11442057291666667
718,Static,0.1171875
719,Static,0.109375
720,Static,0.10807291666666667
721,Static,0.11083984375
722,Static,0.10774739583333333
723,Static,0.10660807291666667
724,Static,0.109375
725,Static,0.10953776041666667
726,Static,0.11572265625
727,Static,0.10758463541666667
728,Static,0.11181640625
729,Static,0.10904947916666667
730,Static,0.11344401041666667
731,Static,0.11002604166666667
732,Static,0.10465494791666667
733,Static,0.11360677083333333
734,Static,0.111328125
735,Static,0.1083984375
736,Static,0.11165364583333333
737,Static,0.1064453125
738,Static,0.11328125
739,Static,0.109375
740,Static,0.10791015625
741,Static,0.11376953125
742,Static,0.11409505208333333
743,Static,0.1005859375
744,Static,0.1103515625
745,Static,0.10205078125
746,Static,0.11311848958333333
747,Static,0.11083984375
748,Static,0.10774739583333333
749,Static,0.10986328125
750,Static,0.11051432291666667
751,Static,0.103515625
752,Static,0.10791015625
753,Static,0.1083984375
754,Static,0.11197916666666667
755,Static,0.11295572916666667
756,Static,0.11116536458333333
757,Static,0.11393229166666667
758,Static,0.11149088541666667
759,Static,0.11311848958333333
760,Static,0.10498046875
761,Static,0.1123046875
762,Static,0.11214192708333333
763,Static,0.1064453125
764,Static,0.103515625
765,Static,0.10888671875
766,Static,0.10953776041666667
767,Static,0.10856119791666667
768,Static,0.115234375
769,Static,0.10709635416666667
770,Static,0.10953776041666667
771,Static,0.10807291666666667
772,Static,0.10693359375
773,Static,0.11018880208333333
774,Static,0.1162109375
775,Static,0.11214192708333333
776,Static,0.11442057291666667
777,Static,0.10986328125
778,Static,0.11100260416666667
779,Static,0.10677083333333333
780,Static,0.10709635416666667
781,Static,0.11100260416666667
782,Static,0.10791015625
783,Static,0.11263020833333333
784,Static,0.10921223958333333
785,Static,0.10432942708333333
786,Static,0.107421875
787,Static,0.11279296875
788,Static,0.10904947916666667
789,Static,0.107421875
790,Static,0.11116536458333333
791,Static,0.11637369791666667
792,Static,0.1123046875
793,Static,0.10498046875
794,Static,0.11083984375
795,Static,0.111328125
796,Static,0.10677083333333333
797,Static,0.11458333333333333
798,Static,0.10498046875
799,Static,0.11018880208333333
800,Static,0.10921223958333333
801,Static,0.109375
802,Static,0.1123046875
803,Static,0.11067708333333333
804,Static,0.11295572916666667
805,Static,0.11409505208333333
806,Static,0.11474609375
807,Static,0.11458333333333333
808,Static,0.1142578125
809,Static,0.10693359375
810,Static,0.11149088541666667
811,Static,0.1064453125
812,Static,0.10904947916666667
813,Static,0.1103515625
814,Static,0.1103515625
815,Static,0.10123697916666667
816,Static,0.10400390625
817,Static,0.10628255208333333
818,Static,0.11344401041666667
819,Static,0.1044921875
820,Static,0.10579427083333333
821,Static,0.11393229166666667
822,Static,0.10856119791666667
823,Static,0.10921223958333333
824,Static,0.10595703125
825,Static,0.10579427083333333
826,Static,0.111328125
827,Static,0.11018880208333333
828,Static,0.109375
829,Static,0.10872395833333333
830,Static,0.11474609375
831,Static,0.10872395833333333
832,Static,0.1142578125
833,Static,0.10725911458333333
834,Static,0.11018880208333333
835,Static,0.10888671875
836,Static,0.10237630208333333
837,Static,0.11018880208333333
838,Static,0.109375
839,Static,0.10693359375
840,Static,0.10660807291666667
841,Static,0.11018880208333333
842,Static,0.11067708333333333
843,Static,0.10888671875
844,Static,0.11360677083333333
845,Static,0.11116536458333333
846,Static,0.11116536458333333
847,Static,0.10872395833333333
848,Static,0.10335286458333333
849,Static,0.10579427083333333
850,Static,0.10139973958333333
851,Static,0.11083984375
852,Static,0.11246744791666667
853,Static,0.11181640625
854,Static,0.10530598958333333
855,Static,0.10498046875
856,Static,0.10628255208333333
857,Static,0.10563151041666667
858,Static,0.11214192708333333
859,Static,0.11002604166666667
860,Static,0.10758463541666667
861,Static,0.11604817708333333
862,Static,0.11458333333333333
863,Static,0.10611979166666667
864,Static,0.11100260416666667
865,Static,0.1083984375
866,Static,0.10823567708333333
867,Static,0.10758463541666667
868,Static,0.1044921875
869,Static,0.10856119791666667
870,Static,0.11197916666666667
871,Static,0.11100260416666667
872,Static,0.11328125
873,Static,0.11197916666666667
874,Static,0.11604817708333333
875,Static,0.109375
876,Static,0.109375
877,Static,0.11279296875
878,Static,0.10986328125
879,Static,0.11067708333333333
880,Static,0.10514322916666667
881,Static,0.11100260416666667
882,Static,0.10660807291666667
883,Static,0.10921223958333333
884,Static,0.11214192708333333
885,Static,0.10774739583333333
886,Static,0.11100260416666667
887,Static,0.1162109375
888,Static,0.10872395833333333
889,Static,0.10221354166666667
890,Static,0.10872395833333333
891,Static,0.10986328125
892,Static,0.10970052083333333
893,Static,0.11051432291666667
894,Static,0.11344401041666667
895,Static,0.10546875
896,Static,0.11100260416666667
897,Static,0.11279296875
898,Static,0.11051432291666667
899,Static,0.111328125
900,Static,0.10807291666666667
901,Static,0.11474609375
902,Static,0.11197916666666667
903,Static,0.11246744791666667
904,Static,0.11067708333333333
905,Static,0.109375
906,Static,0.111328125
907,Static,0.11669921875
908,Static,0.11067708333333333
909,Static,0.11637369791666667
910,Static,0.10709635416666667
911,Static,0.10823567708333333
912,Static,0.115234375
913,Static,0.10530598958333333
914,Static,0.1123046875
915,Static,0.10953776041666667
916,Static,0.10888671875
917,Static,0.11279296875
918,Static,0.11197916666666667
919,Static,0.1123046875
920,Static,0.10481770833333333
921,Static,0.1123046875
922,Static,0.10888671875
923,Static,0.10888671875
924,Static,0.10823567708333333
925,Static,0.1142578125
926,Static,0.10953776041666667
927,Static,0.11067708333333333
928,Static,0.11263020833333333
929,Static,0.10823567708333333
930,Static,0.11490885416666667
931,Static,0.11263020833333333
932,Static,0.11328125
933,Static,0.10791015625
934,Static,0.115234375
935,Static,0.10888671875
936,Static,0.1103515625
937,Static,0.10953776041666667
938,Static,0.11149088541666667
939,Static,0.11149088541666667
940,Static,0.10904947916666667
941,Static,0.10660807291666667
942,Static,0.11295572916666667
943,Static,0.10872395833333333
944,Static,0.10774739583333333
945,Static,0.1083984375
946,Static,0.1103515625
947,Static,0.10921223958333333
948,Static,0.11442057291666667
949,Static,0.11507161458333333
950,Static,0.10758463541666667
951,Static,0.11018880208333333
952,Static,0.11018880208333333
953,Static,0.10709635416666667
954,Static,0.1123046875
955,Static,0.1044921875
956,Static,0.10530598958333333
957,Static,0.10970052083333333
958,Static,0.10774739583333333
959,Static,0.1064453125
960,Static,0.11181640625
961,Static,0.11002604166666667
962,Static,0.11149088541666667
963,Static,0.10888671875
964,Static,0.10758463541666667
965,Static,0.11214192708333333
966,Static,0.11051432291666667
967,Static,0.11328125
968,Static,0.10465494791666667
969,Static,0.10872395833333333
970,Static,0.10953776041666667
971,Static,0.11442057291666667
972,Static,0.109375
973,Static,0.11002604166666667
974,Static,0.10546875
975,Static,0.11018880208333333
976,Static,0.1142578125
977,Static,0.11181640625
978,Static,0.11181640625
979,Static,0.11360677083333333
980,Static,0.11018880208333333
981,Static,0.11344401041666667
982,Static,0.10970052083333333
983,Static,0.10595703125
984,Static,0.11149088541666667
985,Static,0.11735026041666667
986,Static,0.11653645833333333
987,Static,0.11214192708333333
988,Static,0.10856119791666667
989,Static,0.11165364583333333
990,Static,0.109375
991,Static,0.10465494791666667
992,Static,0.10677083333333333
993,Static,0.10791015625
994,Static,0.11051432291666667
995,Static,0.1083984375
996,Static,0.11328125
997,Static,0.11458333333333333
998,Static,0.11507161458333333
999,Static,0.109375
1000,Static,0.10628255208333333
1001,Static,0.11051432291666667
1002,Static,0.10986328125
1003,Static,0.11116536458333333
1004,Static,0.10953776041666667
1005,Static,0.1083984375
1006,Static,0.10628255208333333
1007,Static,0.10856119791666667
1008,Static,0.10677083333333333
1009,Static,0.1083984375
1010,Static,0.11246744791666667
1011,Static,0.11051432291666667
1012,Static,0.1142578125
1013,Static,0.11555989583333333
1014,Static,0.11572265625
1015,Static,0.11149088541666667
1016,Static,0.10921223958333333
1017,Static,0.11604817708333333
1018,Static,0.11083984375
1019,Static,0.10481770833333333
1020,Static,0.10725911458333333
1021,Static,0.10774739583333333
1022,Static,0.11458333333333333
1023,Static,0.10481770833333333
3,LRU,0.21158854166666666
4,LRU,0.19254557291666666
5,LRU,0.1796875
6,LRU,0.18294270833333334
7,LRU,0.20491536458333334
8,LRU,0.18294270833333334
9,LRU,0.18098958333333334
10,LRU,0.18212890625
11,LRU,0.21142578125
12,LRU,0.18896484375
13,LRU,0.181640625
14,LRU,0.1806640625
15,LRU,0.22184244791666666
16,LRU,0.18994140625
17,LRU,0.19059244791666666
18,LRU,0.19449869791666666
19,LRU,0.22884114583333334
20,LRU,0.20475260416666666
21,LRU,0.20524088541666666
22,LRU,0.20166015625
23,LRU,0.22233072916666666
24,LRU,0.19075520833333334
25,LRU,0.18929036458333334
26,LRU,0.18701171875
27,LRU,0.20865885416666666
28,LRU,0.1923828125
29,LRU,0.19189453125
30,LRU,0.19498697916666666
31,LRU,0.21744791666666666
32,LRU,0.18782552083333334
33,LRU,0.17268880208333334
34,LRU,0.17399088541666666
35,LRU,0.21207682291666666
36,LRU,0.18424479166666666
37,LRU,0.17333984375
38,LRU,0.17626953125
39,LRU,0.2236328125
40,LRU,0.20133463541666666
41,LRU,0.18570963541666666
42,LRU,0.18440755208333334
43,LRU,0.21223958333333334
44,LRU,0.1865234375
45,LRU,0.16748046875
46,LRU,0.17057291666666666
47,LRU,0.20328776041666666
48,LRU,0.17887369791666666
49,LRU,0.17692057291666666
50,LRU,0.18326822916666666
51,LRU,0.19791666666666666
52,LRU,0.17431640625
53,LRU,0.17643229166666666
54,LRU,0.1904296875
55,LRU,0.20882161458333334
56,LRU,0.1865234375
57,LRU,0.18082682291666666
58,LRU,0.1962890625
59,LRU,0.22672526041666666
60,LRU,0.19563802083333334
61,LRU,0.19156901041666666
62,LRU,0.19010416666666666
63,LRU,0.19156901041666666
64,LRU,0.16569010416666666
65,LRU,0.16031901041666666
66,LRU,0.17008463541666666
67,LRU,0.19677734375
68,LRU,0.18147786458333334
69,LRU,0.17789713541666666
70,LRU,0.16975911458333334
71,LRU,0.19270833333333334
72,LRU,0.16471354166666666
73,LRU,0.17301432291666666
74,LRU,0.1796875
75,LRU,0.22151692708333334
76,LRU,0.18880208333333334
77,LRU,0.19466145833333334
78,LRU,0.19254557291666666
79,LRU,0.21988932291666666
80,LRU,0.19807942708333334
81,LRU,0.18440755208333334
82,LRU,0.18131510416666666
83,LRU,0.22086588541666666
84,LRU,0.18440755208333334
85,LRU,0.18473307291666666
86,LRU,0.19189453125
87,LRU,0.20621744791666666
88,LRU,0.17936197916666666
89,LRU,0.16617838541666666
90,LRU,0.177734375
91,LRU,0.21565755208333334
92,LRU,0.19254557291666666
93,LRU,0.19563802083333334
94,LRU,0.19205729166666666
95,LRU,0.21940104166666666
96,LRU,0.19075520833333334
97,LRU,0.18831380208333334
98,LRU,0.18831380208333334
99,LRU,0.22542317708333334
100,LRU,0.201171875
101,LRU,0.20393880208333334
102,LRU,0.19401041666666666
103,LRU,0.21761067708333334
104,LRU,0.19026692708333334
105,LRU,0.18017578125
106,LRU,0.18082682291666666
107,LRU,0.23323567708333334
108,LRU,0.1904296875
109,LRU,0.19498697916666666
110,LRU,0.19905598958333334
111,LRU,0.22981770833333334
112,LRU,0.20052083333333334
113,LRU,0.1826171875
114,LRU,0.18277994791666666
115,LRU,0.2021484375
116,LRU,0.18229166666666666
117,LRU,0.1826171875
118,LRU,0.17545572916666666
119,LRU,0.19173177083333334
120,LRU,0.17171223958333334
121,LRU,0.1689453125
122,LRU,0.16845703125
123,LRU,0.21370442708333334
124,LRU,0.18375651041666666
125,LRU,0.18766276041666666
126,LRU,0.18212890625
127,LRU,0.2177734375
128,LRU,0.18229166666666666
129,LRU,0.17854817708333334
130,LRU,0.18245442708333334
131,LRU,0.21826171875
132,LRU,0.18115234375
133,LRU,0.17659505208333334
134,LRU,0.1748046875
135,LRU,0.20849609375
136,LRU,0.1865234375
137,LRU,0.18147786458333334
138,LRU,0.1865234375
139,LRU,0.20735677083333334
140,LRU,0.17805989583333334
141,LRU,0.16943359375
142,LRU,0.1728515625
143,LRU,0.20426432291666666
144,LRU,0.17333984375
145,LRU,0.17415364583333334
146,LRU,0.17024739583333334
147,LRU,0.20817057291666666
148,LRU,0.18180338541666666
149,LRU,0.18196614583333334
150,LRU,0.18098958333333334
151,LRU,0.21451822916666666
152,LRU,0.18489583333333334
153,LRU,0.18424479166666666
154,LRU,0.18961588541666666
155,LRU,0.21484375
156,LRU,0.19319661458333334
157,LRU,0.19010416666666666
158,LRU,0.19222005208333334
159,LRU,0.22086588541666666
160,LRU,0.17740885416666666
161,LRU,0.19189453125
162,LRU,0.17985026041666666
163,LRU,0.2021484375
164,LRU,0.16796875
165,LRU,0.1728515625
166,LRU,0.16569010416666666
167,LRU,0.21500651041666666
168,LRU,0.18684895833333334
169,LRU,0.1875
170,LRU,0.1826171875
171,LRU,0.22314453125
172,LRU,0.18424479166666666
173,LRU,0.18896484375
174,LRU,0.19173177083333334
175,LRU,0.208984375
176,LRU,0.18196614583333334
177,LRU,0.17041015625
178,LRU,0.17203776041666666
179,LRU,0.20442708333333334
180,LRU,0.17236328125
181,LRU,0.17333984375
182,LRU,0.16520182291666666
183,LRU,0.19889322916666666
184,LRU,0.173828125
185,LRU,0.16813151041666666
186,LRU,0.1689453125
187,LRU,0.22265625
188,LRU,0.18050130208333334
189,LRU,0.18831380208333334
190,LRU,0.17496744791666666
191,LRU,0.20540364583333334
192,LRU,0.1708984375
193,LRU,0.1748046875
194,LRU,0.17529296875
195,LRU,0.2060546875
196,LRU,0.181640625
197,LRU,0.18505859375
198,LRU,0.17789713541666666
199,LRU,0.19710286458333334
200,LRU,0.17317708333333334
201,LRU,0.16324869791666666
202,LRU,0.16748046875
203,LRU,0.20231119791666666
204,LRU,0.17952473958333334
205,LRU,0.18505859375
206,LRU,0.19368489583333334
207,LRU,0.21435546875
208,LRU,0.18603515625
209,LRU,0.18880208333333334
210,LRU,0.17496744791666666
211,LRU,0.21549479166666666
212,LRU,0.19449869791666666
213,LRU,0.1875
214,LRU,0.18196614583333334
215,LRU,0.20703125
216,LRU,0.17822265625
217,LRU,0.173828125
218,LRU,0.17171223958333334
219,LRU,0.20849609375
220,LRU,0.18147786458333334
221,LRU,0.18994140625
222,LRU,0.18587239583333334
223,LRU,0.21110026041666666
224,LRU,0.18147786458333334
225,LRU,0.16959635416666666
226,LRU,0.171875
227,LRU,0.20654296875
228,LRU,0.17903645833333334
229,LRU,0.18489583333333334
230,LRU,0.16259765625
231,LRU,0.20686848958333334
232,LRU,0.17561848958333334
233,LRU,0.18245442708333334
234,LRU,0.17659505208333334
235,LRU,0.2177734375
236,LRU,0.18587239583333334
237,LRU,0.19368489583333334
238,LRU,0.18684895833333334
239,LRU,0.22102864583333334
240,LRU,0.19091796875
241,LRU,0.18603515625
242,LRU,0.17740885416666666
243,LRU,0.21077473958333334
244,LRU,0.17805989583333334
245,LRU,0.18603515625
246,LRU,0.17529296875
247,LRU,0.20638020833333334
248,LRU,0.17805989583333334
249,LRU,0.17692057291666666
250,LRU,0.16910807291666666
251,LRU,0.20491536458333334
252,LRU,0.173828125
253,LRU,0.17692057291666666
254,LRU,0.18310546875
255,LRU,0.21077473958333334
256,LRU,0.17757161458333334
257,LRU,0.19091796875
258,LRU,0.17594401041666666
259,LRU,0.21044921875
260,LRU,0.17805989583333334
261,LRU,0.18489583333333334
262,LRU,0.1806640625
263,LRU,0.20475260416666666
264,LRU,0.17643229166666666
265,LRU,0.17561848958333334
266,LRU,0.18424479166666666
267,LRU,0.21207682291666666
268,LRU,0.17985026041666666
269,LRU,0.17789713541666666
270,LRU,0.17268880208333334
271,LRU,0.20279947916666666
272,LRU,0.17659505208333334
273,LRU,0.17447916666666666
274,LRU,0.166015625
275,LRU,0.22119140625
276,LRU,0.18619791666666666
277,LRU,0.18131510416666666
278,LRU,0.18294270833333334
279,LRU,0.21142578125
280,LRU,0.17659505208333334
281,LRU,0.1806640625
282,LRU,0.18017578125
283,LRU,0.20914713541666666
284,LRU,0.18343098958333334
285,LRU,0.18326822916666666
286,LRU,0.18245442708333334
287,LRU,0.20638020833333334
288,LRU,0.18880208333333334
289,LRU,0.17838541666666666
290,LRU,0.17692057291666666
291,LRU,0.20865885416666666
292,LRU,0.18326822916666666
293,LRU,0.18733723958333334
294,LRU,0.18391927083333334
295,LRU,0.21842447916666666
296,LRU,0.19873046875
297,LRU,0.18782552083333334
298,LRU,0.18489583333333334
299,LRU,0.20686848958333334
300,LRU,0.18815104166666666
301,LRU,0.18050130208333334
302,LRU,0.17513020833333334
303,LRU,0.20491536458333334
304,LRU,0.18033854166666666
305,LRU,0.1708984375
306,LRU,0.1728515625
307,LRU,0.203125
308,LRU,0.169921875
309,LRU,0.17952473958333334
310,LRU,0.166015625
311,LRU,0.23046875
312,LRU,0.19352213541666666
313,LRU,0.19612630208333334
314,LRU,0.1865234375
315,LRU,0.21695963541666666
316,LRU,0.18245442708333334
317,LRU,0.18391927083333334
318,LRU,0.18831380208333334
319,LRU,0.20735677083333334
320,LRU,0.17985026041666666
321,LRU,0.17724609375
322,LRU,0.17724609375
323,LRU,0.2255859375
324,LRU,0.193359375
325,LRU,0.18489583333333334
326,LRU,0.19759114583333334
327,LRU,0.21175130208333334
328,LRU,0.17610677083333334
329,LRU,0.17268880208333334
330,LRU,0.1796875
331,LRU,0.22509765625
332,LRU,0.1884765625
333,LRU,0.1748046875
334,LRU,0.18929036458333334
335,LRU,0.21940104166666666
336,LRU,0.18766276041666666
337,LRU,0.18375651041666666
338,LRU,0.17854817708333334
339,LRU,0.21484375
340,LRU,0.17626953125
341,LRU,0.18717447916666666
342,LRU,0.17838541666666666
343,LRU,0.21240234375
344,LRU,0.1875
345,LRU,0.17822265625
346,LRU,0.177734375
347,LRU,0.22835286458333334
348,LRU,0.20035807291666666
349,LRU,0.1982421875
350,LRU,0.19807942708333334
351,LRU,0.22330729166666666
352,LRU,0.19807942708333334
353,LRU,0.19059244791666666
354,LRU,0.18473307291666666
355,LRU,0.22623697916666666
356,LRU,0.19498697916666666
357,LRU,0.19287109375
358,LRU,0.18684895833333334
359,LRU,0.21451822916666666
360,LRU,0.18408203125
361,LRU,0.18684895833333334
362,LRU,0.19059244791666666
363,LRU,0.21826171875
364,LRU,0.18343098958333334
365,LRU,0.18587239583333334
366,LRU,0.18245442708333334
367,LRU,0.23046875
368,LRU,0.18896484375
369,LRU,0.1923828125
370,LRU,0.18815104166666666
371,LRU,0.22623697916666666
372,LRU,0.1923828125
373,LRU,0.19514973958333334
374,LRU,0.20100911458333334
375,LRU,0.22379557291666666
376,LRU,0.19986979166666666
377,LRU,0.2001953125
378,LRU,0.18912760416666666
379,LRU,0.21875
380,LRU,0.18782552083333334
381,LRU,0.18375651041666666
382,LRU,0.18505859375
383,LRU,0.22005208333333334
384,LRU,0.19108072916666666
385,LRU,0.18310546875
386,LRU,0.17757161458333334
387,LRU,0.20035807291666666
388,LRU,0.17936197916666666
389,LRU,0.17985026041666666
390,LRU,0.18538411458333334
391,LRU,0.21663411458333334
392,LRU,0.19319661458333334
393,LRU,0.18017578125
394,LRU,0.18440755208333334
395,LRU,0.22151692708333334
396,LRU,0.20442708333333334
397,LRU,0.1923828125
398,LRU,0.19270833333333334
399,LRU,0.21647135416666666
400,LRU,0.20458984375
401,LRU,0.18684895833333334
402,LRU,0.19645182291666666
403,LRU,0.21484375
404,LRU,0.18684895833333334
405,LRU,0.18619791666666666
406,LRU,0.171875
407,LRU,0.2119140625
408,LRU,0.18603515625
409,LRU,0.1787109375
410,LRU,0.18766276041666666
411,LRU,0.20231119791666666
412,LRU,0.17903645833333334
413,LRU,0.177734375
414,LRU,0.17366536458333334
415,LRU,0.21956380208333334
416,LRU,0.18684895833333334
417,LRU,0.18668619791666666
418,LRU,0.1923828125
419,LRU,0.21842447916666666
420,LRU,0.19010416666666666
421,LRU,0.19026692708333334
422,LRU,0.1875
423,LRU,0.2314453125
424,LRU,0.19287109375
425,LRU,0.19840494791666666
426,LRU,0.20751953125
427,LRU,0.2373046875
428,LRU,0.203125
429,LRU,0.20084635416666666
430,LRU,0.20198567708333334
431,LRU,0.22623697916666666
432,LRU,0.18929036458333334
433,LRU,0.18570963541666666
434,LRU,0.17692057291666666
435,LRU,0.21435546875
436,LRU,0.19075520833333334
437,LRU,0.19205729166666666
438,LRU,0.18408203125
439,LRU,0.22151692708333334
440,LRU,0.18815104166666666
441,LRU,0.19466145833333334
442,LRU,0.18782552083333334
443,LRU,0.2216796875
444,LRU,0.18701171875
445,LRU,0.19466145833333334
446,LRU,0.19466145833333334
447,LRU,0.22347005208333334
448,LRU,0.18961588541666666
449,LRU,0.185546875
450,LRU,0.1689453125
451,LRU,0.21809895833333334
452,LRU,0.18375651041666666
453,LRU,0.18326822916666666
454,LRU,0.1806640625
455,LRU,0.22298177083333334
456,LRU,0.19173177083333334
457,LRU,0.19514973958333334
458,LRU,0.18831380208333334
459,LRU,0.22916666666666666
460,LRU,0.20426432291666666
461,LRU,0.1962890625
462,LRU,0.18082682291666666
463,LRU,0.22347005208333334
464,LRU,0.1982421875
465,LRU,0.1923828125
466,LRU,0.19173177083333334
467,LRU,0.21630859375
468,LRU,0.18082682291666666
469,LRU,0.18636067708333334
470,LRU,0.17822265625
471,LRU,0.21549479166666666
472,LRU,0.17919921875
473,LRU,0.18603515625
474,LRU,0.17757161458333334
475,LRU,0.21858723958333334
476,LRU,0.18684895833333334
477,LRU,0.19384765625
478,LRU,0.19368489583333334
479,LRU,0.21858723958333334
480,LRU,0.18277994791666666
481,LRU,0.18277994791666666
482,LRU,0.177734375
483,LRU,0.22021484375
484,LRU,0.19108072916666666
485,LRU,0.2001953125
486,LRU,0.1943359375
487,LRU,0.212890625
488,LRU,0.19710286458333334
489,LRU,0.18766276041666666
490,LRU,0.17496744791666666
491,LRU,0.2197265625
492,LRU,0.18717447916666666
493,LRU,0.1943359375
494,LRU,0.18766276041666666
495,LRU,0.2314453125
496,LRU,0.20686848958333334
497,LRU,0.20035807291666666
498,LRU,0.20328776041666666
499,LRU,0.23160807291666666
500,LRU,0.18961588541666666
501,LRU,0.19694010416666666
502,LRU,0.19807942708333334
503,LRU,0.21354166666666666
504,LRU,0.18212890625
505,LRU,0.17431640625
506,LRU,0.17854817708333334
507,LRU,0.20963541666666666
508,LRU,0.17350260416666666
509,LRU,0.18017578125
510,LRU,0.1708984375
511,LRU,0.22135416666666666
512,LRU,0.18912760416666666
513,LRU,0.18668619791666666
514,LRU,0.19319661458333334
515,LRU,0.22542317708333334
516,LRU,0.20100911458333334
517,LRU,0.20279947916666666
518,LRU,0.19026692708333334
519,LRU,0.21647135416666666
520,LRU,0.19108072916666666
521,LRU,0.19368489583333334
522,LRU,0.18831380208333334
523,LRU,0.22623697916666666
524,LRU,0.19807942708333334
525,LRU,0.19401041666666666
526,LRU,0.19189453125
527,LRU,0.21907552083333334
528,LRU,0.19222005208333334
529,LRU,0.18147786458333334
530,LRU,0.18212890625
531,LRU,0.20638020833333334
532,LRU,0.1806640625
533,LRU,0.18522135416666666
534,LRU,0.17789713541666666
535,LRU,0.21516927083333334
536,LRU,0.18994140625
537,LRU,0.19091796875
538,LRU,0.18798828125
539,LRU,0.21451822916666666
540,LRU,0.17757161458333334
541,LRU,0.1875
542,LRU,0.18001302083333334
543,LRU,0.20817057291666666
544,LRU,0.1806640625
545,LRU,0.1826171875
546,LRU,0.17236328125
547,LRU,0.2138671875
548,LRU,0.17822265625
549,LRU,0.19010416666666666
550,LRU,0.18440755208333334
551,LRU,0.21988932291666666
552,LRU,0.18684895833333334
553,LRU,0.18131510416666666
554,LRU,0.17903645833333334
555,LRU,0.21419270833333334
556,LRU,0.19156901041666666
557,LRU,0.18831380208333334
558,LRU,0.17952473958333334
559,LRU,0.23274739583333334
560,LRU,0.19661458333333334
561,LRU,0.18961588541666666
562,LRU,0.18147786458333334
563,LRU,0.23421223958333334
564,LRU,0.19661458333333334
565,LRU,0.21175130208333334
566,LRU,0.20491536458333334
567,LRU,0.20768229166666666
568,LRU,0.17578125
569,LRU,0.1767578125
570,LRU,0.185546875
571,LRU,0.22916666666666666
572,LRU,0.18977864583333334
573,LRU,0.21028645833333334
574,LRU,0.20247395833333334
575,LRU,0.21923828125
576,LRU,0.19205729166666666
577,LRU,0.1787109375
578,LRU,0.18766276041666666
579,LRU,0.21761067708333334
580,LRU,0.18505859375
581,LRU,0.19287109375
582,LRU,0.19270833333333334
583,LRU,0.20784505208333334
584,LRU,0.18489583333333334
585,LRU,0.169921875
586,LRU,0.177734375
587,LRU,0.21630859375
588,LRU,0.1796875
589,LRU,0.18782552083333334
590,LRU,0.18212890625
591,LRU,0.21419270833333334
592,LRU,0.18603515625
593,LRU,0.19303385416666666
594,LRU,0.18277994791666666
595,LRU,0.21923828125
596,LRU,0.19677734375
597,LRU,0.18766276041666666
598,LRU,0.18798828125
599,LRU,0.21663411458333334
600,LRU,0.19156901041666666
601,LRU,0.19156901041666666
602,LRU,0.18473307291666666
603,LRU,0.21875
604,LRU,0.18961588541666666
605,LRU,0.19417317708333334
606,LRU,0.17822265625
607,LRU,0.21630859375
608,LRU,0.18440755208333334
609,LRU,0.185546875
610,LRU,0.17643229166666666
611,LRU,0.21956380208333334
612,LRU,0.19303385416666666
613,LRU,0.19205729166666666
614,LRU,0.19710286458333334
615,LRU,0.2236328125
616,LRU,0.19807942708333334
617,LRU,0.19466145833333334
618,LRU,0.18212890625
619,LRU,0.22347005208333334
620,LRU,0.18489583333333334
621,LRU,0.19563802083333334
622,LRU,0.19645182291666666
623,LRU,0.2177734375
624,LRU,0.18896484375
625,LRU,0.18603515625
626,LRU,0.18701171875
627,LRU,0.21663411458333334
628,LRU,0.18050130208333334
629,LRU,0.1875
630,LRU,0.1884765625
631,LRU,0.22184244791666666
632,LRU,0.19840494791666666
633,LRU,0.19498697916666666
634,LRU,0.18912760416666666
635,LRU,0.22379557291666666
636,LRU,0.19091796875
637,LRU,0.19514973958333334
638,LRU,0.18310546875
639,LRU,0.21891276041666666
640,LRU,0.18880208333333334
641,LRU,0.17789713541666666
642,LRU,0.18912760416666666
643,LRU,0.22249348958333334
644,LRU,0.19710286458333334
645,LRU,0.19547526041666666
646,LRU,0.19791666666666666
647,LRU,0.22249348958333334
648,LRU,0.19124348958333334
649,LRU,0.19742838541666666
650,LRU,0.19449869791666666
651,LRU,0.22184244791666666
652,LRU,0.19645182291666666
653,LRU,0.19791666666666666
654,LRU,0.19482421875
655,LRU,0.22802734375
656,LRU,0.19775390625
657,LRU,0.19287109375
658,LRU,0.18522135416666666
659,LRU,0.21598307291666666
660,LRU,0.18782552083333334
661,LRU,0.1962890625
662,LRU,0.19791666666666666
663,LRU,0.23177083333333334
664,LRU,0.20589192708333334
665,LRU,0.20930989583333334
666,LRU,0.19645182291666666
667,LRU,0.22493489583333334
668,LRU,0.18994140625
669,LRU,0.19156901041666666
670,LRU,0.197265625
671,LRU,0.22542317708333334
672,LRU,0.185546875
673,LRU,0.18310546875
674,LRU,0.18815104166666666
675,LRU,0.232421875
676,LRU,0.19498697916666666
677,LRU,0.20296223958333334
678,LRU,0.20458984375
679,LRU,0.2109375
680,LRU,0.18098958333333334
681,LRU,0.17578125
682,LRU,0.17203776041666666
683,LRU,0.23128255208333334
684,LRU,0.19368489583333334
685,LRU,0.20458984375
686,LRU,0.20930989583333334
687,LRU,0.21988932291666666
688,LRU,0.17887369791666666
689,LRU,0.18896484375
690,LRU,0.18375651041666666
691,LRU,0.23193359375
692,LRU,0.19856770833333334
693,LRU,0.20149739583333334
694,LRU,0.19417317708333334
695,LRU,0.22981770833333334
696,LRU,0.193359375
697,LRU,0.20198567708333334
698,LRU,0.20003255208333334
699,LRU,0.22998046875
700,LRU,0.19938151041666666
701,LRU,0.20166015625
702,LRU,0.19694010416666666
703,LRU,0.22867838541666666
704,LRU,0.19563802083333334
705,LRU,0.19091796875
706,LRU,0.18831380208333334
707,LRU,0.21728515625
708,LRU,0.185546875
709,LRU,0.19254557291666666
710,LRU,0.18717447916666666
711,LRU,0.22037760416666666
712,LRU,0.18440755208333334
713,LRU,0.17838541666666666
714,LRU,0.18668619791666666
715,LRU,0.22493489583333334
716,LRU,0.19303385416666666
717,LRU,0.19173177083333334
718,LRU,0.19791666666666666
719,LRU,0.234375
720,LRU,0.20084635416666666
721,LRU,0.20296223958333334
722,LRU,0.19954427083333334
723,LRU,0.23225911458333334
724,LRU,0.20231119791666666
725,LRU,0.20393880208333334
726,LRU,0.1962890625
727,LRU,0.21761067708333334
728,LRU,0.19140625
729,LRU,0.18473307291666666
730,LRU,0.18603515625
731,LRU,0.212890625
732,LRU,0.18310546875
733,LRU,0.19466145833333334
734,LRU,0.18668619791666666
735,LRU,0.22265625
736,LRU,0.19661458333333334
737,LRU,0.18359375
738,LRU,0.18684895833333334
739,LRU,0.2138671875
740,LRU,0.19254557291666666
741,LRU,0.19059244791666666
742,LRU,0.19124348958333334
743,LRU,0.22330729166666666
744,LRU,0.197265625
745,LRU,0.18522135416666666
746,LRU,0.19205729166666666
747,LRU,0.21907552083333334
748,LRU,0.19742838541666666
749,LRU,0.19091796875
750,LRU,0.19140625
751,LRU,0.21354166666666666
752,LRU,0.18505859375
753,LRU,0.17626953125
754,LRU,0.1806640625
755,LRU,0.24169921875
756,LRU,0.20426432291666666
757,LRU,0.21110026041666666
758,LRU,0.19873046875
759,LRU,0.20784505208333334
760,LRU,0.18147786458333334
761,LRU,0.17903645833333334
762,LRU,0.18098958333333334
763,LRU,0.22819010416666666
764,LRU,0.19140625
765,LRU,0.18684895833333334
766,LRU,0.19954427083333334
767,LRU,0.2333984375
768,LRU,0.2099609375
769,LRU,0.19270833333333334
770,LRU,0.18570963541666666
771,LRU,0.21549479166666666
772,LRU,0.18701171875
773,LRU,0.18636067708333334
774,LRU,0.19873046875
775,LRU,0.22998046875
776,LRU,0.19873046875
777,LRU,0.19954427083333334
778,LRU,0.1923828125
779,LRU,0.23763020833333334
780,LRU,0.1923828125
781,LRU,0.20621744791666666
782,LRU,0.21337890625
783,LRU,0.21891276041666666
784,LRU,0.19091796875
785,LRU,0.18082682291666666
786,LRU,0.18766276041666666
787,LRU,0.22054036458333334
788,LRU,0.18245442708333334
789,LRU,0.18717447916666666
790,LRU,0.18684895833333334
791,LRU,0.23600260416666666
792,LRU,0.19156901041666666
793,LRU,0.18815104166666666
794,LRU,0.19075520833333334
795,LRU,0.22314453125
796,LRU,0.19449869791666666
797,LRU,0.19856770833333334
798,LRU,0.18863932291666666
799,LRU,0.2294921875
800,LRU,0.19254557291666666
801,LRU,0.18977864583333334
802,LRU,0.19156901041666666
803,LRU,0.21533203125
804,LRU,0.18863932291666666
805,LRU,0.18196614583333334
806,LRU,0.17854817708333334
807,LRU,0.21744791666666666
808,LRU,0.19563802083333334
809,LRU,0.18082682291666666
810,LRU,0.18001302083333334
811,LRU,0.22021484375
812,LRU,0.18717447916666666
813,LRU,0.19368489583333334
814,LRU,0.19514973958333334
815,LRU,0.22998046875
816,LRU,0.1923828125
817,LRU,0.17919921875
818,LRU,0.1923828125
819,LRU,0.21435546875
820,LRU,0.18538411458333334
821,LRU,0.18863932291666666
822,LRU,0.18391927083333334
823,LRU,0.22037760416666666
824,LRU,0.18831380208333334
825,LRU,0.19352213541666666
826,LRU,0.18489583333333334
827,LRU,0.23095703125
828,LRU,0.19303385416666666
829,LRU,0.1962890625
830,LRU,0.19970703125
831,LRU,0.22770182291666666
832,LRU,0.19173177083333334
833,LRU,0.18701171875
834,LRU,0.19222005208333334
835,LRU,0.23046875
836,LRU,0.19514973958333334
837,LRU,0.20686848958333334
838,LRU,0.21207682291666666
839,LRU,0.21712239583333334
840,LRU,0.1884765625
841,LRU,0.19189453125
842,LRU,0.19270833333333334
843,LRU,0.22216796875
844,LRU,0.18880208333333334
845,LRU,0.1953125
846,LRU,0.19807942708333334
847,LRU,0.21451822916666666
848,LRU,0.18131510416666666
849,LRU,0.17415364583333334
850,LRU,0.16878255208333334
851,LRU,0.22151692708333334
852,LRU,0.19026692708333334
853,LRU,0.19319661458333334
854,LRU,0.189453125
855,LRU,0.21337890625
856,LRU,0.1904296875
857,LRU,0.18343098958333334
858,LRU,0.19580078125
859,LRU,0.22737630208333334
860,LRU,0.201171875
861,LRU,0.19677734375
862,LRU,0.20003255208333334
863,LRU,0.22412109375
864,LRU,0.19645182291666666
865,LRU,0.19498697916666666
866,LRU,0.18766276041666666
867,LRU,0.21533203125
868,LRU,0.17805989583333334
869,LRU,0.1796875
870,LRU,0.1728515625
871,LRU,0.21419270833333334
872,LRU,0.18424479166666666
873,LRU,0.185546875
874,LRU,0.18912760416666666
875,LRU,0.22314453125
876,LRU,0.19612630208333334
877,LRU,0.201171875
878,LRU,0.20035807291666666
879,LRU,0.22037760416666666
880,LRU,0.19287109375
881,LRU,0.19059244791666666
882,LRU,0.1796875
883,LRU,0.22298177083333334
884,LRU,0.1962890625
885,LRU,0.19173177083333334
886,LRU,0.18782552083333334
887,LRU,0.2197265625
888,LRU,0.193359375
889,LRU,0.18636067708333334
890,LRU,0.1904296875
891,LRU,0.23958333333333334
892,LRU,0.20654296875
893,LRU,0.21126302083333334
894,LRU,0.19580078125
895,LRU,0.21354166666666666
896,LRU,0.18815104166666666
897,LRU,0.18782552083333334
898,LRU,0.18017578125
899,LRU,0.22884114583333334
900,LRU,0.18619791666666666
901,LRU,0.2021484375
902,LRU,0.19270833333333334
903,LRU,0.24348958333333334
904,LRU,0.20963541666666666
905,LRU,0.20296223958333334
906,LRU,0.20198567708333334
907,LRU,0.23160807291666666
908,LRU,0.19319661458333334
909,LRU,0.20670572916666666
910,LRU,0.19759114583333334
911,LRU,0.224609375
912,LRU,0.19856770833333334
913,LRU,0.18798828125
914,LRU,0.19270833333333334
915,LRU,0.22916666666666666
916,LRU,0.1962890625
917,LRU,0.19759114583333334
918,LRU,0.18880208333333334
919,LRU,0.23323567708333334
920,LRU,0.19661458333333334
921,LRU,0.20458984375
922,LRU,0.19368489583333334
923,LRU,0.2294921875
924,LRU,0.19352213541666666
925,LRU,0.20247395833333334
926,LRU,0.19368489583333334
927,LRU,0.23291015625
928,LRU,0.19873046875
929,LRU,0.19677734375
930,LRU,0.19986979166666666
931,LRU,0.22395833333333334
932,LRU,0.20003255208333334
933,LRU,0.18668619791666666
934,LRU,0.19205729166666666
935,LRU,0.2216796875
936,LRU,0.19319661458333334
937,LRU,0.18815104166666666
938,LRU,0.18277994791666666
939,LRU,0.21256510416666666
940,LRU,0.18098958333333334
941,LRU,0.17789713541666666
942,LRU,0.18326822916666666
943,LRU,0.21728515625
944,LRU,0.18375651041666666
945,LRU,0.18082682291666666
946,LRU,0.18603515625
947,LRU,0.21842447916666666
948,LRU,0.19319661458333334
949,LRU,0.18994140625
950,LRU,0.19140625
951,LRU,0.22477213541666666
952,LRU,0.19173177083333334
953,LRU,0.18863932291666666
954,LRU,0.18424479166666666
955,LRU,0.22444661458333334
956,LRU,0.19677734375
957,LRU,0.20540364583333334
958,LRU,0.19742838541666666
959,LRU,0.21842447916666666
960,LRU,0.19645182291666666
961,LRU,0.19498697916666666
962,LRU,0.19661458333333334
963,LRU,0.23160807291666666
964,LRU,0.20296223958333334
965,LRU,0.19466145833333334
966,LRU,0.18440755208333334
967,LRU,0.21468098958333334
968,LRU,0.18212890625
969,LRU,0.17903645833333334
970,LRU,0.1748046875
971,LRU,0.21256510416666666
972,LRU,0.1826171875
973,LRU,0.18766276041666666
974,LRU,0.18212890625
975,LRU,0.22330729166666666
976,LRU,0.19775390625
977,LRU,0.1943359375
978,LRU,0.18929036458333334
979,LRU,0.2421875
980,LRU,0.18912760416666666
981,LRU,0.20589192708333334
982,LRU,0.1962890625
983,LRU,0.2138671875
984,LRU,0.19189453125
985,LRU,0.19287109375
986,LRU,0.18798828125
987,LRU,0.22835286458333334
988,LRU,0.1953125
989,LRU,0.19921875
990,LRU,0.19710286458333334
991,LRU,0.20833333333333334
992,LRU,0.18326822916666666
993,LRU,0.18196614583333334
994,LRU,0.18098958333333334
995,LRU,0.21875
996,LRU,0.193359375
997,LRU,0.19156901041666666
998,LRU,0.18798828125
999,LRU,0.2236328125
1000,LRU,0.19156901041666666
1001,LRU,0.20133463541666666
1002,LRU,0.20052083333333334
1003,LRU,0.23600260416666666
1004,LRU,0.1865234375
1005,LRU,0.203125
1006,LRU,0.205078125
1007,LRU,0.2275390625
1008,LRU,0.1904296875
1009,LRU,0.19742838541666666
1010,LRU,0.20247395833333334
1011,LRU,0.23567708333333334
1012,LRU,0.20784505208333334
1013,LRU,0.21468098958333334
1014,LRU,0.20719401041666666
1015,LRU,0.22347005208333334
1016,LRU,0.19417317708333334
1017,LRU,0.19254557291666666
1018,LRU,0.18619791666666666
1019,LRU,0.22574869791666666
1020,LRU,0.19905598958333334
1021,LRU,0.20035807291666666
1022,LRU,0.19791666666666666
1023,LRU,0.2255859375
3,LFU,0.2805989583333333
4,LFU,0.2584635416666667
5,LFU,0.2643229166666667
6,LFU,0.27685546875
7,LFU,0.267578125
8,LFU,0.2682291666666667
9,LFU,0.2545572916666667
10,LFU,0.25048828125
11,LFU,0.24951171875
12,LFU,0.22835286458333334
13,LFU,0.23177083333333334
14,LFU,0.23697916666666666
15,LFU,0.2736002604166667
16,LFU,0.2509765625
17,LFU,0.2571614583333333
18,LFU,0.2576497395833333
19,LFU,0.2918294270833333
20,LFU,0.2578125
21,LFU,0.2513020833333333
22,LFU,0.2644856770833333
23,LFU,0.2819010416666667
24,LFU,0.25732421875
25,LFU,0.22932942708333334
26,LFU,0.2373046875
27,LFU,0.2628580729166667
28,LFU,0.24853515625
29,LFU,0.2615559895833333
30,LFU,0.24983723958333334
31,LFU,0.2724609375
32,LFU,0.2516276041666667
33,LFU,0.2373046875
34,LFU,0.24088541666666666
35,LFU,0.2664388020833333
36,LFU,0.24527994791666666
37,LFU,0.23681640625
38,LFU,0.23470052083333334
39,LFU,0.267578125
40,LFU,0.2600911458333333
41,LFU,0.2506510416666667
42,LFU,0.23811848958333334
43,LFU,0.2731119791666667
44,LFU,0.2561848958333333
45,LFU,0.24088541666666666
46,LFU,0.2550455729166667
47,LFU,0.25927734375
48,LFU,0.25634765625
49,LFU,0.2542317708333333
50,LFU,0.2552083333333333
51,LFU,0.2470703125
52,LFU,0.23518880208333334
53,LFU,0.248046875
54,LFU,0.2566731770833333
55,LFU,0.25537109375
56,LFU,0.24202473958333334
57,LFU,0.234375
58,LFU,0.24837239583333334
59,LFU,0.2919921875
60,LFU,0.2630208333333333
61,LFU,0.24853515625
62,LFU,0.2584635416666667
63,LFU,0.23697916666666666
64,LFU,0.23893229166666666
65,LFU,0.22574869791666666
66,LFU,0.23502604166666666
67,LFU,0.248046875
68,LFU,0.23860677083333334
69,LFU,0.24251302083333334
70,LFU,0.21630859375
71,LFU,0.24251302083333334
72,LFU,0.22981770833333334
73,LFU,0.23649088541666666
74,LFU,0.23746744791666666
75,LFU,0.2644856770833333
76,LFU,0.24169921875
77,LFU,0.2431640625
78,LFU,0.24641927083333334
79,LFU,0.2781575520833333
80,LFU,0.2740885416666667
81,LFU,0.2566731770833333
82,LFU,0.2574869791666667
83,LFU,0.2877604166666667
84,LFU,0.2599283854166667
85,LFU,0.26806640625
86,LFU,0.2679036458333333
87,LFU,0.2613932291666667
88,LFU,0.2535807291666667
89,LFU,0.24397786458333334
90,LFU,0.2561848958333333
91,LFU,0.2843424479166667
92,LFU,0.2633463541666667
93,LFU,0.27392578125
94,LFU,0.265625
95,LFU,0.2898763020833333
96,LFU,0.2685546875
97,LFU,0.26953125
98,LFU,0.2610677083333333
99,LFU,0.271484375
100,LFU,0.2552083333333333
101,LFU,0.2545572916666667
102,LFU,0.24479166666666666
103,LFU,0.2750651041666667
104,LFU,0.2513020833333333
105,LFU,0.2615559895833333
106,LFU,0.2529296875
107,LFU,0.28076171875
108,LFU,0.2490234375
109,LFU,0.2566731770833333
110,LFU,0.2669270833333333
111,LFU,0.29736328125
112,LFU,0.2781575520833333
113,LFU,0.2506510416666667
114,LFU,0.2548828125
115,LFU,0.2513020833333333
116,LFU,0.2294921875
117,LFU,0.23909505208333334
118,LFU,0.23600260416666666
119,LFU,0.23209635416666666
120,LFU,0.23844401041666666
121,LFU,0.22884114583333334
122,LFU,0.23502604166666666
123,LFU,0.259765625
124,LFU,0.23388671875
125,LFU,0.23714192708333334
126,LFU,0.23470052083333334
127,LFU,0.2763671875
128,LFU,0.24527994791666666
129,LFU,0.24560546875
130,LFU,0.2509765625
131,LFU,0.26904296875
132,LFU,0.22965494791666666
133,LFU,0.22770182291666666
134,LFU,0.22705078125
135,LFU,0.2721354166666667
136,LFU,0.2501627604166667
137,LFU,0.2530924479166667
138,LFU,0.2654622395833333
139,LFU,0.2569986979166667
140,LFU,0.24104817708333334
141,LFU,0.224609375
142,LFU,0.23583984375
143,LFU,0.2501627604166667
144,LFU,0.24088541666666666
145,LFU,0.24837239583333334
146,LFU,0.24072265625
147,LFU,0.2662760416666667
148,LFU,0.2526041666666667
149,LFU,0.2568359375
150,LFU,0.2565104166666667
151,LFU,0.26611328125
152,LFU,0.2630208333333333
153,LFU,0.2537434895833333
154,LFU,0.2610677083333333
155,LFU,0.2639973958333333
156,LFU,0.2530924479166667
157,LFU,0.2451171875
158,LFU,0.2516276041666667
159,LFU,0.2659505208333333
160,LFU,0.24739583333333334
161,LFU,0.2552083333333333
162,LFU,0.24788411458333334
163,LFU,0.2561848958333333
164,LFU,0.22965494791666666
165,LFU,0.23046875
166,LFU,0.23893229166666666
167,LFU,0.2638346354166667
168,LFU,0.2517903645833333
169,LFU,0.24739583333333334
170,LFU,0.24202473958333334
171,LFU,0.2906901041666667
172,LFU,0.2620442708333333
173,LFU,0.2547200520833333
174,LFU,0.2654622395833333
175,LFU,0.2679036458333333
176,LFU,0.24104817708333334
177,LFU,0.22233072916666666
178,LFU,0.22884114583333334
179,LFU,0.2526041666666667
180,LFU,0.22786458333333334
181,LFU,0.23600260416666666
182,LFU,0.22509765625
183,LFU,0.24283854166666666
184,LFU,0.22721354166666666
185,LFU,0.220703125
186,LFU,0.2265625
187,LFU,0.2674153645833333
188,LFU,0.24104817708333334
189,LFU,0.24283854166666666
190,LFU,0.23404947916666666
191,LFU,0.2613932291666667
192,LFU,0.2516276041666667
193,LFU,0.2392578125
194,LFU,0.24869791666666666
195,LFU,0.2508138020833333
196,LFU,0.23942057291666666
197,LFU,0.23307291666666666
198,LFU,0.23095703125
199,LFU,0.24755859375
200,LFU,0.23356119791666666
201,LFU,0.22233072916666666
202,LFU,0.2353515625
203,LFU,0.2594401041666667
204,LFU,0.232421875
205,LFU,0.24446614583333334
206,LFU,0.2548828125
207,LFU,0.2674153645833333
208,LFU,0.25341796875
209,LFU,0.25537109375
210,LFU,0.24039713541666666
211,LFU,0.267578125
212,LFU,0.2682291666666667
213,LFU,0.2639973958333333
214,LFU,0.2649739583333333
215,LFU,0.2633463541666667
216,LFU,0.2542317708333333
217,LFU,0.24755859375
218,LFU,0.244140625
219,LFU,0.24837239583333334
220,LFU,0.2508138020833333
221,LFU,0.24772135416666666
222,LFU,0.2490234375
223,LFU,0.2530924479166667
224,LFU,0.23583984375
225,LFU,0.23160807291666666
226,LFU,0.2333984375
227,LFU,0.2470703125
228,LFU,0.22639973958333334
229,LFU,0.22509765625
230,LFU,0.21826171875
231,LFU,0.2565104166666667
232,LFU,0.24267578125
233,LFU,0.24755859375
234,LFU,0.24560546875
235,LFU,0.26318359375
236,LFU,0.24739583333333334
237,LFU,0.2552083333333333
238,LFU,0.24918619791666666
239,LFU,0.2884114583333333
240,LFU,0.2784830729166667
241,LFU,0.2823893229166667
242,LFU,0.2547200520833333
243,LFU,0.2732747395833333
244,LFU,0.23990885416666666
245,LFU,0.2516276041666667
246,LFU,0.2513020833333333
247,LFU,0.24886067708333334
248,LFU,0.24690755208333334
249,LFU,0.23844401041666666
250,LFU,0.22867838541666666
251,LFU,0.2649739583333333
252,LFU,0.25048828125
253,LFU,0.24593098958333334
254,LFU,0.2547200520833333
255,LFU,0.2716471354166667
256,LFU,0.23844401041666666
257,LFU,0.24365234375
258,LFU,0.24088541666666666
259,LFU,0.2625325520833333
260,LFU,0.2509765625
261,LFU,0.24967447916666666
262,LFU,0.23974609375
263,LFU,0.2578125
264,LFU,0.23811848958333334
265,LFU,0.23649088541666666
266,LFU,0.24641927083333334
267,LFU,0.26611328125
268,LFU,0.23779296875
269,LFU,0.24072265625
270,LFU,0.23763020833333334
271,LFU,0.2594401041666667
272,LFU,0.2542317708333333
273,LFU,0.2530924479166667
274,LFU,0.24039713541666666
275,LFU,0.2810872395833333
276,LFU,0.2571614583333333
277,LFU,0.2508138020833333
278,LFU,0.2545572916666667
279,LFU,0.2727864583333333
280,LFU,0.2644856770833333
281,LFU,0.24495442708333334
282,LFU,0.25439453125
283,LFU,0.2610677083333333
284,LFU,0.24137369791666666
285,LFU,0.24723307291666666
286,LFU,0.24169921875
287,LFU,0.2620442708333333
288,LFU,0.2586263020833333
289,LFU,0.23811848958333334
290,LFU,0.2522786458333333
291,LFU,0.2711588541666667
292,LFU,0.2586263020833333
293,LFU,0.2652994791666667
294,LFU,0.255859375
295,LFU,0.27880859375
296,LFU,0.26904296875
297,LFU,0.2552083333333333
298,LFU,0.2509765625
299,LFU,0.2576497395833333
300,LFU,0.24723307291666666
301,LFU,0.23600260416666666
302,LFU,0.22526041666666666
303,LFU,0.2537434895833333
304,LFU,0.24137369791666666
305,LFU,0.23030598958333334
306,LFU,0.23046875
307,LFU,0.25048828125
308,LFU,0.23225911458333334
309,LFU,0.23795572916666666
310,LFU,0.2255859375
311,LFU,0.2763671875
312,LFU,0.2513020833333333
313,LFU,0.2552083333333333
314,LFU,0.24739583333333334
315,LFU,0.26806640625
316,LFU,0.2431640625
317,LFU,0.23551432291666666
318,LFU,0.2451171875
319,LFU,0.2599283854166667
320,LFU,0.2561848958333333
321,LFU,0.24397786458333334
322,LFU,0.23811848958333334
323,LFU,0.2760416666666667
324,LFU,0.25927734375
325,LFU,0.2662760416666667
326,LFU,0.26416015625
327,LFU,0.2701822916666667
328,LFU,0.2587890625
329,LFU,0.24593098958333334
330,LFU,0.25390625
331,LFU,0.2757161458333333
332,LFU,0.251953125
333,LFU,0.2521158854166667
334,LFU,0.2672526041666667
335,LFU,0.2781575520833333
336,LFU,0.2596028645833333
337,LFU,0.26220703125
338,LFU,0.2545572916666667
339,LFU,0.2628580729166667
340,LFU,0.24300130208333334
341,LFU,0.24495442708333334
342,LFU,0.24658203125
343,LFU,0.2791341145833333
344,LFU,0.26171875
345,LFU,0.2646484375
346,LFU,0.2757161458333333
347,LFU,0.28857421875
348,LFU,0.25927734375
349,LFU,0.25732421875
350,LFU,0.271484375
351,LFU,0.2833658854166667
352,LFU,0.2683919270833333
353,LFU,0.2586263020833333
354,LFU,0.2431640625
355,LFU,0.2752278645833333
356,LFU,0.2521158854166667
357,LFU,0.24251302083333334
358,LFU,0.23795572916666666
359,LFU,0.2667643229166667
360,LFU,0.24837239583333334
361,LFU,0.24820963541666666
362,LFU,0.25146484375
363,LFU,0.2814127604166667
364,LFU,0.2526041666666667
365,LFU,0.2596028645833333
366,LFU,0.2599283854166667
367,LFU,0.27880859375
368,LFU,0.2561848958333333
369,LFU,0.24837239583333334
370,LFU,0.2532552083333333
371,LFU,0.28466796875
372,LFU,0.26220703125
373,LFU,0.25537109375
374,LFU,0.24886067708333334
375,LFU,0.2639973958333333
376,LFU,0.2657877604166667
377,LFU,0.25146484375
378,LFU,0.24593098958333334
379,LFU,0.2840169270833333
380,LFU,0.2740885416666667
381,LFU,0.2713216145833333
382,LFU,0.259765625
383,LFU,0.2921549479166667
384,LFU,0.2698567708333333
385,LFU,0.2618815104166667
386,LFU,0.2693684895833333
387,LFU,0.25244140625
388,LFU,0.24088541666666666
389,LFU,0.24625651041666666
390,LFU,0.25048828125
391,LFU,0.27685546875
392,LFU,0.2652994791666667
393,LFU,0.2565104166666667
394,LFU,0.2599283854166667
395,LFU,0.275390625
396,LFU,0.2620442708333333
397,LFU,0.2579752604166667
398,LFU,0.2506510416666667
399,LFU,0.2727864583333333
400,LFU,0.2740885416666667
401,LFU,0.25830078125
402,LFU,0.2648111979166667
403,LFU,0.2591145833333333
404,LFU,0.240234375
405,LFU,0.23763020833333334
406,LFU,0.22900390625
407,LFU,0.2561848958333333
408,LFU,0.24820963541666666
409,LFU,0.234375
410,LFU,0.24430338541666666
411,LFU,0.2550455729166667
412,LFU,0.23079427083333334
413,LFU,0.24381510416666666
414,LFU,0.24169921875
415,LFU,0.2664388020833333
416,LFU,0.248046875
417,LFU,0.23990885416666666
418,LFU,0.2506510416666667
419,LFU,0.27734375
420,LFU,0.2594401041666667
421,LFU,0.2530924479166667
422,LFU,0.2527669270833333
423,LFU,0.2828776041666667
424,LFU,0.2679036458333333
425,LFU,0.2623697916666667
426,LFU,0.25830078125
427,LFU,0.3069661458333333
428,LFU,0.2947591145833333
429,LFU,0.2862955729166667
430,LFU,0.2841796875
431,LFU,0.2908528645833333
432,LFU,0.26806640625
433,LFU,0.2724609375
434,LFU,0.2566731770833333
435,LFU,0.2809244791666667
436,LFU,0.2657877604166667
437,LFU,0.2762044270833333
438,LFU,0.2596028645833333
439,LFU,0.2801106770833333
440,LFU,0.2674153645833333
441,LFU,0.2706705729166667
442,LFU,0.2649739583333333
443,LFU,0.27685546875
444,LFU,0.2529296875
445,LFU,0.26806640625
446,LFU,0.2708333333333333
447,LFU,0.2952473958333333
448,LFU,0.2633463541666667
449,LFU,0.2664388020833333
450,LFU,0.25537109375
451,LFU,0.28955078125
452,LFU,0.2736002604166667
453,LFU,0.2578125
454,LFU,0.2672526041666667
455,LFU,0.26708984375
456,LFU,0.2526041666666667
457,LFU,0.251953125
458,LFU,0.2526041666666667
459,LFU,0.3015950520833333
460,LFU,0.2796223958333333
461,LFU,0.2724609375
462,LFU,0.2604166666666667
463,LFU,0.2962239583333333
464,LFU,0.2708333333333333
465,LFU,0.2742513020833333
466,LFU,0.2731119791666667
467,LFU,0.2744140625
468,LFU,0.2596028645833333
469,LFU,0.2666015625
470,LFU,0.2574869791666667
471,LFU,0.2869466145833333
472,LFU,0.2711588541666667
473,LFU,0.2757161458333333
474,LFU,0.26904296875
475,LFU,0.2814127604166667
476,LFU,0.2509765625
477,LFU,0.25830078125
478,LFU,0.2596028645833333
479,LFU,0.27294921875
480,LFU,0.2532552083333333
481,LFU,0.24153645833333334
482,LFU,0.24641927083333334
483,LFU,0.2744140625
484,LFU,0.2508138020833333
485,LFU,0.24755859375
486,LFU,0.24853515625
487,LFU,0.2747395833333333
488,LFU,0.2853190104166667
489,LFU,0.2752278645833333
490,LFU,0.25634765625
491,LFU,0.29638671875
492,LFU,0.2706705729166667
493,LFU,0.2877604166666667
494,LFU,0.2861328125
495,LFU,0.2845052083333333
496,LFU,0.2664388020833333
497,LFU,0.2589518229166667
498,LFU,0.2604166666666667
499,LFU,0.2913411458333333
500,LFU,0.2628580729166667
501,LFU,0.2713216145833333
502,LFU,0.27880859375
503,LFU,0.2657877604166667
504,LFU,0.2373046875
505,LFU,0.21988932291666666
506,LFU,0.2314453125
507,LFU,0.2752278645833333
508,LFU,0.2530924479166667
509,LFU,0.25390625
510,LFU,0.25
511,LFU,0.2820638020833333
512,LFU,0.2648111979166667
513,LFU,0.259765625
514,LFU,0.26025390625
515,LFU,0.2955729166666667
516,LFU,0.2833658854166667
517,LFU,0.2822265625
518,LFU,0.26171875
519,LFU,0.2763671875
520,LFU,0.2776692708333333
521,LFU,0.2674153645833333
522,LFU,0.2607421875
523,LFU,0.2919921875
524,LFU,0.2781575520833333
525,LFU,0.2835286458333333
526,LFU,0.2696940104166667
527,LFU,0.2820638020833333
528,LFU,0.2760416666666667
529,LFU,0.2566731770833333
530,LFU,0.2589518229166667
531,LFU,0.2604166666666667
532,LFU,0.2555338541666667
533,LFU,0.2643229166666667
534,LFU,0.24446614583333334
535,LFU,0.2732747395833333
536,LFU,0.2586263020833333
537,LFU,0.2667643229166667
538,LFU,0.2529296875
539,LFU,0.3035481770833333
540,LFU,0.27197265625
541,LFU,0.2732747395833333
542,LFU,0.2721354166666667
543,LFU,0.27099609375
544,LFU,0.24869791666666666
545,LFU,0.2692057291666667
546,LFU,0.2490234375
547,LFU,0.26953125
548,LFU,0.2652994791666667
549,LFU,0.26123046875
550,LFU,0.2545572916666667
551,LFU,0.2762044270833333
552,LFU,0.259765625
553,LFU,0.25048828125
554,LFU,0.2545572916666667
555,LFU,0.2687174479166667
556,LFU,0.2569986979166667
557,LFU,0.2599283854166667
558,LFU,0.23942057291666666
559,LFU,0.2731119791666667
560,LFU,0.24837239583333334
561,LFU,0.23616536458333334
562,LFU,0.22819010416666666
563,LFU,0.3082682291666667
564,LFU,0.2799479166666667
565,LFU,0.2926432291666667
566,LFU,0.2802734375
567,LFU,0.2609049479166667
568,LFU,0.24348958333333334
569,LFU,0.23942057291666666
570,LFU,0.25732421875
571,LFU,0.291015625
572,LFU,0.2604166666666667
573,LFU,0.2884114583333333
574,LFU,0.2726236979166667
575,LFU,0.2804361979166667
576,LFU,0.2555338541666667
577,LFU,0.24348958333333334
578,LFU,0.2542317708333333
579,LFU,0.2672526041666667
580,LFU,0.24837239583333334
581,LFU,0.2560221354166667
582,LFU,0.2451171875
583,LFU,0.2556966145833333
584,LFU,0.2560221354166667
585,LFU,0.23291015625
586,LFU,0.232421875
587,LFU,0.2736002604166667
588,LFU,0.2513020833333333
589,LFU,0.24674479166666666
590,LFU,0.24365234375
591,LFU,0.27392578125
592,LFU,0.2669270833333333
593,LFU,0.2587890625
594,LFU,0.24658203125
595,LFU,0.2726236979166667
596,LFU,0.2706705729166667
597,LFU,0.2623697916666667
598,LFU,0.25927734375
599,LFU,0.2740885416666667
600,LFU,0.2591145833333333
601,LFU,0.2555338541666667
602,LFU,0.2508138020833333
603,LFU,0.2731119791666667
604,LFU,0.24820963541666666
605,LFU,0.2521158854166667
606,LFU,0.2333984375
607,LFU,0.2760416666666667
608,LFU,0.2646484375
609,LFU,0.2679036458333333
610,LFU,0.2646484375
611,LFU,0.2669270833333333
612,LFU,0.2633463541666667
613,LFU,0.2522786458333333
614,LFU,0.2630208333333333
615,LFU,0.30126953125
616,LFU,0.2887369791666667
617,LFU,0.2784830729166667
618,LFU,0.2796223958333333
619,LFU,0.2854817708333333
620,LFU,0.2626953125
621,LFU,0.2814127604166667
622,LFU,0.2794596354166667
623,LFU,0.2783203125
624,LFU,0.2581380208333333
625,LFU,0.2623697916666667
626,LFU,0.2666015625
627,LFU,0.2633463541666667
628,LFU,0.24625651041666666
629,LFU,0.25537109375
630,LFU,0.24983723958333334
631,LFU,0.2897135416666667
632,LFU,0.28125
633,LFU,0.27392578125
634,LFU,0.2560221354166667
635,LFU,0.2771809895833333
636,LFU,0.2501627604166667
637,LFU,0.2545572916666667
638,LFU,0.2643229166666667
639,LFU,0.3019205729166667
640,LFU,0.2869466145833333
641,LFU,0.2718098958333333
642,LFU,0.2835286458333333
643,LFU,0.2900390625
644,LFU,0.2643229166666667
645,LFU,0.27490234375
646,LFU,0.2789713541666667
647,LFU,0.2972005208333333
648,LFU,0.2805989583333333
649,LFU,0.2872721354166667
650,LFU,0.2799479166666667
651,LFU,0.2762044270833333
652,LFU,0.2638346354166667
653,LFU,0.2584635416666667
654,LFU,0.2571614583333333
655,LFU,0.29296875
656,LFU,0.28125
657,LFU,0.2784830729166667
658,LFU,0.2737630208333333
659,LFU,0.2918294270833333
660,LFU,0.2796223958333333
661,LFU,0.2822265625
662,LFU,0.2892252604166667
663,LFU,0.2864583333333333
664,LFU,0.2853190104166667
665,LFU,0.2911783854166667
666,LFU,0.2635091145833333
667,LFU,0.2864583333333333
668,LFU,0.2576497395833333
669,LFU,0.263671875
670,LFU,0.26611328125
671,LFU,0.29052734375
672,LFU,0.2770182291666667
673,LFU,0.263671875
674,LFU,0.2814127604166667
675,LFU,0.3017578125
676,LFU,0.2752278645833333
677,LFU,0.27099609375
678,LFU,0.2799479166666667
679,LFU,0.2937825520833333
680,LFU,0.2887369791666667
681,LFU,0.2667643229166667
682,LFU,0.2625325520833333
683,LFU,0.2931315104166667
684,LFU,0.2584635416666667
685,LFU,0.27783203125
686,LFU,0.27880859375
687,LFU,0.27978515625
688,LFU,0.2552083333333333
689,LFU,0.2560221354166667
690,LFU,0.2613932291666667
691,LFU,0.30712890625
692,LFU,0.2897135416666667
693,LFU,0.2970377604166667
694,LFU,0.27880859375
695,LFU,0.2771809895833333
696,LFU,0.2526041666666667
697,LFU,0.2547200520833333
698,LFU,0.24772135416666666
699,LFU,0.2892252604166667
700,LFU,0.2736002604166667
701,LFU,0.27197265625
702,LFU,0.26123046875
703,LFU,0.3064778645833333
704,LFU,0.28955078125
705,LFU,0.2696940104166667
706,LFU,0.2802734375
707,LFU,0.2763671875
708,LFU,0.2781575520833333
709,LFU,0.2825520833333333
710,LFU,0.2737630208333333
711,LFU,0.2879231770833333
712,LFU,0.2693684895833333
713,LFU,0.26123046875
714,LFU,0.2711588541666667
715,LFU,0.28125
716,LFU,0.2516276041666667
717,LFU,0.2600911458333333
718,LFU,0.2620442708333333
719,LFU,0.3118489583333333
720,LFU,0.2833658854166667
721,LFU,0.2887369791666667
722,LFU,0.2849934895833333
723,LFU,0.3035481770833333
724,LFU,0.2823893229166667
725,LFU,0.2955729166666667
726,LFU,0.2822265625
727,LFU,0.2838541666666667
728,LFU,0.2703450520833333
729,LFU,0.2613932291666667
730,LFU,0.2644856770833333
731,LFU,0.2771809895833333
732,LFU,0.2548828125
733,LFU,0.2613932291666667
734,LFU,0.2548828125
735,LFU,0.2858072916666667
736,LFU,0.2711588541666667
737,LFU,0.2540690104166667
738,LFU,0.2649739583333333
739,LFU,0.2664388020833333
740,LFU,0.25341796875
741,LFU,0.24755859375
742,LFU,0.2529296875
743,LFU,0.2887369791666667
744,LFU,0.2762044270833333
745,LFU,0.2552083333333333
746,LFU,0.2530924479166667
747,LFU,0.2906901041666667
748,LFU,0.27783203125
749,LFU,0.2639973958333333
750,LFU,0.2732747395833333
751,LFU,0.2662760416666667
752,LFU,0.2607421875
753,LFU,0.2503255208333333
754,LFU,0.2648111979166667
755,LFU,0.2991536458333333
756,LFU,0.2789713541666667
757,LFU,0.28759765625
758,LFU,0.2805989583333333
759,LFU,0.275390625
760,LFU,0.2600911458333333
761,LFU,0.2677408854166667
762,LFU,0.2805989583333333
763,LFU,0.3068033854166667
764,LFU,0.28515625
765,LFU,0.2869466145833333
766,LFU,0.2950846354166667
767,LFU,0.3030598958333333
768,LFU,0.2996419270833333
769,LFU,0.28125
770,LFU,0.27734375
771,LFU,0.2882486979166667
772,LFU,0.2625325520833333
773,LFU,0.2579752604166667
774,LFU,0.2766927083333333
775,LFU,0.291015625
776,LFU,0.2682291666666667
777,LFU,0.2677408854166667
778,LFU,0.2657877604166667
779,LFU,0.3024088541666667
780,LFU,0.27490234375
781,LFU,0.2849934895833333
782,LFU,0.2888997395833333
783,LFU,0.2972005208333333
784,LFU,0.2972005208333333
785,LFU,0.2727864583333333
786,LFU,0.2819010416666667
787,LFU,0.29443359375
788,LFU,0.2706705729166667
789,LFU,0.27734375
790,LFU,0.2727864583333333
791,LFU,0.2985026041666667
792,LFU,0.2805989583333333
793,LFU,0.2604166666666667
794,LFU,0.2630208333333333
795,LFU,0.2923177083333333
796,LFU,0.2757161458333333
797,LFU,0.2791341145833333
798,LFU,0.28125
799,LFU,0.3040364583333333
800,LFU,0.29443359375
801,LFU,0.2779947916666667
802,LFU,0.2786458333333333
803,LFU,0.2775065104166667
804,LFU,0.26953125
805,LFU,0.28173828125
806,LFU,0.2646484375
807,LFU,0.2918294270833333
808,LFU,0.28564453125
809,LFU,0.2830403645833333
810,LFU,0.2838541666666667
811,LFU,0.2893880208333333
812,LFU,0.267578125
813,LFU,0.2775065104166667
814,LFU,0.2799479166666667
815,LFU,0.2877604166666667
816,LFU,0.27587890625
817,LFU,0.25048828125
818,LFU,0.27294921875
819,LFU,0.2794596354166667
820,LFU,0.2744140625
821,LFU,0.2742513020833333
822,LFU,0.27685546875
823,LFU,0.27685546875
824,LFU,0.2576497395833333
825,LFU,0.2552083333333333
826,LFU,0.2526041666666667
827,LFU,0.294921875
828,LFU,0.2649739583333333
829,LFU,0.2688802083333333
830,LFU,0.2722981770833333
831,LFU,0.2796223958333333
832,LFU,0.25927734375
833,LFU,0.24641927083333334
834,LFU,0.26123046875
835,LFU,0.2978515625
836,LFU,0.2740885416666667
837,LFU,0.28271484375
838,LFU,0.2791341145833333
839,LFU,0.2872721354166667
840,LFU,0.2810872395833333
841,LFU,0.2786458333333333
842,LFU,0.2815755208333333
843,LFU,0.287109375
844,LFU,0.26953125
845,LFU,0.2713216145833333
846,LFU,0.2737630208333333
847,LFU,0.2610677083333333
848,LFU,0.24462890625
849,LFU,0.2412109375
850,LFU,0.24104817708333334
851,LFU,0.2830403645833333
852,LFU,0.2692057291666667
853,LFU,0.2706705729166667
854,LFU,0.2731119791666667
855,LFU,0.2755533854166667
856,LFU,0.2734375
857,LFU,0.2669270833333333
858,LFU,0.2757161458333333
859,LFU,0.2882486979166667
860,LFU,0.2718098958333333
861,LFU,0.2574869791666667
862,LFU,0.2643229166666667
863,LFU,0.2913411458333333
864,LFU,0.2677408854166667
865,LFU,0.27392578125
866,LFU,0.2638346354166667
867,LFU,0.2815755208333333
868,LFU,0.2555338541666667
869,LFU,0.2506510416666667
870,LFU,0.24837239583333334
871,LFU,0.2716471354166667
872,LFU,0.2596028645833333
873,LFU,0.25634765625
874,LFU,0.2620442708333333
875,LFU,0.2932942708333333
876,LFU,0.2711588541666667
877,LFU,0.2736002604166667
878,LFU,0.27978515625
879,LFU,0.291015625
880,LFU,0.2805989583333333
881,LFU,0.2639973958333333
882,LFU,0.2521158854166667
883,LFU,0.30615234375
884,LFU,0.2799479166666667
885,LFU,0.2928059895833333
886,LFU,0.2819010416666667
887,LFU,0.2893880208333333
888,LFU,0.2744140625
889,LFU,0.2609049479166667
890,LFU,0.2664388020833333
891,LFU,0.3053385416666667
892,LFU,0.2750651041666667
893,LFU,0.2731119791666667
894,LFU,0.27734375
895,LFU,0.2892252604166667
896,LFU,0.2760416666666667
897,LFU,0.2666015625
898,LFU,0.2805989583333333
899,LFU,0.2941080729166667
900,LFU,0.2718098958333333
901,LFU,0.2799479166666667
902,LFU,0.271484375
903,LFU,0.32177734375
904,LFU,0.3098958333333333
905,LFU,0.3011067708333333
906,LFU,0.29931640625
907,LFU,0.314453125
908,LFU,0.2828776041666667
909,LFU,0.3076171875
910,LFU,0.28515625
911,LFU,0.30126953125
912,LFU,0.2980143229166667
913,LFU,0.27294921875
914,LFU,0.28515625
915,LFU,0.2952473958333333
916,LFU,0.265625
917,LFU,0.2692057291666667
918,LFU,0.24674479166666666
919,LFU,0.3111979166666667
920,LFU,0.2869466145833333
921,LFU,0.2872721354166667
922,LFU,0.2843424479166667
923,LFU,0.2991536458333333
924,LFU,0.27685546875
925,LFU,0.2802734375
926,LFU,0.2737630208333333
927,LFU,0.3024088541666667
928,LFU,0.2830403645833333
929,LFU,0.2679036458333333
930,LFU,0.2835286458333333
931,LFU,0.291015625
932,LFU,0.2869466145833333
933,LFU,0.2810872395833333
934,LFU,0.2745768229166667
935,LFU,0.29345703125
936,LFU,0.2781575520833333
937,LFU,0.2652994791666667
938,LFU,0.2706705729166667
939,LFU,0.2828776041666667
940,LFU,0.2639973958333333
941,LFU,0.2584635416666667
942,LFU,0.2705078125
943,LFU,0.2794596354166667
944,LFU,0.2615559895833333
945,LFU,0.2594401041666667
946,LFU,0.2706705729166667
947,LFU,0.294921875
948,LFU,0.2757161458333333
949,LFU,0.27294921875
950,LFU,0.2779947916666667
951,LFU,0.287109375
952,LFU,0.2760416666666667
953,LFU,0.2659505208333333
954,LFU,0.271484375
955,LFU,0.3015950520833333
956,LFU,0.28564453125
957,LFU,0.2932942708333333
958,LFU,0.2791341145833333
959,LFU,0.2861328125
960,LFU,0.2789713541666667
961,LFU,0.2752278645833333
962,LFU,0.27685546875
963,LFU,0.2970377604166667
964,LFU,0.2872721354166667
965,LFU,0.2706705729166667
966,LFU,0.2644856770833333
967,LFU,0.2687174479166667
968,LFU,0.2587890625
969,LFU,0.24609375
970,LFU,0.25634765625
971,LFU,0.27099609375
972,LFU,0.26220703125
973,LFU,0.26171875
974,LFU,0.2654622395833333
975,LFU,0.2913411458333333
976,LFU,0.2825520833333333
977,LFU,0.2677408854166667
978,LFU,0.2765299479166667
979,LFU,0.32568359375
980,LFU,0.2755533854166667
981,LFU,0.2942708333333333
982,LFU,0.2947591145833333
983,LFU,0.2965494791666667
984,LFU,0.2835286458333333
985,LFU,0.2760416666666667
986,LFU,0.2884114583333333
987,LFU,0.3014322916666667
988,LFU,0.2742513020833333
989,LFU,0.2872721354166667
990,LFU,0.2740885416666667
991,LFU,0.2828776041666667
992,LFU,0.2781575520833333
993,LFU,0.2672526041666667
994,LFU,0.2683919270833333
995,LFU,0.291015625
996,LFU,0.27099609375
997,LFU,0.2734375
998,LFU,0.267578125
999,LFU,0.2908528645833333
1000,LFU,0.2745768229166667
1001,LFU,0.2766927083333333
1002,LFU,0.2799479166666667
1003,LFU,0.3072916666666667
1004,LFU,0.2760416666666667
1005,LFU,0.2941080729166667
1006,LFU,0.29541015625
1007,LFU,0.2952473958333333
1008,LFU,0.2822265625
1009,LFU,0.2888997395833333
1010,LFU,0.2858072916666667
1011,LFU,0.31396484375
1012,LFU,0.29638671875
1013,LFU,0.30859375
1014,LFU,0.294921875
1015,LFU,0.2998046875
1016,LFU,0.2879231770833333
1017,LFU,0.2890625
1018,LFU,0.2802734375
1019,LFU,0.2898763020833333
1020,LFU,0.2705078125
1021,LFU,0.2716471354166667
1022,LFU,0.2750651041666667
1023,LFU,0.3014322916666667
3,WeightedLFU,0.4064127604166667
4,WeightedLFU,0.3839518229166667
5,WeightedLFU,0.40283203125
6,WeightedLFU,0.4210611979166667
7,WeightedLFU,0.4142252604166667
8,WeightedLFU,0.4251302083333333
9,WeightedLFU,0.3898111979166667
10,WeightedLFU,0.3810221354166667
11,WeightedLFU,0.396484375
12,WeightedLFU,0.4189453125
13,WeightedLFU,0.4036458333333333
14,WeightedLFU,0.42529296875
15,WeightedLFU,0.4352213541666667
16,WeightedLFU,0.3966471354166667
17,WeightedLFU,0.4088541666666667
18,WeightedLFU,0.4313151041666667
19,WeightedLFU,0.4456380208333333
20,WeightedLFU,0.4055989583333333
21,WeightedLFU,0.3995768229166667
22,WeightedLFU,0.41845703125
23,WeightedLFU,0.43017578125
24,WeightedLFU,0.4249674479166667
25,WeightedLFU,0.37939453125
26,WeightedLFU,0.396484375
27,WeightedLFU,0.4059244791666667
28,WeightedLFU,0.392578125
29,WeightedLFU,0.43017578125
30,WeightedLFU,0.4581705729166667
31,WeightedLFU,0.4326171875
32,WeightedLFU,0.4352213541666667
33,WeightedLFU,0.4269205729166667
34,WeightedLFU,0.4178059895833333
35,WeightedLFU,0.4192708333333333
36,WeightedLFU,0.4265950520833333
37,WeightedLFU,0.4112955729166667
38,WeightedLFU,0.416015625
39,WeightedLFU,0.4166666666666667
40,WeightedLFU,0.4295247395833333
41,WeightedLFU,0.4021809895833333
42,WeightedLFU,0.40185546875
43,WeightedLFU,0.4239908854166667
44,WeightedLFU,0.3990885416666667
45,WeightedLFU,0.39697265625
46,WeightedLFU,0.42724609375
47,WeightedLFU,0.37646484375
48,WeightedLFU,0.4163411458333333
49,WeightedLFU,0.40673828125
50,WeightedLFU,0.4186197916666667
51,WeightedLFU,0.40185546875
52,WeightedLFU,0.39013671875
53,WeightedLFU,0.4358723958333333
54,WeightedLFU,0.4615885416666667
55,WeightedLFU,0.3953450520833333
56,WeightedLFU,0.4026692708333333
57,WeightedLFU,0.40625
58,WeightedLFU,0.4215494791666667
59,WeightedLFU,0.4287109375
60,WeightedLFU,0.4163411458333333
61,WeightedLFU,0.3932291666666667
62,WeightedLFU,0.40966796875
63,WeightedLFU,0.3621419270833333
64,WeightedLFU,0.3896484375
65,WeightedLFU,0.3776041666666667
66,WeightedLFU,0.3748372395833333
67,WeightedLFU,0.3626302083333333
68,WeightedLFU,0.3665364583333333
69,WeightedLFU,0.3782552083333333
70,WeightedLFU,0.376953125
71,WeightedLFU,0.3414713541666667
72,WeightedLFU,0.3455403645833333
73,WeightedLFU,0.375
74,WeightedLFU,0.4182942708333333
75,WeightedLFU,0.4182942708333333
76,WeightedLFU,0.4142252604166667
77,WeightedLFU,0.4111328125
78,WeightedLFU,0.43310546875
79,WeightedLFU,0.4044596354166667
80,WeightedLFU,0.43603515625
81,WeightedLFU,0.4210611979166667
82,WeightedLFU,0.4322916666666667
83,WeightedLFU,0.4181315104166667
84,WeightedLFU,0.4025065104166667
85,WeightedLFU,0.3955078125
86,WeightedLFU,0.3889973958333333
87,WeightedLFU,0.3819986979166667
88,WeightedLFU,0.40087890625
89,WeightedLFU,0.4248046875
90,WeightedLFU,0.4576822916666667
91,WeightedLFU,0.4510091145833333
92,WeightedLFU,0.455078125
93,WeightedLFU,0.439453125
94,WeightedLFU,0.4630533854166667
95,WeightedLFU,0.43798828125
96,WeightedLFU,0.41748046875
97,WeightedLFU,0.4449869791666667
98,WeightedLFU,0.4230143229166667
99,WeightedLFU,0.4197591145833333
100,WeightedLFU,0.4231770833333333
101,WeightedLFU,0.4217122395833333
102,WeightedLFU,0.4228515625
103,WeightedLFU,0.39990234375
104,WeightedLFU,0.3826497395833333
105,WeightedLFU,0.42529296875
106,WeightedLFU,0.4244791666666667
107,WeightedLFU,0.4278971354166667
108,WeightedLFU,0.4021809895833333
109,WeightedLFU,0.4055989583333333
110,WeightedLFU,0.4319661458333333
111,WeightedLFU,0.44091796875
112,WeightedLFU,0.4222005208333333
113,WeightedLFU,0.3885091145833333
114,WeightedLFU,0.4069010416666667
115,WeightedLFU,0.3995768229166667
116,WeightedLFU,0.3810221354166667
117,WeightedLFU,0.4007161458333333
118,WeightedLFU,0.3880208333333333
119,WeightedLFU,0.3474934895833333
120,WeightedLFU,0.3834635416666667
121,WeightedLFU,0.3650716145833333
122,WeightedLFU,0.38232421875
123,WeightedLFU,0.4202473958333333
124,WeightedLFU,0.4246419270833333
125,WeightedLFU,0.4007161458333333
126,WeightedLFU,0.4083658854166667
127,WeightedLFU,0.40625
128,WeightedLFU,0.3933919270833333
129,WeightedLFU,0.40478515625
130,WeightedLFU,0.3870442708333333
131,WeightedLFU,0.41064453125
132,WeightedLFU,0.3916015625
133,WeightedLFU,0.376953125
134,WeightedLFU,0.392578125
135,WeightedLFU,0.4142252604166667
136,WeightedLFU,0.4129231770833333
137,WeightedLFU,0.4152018229166667
138,WeightedLFU,0.43505859375
139,WeightedLFU,0.4168294270833333
140,WeightedLFU,0.408203125
141,WeightedLFU,0.375
142,WeightedLFU,0.3894856770833333
143,WeightedLFU,0.375
144,WeightedLFU,0.39501953125
145,WeightedLFU,0.4090169270833333
146,WeightedLFU,0.4075520833333333
147,WeightedLFU,0.4112955729166667
148,WeightedLFU,0.4148763020833333
149,WeightedLFU,0.43408203125
150,WeightedLFU,0.4410807291666667
151,WeightedLFU,0.4228515625
152,WeightedLFU,0.4280598958333333
153,WeightedLFU,0.4153645833333333
154,WeightedLFU,0.41552734375
155,WeightedLFU,0.4070638020833333
156,WeightedLFU,0.3919270833333333
157,WeightedLFU,0.3875325520833333
158,WeightedLFU,0.41943359375
159,WeightedLFU,0.3543294270833333
160,WeightedLFU,0.3640950520833333
161,WeightedLFU,0.3839518229166667
162,WeightedLFU,0.3875325520833333
163,WeightedLFU,0.38623046875
164,WeightedLFU,0.3624674479166667
165,WeightedLFU,0.4026692708333333
166,WeightedLFU,0.4104817708333333
167,WeightedLFU,0.4025065104166667
168,WeightedLFU,0.3929036458333333
169,WeightedLFU,0.40771484375
170,WeightedLFU,0.4264322916666667
171,WeightedLFU,0.42919921875
172,WeightedLFU,0.4031575520833333
173,WeightedLFU,0.3815104166666667
174,WeightedLFU,0.4065755208333333
175,WeightedLFU,0.3922526041666667
176,WeightedLFU,0.3873697916666667
177,WeightedLFU,0.3723958333333333
178,WeightedLFU,0.39404296875
179,WeightedLFU,0.39306640625
180,WeightedLFU,0.3681640625
181,WeightedLFU,0.39404296875
182,WeightedLFU,0.3826497395833333
183,WeightedLFU,0.3719075520833333
184,WeightedLFU,0.4039713541666667
185,WeightedLFU,0.3888346354166667
186,WeightedLFU,0.39990234375
187,WeightedLFU,0.4083658854166667
188,WeightedLFU,0.3938802083333333
189,WeightedLFU,0.3981119791666667
190,WeightedLFU,0.3805338541666667
191,WeightedLFU,0.3753255208333333
192,WeightedLFU,0.3758138020833333
193,WeightedLFU,0.3513997395833333
194,WeightedLFU,0.3863932291666667
195,WeightedLFU,0.38330078125
196,WeightedLFU,0.3663736979166667
197,WeightedLFU,0.40869140625
198,WeightedLFU,0.4007161458333333
199,WeightedLFU,0.36279296875
200,WeightedLFU,0.3704427083333333
201,WeightedLFU,0.35400390625
202,WeightedLFU,0.3986002604166667
203,WeightedLFU,0.40576171875
204,WeightedLFU,0.3846028645833333
205,WeightedLFU,0.3893229166666667
206,WeightedLFU,0.41162109375
207,WeightedLFU,0.3976236979166667
208,WeightedLFU,0.4041341145833333
209,WeightedLFU,0.3876953125
210,WeightedLFU,0.4065755208333333
211,WeightedLFU,0.41650390625
212,WeightedLFU,0.4334309895833333
213,WeightedLFU,0.41943359375
214,WeightedLFU,0.4278971354166667
215,WeightedLFU,0.3736979166666667
216,WeightedLFU,0.4051106770833333
217,WeightedLFU,0.38330078125
218,WeightedLFU,0.38623046875
219,WeightedLFU,0.37451171875
220,WeightedLFU,0.3736979166666667
221,WeightedLFU,0.39501953125
222,WeightedLFU,0.3759765625
223,WeightedLFU,0.3551432291666667
224,WeightedLFU,0.37744140625
225,WeightedLFU,0.3675130208333333
226,WeightedLFU,0.369140625
227,WeightedLFU,0.3665364583333333
228,WeightedLFU,0.3497721354166667
229,WeightedLFU,0.3447265625
230,WeightedLFU,0.3688151041666667
231,WeightedLFU,0.3642578125
232,WeightedLFU,0.3756510416666667
233,WeightedLFU,0.3815104166666667
234,WeightedLFU,0.4088541666666667
235,WeightedLFU,0.3932291666666667
236,WeightedLFU,0.4036458333333333
237,WeightedLFU,0.4182942708333333
238,WeightedLFU,0.4073893229166667
239,WeightedLFU,0.3904622395833333
240,WeightedLFU,0.4171549479166667
241,WeightedLFU,0.3977864583333333
242,WeightedLFU,0.38720703125
243,WeightedLFU,0.3880208333333333
244,WeightedLFU,0.3567708333333333
245,WeightedLFU,0.39501953125
246,WeightedLFU,0.4073893229166667
247,WeightedLFU,0.3740234375
248,WeightedLFU,0.4220377604166667
249,WeightedLFU,0.4099934895833333
250,WeightedLFU,0.39306640625
251,WeightedLFU,0.39892578125
252,WeightedLFU,0.38818359375
253,WeightedLFU,0.396484375
254,WeightedLFU,0.4189453125
255,WeightedLFU,0.4137369791666667
256,WeightedLFU,0.37744140625
257,WeightedLFU,0.3839518229166667
258,WeightedLFU,0.4039713541666667
259,WeightedLFU,0.3955078125
260,WeightedLFU,0.40283203125
261,WeightedLFU,0.3946940104166667
262,WeightedLFU,0.4192708333333333
263,WeightedLFU,0.3914388020833333
264,WeightedLFU,0.3683268229166667
265,WeightedLFU,0.3736979166666667
266,WeightedLFU,0.41357421875
267,WeightedLFU,0.40234375
268,WeightedLFU,0.37744140625
269,WeightedLFU,0.3849283854166667
270,WeightedLFU,0.3816731770833333
271,WeightedLFU,0.3943684895833333
272,WeightedLFU,0.3994140625
273,WeightedLFU,0.3859049479166667
274,WeightedLFU,0.3898111979166667
275,WeightedLFU,0.4029947916666667
276,WeightedLFU,0.3873697916666667
277,WeightedLFU,0.3785807291666667
278,WeightedLFU,0.3800455729166667
279,WeightedLFU,0.37109375
280,WeightedLFU,0.3854166666666667
281,WeightedLFU,0.3694661458333333
282,WeightedLFU,0.4104817708333333
283,WeightedLFU,0.3836263020833333
284,WeightedLFU,0.3592122395833333
285,WeightedLFU,0.3772786458333333
286,WeightedLFU,0.3914388020833333
287,WeightedLFU,0.3863932291666667
288,WeightedLFU,0.4173177083333333
289,WeightedLFU,0.4005533854166667
290,WeightedLFU,0.41455078125
291,WeightedLFU,0.3966471354166667
292,WeightedLFU,0.4078776041666667
293,WeightedLFU,0.4072265625
294,WeightedLFU,0.4112955729166667
295,WeightedLFU,0.3981119791666667
296,WeightedLFU,0.4195963541666667
297,WeightedLFU,0.41845703125
298,WeightedLFU,0.40087890625
299,WeightedLFU,0.3779296875
300,WeightedLFU,0.3859049479166667
301,WeightedLFU,0.3986002604166667
302,WeightedLFU,0.3868815104166667
303,WeightedLFU,0.3777669270833333
304,WeightedLFU,0.3992513020833333
305,WeightedLFU,0.3815104166666667
306,WeightedLFU,0.3595377604166667
307,WeightedLFU,0.3497721354166667
308,WeightedLFU,0.3714192708333333
309,WeightedLFU,0.37744140625
310,WeightedLFU,0.3963216145833333
311,WeightedLFU,0.3733723958333333
312,WeightedLFU,0.3740234375
313,WeightedLFU,0.3873697916666667
314,WeightedLFU,0.42041015625
315,WeightedLFU,0.41064453125
316,WeightedLFU,0.3909505208333333
317,WeightedLFU,0.4049479166666667
318,WeightedLFU,0.40966796875
319,WeightedLFU,0.3810221354166667
320,WeightedLFU,0.4020182291666667
321,WeightedLFU,0.3816731770833333
322,WeightedLFU,0.3865559895833333
323,WeightedLFU,0.4010416666666667
324,WeightedLFU,0.40087890625
325,WeightedLFU,0.4210611979166667
326,WeightedLFU,0.4287109375
327,WeightedLFU,0.4132486979166667
328,WeightedLFU,0.4142252604166667
329,WeightedLFU,0.4200846354166667
330,WeightedLFU,0.4326171875
331,WeightedLFU,0.4129231770833333
332,WeightedLFU,0.41357421875
333,WeightedLFU,0.4298502604166667
334,WeightedLFU,0.4225260416666667
335,WeightedLFU,0.3956705729166667
336,WeightedLFU,0.3984375
337,WeightedLFU,0.4093424479166667
338,WeightedLFU,0.3937174479166667
339,WeightedLFU,0.3889973958333333
340,WeightedLFU,0.3889973958333333
341,WeightedLFU,0.4111328125
342,WeightedLFU,0.408203125
343,WeightedLFU,0.3922526041666667
344,WeightedLFU,0.3898111979166667
345,WeightedLFU,0.39990234375
346,WeightedLFU,0.44384765625
347,WeightedLFU,0.4189453125
348,WeightedLFU,0.3992513020833333
349,WeightedLFU,0.4015299479166667
350,WeightedLFU,0.4200846354166667
351,WeightedLFU,0.3986002604166667
352,WeightedLFU,0.4166666666666667
353,WeightedLFU,0.39599609375
354,WeightedLFU,0.39599609375
355,WeightedLFU,0.4098307291666667
356,WeightedLFU,0.4332682291666667
357,WeightedLFU,0.3972981770833333
358,WeightedLFU,0.3899739583333333
359,WeightedLFU,0.390625
360,WeightedLFU,0.3995768229166667
361,WeightedLFU,0.39306640625
362,WeightedLFU,0.4103190104166667
363,WeightedLFU,0.4153645833333333
364,WeightedLFU,0.39208984375
365,WeightedLFU,0.4007161458333333
366,WeightedLFU,0.41552734375
367,WeightedLFU,0.4212239583333333
368,WeightedLFU,0.40380859375
369,WeightedLFU,0.40087890625
370,WeightedLFU,0.39013671875
371,WeightedLFU,0.4152018229166667
372,WeightedLFU,0.400390625
373,WeightedLFU,0.39697265625
374,WeightedLFU,0.3955078125
375,WeightedLFU,0.3640950520833333
376,WeightedLFU,0.3932291666666667
377,WeightedLFU,0.4090169270833333
378,WeightedLFU,0.4352213541666667
379,WeightedLFU,0.4137369791666667
380,WeightedLFU,0.4322916666666667
381,WeightedLFU,0.4181315104166667
382,WeightedLFU,0.4098307291666667
383,WeightedLFU,0.4065755208333333
384,WeightedLFU,0.39208984375
385,WeightedLFU,0.3919270833333333
386,WeightedLFU,0.3873697916666667
387,WeightedLFU,0.37109375
388,WeightedLFU,0.3912760416666667
389,WeightedLFU,0.4039713541666667
390,WeightedLFU,0.42431640625
391,WeightedLFU,0.3929036458333333
392,WeightedLFU,0.4163411458333333
393,WeightedLFU,0.42236328125
394,WeightedLFU,0.4547526041666667
395,WeightedLFU,0.4363606770833333
396,WeightedLFU,0.4225260416666667
397,WeightedLFU,0.4195963541666667
398,WeightedLFU,0.4088541666666667
399,WeightedLFU,0.3948567708333333
400,WeightedLFU,0.3933919270833333
401,WeightedLFU,0.39501953125
402,WeightedLFU,0.4200846354166667
403,WeightedLFU,0.3958333333333333
404,WeightedLFU,0.4309895833333333
405,WeightedLFU,0.4210611979166667
406,WeightedLFU,0.412109375
407,WeightedLFU,0.38671875
408,WeightedLFU,0.3927408854166667
409,WeightedLFU,0.38525390625
410,WeightedLFU,0.4055989583333333
411,WeightedLFU,0.3839518229166667
412,WeightedLFU,0.3800455729166667
413,WeightedLFU,0.4189453125
414,WeightedLFU,0.4070638020833333
415,WeightedLFU,0.412109375
416,WeightedLFU,0.4137369791666667
417,WeightedLFU,0.40869140625
418,WeightedLFU,0.4235026041666667
419,WeightedLFU,0.4270833333333333
420,WeightedLFU,0.4104817708333333
421,WeightedLFU,0.4000651041666667
422,WeightedLFU,0.4130859375
423,WeightedLFU,0.4283854166666667
424,WeightedLFU,0.4226888020833333
425,WeightedLFU,0.4358723958333333
426,WeightedLFU,0.4363606770833333
427,WeightedLFU,0.4342447916666667
428,WeightedLFU,0.44970703125
429,WeightedLFU,0.4363606770833333
430,WeightedLFU,0.4296875
431,WeightedLFU,0.4378255208333333
432,WeightedLFU,0.4337565104166667
433,WeightedLFU,0.4072265625
434,WeightedLFU,0.3876953125
435,WeightedLFU,0.39404296875
436,WeightedLFU,0.4013671875
437,WeightedLFU,0.41455078125
438,WeightedLFU,0.4202473958333333
439,WeightedLFU,0.4002278645833333
440,WeightedLFU,0.4191080729166667
441,WeightedLFU,0.4083658854166667
442,WeightedLFU,0.41357421875
443,WeightedLFU,0.396484375
444,WeightedLFU,0.4070638020833333
445,WeightedLFU,0.41259765625
446,WeightedLFU,0.4285481770833333
447,WeightedLFU,0.4283854166666667
448,WeightedLFU,0.4187825520833333
449,WeightedLFU,0.4256184895833333
450,WeightedLFU,0.4044596354166667
451,WeightedLFU,0.4137369791666667
452,WeightedLFU,0.4130859375
453,WeightedLFU,0.4073893229166667
454,WeightedLFU,0.4230143229166667
455,WeightedLFU,0.4036458333333333
456,WeightedLFU,0.4192708333333333
457,WeightedLFU,0.4226888020833333
458,WeightedLFU,0.4283854166666667
459,WeightedLFU,0.4285481770833333
460,WeightedLFU,0.4208984375
461,WeightedLFU,0.41259765625
462,WeightedLFU,0.4010416666666667
463,WeightedLFU,0.4278971354166667
464,WeightedLFU,0.4337565104166667
465,WeightedLFU,0.4220377604166667
466,WeightedLFU,0.4337565104166667
467,WeightedLFU,0.40869140625
468,WeightedLFU,0.4241536458333333
469,WeightedLFU,0.42041015625
470,WeightedLFU,0.4332682291666667
471,WeightedLFU,0.4033203125
472,WeightedLFU,0.4231770833333333
473,WeightedLFU,0.4251302083333333
474,WeightedLFU,0.4308268229166667
475,WeightedLFU,0.41943359375
476,WeightedLFU,0.4052734375
477,WeightedLFU,0.4148763020833333
478,WeightedLFU,0.42333984375
479,WeightedLFU,0.3883463541666667
480,WeightedLFU,0.39013671875
481,WeightedLFU,0.3806966145833333
482,WeightedLFU,0.4236653645833333
483,WeightedLFU,0.43310546875
484,WeightedLFU,0.4246419270833333
485,WeightedLFU,0.4249674479166667
486,WeightedLFU,0.4427083333333333
487,WeightedLFU,0.4147135416666667
488,WeightedLFU,0.4513346354166667
489,WeightedLFU,0.4298502604166667
490,WeightedLFU,0.4132486979166667
491,WeightedLFU,0.4195963541666667
492,WeightedLFU,0.3875325520833333
493,WeightedLFU,0.4168294270833333
494,WeightedLFU,0.4248046875
495,WeightedLFU,0.42236328125
496,WeightedLFU,0.4446614583333333
497,WeightedLFU,0.4474283854166667
498,WeightedLFU,0.4493815104166667
499,WeightedLFU,0.4329427083333333
500,WeightedLFU,0.42529296875
501,WeightedLFU,0.4306640625
502,WeightedLFU,0.4404296875
503,WeightedLFU,0.4041341145833333
504,WeightedLFU,0.4005533854166667
505,WeightedLFU,0.3798828125
506,WeightedLFU,0.40625
507,WeightedLFU,0.4044596354166667
508,WeightedLFU,0.4132486979166667
509,WeightedLFU,0.4248046875
510,WeightedLFU,0.4129231770833333
511,WeightedLFU,0.4195963541666667
512,WeightedLFU,0.419921875
513,WeightedLFU,0.4187825520833333
514,WeightedLFU,0.4207356770833333
515,WeightedLFU,0.4347330729166667
516,WeightedLFU,0.4415690104166667
517,WeightedLFU,0.443359375
518,WeightedLFU,0.4407552083333333
519,WeightedLFU,0.4054361979166667
520,WeightedLFU,0.4537760416666667
521,WeightedLFU,0.43994140625
522,WeightedLFU,0.4397786458333333
523,WeightedLFU,0.44140625
524,WeightedLFU,0.4298502604166667
525,WeightedLFU,0.4549153645833333
526,WeightedLFU,0.4186197916666667
527,WeightedLFU,0.4064127604166667
528,WeightedLFU,0.44091796875
529,WeightedLFU,0.4070638020833333
530,WeightedLFU,0.4231770833333333
531,WeightedLFU,0.4072265625
532,WeightedLFU,0.408203125
533,WeightedLFU,0.4269205729166667
534,WeightedLFU,0.41748046875
535,WeightedLFU,0.4031575520833333
536,WeightedLFU,0.431640625
537,WeightedLFU,0.4378255208333333
538,WeightedLFU,0.439453125
539,WeightedLFU,0.43505859375
540,WeightedLFU,0.4140625
541,WeightedLFU,0.4088541666666667
542,WeightedLFU,0.43017578125
543,WeightedLFU,0.3987630208333333
544,WeightedLFU,0.3961588541666667
545,WeightedLFU,0.4020182291666667
546,WeightedLFU,0.4112955729166667
547,WeightedLFU,0.4098307291666667
548,WeightedLFU,0.4293619791666667
549,WeightedLFU,0.41650390625
550,WeightedLFU,0.4130859375
551,WeightedLFU,0.4352213541666667
552,WeightedLFU,0.4189453125
553,WeightedLFU,0.40478515625
554,WeightedLFU,0.42333984375
555,WeightedLFU,0.4122721354166667
556,WeightedLFU,0.4158528645833333
557,WeightedLFU,0.4046223958333333
558,WeightedLFU,0.3937174479166667
559,WeightedLFU,0.3933919270833333
560,WeightedLFU,0.4060872395833333
561,WeightedLFU,0.4197591145833333
562,WeightedLFU,0.4187825520833333
563,WeightedLFU,0.4318033854166667
564,WeightedLFU,0.4140625
565,WeightedLFU,0.4182942708333333
566,WeightedLFU,0.4222005208333333
567,WeightedLFU,0.3951822916666667
568,WeightedLFU,0.4275716145833333
569,WeightedLFU,0.4033203125
570,WeightedLFU,0.4500325520833333
571,WeightedLFU,0.4251302083333333
572,WeightedLFU,0.4305013020833333
573,WeightedLFU,0.4563802083333333
574,WeightedLFU,0.43994140625
575,WeightedLFU,0.4220377604166667
576,WeightedLFU,0.41357421875
577,WeightedLFU,0.40283203125
578,WeightedLFU,0.3971354166666667
579,WeightedLFU,0.3904622395833333
580,WeightedLFU,0.3889973958333333
581,WeightedLFU,0.3974609375
582,WeightedLFU,0.3878580729166667
583,WeightedLFU,0.3828125
584,WeightedLFU,0.408203125
585,WeightedLFU,0.4012044270833333
586,WeightedLFU,0.421875
587,WeightedLFU,0.4288736979166667
588,WeightedLFU,0.43505859375
589,WeightedLFU,0.4326171875
590,WeightedLFU,0.4366861979166667
591,WeightedLFU,0.4108072916666667
592,WeightedLFU,0.4132486979166667
593,WeightedLFU,0.4012044270833333
594,WeightedLFU,0.4059244791666667
595,WeightedLFU,0.4078776041666667
596,WeightedLFU,0.4112955729166667
597,WeightedLFU,0.4251302083333333
598,WeightedLFU,0.4327799479166667
599,WeightedLFU,0.40478515625
600,WeightedLFU,0.4104817708333333
601,WeightedLFU,0.4091796875
602,WeightedLFU,0.4073893229166667
603,WeightedLFU,0.43994140625
604,WeightedLFU,0.42724609375
605,WeightedLFU,0.44189453125
606,WeightedLFU,0.4270833333333333
607,WeightedLFU,0.4059244791666667
608,WeightedLFU,0.4173177083333333
609,WeightedLFU,0.392578125
610,WeightedLFU,0.4150390625
611,WeightedLFU,0.4142252604166667
612,WeightedLFU,0.4498697916666667
613,WeightedLFU,0.44287109375
614,WeightedLFU,0.458984375
615,WeightedLFU,0.4287109375
616,WeightedLFU,0.4265950520833333
617,WeightedLFU,0.4119466145833333
618,WeightedLFU,0.4254557291666667
619,WeightedLFU,0.4303385416666667
620,WeightedLFU,0.4119466145833333
621,WeightedLFU,0.4357096354166667
622,WeightedLFU,0.44189453125
623,WeightedLFU,0.40380859375
624,WeightedLFU,0.4073893229166667
625,WeightedLFU,0.4103190104166667
626,WeightedLFU,0.4375
627,WeightedLFU,0.408203125
628,WeightedLFU,0.4220377604166667
629,WeightedLFU,0.4306640625
630,WeightedLFU,0.4527994791666667
631,WeightedLFU,0.4225260416666667
632,WeightedLFU,0.4287109375
633,WeightedLFU,0.4166666666666667
634,WeightedLFU,0.4098307291666667
635,WeightedLFU,0.4142252604166667
636,WeightedLFU,0.4208984375
637,WeightedLFU,0.4143880208333333
638,WeightedLFU,0.42333984375
639,WeightedLFU,0.4318033854166667
640,WeightedLFU,0.439453125
641,WeightedLFU,0.4168294270833333
642,WeightedLFU,0.4235026041666667
643,WeightedLFU,0.42431640625
644,WeightedLFU,0.4265950520833333
645,WeightedLFU,0.44384765625
646,WeightedLFU,0.4537760416666667
647,WeightedLFU,0.39990234375
648,WeightedLFU,0.419921875
649,WeightedLFU,0.4251302083333333
650,WeightedLFU,0.4156901041666667
651,WeightedLFU,0.419921875
652,WeightedLFU,0.4392903645833333
653,WeightedLFU,0.4365234375
654,WeightedLFU,0.412109375
655,WeightedLFU,0.4195963541666667
656,WeightedLFU,0.4440104166666667
657,WeightedLFU,0.4537760416666667
658,WeightedLFU,0.4313151041666667
659,WeightedLFU,0.4298502604166667
660,WeightedLFU,0.4241536458333333
661,WeightedLFU,0.4158528645833333
662,WeightedLFU,0.4332682291666667
663,WeightedLFU,0.4270833333333333
664,WeightedLFU,0.43408203125
665,WeightedLFU,0.4493815104166667
666,WeightedLFU,0.4210611979166667
667,WeightedLFU,0.4314778645833333
668,WeightedLFU,0.4046223958333333
669,WeightedLFU,0.4231770833333333
670,WeightedLFU,0.4339192708333333
671,WeightedLFU,0.4295247395833333
672,WeightedLFU,0.4309895833333333
673,WeightedLFU,0.4138997395833333
674,WeightedLFU,0.447265625
675,WeightedLFU,0.447265625
676,WeightedLFU,0.4267578125
677,WeightedLFU,0.443359375
678,WeightedLFU,0.4656575520833333
679,WeightedLFU,0.4112955729166667
680,WeightedLFU,0.4344075520833333
681,WeightedLFU,0.4148763020833333
682,WeightedLFU,0.4378255208333333
683,WeightedLFU,0.4334309895833333
684,WeightedLFU,0.4358723958333333
685,WeightedLFU,0.41162109375
686,WeightedLFU,0.4239908854166667
687,WeightedLFU,0.4265950520833333
688,WeightedLFU,0.4178059895833333
689,WeightedLFU,0.404296875
690,WeightedLFU,0.4210611979166667
691,WeightedLFU,0.4583333333333333
692,WeightedLFU,0.4396158854166667
693,WeightedLFU,0.44873046875
694,WeightedLFU,0.4295247395833333
695,WeightedLFU,0.4256184895833333
696,WeightedLFU,0.4182942708333333
697,WeightedLFU,0.431640625
698,WeightedLFU,0.43505859375
699,WeightedLFU,0.43798828125
700,WeightedLFU,0.4454752604166667
701,WeightedLFU,0.4293619791666667
702,WeightedLFU,0.4295247395833333
703,WeightedLFU,0.4283854166666667
704,WeightedLFU,0.42578125
705,WeightedLFU,0.4002278645833333
706,WeightedLFU,0.4365234375
707,WeightedLFU,0.4161783854166667
708,WeightedLFU,0.4544270833333333
709,WeightedLFU,0.47314453125
710,WeightedLFU,0.462890625
711,WeightedLFU,0.4225260416666667
712,WeightedLFU,0.4322916666666667
713,WeightedLFU,0.4005533854166667
714,WeightedLFU,0.4313151041666667
715,WeightedLFU,0.4352213541666667
716,WeightedLFU,0.4337565104166667
717,WeightedLFU,0.45458984375
718,WeightedLFU,0.4427083333333333
719,WeightedLFU,0.4404296875
720,WeightedLFU,0.4334309895833333
721,WeightedLFU,0.42333984375
722,WeightedLFU,0.4254557291666667
723,WeightedLFU,0.43115234375
724,WeightedLFU,0.4269205729166667
725,WeightedLFU,0.4375
726,WeightedLFU,0.4479166666666667
727,WeightedLFU,0.4111328125
728,WeightedLFU,0.42236328125
729,WeightedLFU,0.3981119791666667
730,WeightedLFU,0.40234375
731,WeightedLFU,0.4044596354166667
732,WeightedLFU,0.4073893229166667
733,WeightedLFU,0.4156901041666667
734,WeightedLFU,0.4132486979166667
735,WeightedLFU,0.4142252604166667
736,WeightedLFU,0.4156901041666667
737,WeightedLFU,0.3909505208333333
738,WeightedLFU,0.4191080729166667
739,WeightedLFU,0.4049479166666667
740,WeightedLFU,0.4173177083333333
741,WeightedLFU,0.4269205729166667
742,WeightedLFU,0.4337565104166667
743,WeightedLFU,0.42724609375
744,WeightedLFU,0.44189453125
745,WeightedLFU,0.43310546875
746,WeightedLFU,0.4361979166666667
747,WeightedLFU,0.4396158854166667
748,WeightedLFU,0.4388020833333333
749,WeightedLFU,0.4064127604166667
750,WeightedLFU,0.427734375
751,WeightedLFU,0.4021809895833333
752,WeightedLFU,0.4344075520833333
753,WeightedLFU,0.4248046875
754,WeightedLFU,0.4510091145833333
755,WeightedLFU,0.4498697916666667
756,WeightedLFU,0.4397786458333333
757,WeightedLFU,0.4549153645833333
758,WeightedLFU,0.4295247395833333
759,WeightedLFU,0.4002278645833333
760,WeightedLFU,0.39794921875
761,WeightedLFU,0.42138671875
762,WeightedLFU,0.4236653645833333
763,WeightedLFU,0.4207356770833333
764,WeightedLFU,0.41259765625
765,WeightedLFU,0.4181315104166667
766,WeightedLFU,0.4239908854166667
767,WeightedLFU,0.4222005208333333
768,WeightedLFU,0.4454752604166667
769,WeightedLFU,0.4103190104166667
770,WeightedLFU,0.4337565104166667
771,WeightedLFU,0.4288736979166667
772,WeightedLFU,0.42724609375
773,WeightedLFU,0.4143880208333333
774,WeightedLFU,0.4422200520833333
775,WeightedLFU,0.4267578125
776,WeightedLFU,0.427734375
777,WeightedLFU,0.4132486979166667
778,WeightedLFU,0.4366861979166667
779,WeightedLFU,0.45263671875
780,WeightedLFU,0.4337565104166667
781,WeightedLFU,0.4456380208333333
782,WeightedLFU,0.4422200520833333
783,WeightedLFU,0.43603515625
784,WeightedLFU,0.4290364583333333
785,WeightedLFU,0.4085286458333333
786,WeightedLFU,0.4207356770833333
787,WeightedLFU,0.42333984375
788,WeightedLFU,0.4248046875
789,WeightedLFU,0.4342447916666667
790,WeightedLFU,0.4324544270833333
791,WeightedLFU,0.4200846354166667
792,WeightedLFU,0.4347330729166667
793,WeightedLFU,0.4109700520833333
794,WeightedLFU,0.4195963541666667
795,WeightedLFU,0.4375
796,WeightedLFU,0.4295247395833333
797,WeightedLFU,0.4453125
798,WeightedLFU,0.4344075520833333
799,WeightedLFU,0.4412434895833333
800,WeightedLFU,0.4453125
801,WeightedLFU,0.4295247395833333
802,WeightedLFU,0.42724609375
803,WeightedLFU,0.3912760416666667
804,WeightedLFU,0.4171549479166667
805,WeightedLFU,0.4280598958333333
806,WeightedLFU,0.4318033854166667
807,WeightedLFU,0.39599609375
808,WeightedLFU,0.43896484375
809,WeightedLFU,0.43505859375
810,WeightedLFU,0.4345703125
811,WeightedLFU,0.4202473958333333
812,WeightedLFU,0.4202473958333333
813,WeightedLFU,0.4220377604166667
814,WeightedLFU,0.4384765625
815,WeightedLFU,0.4329427083333333
816,WeightedLFU,0.4205729166666667
817,WeightedLFU,0.4054361979166667
818,WeightedLFU,0.4189453125
819,WeightedLFU,0.3821614583333333
820,WeightedLFU,0.39599609375
821,WeightedLFU,0.4098307291666667
822,WeightedLFU,0.4169921875
823,WeightedLFU,0.40625
824,WeightedLFU,0.4290364583333333
825,WeightedLFU,0.4280598958333333
826,WeightedLFU,0.4212239583333333
827,WeightedLFU,0.4153645833333333
828,WeightedLFU,0.42626953125
829,WeightedLFU,0.38916015625
830,WeightedLFU,0.4054361979166667
831,WeightedLFU,0.4205729166666667
832,WeightedLFU,0.41650390625
833,WeightedLFU,0.4073893229166667
834,WeightedLFU,0.43701171875
835,WeightedLFU,0.4519856770833333
836,WeightedLFU,0.4562174479166667
837,WeightedLFU,0.45947265625
838,WeightedLFU,0.4466145833333333
839,WeightedLFU,0.4158528645833333
840,WeightedLFU,0.4357096354166667
841,WeightedLFU,0.4239908854166667
842,WeightedLFU,0.4241536458333333
843,WeightedLFU,0.42822265625
844,WeightedLFU,0.4103190104166667
845,WeightedLFU,0.3977864583333333
846,WeightedLFU,0.4251302083333333
847,WeightedLFU,0.3855794270833333
848,WeightedLFU,0.4046223958333333
849,WeightedLFU,0.4083658854166667
850,WeightedLFU,0.43310546875
851,WeightedLFU,0.4239908854166667
852,WeightedLFU,0.4278971354166667
853,WeightedLFU,0.4235026041666667
854,WeightedLFU,0.43798828125
855,WeightedLFU,0.3997395833333333
856,WeightedLFU,0.4200846354166667
857,WeightedLFU,0.4152018229166667
858,WeightedLFU,0.4230143229166667
859,WeightedLFU,0.43505859375
860,WeightedLFU,0.4484049479166667
861,WeightedLFU,0.4228515625
862,WeightedLFU,0.4095052083333333
863,WeightedLFU,0.4249674479166667
864,WeightedLFU,0.4031575520833333
865,WeightedLFU,0.4016927083333333
866,WeightedLFU,0.4152018229166667
867,WeightedLFU,0.4142252604166667
868,WeightedLFU,0.4059244791666667
869,WeightedLFU,0.42041015625
870,WeightedLFU,0.40478515625
871,WeightedLFU,0.3922526041666667
872,WeightedLFU,0.4166666666666667
873,WeightedLFU,0.40625
874,WeightedLFU,0.4278971354166667
875,WeightedLFU,0.4443359375
876,WeightedLFU,0.4466145833333333
877,WeightedLFU,0.4420572916666667
878,WeightedLFU,0.46142578125
879,WeightedLFU,0.4402669270833333
880,WeightedLFU,0.4383138020833333
881,WeightedLFU,0.4178059895833333
882,WeightedLFU,0.4265950520833333
883,WeightedLFU,0.4479166666666667
884,WeightedLFU,0.42919921875
885,WeightedLFU,0.4484049479166667
886,WeightedLFU,0.4358723958333333
887,WeightedLFU,0.42578125
888,WeightedLFU,0.4581705729166667
889,WeightedLFU,0.4264322916666667
890,WeightedLFU,0.4466145833333333
891,WeightedLFU,0.4441731770833333
892,WeightedLFU,0.4441731770833333
893,WeightedLFU,0.4080403645833333
894,WeightedLFU,0.4264322916666667
895,WeightedLFU,0.3938802083333333
896,WeightedLFU,0.4049479166666667
897,WeightedLFU,0.4132486979166667
898,WeightedLFU,0.4241536458333333
899,WeightedLFU,0.4401041666666667
900,WeightedLFU,0.4365234375
901,WeightedLFU,0.46240234375
902,WeightedLFU,0.4383138020833333
903,WeightedLFU,0.4431966145833333
904,WeightedLFU,0.45068359375
905,WeightedLFU,0.44140625
906,WeightedLFU,0.4344075520833333
907,WeightedLFU,0.42919921875
908,WeightedLFU,0.423828125
909,WeightedLFU,0.4283854166666667
910,WeightedLFU,0.42529296875
911,WeightedLFU,0.416015625
912,WeightedLFU,0.4191080729166667
913,WeightedLFU,0.41015625
914,WeightedLFU,0.4293619791666667
915,WeightedLFU,0.4348958333333333
916,WeightedLFU,0.4376627604166667
917,WeightedLFU,0.45166015625
918,WeightedLFU,0.4318033854166667
919,WeightedLFU,0.4295247395833333
920,WeightedLFU,0.4324544270833333
921,WeightedLFU,0.4298502604166667
922,WeightedLFU,0.4431966145833333
923,WeightedLFU,0.4637044270833333
924,WeightedLFU,0.4552408854166667
925,WeightedLFU,0.46728515625
926,WeightedLFU,0.4593098958333333
927,WeightedLFU,0.4586588541666667
928,WeightedLFU,0.4505208333333333
929,WeightedLFU,0.4129231770833333
930,WeightedLFU,0.4552408854166667
931,WeightedLFU,0.43408203125
932,WeightedLFU,0.4383138020833333
933,WeightedLFU,0.4176432291666667
934,WeightedLFU,0.4371744791666667
935,WeightedLFU,0.4230143229166667
936,WeightedLFU,0.4117838541666667
937,WeightedLFU,0.4192708333333333
938,WeightedLFU,0.4075520833333333
939,WeightedLFU,0.412109375
940,WeightedLFU,0.4085286458333333
941,WeightedLFU,0.4132486979166667
942,WeightedLFU,0.4210611979166667
943,WeightedLFU,0.3883463541666667
944,WeightedLFU,0.3981119791666667
945,WeightedLFU,0.40673828125
946,WeightedLFU,0.4259440104166667
947,WeightedLFU,0.4215494791666667
948,WeightedLFU,0.4309895833333333
949,WeightedLFU,0.40771484375
950,WeightedLFU,0.42626953125
951,WeightedLFU,0.4200846354166667
952,WeightedLFU,0.4444986979166667
953,WeightedLFU,0.41357421875
954,WeightedLFU,0.44482421875
955,WeightedLFU,0.4431966145833333
956,WeightedLFU,0.4361979166666667
957,WeightedLFU,0.4542643229166667
958,WeightedLFU,0.4305013020833333
959,WeightedLFU,0.4129231770833333
960,WeightedLFU,0.4153645833333333
961,WeightedLFU,0.4124348958333333
962,WeightedLFU,0.40966796875
963,WeightedLFU,0.4246419270833333
964,WeightedLFU,0.4376627604166667
965,WeightedLFU,0.4274088541666667
966,WeightedLFU,0.431640625
967,WeightedLFU,0.4109700520833333
968,WeightedLFU,0.4303385416666667
969,WeightedLFU,0.3880208333333333
970,WeightedLFU,0.41796875
971,WeightedLFU,0.4244791666666667
972,WeightedLFU,0.42919921875
973,WeightedLFU,0.4205729166666667
974,WeightedLFU,0.4265950520833333
975,WeightedLFU,0.4244791666666667
976,WeightedLFU,0.439453125
977,WeightedLFU,0.4288736979166667
978,WeightedLFU,0.44189453125
979,WeightedLFU,0.4521484375
980,WeightedLFU,0.43359375
981,WeightedLFU,0.44921875
982,WeightedLFU,0.45263671875
983,WeightedLFU,0.4220377604166667
984,WeightedLFU,0.416015625
985,WeightedLFU,0.4065755208333333
986,WeightedLFU,0.4366861979166667
987,WeightedLFU,0.4361979166666667
988,WeightedLFU,0.4443359375
989,WeightedLFU,0.4705403645833333
990,WeightedLFU,0.4685872395833333
991,WeightedLFU,0.4446614583333333
992,WeightedLFU,0.45068359375
993,WeightedLFU,0.4371744791666667
994,WeightedLFU,0.4347330729166667
995,WeightedLFU,0.43359375
996,WeightedLFU,0.4365234375
997,WeightedLFU,0.4510091145833333
998,WeightedLFU,0.4275716145833333
999,WeightedLFU,0.4392903645833333
1000,WeightedLFU,0.43408203125
1001,WeightedLFU,0.4443359375
1002,WeightedLFU,0.4539388020833333
1003,WeightedLFU,0.4435221354166667
1004,WeightedLFU,0.43115234375
1005,WeightedLFU,0.4306640625
1006,WeightedLFU,0.4558919270833333
1007,WeightedLFU,0.4444986979166667
1008,WeightedLFU,0.4471028645833333
1009,WeightedLFU,0.4495442708333333
1010,WeightedLFU,0.4690755208333333
1011,WeightedLFU,0.455078125
1012,WeightedLFU,0.4583333333333333
1013,WeightedLFU,0.4762369791666667
1014,WeightedLFU,0.44873046875
1015,WeightedLFU,0.4397786458333333
1016,WeightedLFU,0.4332682291666667
1017,WeightedLFU,0.4422200520833333
1018,WeightedLFU,0.4650065104166667
1019,WeightedLFU,0.4557291666666667
1020,WeightedLFU,0.4327799479166667
1021,WeightedLFU,0.4283854166666667
1022,WeightedLFU,0.44921875
1023,WeightedLFU,0.44189453125
3,THER,0.4064127604166667
4,THER,0.3839518229166667
5,THER,0.40283203125
6,THER,0.4210611979166667
7,THER,0.4142252604166667
8,THER,0.4251302083333333
9,THER,0.3898111979166667
10,THER,0.3810221354166667
11,THER,0.3990885416666667
12,THER,0.4168294270833333
13,THER,0.3987630208333333
14,THER,0.4132486979166667
15,THER,0.4441731770833333
16,THER,0.396484375
17,THER,0.4033203125
18,THER,0.42236328125
19,THER,0.4420572916666667
20,THER,0.3946940104166667
21,THER,0.3839518229166667
22,THER,0.39990234375
23,THER,0.4337565104166667
24,THER,0.4249674479166667
25,THER,0.3751627604166667
26,THER,0.3916015625
27,THER,0.4091796875
28,THER,0.3927408854166667
29,THER,0.4280598958333333
30,THER,0.45654296875
31,THER,0.4353841145833333
32,THER,0.4298502604166667
33,THER,0.4171549479166667
34,THER,0.4070638020833333
35,THER,0.43359375
36,THER,0.43359375
37,THER,0.4130859375
38,THER,0.40966796875
39,THER,0.4171549479166667
40,THER,0.419921875
41,THER,0.4005533854166667
42,THER,0.3899739583333333
43,THER,0.43115234375
44,THER,0.40185546875
45,THER,0.3943684895833333
46,THER,0.4182942708333333
47,THER,0.3857421875
48,THER,0.4127604166666667
49,THER,0.41259765625
50,THER,0.4119466145833333
51,THER,0.4080403645833333
52,THER,0.3933919270833333
53,THER,0.4275716145833333
54,THER,0.451171875
55,THER,0.4021809895833333
56,THER,0.3982747395833333
57,THER,0.4041341145833333
58,THER,0.4173177083333333
59,THER,0.4423828125
60,THER,0.4099934895833333
61,THER,0.3828125
62,THER,0.4070638020833333
63,THER,0.3702799479166667
64,THER,0.3904622395833333
65,THER,0.3819986979166667
66,THER,0.380859375
67,THER,0.3772786458333333
68,THER,0.3673502604166667
69,THER,0.3756510416666667
70,THER,0.3619791666666667
71,THER,0.3564453125
72,THER,0.3518880208333333
73,THER,0.3699544270833333
74,THER,0.4034830729166667
75,THER,0.41455078125
76,THER,0.4161783854166667
77,THER,0.38818359375
78,THER,0.41845703125
79,THER,0.41015625
80,THER,0.4373372395833333
81,THER,0.41650390625
82,THER,0.4230143229166667
83,THER,0.4280598958333333
84,THER,0.40869140625
85,THER,0.3995768229166667
86,THER,0.3922526041666667
87,THER,0.3902994791666667
88,THER,0.3987630208333333
89,THER,0.4191080729166667
90,THER,0.4484049479166667
91,THER,0.4558919270833333
92,THER,0.4444986979166667
93,THER,0.431640625
94,THER,0.4524739583333333
95,THER,0.44580078125
96,THER,0.4178059895833333
97,THER,0.4415690104166667
98,THER,0.4228515625
99,THER,0.4303385416666667
100,THER,0.419921875
101,THER,0.42138671875
102,THER,0.4171549479166667
103,THER,0.4230143229166667
104,THER,0.3955078125
105,THER,0.42724609375
106,THER,0.4150390625
107,THER,0.4344075520833333
108,THER,0.3966471354166667
109,THER,0.39697265625
110,THER,0.4235026041666667
111,THER,0.4513346354166667
112,THER,0.4226888020833333
113,THER,0.3870442708333333
114,THER,0.4036458333333333
115,THER,0.404296875
116,THER,0.3756510416666667
117,THER,0.3982747395833333
118,THER,0.3828125
119,THER,0.3575846354166667
120,THER,0.3857421875
121,THER,0.3668619791666667
122,THER,0.3824869791666667
123,THER,0.4326171875
124,THER,0.4142252604166667
125,THER,0.4015299479166667
126,THER,0.4112955729166667
127,THER,0.404296875
128,THER,0.3909505208333333
129,THER,0.4007161458333333
130,THER,0.3756510416666667
131,THER,0.42236328125
132,THER,0.38525390625
133,THER,0.3673502604166667
134,THER,0.3811848958333333
135,THER,0.4200846354166667
136,THER,0.4044596354166667
137,THER,0.4083658854166667
138,THER,0.4210611979166667
139,THER,0.4236653645833333
140,THER,0.4073893229166667
141,THER,0.3798828125
142,THER,0.3948567708333333
143,THER,0.3893229166666667
144,THER,0.3997395833333333
145,THER,0.4034830729166667
146,THER,0.40283203125
147,THER,0.4192708333333333
148,THER,0.4163411458333333
149,THER,0.4353841145833333
150,THER,0.43798828125
151,THER,0.4319661458333333
152,THER,0.4322916666666667
153,THER,0.4080403645833333
154,THER,0.4140625
155,THER,0.4303385416666667
156,THER,0.3994140625
157,THER,0.3961588541666667
158,THER,0.4228515625
159,THER,0.3787434895833333
160,THER,0.37158203125
161,THER,0.38134765625
162,THER,0.3839518229166667
163,THER,0.3976236979166667
164,THER,0.3748372395833333
165,THER,0.3927408854166667
166,THER,0.4108072916666667
167,THER,0.4191080729166667
168,THER,0.40185546875
169,THER,0.41796875
170,THER,0.42626953125
171,THER,0.4303385416666667
172,THER,0.40625
173,THER,0.3876953125
174,THER,0.4054361979166667
175,THER,0.40478515625
176,THER,0.4000651041666667
177,THER,0.3753255208333333
178,THER,0.39013671875
179,THER,0.4078776041666667
180,THER,0.3761393229166667
181,THER,0.400390625
182,THER,0.3863932291666667
183,THER,0.3904622395833333
184,THER,0.408203125
185,THER,0.396484375
186,THER,0.41015625
187,THER,0.4231770833333333
188,THER,0.4075520833333333
189,THER,0.4015299479166667
190,THER,0.3797200520833333
191,THER,0.3935546875
192,THER,0.39404296875
193,THER,0.3556315104166667
194,THER,0.3917643229166667
195,THER,0.400390625
196,THER,0.3810221354166667
197,THER,0.40576171875
198,THER,0.3956705729166667
199,THER,0.3937174479166667
200,THER,0.3968098958333333
201,THER,0.3644205729166667
202,THER,0.3981119791666667
203,THER,0.4192708333333333
204,THER,0.3857421875
205,THER,0.40478515625
206,THER,0.4163411458333333
207,THER,0.4306640625
208,THER,0.42138671875
209,THER,0.4122721354166667
210,THER,0.4191080729166667
211,THER,0.4241536458333333
212,THER,0.4459635416666667
213,THER,0.4288736979166667
214,THER,0.4303385416666667
215,THER,0.4005533854166667
216,THER,0.4072265625
217,THER,0.384765625
218,THER,0.3902994791666667
219,THER,0.3961588541666667
220,THER,0.3868815104166667
221,THER,0.39697265625
222,THER,0.3912760416666667
223,THER,0.3748372395833333
224,THER,0.3850911458333333
225,THER,0.3841145833333333
226,THER,0.3811848958333333
227,THER,0.3974609375
228,THER,0.3722330729166667
229,THER,0.365234375
230,THER,0.376953125
231,THER,0.3984375
232,THER,0.3974609375
233,THER,0.40283203125
234,THER,0.4119466145833333
235,THER,0.4134114583333333
236,THER,0.40283203125
237,THER,0.4127604166666667
238,THER,0.4217122395833333
239,THER,0.4274088541666667
240,THER,0.4265950520833333
241,THER,0.4088541666666667
242,THER,0.3883463541666667
243,THER,0.40771484375
244,THER,0.3751627604166667
245,THER,0.4080403645833333
246,THER,0.41796875
247,THER,0.38720703125
248,THER,0.4241536458333333
249,THER,0.3982747395833333
250,THER,0.40185546875
251,THER,0.4138997395833333
252,THER,0.4016927083333333
253,THER,0.39697265625
254,THER,0.4303385416666667
255,THER,0.4344075520833333
256,THER,0.3873697916666667
257,THER,0.3914388020833333
258,THER,0.4034830729166667
259,THER,0.42822265625
260,THER,0.4251302083333333
261,THER,0.4129231770833333
262,THER,0.42919921875
263,THER,0.41552734375
264,THER,0.3875325520833333
265,THER,0.3946940104166667
266,THER,0.4274088541666667
267,THER,0.4265950520833333
268,THER,0.3992513020833333
269,THER,0.3995768229166667
270,THER,0.4021809895833333
271,THER,0.41259765625
272,THER,0.4256184895833333
273,THER,0.3981119791666667
274,THER,0.40185546875
275,THER,0.4225260416666667
276,THER,0.4005533854166667
277,THER,0.37744140625
278,THER,0.3912760416666667
279,THER,0.400390625
280,THER,0.4210611979166667
281,THER,0.3780924479166667
282,THER,0.4205729166666667
283,THER,0.4137369791666667
284,THER,0.3885091145833333
285,THER,0.3935546875
286,THER,0.4150390625
287,THER,0.4166666666666667
288,THER,0.43115234375
289,THER,0.4143880208333333
290,THER,0.4324544270833333
291,THER,0.4142252604166667
292,THER,0.4248046875
293,THER,0.4150390625
294,THER,0.41943359375
295,THER,0.42529296875
296,THER,0.4420572916666667
297,THER,0.4295247395833333
298,THER,0.4173177083333333
299,THER,0.4108072916666667
300,THER,0.3893229166666667
301,THER,0.3982747395833333
302,THER,0.3946940104166667
303,THER,0.3994140625
304,THER,0.4152018229166667
305,THER,0.40283203125
306,THER,0.3767903645833333
307,THER,0.40185546875
308,THER,0.40185546875
309,THER,0.3956705729166667
310,THER,0.4093424479166667
311,THER,0.4007161458333333
312,THER,0.3818359375
313,THER,0.3763020833333333
314,THER,0.4112955729166667
315,THER,0.4329427083333333
316,THER,0.4119466145833333
317,THER,0.4083658854166667
318,THER,0.4148763020833333
319,THER,0.4178059895833333
320,THER,0.41943359375
321,THER,0.4021809895833333
322,THER,0.3924153645833333
323,THER,0.4265950520833333
324,THER,0.4103190104166667
325,THER,0.4353841145833333
326,THER,0.4475911458333333
327,THER,0.4371744791666667
328,THER,0.4200846354166667
329,THER,0.4173177083333333
330,THER,0.4365234375
331,THER,0.4293619791666667
332,THER,0.42041015625
333,THER,0.427734375
334,THER,0.4256184895833333
335,THER,0.4176432291666667
336,THER,0.4055989583333333
337,THER,0.4129231770833333
338,THER,0.400390625
339,THER,0.4248046875
340,THER,0.4098307291666667
341,THER,0.4212239583333333
342,THER,0.4220377604166667
343,THER,0.4212239583333333
344,THER,0.4143880208333333
345,THER,0.40478515625
346,THER,0.4474283854166667
347,THER,0.4480794270833333
348,THER,0.4265950520833333
349,THER,0.4241536458333333
350,THER,0.4339192708333333
351,THER,0.416015625
352,THER,0.4241536458333333
353,THER,0.40087890625
354,THER,0.4010416666666667
355,THER,0.4326171875
356,THER,0.4529622395833333
357,THER,0.41015625
358,THER,0.4103190104166667
359,THER,0.4152018229166667
360,THER,0.4293619791666667
361,THER,0.4091796875
362,THER,0.4259440104166667
363,THER,0.4384765625
364,THER,0.4020182291666667
365,THER,0.4132486979166667
366,THER,0.4246419270833333
367,THER,0.4466145833333333
368,THER,0.4230143229166667
369,THER,0.4150390625
370,THER,0.4112955729166667
371,THER,0.44677734375
372,THER,0.4300130208333333
373,THER,0.4187825520833333
374,THER,0.4210611979166667
375,THER,0.39990234375
376,THER,0.41796875
377,THER,0.4072265625
378,THER,0.4283854166666667
379,THER,0.4334309895833333
380,THER,0.4353841145833333
381,THER,0.4293619791666667
382,THER,0.4088541666666667
383,THER,0.4192708333333333
384,THER,0.392578125
385,THER,0.3995768229166667
386,THER,0.41064453125
387,THER,0.40234375
388,THER,0.4143880208333333
389,THER,0.4119466145833333
390,THER,0.4186197916666667
391,THER,0.4207356770833333
392,THER,0.42431640625
393,THER,0.4265950520833333
394,THER,0.44775390625
395,THER,0.44482421875
396,THER,0.4283854166666667
397,THER,0.4098307291666667
398,THER,0.4156901041666667
399,THER,0.4239908854166667
400,THER,0.412109375
401,THER,0.40380859375
402,THER,0.42041015625
403,THER,0.4226888020833333
404,THER,0.4318033854166667
405,THER,0.4226888020833333
406,THER,0.4124348958333333
407,THER,0.40234375
408,THER,0.41015625
409,THER,0.3883463541666667
410,THER,0.4152018229166667
411,THER,0.4134114583333333
412,THER,0.39306640625
413,THER,0.4210611979166667
414,THER,0.41162109375
415,THER,0.4386393229166667
416,THER,0.4220377604166667
417,THER,0.4208984375
418,THER,0.4288736979166667
419,THER,0.439453125
420,THER,0.41455078125
421,THER,0.4070638020833333
422,THER,0.4274088541666667
423,THER,0.4459635416666667
424,THER,0.44189453125
425,THER,0.4446614583333333
426,THER,0.4313151041666667
427,THER,0.4479166666666667
428,THER,0.45263671875
429,THER,0.4368489583333333
430,THER,0.4295247395833333
431,THER,0.4510091145833333
432,THER,0.4345703125
433,THER,0.40478515625
434,THER,0.39453125
435,THER,0.4142252604166667
436,THER,0.4103190104166667
437,THER,0.4220377604166667
438,THER,0.4287109375
439,THER,0.42138671875
440,THER,0.42431640625
441,THER,0.4181315104166667
442,THER,0.42138671875
443,THER,0.4267578125
444,THER,0.4220377604166667
445,THER,0.4239908854166667
446,THER,0.4337565104166667
447,THER,0.4490559895833333
448,THER,0.4275716145833333
449,THER,0.4305013020833333
450,THER,0.4161783854166667
451,THER,0.4441731770833333
452,THER,0.4388020833333333
453,THER,0.4095052083333333
454,THER,0.4200846354166667
455,THER,0.4078776041666667
456,THER,0.4205729166666667
457,THER,0.4098307291666667
458,THER,0.4270833333333333
459,THER,0.443359375
460,THER,0.42578125
461,THER,0.4246419270833333
462,THER,0.4153645833333333
463,THER,0.447265625
464,THER,0.43017578125
465,THER,0.4288736979166667
466,THER,0.431640625
467,THER,0.4249674479166667
468,THER,0.42333984375
469,THER,0.4337565104166667
470,THER,0.4334309895833333
471,THER,0.4109700520833333
472,THER,0.4241536458333333
473,THER,0.4166666666666667
474,THER,0.431640625
475,THER,0.4404296875
476,THER,0.4075520833333333
477,THER,0.42333984375
478,THER,0.4269205729166667
479,THER,0.4041341145833333
480,THER,0.40576171875
481,THER,0.3863932291666667
482,THER,0.4236653645833333
483,THER,0.44482421875
484,THER,0.423828125
485,THER,0.4231770833333333
486,THER,0.44091796875
487,THER,0.4348958333333333
488,THER,0.4611002604166667
489,THER,0.42724609375
490,THER,0.427734375
491,THER,0.4348958333333333
492,THER,0.40625
493,THER,0.421875
494,THER,0.4345703125
495,THER,0.4493815104166667
496,THER,0.4518229166666667
497,THER,0.4417317708333333
498,THER,0.4558919270833333
499,THER,0.4386393229166667
500,THER,0.4308268229166667
501,THER,0.43017578125
502,THER,0.4430338541666667
503,THER,0.41748046875
504,THER,0.4046223958333333
505,THER,0.3800455729166667
506,THER,0.4080403645833333
507,THER,0.43115234375
508,THER,0.41943359375
509,THER,0.4402669270833333
510,THER,0.4197591145833333
511,THER,0.4401041666666667
512,THER,0.423828125
513,THER,0.4288736979166667
514,THER,0.4332682291666667
515,THER,0.4620768229166667
516,THER,0.4599609375
517,THER,0.4560546875
518,THER,0.4327799479166667
519,THER,0.421875
520,THER,0.4640299479166667
521,THER,0.4407552083333333
522,THER,0.4446614583333333
523,THER,0.45263671875
524,THER,0.4308268229166667
525,THER,0.4630533854166667
526,THER,0.4348958333333333
527,THER,0.4309895833333333
528,THER,0.4475911458333333
529,THER,0.4202473958333333
530,THER,0.4309895833333333
531,THER,0.41796875
532,THER,0.4073893229166667
533,THER,0.4093424479166667
534,THER,0.4119466145833333
535,THER,0.4241536458333333
536,THER,0.43896484375
537,THER,0.427734375
538,THER,0.4396158854166667
539,THER,0.4552408854166667
540,THER,0.4046223958333333
541,THER,0.4226888020833333
542,THER,0.4417317708333333
543,THER,0.4189453125
544,THER,0.400390625
545,THER,0.4169921875
546,THER,0.4132486979166667
547,THER,0.4208984375
548,THER,0.4358723958333333
549,THER,0.4215494791666667
550,THER,0.4132486979166667
551,THER,0.4417317708333333
552,THER,0.4313151041666667
553,THER,0.4093424479166667
554,THER,0.431640625
555,THER,0.4383138020833333
556,THER,0.4287109375
557,THER,0.42431640625
558,THER,0.3987630208333333
559,THER,0.4244791666666667
560,THER,0.42431640625
561,THER,0.4256184895833333
562,THER,0.4098307291666667
563,THER,0.4451497395833333
564,THER,0.4080403645833333
565,THER,0.4212239583333333
566,THER,0.4189453125
567,THER,0.4161783854166667
568,THER,0.439453125
569,THER,0.419921875
570,THER,0.4484049479166667
571,THER,0.4542643229166667
572,THER,0.41796875
573,THER,0.4583333333333333
574,THER,0.4453125
575,THER,0.4410807291666667
576,THER,0.4295247395833333
577,THER,0.4104817708333333
578,THER,0.40869140625
579,THER,0.42333984375
580,THER,0.4111328125
581,THER,0.4083658854166667
582,THER,0.39794921875
583,THER,0.3956705729166667
584,THER,0.4073893229166667
585,THER,0.3946940104166667
586,THER,0.4207356770833333
587,THER,0.44873046875
588,THER,0.4342447916666667
589,THER,0.4404296875
590,THER,0.4436848958333333
591,THER,0.4345703125
592,THER,0.4278971354166667
593,THER,0.4091796875
594,THER,0.4093424479166667
595,THER,0.4344075520833333
596,THER,0.4158528645833333
597,THER,0.41748046875
598,THER,0.4274088541666667
599,THER,0.4158528645833333
600,THER,0.41650390625
601,THER,0.4156901041666667
602,THER,0.4202473958333333
603,THER,0.4532877604166667
604,THER,0.435546875
605,THER,0.4513346354166667
606,THER,0.4274088541666667
607,THER,0.4186197916666667
608,THER,0.4363606770833333
609,THER,0.4064127604166667
610,THER,0.4210611979166667
611,THER,0.4327799479166667
612,THER,0.4625651041666667
613,THER,0.4423828125
614,THER,0.4542643229166667
615,THER,0.4524739583333333
616,THER,0.4397786458333333
617,THER,0.4166666666666667
618,THER,0.4412434895833333
619,THER,0.4503580729166667
620,THER,0.41943359375
621,THER,0.4441731770833333
622,THER,0.4384765625
623,THER,0.4275716145833333
624,THER,0.4119466145833333
625,THER,0.4296875
626,THER,0.44775390625
627,THER,0.4375
628,THER,0.43115234375
629,THER,0.4459635416666667
630,THER,0.4576822916666667
631,THER,0.45068359375
632,THER,0.4454752604166667
633,THER,0.4147135416666667
634,THER,0.42236328125
635,THER,0.4373372395833333
636,THER,0.40966796875
637,THER,0.4300130208333333
638,THER,0.4357096354166667
639,THER,0.4557291666666667
640,THER,0.4554036458333333
641,THER,0.4353841145833333
642,THER,0.4412434895833333
643,THER,0.4529622395833333
644,THER,0.435546875
645,THER,0.4602864583333333
646,THER,0.4669596354166667
647,THER,0.4427083333333333
648,THER,0.4226888020833333
649,THER,0.4226888020833333
650,THER,0.42919921875
651,THER,0.4443359375
652,THER,0.4436848958333333
653,THER,0.4423828125
654,THER,0.4187825520833333
655,THER,0.4462890625
656,THER,0.4568684895833333
657,THER,0.45654296875
658,THER,0.4401041666666667
659,THER,0.447265625
660,THER,0.4305013020833333
661,THER,0.4241536458333333
662,THER,0.45751953125
663,THER,0.4327799479166667
664,THER,0.4441731770833333
665,THER,0.4560546875
666,THER,0.4254557291666667
667,THER,0.458984375
668,THER,0.4059244791666667
669,THER,0.4332682291666667
670,THER,0.4410807291666667
671,THER,0.4519856770833333
672,THER,0.4464518229166667
673,THER,0.4270833333333333
674,THER,0.4630533854166667
675,THER,0.4814453125
676,THER,0.4415690104166667
677,THER,0.4474283854166667
678,THER,0.47119140625
679,THER,0.42626953125
680,THER,0.46435546875
681,THER,0.4254557291666667
682,THER,0.45556640625
683,THER,0.4734700520833333
684,THER,0.4326171875
685,THER,0.4484049479166667
686,THER,0.4560546875
687,THER,0.45361328125
688,THER,0.4503580729166667
689,THER,0.4295247395833333
690,THER,0.4365234375
691,THER,0.4845377604166667
692,THER,0.4568684895833333
693,THER,0.4588216145833333
694,THER,0.4417317708333333
695,THER,0.4606119791666667
696,THER,0.4314778645833333
697,THER,0.44384765625
698,THER,0.4518229166666667
699,THER,0.4658203125
700,THER,0.435546875
701,THER,0.4622395833333333
702,THER,0.4500325520833333
703,THER,0.4607747395833333
704,THER,0.4365234375
705,THER,0.4153645833333333
706,THER,0.4410807291666667
707,THER,0.4334309895833333
708,THER,0.4573567708333333
709,THER,0.4798177083333333
710,THER,0.4685872395833333
711,THER,0.4381510416666667
712,THER,0.4519856770833333
713,THER,0.4187825520833333
714,THER,0.4417317708333333
715,THER,0.4720052083333333
716,THER,0.4417317708333333
717,THER,0.4611002604166667
718,THER,0.4641927083333333
719,THER,0.4562174479166667
720,THER,0.4435221354166667
721,THER,0.4384765625
722,THER,0.44677734375
723,THER,0.4640299479166667
724,THER,0.4392903645833333
725,THER,0.4542643229166667
726,THER,0.4475911458333333
727,THER,0.4287109375
728,THER,0.43115234375
729,THER,0.4130859375
730,THER,0.4251302083333333
731,THER,0.43798828125
732,THER,0.4091796875
733,THER,0.4298502604166667
734,THER,0.4261067708333333
735,THER,0.4306640625
736,THER,0.44140625
737,THER,0.4112955729166667
738,THER,0.4423828125
739,THER,0.4326171875
740,THER,0.4322916666666667
741,THER,0.4303385416666667
742,THER,0.4410807291666667
743,THER,0.4567057291666667
744,THER,0.4593098958333333
745,THER,0.4488932291666667
746,THER,0.439453125
747,THER,0.4609375
748,THER,0.4495442708333333
749,THER,0.4130859375
750,THER,0.4278971354166667
751,THER,0.4112955729166667
752,THER,0.4363606770833333
753,THER,0.4200846354166667
754,THER,0.4588216145833333
755,THER,0.4697265625
756,THER,0.4519856770833333
757,THER,0.4677734375
758,THER,0.4519856770833333
759,THER,0.4186197916666667
760,THER,0.4130859375
761,THER,0.4288736979166667
762,THER,0.4264322916666667
763,THER,0.4597981770833333
764,THER,0.4365234375
765,THER,0.4480794270833333
766,THER,0.4513346354166667
767,THER,0.4505208333333333
768,THER,0.4635416666666667
769,THER,0.4469401041666667
770,THER,0.43017578125
771,THER,0.4619140625
772,THER,0.4309895833333333
773,THER,0.41162109375
774,THER,0.4601236979166667
775,THER,0.4383138020833333
776,THER,0.43408203125
777,THER,0.4176432291666667
778,THER,0.43310546875
779,THER,0.4685872395833333
780,THER,0.4402669270833333
781,THER,0.46044921875
782,THER,0.4518229166666667
783,THER,0.45556640625
784,THER,0.44140625
785,THER,0.4197591145833333
786,THER,0.4319661458333333
787,THER,0.455078125
788,THER,0.4459635416666667
789,THER,0.4493815104166667
790,THER,0.4488932291666667
791,THER,0.4342447916666667
792,THER,0.4220377604166667
793,THER,0.3995768229166667
794,THER,0.4055989583333333
795,THER,0.44580078125
796,THER,0.4415690104166667
797,THER,0.4508463541666667
798,THER,0.42919921875
799,THER,0.4654947916666667
800,THER,0.45703125
801,THER,0.4280598958333333
802,THER,0.4278971354166667
803,THER,0.4305013020833333
804,THER,0.4241536458333333
805,THER,0.4518229166666667
806,THER,0.4373372395833333
807,THER,0.4259440104166667
808,THER,0.45947265625
809,THER,0.4622395833333333
810,THER,0.45703125
811,THER,0.4518229166666667
812,THER,0.4345703125
813,THER,0.4451497395833333
814,THER,0.4449869791666667
815,THER,0.443359375
816,THER,0.4488932291666667
817,THER,0.4034830729166667
818,THER,0.43798828125
819,THER,0.4065755208333333
820,THER,0.4222005208333333
821,THER,0.4278971354166667
822,THER,0.435546875
823,THER,0.4451497395833333
824,THER,0.43505859375
825,THER,0.443359375
826,THER,0.4415690104166667
827,THER,0.4596354166666667
828,THER,0.4344075520833333
829,THER,0.4280598958333333
830,THER,0.42529296875
831,THER,0.4397786458333333
832,THER,0.42919921875
833,THER,0.4207356770833333
834,THER,0.44189453125
835,THER,0.4801432291666667
836,THER,0.4677734375
837,THER,0.4736328125
838,THER,0.4627278645833333
839,THER,0.443359375
840,THER,0.455078125
841,THER,0.4295247395833333
842,THER,0.4309895833333333
843,THER,0.45361328125
844,THER,0.431640625
845,THER,0.4309895833333333
846,THER,0.4280598958333333
847,THER,0.4158528645833333
848,THER,0.4347330729166667
849,THER,0.4182942708333333
850,THER,0.4459635416666667
851,THER,0.45361328125
852,THER,0.4401041666666667
853,THER,0.4283854166666667
854,THER,0.4443359375
855,THER,0.4298502604166667
856,THER,0.4269205729166667
857,THER,0.42626953125
858,THER,0.4339192708333333
859,THER,0.4622395833333333
860,THER,0.4620768229166667
861,THER,0.44384765625
862,THER,0.42919921875
863,THER,0.4518229166666667
864,THER,0.42138671875
865,THER,0.4283854166666667
866,THER,0.4259440104166667
867,THER,0.4435221354166667
868,THER,0.4329427083333333
869,THER,0.4186197916666667
870,THER,0.4138997395833333
871,THER,0.4158528645833333
872,THER,0.4295247395833333
873,THER,0.4020182291666667
874,THER,0.4410807291666667
875,THER,0.4654947916666667
876,THER,0.45263671875
877,THER,0.4459635416666667
878,THER,0.4654947916666667
879,THER,0.4571940104166667
880,THER,0.455078125
881,THER,0.423828125
882,THER,0.43896484375
883,THER,0.46630859375
884,THER,0.4337565104166667
885,THER,0.4641927083333333
886,THER,0.4410807291666667
887,THER,0.4510091145833333
888,THER,0.4656575520833333
889,THER,0.43212890625
890,THER,0.4558919270833333
891,THER,0.484375
892,THER,0.4544270833333333
893,THER,0.4376627604166667
894,THER,0.4451497395833333
895,THER,0.4309895833333333
896,THER,0.4405924479166667
897,THER,0.40771484375
898,THER,0.4456380208333333
899,THER,0.47021484375
900,THER,0.4656575520833333
901,THER,0.4827473958333333
902,THER,0.4656575520833333
903,THER,0.4599609375
904,THER,0.4694010416666667
905,THER,0.4635416666666667
906,THER,0.4619140625
907,THER,0.4798177083333333
908,THER,0.43212890625
909,THER,0.4658203125
910,THER,0.4423828125
911,THER,0.4484049479166667
912,THER,0.4583333333333333
913,THER,0.4274088541666667
914,THER,0.44091796875
915,THER,0.4632161458333333
916,THER,0.4461263020833333
917,THER,0.4558919270833333
918,THER,0.4217122395833333
919,THER,0.44775390625
920,THER,0.4376627604166667
921,THER,0.42431640625
922,THER,0.4451497395833333
923,THER,0.4674479166666667
924,THER,0.4656575520833333
925,THER,0.4684244791666667
926,THER,0.4659830729166667
927,THER,0.4793294270833333
928,THER,0.46142578125
929,THER,0.4249674479166667
930,THER,0.4576822916666667
931,THER,0.4619140625
932,THER,0.4645182291666667
933,THER,0.443359375
934,THER,0.44921875
935,THER,0.4490559895833333
936,THER,0.4334309895833333
937,THER,0.4231770833333333
938,THER,0.42626953125
939,THER,0.4567057291666667
940,THER,0.4259440104166667
941,THER,0.4337565104166667
942,THER,0.4505208333333333
943,THER,0.4202473958333333
944,THER,0.43115234375
945,THER,0.4337565104166667
946,THER,0.4558919270833333
947,THER,0.458984375
948,THER,0.43701171875
949,THER,0.4230143229166667
950,THER,0.431640625
951,THER,0.4322916666666667
952,THER,0.4444986979166667
953,THER,0.4117838541666667
954,THER,0.4365234375
955,THER,0.4671223958333333
956,THER,0.4490559895833333
957,THER,0.4720052083333333
958,THER,0.4444986979166667
959,THER,0.4430338541666667
960,THER,0.4278971354166667
961,THER,0.4427083333333333
962,THER,0.4365234375
963,THER,0.4739583333333333
964,THER,0.4638671875
965,THER,0.44970703125
966,THER,0.4363606770833333
967,THER,0.4318033854166667
968,THER,0.4612630208333333
969,THER,0.4112955729166667
970,THER,0.42919921875
971,THER,0.4480794270833333
972,THER,0.4357096354166667
973,THER,0.4391276041666667
974,THER,0.4392903645833333
975,THER,0.44482421875
976,THER,0.46728515625
977,THER,0.4344075520833333
978,THER,0.4580078125
979,THER,0.4972330729166667
980,THER,0.4261067708333333
981,THER,0.4645182291666667
982,THER,0.4715169270833333
983,THER,0.4474283854166667
984,THER,0.4384765625
985,THER,0.4314778645833333
986,THER,0.4392903645833333
987,THER,0.4671223958333333
988,THER,0.4562174479166667
989,THER,0.4881184895833333
990,THER,0.4689127604166667
991,THER,0.46240234375
992,THER,0.4650065104166667
993,THER,0.4431966145833333
994,THER,0.44775390625
995,THER,0.4607747395833333
996,THER,0.4521484375
997,THER,0.4596354166666667
998,THER,0.4425455729166667
999,THER,0.4436848958333333
1000,THER,0.45361328125
1001,THER,0.44140625
1002,THER,0.4562174479166667
1003,THER,0.4700520833333333
1004,THER,0.4226888020833333
1005,THER,0.45458984375
1006,THER,0.4669596354166667
1007,THER,0.4724934895833333
1008,THER,0.4646809895833333
1009,THER,0.4664713541666667
1010,THER,0.4811197916666667
1011,THER,0.4816080729166667
1012,THER,0.4676106770833333
1013,THER,0.47216796875
1014,THER,0.4488932291666667
1015,THER,0.45654296875
1016,THER,0.4451497395833333
1017,THER,0.4384765625
1018,THER,0.4734700520833333
1019,THER,0.4739583333333333
1020,THER,0.4376627604166667
1021,THER,0.4345703125
1022,THER,0.4567057291666667
1023,THER,0.4768880208333333
3,Oracle,0.4109700520833333
4,Oracle,0.4422200520833333
5,Oracle,0.443359375
6,Oracle,0.4396158854166667
7,Oracle,0.4254557291666667
8,Oracle,0.4464518229166667
9,Oracle,0.4075520833333333
10,Oracle,0.4029947916666667
11,Oracle,0.4129231770833333
12,Oracle,0.43310546875
13,Oracle,0.4308268229166667
14,Oracle,0.4332682291666667
15,Oracle,0.4488932291666667
16,Oracle,0.4361979166666667
17,Oracle,0.45361328125
18,Oracle,0.4485677083333333
19,Oracle,0.4480794270833333
20,Oracle,0.43115234375
21,Oracle,0.4456380208333333
22,Oracle,0.4391276041666667
23,Oracle,0.4503580729166667
24,Oracle,0.44775390625
25,Oracle,0.3927408854166667
26,Oracle,0.416015625
27,Oracle,0.41748046875
28,Oracle,0.4228515625
29,Oracle,0.4479166666666667
30,Oracle,0.4845377604166667
31,Oracle,0.4436848958333333
32,Oracle,0.451171875
33,Oracle,0.4625651041666667
34,Oracle,0.4383138020833333
35,Oracle,0.4264322916666667
36,Oracle,0.4402669270833333
37,Oracle,0.4606119791666667
38,Oracle,0.45947265625
39,Oracle,0.4539388020833333
40,Oracle,0.4630533854166667
41,Oracle,0.4329427083333333
42,Oracle,0.4208984375
43,Oracle,0.4410807291666667
44,Oracle,0.4181315104166667
45,Oracle,0.4119466145833333
46,Oracle,0.4326171875
47,Oracle,0.3933919270833333
48,Oracle,0.4295247395833333
49,Oracle,0.4264322916666667
50,Oracle,0.4283854166666667
51,Oracle,0.40673828125
52,Oracle,0.40673828125
53,Oracle,0.4461263020833333
54,Oracle,0.4747721354166667
55,Oracle,0.4152018229166667
56,Oracle,0.4264322916666667
57,Oracle,0.4288736979166667
58,Oracle,0.4318033854166667
59,Oracle,0.4423828125
60,Oracle,0.4469401041666667
61,Oracle,0.4181315104166667
62,Oracle,0.4267578125
63,Oracle,0.3746744791666667
64,Oracle,0.4078776041666667
65,Oracle,0.4046223958333333
66,Oracle,0.3990885416666667
67,Oracle,0.3854166666666667
68,Oracle,0.3963216145833333
69,Oracle,0.40234375
70,Oracle,0.4075520833333333
71,Oracle,0.37548828125
72,Oracle,0.3865559895833333
73,Oracle,0.4029947916666667
74,Oracle,0.4381510416666667
75,Oracle,0.44189453125
76,Oracle,0.4358723958333333
77,Oracle,0.4391276041666667
78,Oracle,0.44189453125
79,Oracle,0.42333984375
80,Oracle,0.4734700520833333
81,Oracle,0.4410807291666667
82,Oracle,0.4339192708333333
83,Oracle,0.4381510416666667
84,Oracle,0.4226888020833333
85,Oracle,0.4324544270833333
86,Oracle,0.4222005208333333
87,Oracle,0.4039713541666667
88,Oracle,0.421875
89,Oracle,0.4388020833333333
90,Oracle,0.4630533854166667
91,Oracle,0.4640299479166667
92,Oracle,0.4793294270833333
93,Oracle,0.45166015625
94,Oracle,0.4752604166666667
95,Oracle,0.45556640625
96,Oracle,0.4319661458333333
97,Oracle,0.4568684895833333
98,Oracle,0.4347330729166667
99,Oracle,0.44287109375
100,Oracle,0.4482421875
101,Oracle,0.4532877604166667
102,Oracle,0.4376627604166667
103,Oracle,0.423828125
104,Oracle,0.4197591145833333
105,Oracle,0.4573567708333333
106,Oracle,0.4290364583333333
107,Oracle,0.4576822916666667
108,Oracle,0.42822265625
109,Oracle,0.42236328125
110,Oracle,0.4300130208333333
111,Oracle,0.4571940104166667
112,Oracle,0.4396158854166667
113,Oracle,0.4026692708333333
114,Oracle,0.4156901041666667
115,Oracle,0.4191080729166667
116,Oracle,0.4098307291666667
117,Oracle,0.4169921875
118,Oracle,0.3917643229166667
119,Oracle,0.37646484375
120,Oracle,0.4147135416666667
121,Oracle,0.3990885416666667
122,Oracle,0.4052734375
123,Oracle,0.4371744791666667
124,Oracle,0.43701171875
125,Oracle,0.427734375
126,Oracle,0.4319661458333333
127,Oracle,0.4259440104166667
128,Oracle,0.4158528645833333
129,Oracle,0.4269205729166667
130,Oracle,0.4054361979166667
131,Oracle,0.4215494791666667
132,Oracle,0.4222005208333333
133,Oracle,0.39306640625
134,Oracle,0.4111328125
135,Oracle,0.43408203125
136,Oracle,0.4339192708333333
137,Oracle,0.4305013020833333
138,Oracle,0.4435221354166667
139,Oracle,0.4363606770833333
140,Oracle,0.4195963541666667
141,Oracle,0.3953450520833333
142,Oracle,0.4103190104166667
143,Oracle,0.3859049479166667
144,Oracle,0.4210611979166667
145,Oracle,0.4290364583333333
146,Oracle,0.4270833333333333
147,Oracle,0.42529296875
148,Oracle,0.43017578125
149,Oracle,0.45751953125
150,Oracle,0.451171875
151,Oracle,0.4376627604166667
152,Oracle,0.4519856770833333
153,Oracle,0.4352213541666667
154,Oracle,0.4357096354166667
155,Oracle,0.4305013020833333
156,Oracle,0.421875
157,Oracle,0.4210611979166667
158,Oracle,0.4436848958333333
159,Oracle,0.40576171875
160,Oracle,0.4134114583333333
161,Oracle,0.412109375
162,Oracle,0.41162109375
163,Oracle,0.4080403645833333
164,Oracle,0.3951822916666667
165,Oracle,0.41650390625
166,Oracle,0.4327799479166667
167,Oracle,0.4298502604166667
168,Oracle,0.41943359375
169,Oracle,0.4353841145833333
170,Oracle,0.44189453125
171,Oracle,0.4488932291666667
172,Oracle,0.4197591145833333
173,Oracle,0.4007161458333333
174,Oracle,0.4239908854166667
175,Oracle,0.40966796875
176,Oracle,0.4099934895833333
177,Oracle,0.3942057291666667
178,Oracle,0.4122721354166667
179,Oracle,0.41162109375
180,Oracle,0.4016927083333333
181,Oracle,0.4256184895833333
182,Oracle,0.4069010416666667
183,Oracle,0.3896484375
184,Oracle,0.4265950520833333
185,Oracle,0.4169921875
186,Oracle,0.4246419270833333
187,Oracle,0.4265950520833333
188,Oracle,0.42919921875
189,Oracle,0.4254557291666667
190,Oracle,0.396484375
191,Oracle,0.3956705729166667
192,Oracle,0.4156901041666667
193,Oracle,0.38330078125
194,Oracle,0.4134114583333333
195,Oracle,0.4016927083333333
196,Oracle,0.4015299479166667
197,Oracle,0.43212890625
198,Oracle,0.4217122395833333
199,Oracle,0.39306640625
200,Oracle,0.4122721354166667
201,Oracle,0.4108072916666667
202,Oracle,0.41845703125
203,Oracle,0.4192708333333333
204,Oracle,0.4207356770833333
205,Oracle,0.4208984375
206,Oracle,0.43212890625
207,Oracle,0.4376627604166667
208,Oracle,0.43408203125
209,Oracle,0.4287109375
210,Oracle,0.4353841145833333
211,Oracle,0.4324544270833333
212,Oracle,0.4669596354166667
213,Oracle,0.451171875
214,Oracle,0.4513346354166667
215,Oracle,0.408203125
216,Oracle,0.4285481770833333
217,Oracle,0.4060872395833333
218,Oracle,0.4161783854166667
219,Oracle,0.4083658854166667
220,Oracle,0.4044596354166667
221,Oracle,0.4060872395833333
222,Oracle,0.4134114583333333
223,Oracle,0.3785807291666667
224,Oracle,0.40673828125
225,Oracle,0.4031575520833333
226,Oracle,0.4021809895833333
227,Oracle,0.3937174479166667
228,Oracle,0.38916015625
229,Oracle,0.3878580729166667
230,Oracle,0.4091796875
231,Oracle,0.4104817708333333
232,Oracle,0.4095052083333333
233,Oracle,0.4415690104166667
234,Oracle,0.4384765625
235,Oracle,0.431640625
236,Oracle,0.4327799479166667
237,Oracle,0.4368489583333333
238,Oracle,0.4358723958333333
239,Oracle,0.4290364583333333
240,Oracle,0.4436848958333333
241,Oracle,0.4274088541666667
242,Oracle,0.4140625
243,Oracle,0.4176432291666667
244,Oracle,0.3971354166666667
245,Oracle,0.4208984375
246,Oracle,0.4314778645833333
247,Oracle,0.4036458333333333
248,Oracle,0.45458984375
249,Oracle,0.4401041666666667
250,Oracle,0.4210611979166667
251,Oracle,0.4208984375
252,Oracle,0.4158528645833333
253,Oracle,0.4166666666666667
254,Oracle,0.44970703125
255,Oracle,0.4383138020833333
256,Oracle,0.4070638020833333
257,Oracle,0.4129231770833333
258,Oracle,0.42236328125
259,Oracle,0.43603515625
260,Oracle,0.4412434895833333
261,Oracle,0.4371744791666667
262,Oracle,0.45166015625
263,Oracle,0.4187825520833333
264,Oracle,0.3963216145833333
265,Oracle,0.412109375
266,Oracle,0.4469401041666667
267,Oracle,0.4357096354166667
268,Oracle,0.4182942708333333
269,Oracle,0.4220377604166667
270,Oracle,0.4130859375
271,Oracle,0.4173177083333333
272,Oracle,0.4498697916666667
273,Oracle,0.4228515625
274,Oracle,0.4140625
275,Oracle,0.4332682291666667
276,Oracle,0.4296875
277,Oracle,0.40576171875
278,Oracle,0.41748046875
279,Oracle,0.4127604166666667
280,Oracle,0.4361979166666667
281,Oracle,0.4044596354166667
282,Oracle,0.4261067708333333
283,Oracle,0.4171549479166667
284,Oracle,0.42041015625
285,Oracle,0.40576171875
286,Oracle,0.4378255208333333
287,Oracle,0.4191080729166667
288,Oracle,0.44189453125
289,Oracle,0.4348958333333333
290,Oracle,0.4495442708333333
291,Oracle,0.42236328125
292,Oracle,0.43505859375
293,Oracle,0.4358723958333333
294,Oracle,0.4342447916666667
295,Oracle,0.43505859375
296,Oracle,0.4607747395833333
297,Oracle,0.44970703125
298,Oracle,0.4318033854166667
299,Oracle,0.4130859375
300,Oracle,0.4033203125
301,Oracle,0.43701171875
302,Oracle,0.4285481770833333
303,Oracle,0.40576171875
304,Oracle,0.4366861979166667
305,Oracle,0.42626953125
306,Oracle,0.4010416666666667
307,Oracle,0.4137369791666667
308,Oracle,0.4166666666666667
309,Oracle,0.4142252604166667
310,Oracle,0.4259440104166667
311,Oracle,0.4334309895833333
312,Oracle,0.4256184895833333
313,Oracle,0.4080403645833333
314,Oracle,0.4402669270833333
315,Oracle,0.4383138020833333
316,Oracle,0.4248046875
317,Oracle,0.4332682291666667
318,Oracle,0.4523111979166667
319,Oracle,0.4186197916666667
320,Oracle,0.44384765625
321,Oracle,0.4254557291666667
322,Oracle,0.4156901041666667
323,Oracle,0.4444986979166667
324,Oracle,0.4318033854166667
325,Oracle,0.4475911458333333
326,Oracle,0.46630859375
327,Oracle,0.43896484375
328,Oracle,0.4378255208333333
329,Oracle,0.44189453125
330,Oracle,0.45166015625
331,Oracle,0.44482421875
332,Oracle,0.4332682291666667
333,Oracle,0.43603515625
334,Oracle,0.4514973958333333
335,Oracle,0.4339192708333333
336,Oracle,0.4303385416666667
337,Oracle,0.4342447916666667
338,Oracle,0.4327799479166667
339,Oracle,0.4259440104166667
340,Oracle,0.42529296875
341,Oracle,0.4461263020833333
342,Oracle,0.4410807291666667
343,Oracle,0.4259440104166667
344,Oracle,0.4334309895833333
345,Oracle,0.4215494791666667
346,Oracle,0.4715169270833333
347,Oracle,0.4490559895833333
348,Oracle,0.4427083333333333
349,Oracle,0.4423828125
350,Oracle,0.4508463541666667
351,Oracle,0.4293619791666667
352,Oracle,0.4529622395833333
353,Oracle,0.4298502604166667
354,Oracle,0.4235026041666667
355,Oracle,0.4396158854166667
356,Oracle,0.4700520833333333
357,Oracle,0.4365234375
358,Oracle,0.4246419270833333
359,Oracle,0.4270833333333333
360,Oracle,0.4410807291666667
361,Oracle,0.4259440104166667
362,Oracle,0.4443359375
363,Oracle,0.4529622395833333
364,Oracle,0.42333984375
365,Oracle,0.4347330729166667
366,Oracle,0.4397786458333333
367,Oracle,0.4508463541666667
368,Oracle,0.43994140625
369,Oracle,0.4375
370,Oracle,0.41943359375
371,Oracle,0.4586588541666667
372,Oracle,0.4440104166666667
373,Oracle,0.4314778645833333
374,Oracle,0.4373372395833333
375,Oracle,0.4117838541666667
376,Oracle,0.4440104166666667
377,Oracle,0.4345703125
378,Oracle,0.4542643229166667
379,Oracle,0.4420572916666667
380,Oracle,0.45068359375
381,Oracle,0.4508463541666667
382,Oracle,0.4446614583333333
383,Oracle,0.4366861979166667
384,Oracle,0.42529296875
385,Oracle,0.4280598958333333
386,Oracle,0.4280598958333333
387,Oracle,0.4111328125
388,Oracle,0.4427083333333333
389,Oracle,0.44091796875
390,Oracle,0.4510091145833333
391,Oracle,0.4261067708333333
392,Oracle,0.4490559895833333
393,Oracle,0.4597981770833333
394,Oracle,0.4739583333333333
395,Oracle,0.4661458333333333
396,Oracle,0.4441731770833333
397,Oracle,0.4510091145833333
398,Oracle,0.4490559895833333
399,Oracle,0.4388020833333333
400,Oracle,0.44580078125
401,Oracle,0.4319661458333333
402,Oracle,0.4404296875
403,Oracle,0.4334309895833333
404,Oracle,0.451171875
405,Oracle,0.4558919270833333
406,Oracle,0.44921875
407,Oracle,0.42431640625
408,Oracle,0.4303385416666667
409,Oracle,0.4054361979166667
410,Oracle,0.4300130208333333
411,Oracle,0.41357421875
412,Oracle,0.42626953125
413,Oracle,0.4451497395833333
414,Oracle,0.43017578125
415,Oracle,0.44873046875
416,Oracle,0.4484049479166667
417,Oracle,0.4451497395833333
418,Oracle,0.4376627604166667
419,Oracle,0.4524739583333333
420,Oracle,0.4466145833333333
421,Oracle,0.4327799479166667
422,Oracle,0.4423828125
423,Oracle,0.4656575520833333
424,Oracle,0.4508463541666667
425,Oracle,0.4573567708333333
426,Oracle,0.4690755208333333
427,Oracle,0.4593098958333333
428,Oracle,0.4736328125
429,Oracle,0.451171875
430,Oracle,0.44677734375
431,Oracle,0.4474283854166667
432,Oracle,0.4503580729166667
433,Oracle,0.4475911458333333
434,Oracle,0.4178059895833333
435,Oracle,0.4256184895833333
436,Oracle,0.4280598958333333
437,Oracle,0.44775390625
438,Oracle,0.4401041666666667
439,Oracle,0.4296875
440,Oracle,0.4474283854166667
441,Oracle,0.4319661458333333
442,Oracle,0.4383138020833333
443,Oracle,0.4375
444,Oracle,0.4436848958333333
445,Oracle,0.447265625
446,Oracle,0.453125
447,Oracle,0.44580078125
448,Oracle,0.4547526041666667
449,Oracle,0.45751953125
450,Oracle,0.4381510416666667
451,Oracle,0.4464518229166667
452,Oracle,0.455078125
453,Oracle,0.4342447916666667
454,Oracle,0.43798828125
455,Oracle,0.4371744791666667
456,Oracle,0.4549153645833333
457,Oracle,0.4484049479166667
458,Oracle,0.4635416666666667
459,Oracle,0.4554036458333333
460,Oracle,0.4510091145833333
461,Oracle,0.4567057291666667
462,Oracle,0.4348958333333333
463,Oracle,0.4611002604166667
464,Oracle,0.4581705729166667
465,Oracle,0.4495442708333333
466,Oracle,0.4580078125
467,Oracle,0.4337565104166667
468,Oracle,0.4383138020833333
469,Oracle,0.4524739583333333
470,Oracle,0.4560546875
471,Oracle,0.42138671875
472,Oracle,0.4441731770833333
473,Oracle,0.4430338541666667
474,Oracle,0.4444986979166667
475,Oracle,0.4412434895833333
476,Oracle,0.4305013020833333
477,Oracle,0.44970703125
478,Oracle,0.44970703125
479,Oracle,0.4186197916666667
480,Oracle,0.4189453125
481,Oracle,0.40087890625
482,Oracle,0.4453125
483,Oracle,0.4607747395833333
484,Oracle,0.45556640625
485,Oracle,0.4482421875
486,Oracle,0.4588216145833333
487,Oracle,0.4386393229166667
488,Oracle,0.48974609375
489,Oracle,0.4560546875
490,Oracle,0.4401041666666667
491,Oracle,0.4430338541666667
492,Oracle,0.41552734375
493,Oracle,0.4456380208333333
494,Oracle,0.44775390625
495,Oracle,0.4541015625
496,Oracle,0.47265625
497,Oracle,0.4664713541666667
498,Oracle,0.4700520833333333
499,Oracle,0.4615885416666667
500,Oracle,0.45556640625
501,Oracle,0.4449869791666667
502,Oracle,0.4646809895833333
503,Oracle,0.4293619791666667
504,Oracle,0.4270833333333333
505,Oracle,0.4044596354166667
506,Oracle,0.42724609375
507,Oracle,0.4339192708333333
508,Oracle,0.4381510416666667
509,Oracle,0.46435546875
510,Oracle,0.4427083333333333
511,Oracle,0.44775390625
512,Oracle,0.439453125
513,Oracle,0.4456380208333333
514,Oracle,0.4539388020833333
515,Oracle,0.4680989583333333
516,Oracle,0.4786783854166667
517,Oracle,0.4783528645833333
518,Oracle,0.4513346354166667
519,Oracle,0.435546875
520,Oracle,0.4786783854166667
521,Oracle,0.4646809895833333
522,Oracle,0.4664713541666667
523,Oracle,0.4708658854166667
524,Oracle,0.45751953125
525,Oracle,0.4920247395833333
526,Oracle,0.4539388020833333
527,Oracle,0.4462890625
528,Oracle,0.46630859375
529,Oracle,0.44091796875
530,Oracle,0.4332682291666667
531,Oracle,0.4210611979166667
532,Oracle,0.4314778645833333
533,Oracle,0.4397786458333333
534,Oracle,0.4462890625
535,Oracle,0.4306640625
536,Oracle,0.4544270833333333
537,Oracle,0.4568684895833333
538,Oracle,0.4607747395833333
539,Oracle,0.4612630208333333
540,Oracle,0.4197591145833333
541,Oracle,0.447265625
542,Oracle,0.45947265625
543,Oracle,0.43115234375
544,Oracle,0.4287109375
545,Oracle,0.4293619791666667
546,Oracle,0.4378255208333333
547,Oracle,0.4256184895833333
548,Oracle,0.4611002604166667
549,Oracle,0.4436848958333333
550,Oracle,0.4334309895833333
551,Oracle,0.4501953125
552,Oracle,0.4446614583333333
553,Oracle,0.4220377604166667
554,Oracle,0.4444986979166667
555,Oracle,0.43798828125
556,Oracle,0.4521484375
557,Oracle,0.4488932291666667
558,Oracle,0.4191080729166667
559,Oracle,0.4270833333333333
560,Oracle,0.4547526041666667
561,Oracle,0.4685872395833333
562,Oracle,0.4539388020833333
563,Oracle,0.4637044270833333
564,Oracle,0.4459635416666667
565,Oracle,0.46875
566,Oracle,0.45263671875
567,Oracle,0.4202473958333333
568,Oracle,0.46142578125
569,Oracle,0.43994140625
570,Oracle,0.474609375
571,Oracle,0.4552408854166667
572,Oracle,0.4388020833333333
573,Oracle,0.48291015625
574,Oracle,0.4632161458333333
575,Oracle,0.4431966145833333
576,Oracle,0.4534505208333333
577,Oracle,0.43212890625
578,Oracle,0.4368489583333333
579,Oracle,0.4339192708333333
580,Oracle,0.4348958333333333
581,Oracle,0.4305013020833333
582,Oracle,0.4246419270833333
583,Oracle,0.4122721354166667
584,Oracle,0.4454752604166667
585,Oracle,0.4326171875
586,Oracle,0.4599609375
587,Oracle,0.4578450520833333
588,Oracle,0.4539388020833333
589,Oracle,0.4578450520833333
590,Oracle,0.4674479166666667
591,Oracle,0.4449869791666667
592,Oracle,0.443359375
593,Oracle,0.4337565104166667
594,Oracle,0.4303385416666667
595,Oracle,0.4332682291666667
596,Oracle,0.4353841145833333
597,Oracle,0.4376627604166667
598,Oracle,0.4456380208333333
599,Oracle,0.4259440104166667
600,Oracle,0.439453125
601,Oracle,0.4396158854166667
602,Oracle,0.43701171875
603,Oracle,0.4609375
604,Oracle,0.4580078125
605,Oracle,0.4729817708333333
606,Oracle,0.4510091145833333
607,Oracle,0.4267578125
608,Oracle,0.4537760416666667
609,Oracle,0.4208984375
610,Oracle,0.435546875
611,Oracle,0.44287109375
612,Oracle,0.47998046875
613,Oracle,0.4615885416666667
614,Oracle,0.48095703125
615,Oracle,0.4519856770833333
616,Oracle,0.4542643229166667
617,Oracle,0.43017578125
618,Oracle,0.45166015625
619,Oracle,0.453125
620,Oracle,0.4508463541666667
621,Oracle,0.48291015625
622,Oracle,0.4736328125
623,Oracle,0.4318033854166667
624,Oracle,0.4352213541666667
625,Oracle,0.4386393229166667
626,Oracle,0.4737955729166667
627,Oracle,0.4482421875
628,Oracle,0.45166015625
629,Oracle,0.4694010416666667
630,Oracle,0.4708658854166667
631,Oracle,0.4542643229166667
632,Oracle,0.4680989583333333
633,Oracle,0.4342447916666667
634,Oracle,0.4456380208333333
635,Oracle,0.4417317708333333
636,Oracle,0.4415690104166667
637,Oracle,0.4436848958333333
638,Oracle,0.44921875
639,Oracle,0.4518229166666667
640,Oracle,0.48486328125
641,Oracle,0.4602864583333333
642,Oracle,0.4661458333333333
643,Oracle,0.46630859375
644,Oracle,0.4524739583333333
645,Oracle,0.4767252604166667
646,Oracle,0.48828125
647,Oracle,0.4396158854166667
648,Oracle,0.4495442708333333
649,Oracle,0.4498697916666667
650,Oracle,0.447265625
651,Oracle,0.4508463541666667
652,Oracle,0.4597981770833333
653,Oracle,0.4581705729166667
654,Oracle,0.4396158854166667
655,Oracle,0.4539388020833333
656,Oracle,0.4759114583333333
657,Oracle,0.4794921875
658,Oracle,0.4560546875
659,Oracle,0.4581705729166667
660,Oracle,0.4560546875
661,Oracle,0.4422200520833333
662,Oracle,0.47607421875
663,Oracle,0.451171875
664,Oracle,0.455078125
665,Oracle,0.4679361979166667
666,Oracle,0.4474283854166667
667,Oracle,0.4676106770833333
668,Oracle,0.4373372395833333
669,Oracle,0.4578450520833333
670,Oracle,0.4733072916666667
671,Oracle,0.4521484375
672,Oracle,0.4674479166666667
673,Oracle,0.4503580729166667
674,Oracle,0.47509765625
675,Oracle,0.48779296875
676,Oracle,0.45654296875
677,Oracle,0.4723307291666667
678,Oracle,0.4923502604166667
679,Oracle,0.4366861979166667
680,Oracle,0.4806315104166667
681,Oracle,0.4456380208333333
682,Oracle,0.46923828125
683,Oracle,0.4767252604166667
684,Oracle,0.4508463541666667
685,Oracle,0.4715169270833333
686,Oracle,0.47509765625
687,Oracle,0.4601236979166667
688,Oracle,0.4680989583333333
689,Oracle,0.44384765625
690,Oracle,0.4617513020833333
691,Oracle,0.4886067708333333
692,Oracle,0.4757486979166667
693,Oracle,0.4737955729166667
694,Oracle,0.46484375
695,Oracle,0.4632161458333333
696,Oracle,0.4656575520833333
697,Oracle,0.4632161458333333
698,Oracle,0.4765625
699,Oracle,0.47998046875
700,Oracle,0.47900390625
701,Oracle,0.48193359375
702,Oracle,0.451171875
703,Oracle,0.4679361979166667
704,Oracle,0.4568684895833333
705,Oracle,0.4306640625
706,Oracle,0.4627278645833333
707,Oracle,0.4412434895833333
708,Oracle,0.4767252604166667
709,Oracle,0.4944661458333333
710,Oracle,0.4886067708333333
711,Oracle,0.43505859375
712,Oracle,0.4671223958333333
713,Oracle,0.4449869791666667
714,Oracle,0.4651692708333333
715,Oracle,0.4830729166666667
716,Oracle,0.4597981770833333
717,Oracle,0.4781901041666667
718,Oracle,0.474609375
719,Oracle,0.4651692708333333
720,Oracle,0.4651692708333333
721,Oracle,0.4599609375
722,Oracle,0.4601236979166667
723,Oracle,0.4671223958333333
724,Oracle,0.4567057291666667
725,Oracle,0.47802734375
726,Oracle,0.4646809895833333
727,Oracle,0.443359375
728,Oracle,0.4664713541666667
729,Oracle,0.4344075520833333
730,Oracle,0.4425455729166667
731,Oracle,0.44873046875
732,Oracle,0.4324544270833333
733,Oracle,0.4480794270833333
734,Oracle,0.4462890625
735,Oracle,0.4366861979166667
736,Oracle,0.4617513020833333
737,Oracle,0.42236328125
738,Oracle,0.4571940104166667
739,Oracle,0.4363606770833333
740,Oracle,0.4527994791666667
741,Oracle,0.4615885416666667
742,Oracle,0.4814453125
743,Oracle,0.4611002604166667
744,Oracle,0.4724934895833333
745,Oracle,0.46533203125
746,Oracle,0.4596354166666667
747,Oracle,0.4778645833333333
748,Oracle,0.4728190104166667
749,Oracle,0.4348958333333333
750,Oracle,0.4484049479166667
751,Oracle,0.4288736979166667
752,Oracle,0.4684244791666667
753,Oracle,0.4593098958333333
754,Oracle,0.4783528645833333
755,Oracle,0.4913736979166667
756,Oracle,0.4708658854166667
757,Oracle,0.5029296875
758,Oracle,0.4827473958333333
759,Oracle,0.4246419270833333
760,Oracle,0.43212890625
761,Oracle,0.44677734375
762,Oracle,0.4521484375
763,Oracle,0.474609375
764,Oracle,0.4632161458333333
765,Oracle,0.4752604166666667
766,Oracle,0.4869791666666667
767,Oracle,0.4656575520833333
768,Oracle,0.4900716145833333
769,Oracle,0.46142578125
770,Oracle,0.4542643229166667
771,Oracle,0.46240234375
772,Oracle,0.4697265625
773,Oracle,0.4378255208333333
774,Oracle,0.4777018229166667
775,Oracle,0.4539388020833333
776,Oracle,0.4475911458333333
777,Oracle,0.4430338541666667
778,Oracle,0.4541015625
779,Oracle,0.48583984375
780,Oracle,0.4521484375
781,Oracle,0.48486328125
782,Oracle,0.4816080729166667
783,Oracle,0.45458984375
784,Oracle,0.4703776041666667
785,Oracle,0.4588216145833333
786,Oracle,0.4630533854166667
787,Oracle,0.458984375
788,Oracle,0.4697265625
789,Oracle,0.4876302083333333
790,Oracle,0.48095703125
791,Oracle,0.4397786458333333
792,Oracle,0.4716796875
793,Oracle,0.43896484375
794,Oracle,0.4407552083333333
795,Oracle,0.4500325520833333
796,Oracle,0.443359375
797,Oracle,0.4744466145833333
798,Oracle,0.46630859375
799,Oracle,0.4602864583333333
800,Oracle,0.4912109375
801,Oracle,0.46533203125
802,Oracle,0.4557291666666667
803,Oracle,0.4422200520833333
804,Oracle,0.43798828125
805,Oracle,0.46728515625
806,Oracle,0.44873046875
807,Oracle,0.4368489583333333
808,Oracle,0.47900390625
809,Oracle,0.46630859375
810,Oracle,0.4737955729166667
811,Oracle,0.470703125
812,Oracle,0.45263671875
813,Oracle,0.46533203125
814,Oracle,0.4641927083333333
815,Oracle,0.4558919270833333
816,Oracle,0.4658203125
817,Oracle,0.4148763020833333
818,Oracle,0.45654296875
819,Oracle,0.4189453125
820,Oracle,0.4475911458333333
821,Oracle,0.4407552083333333
822,Oracle,0.45361328125
823,Oracle,0.4475911458333333
824,Oracle,0.4563802083333333
825,Oracle,0.4689127604166667
826,Oracle,0.4593098958333333
827,Oracle,0.4723307291666667
828,Oracle,0.45947265625
829,Oracle,0.4527994791666667
830,Oracle,0.4456380208333333
831,Oracle,0.4475911458333333
832,Oracle,0.4537760416666667
833,Oracle,0.4571940104166667
834,Oracle,0.4680989583333333
835,Oracle,0.4921875
836,Oracle,0.4822591145833333
837,Oracle,0.4881184895833333
838,Oracle,0.4817708333333333
839,Oracle,0.4444986979166667
840,Oracle,0.46875
841,Oracle,0.4485677083333333
842,Oracle,0.4532877604166667
843,Oracle,0.4544270833333333
844,Oracle,0.44970703125
845,Oracle,0.4495442708333333
846,Oracle,0.4601236979166667
847,Oracle,0.43408203125
848,Oracle,0.47021484375
849,Oracle,0.43798828125
850,Oracle,0.4581705729166667
851,Oracle,0.4645182291666667
852,Oracle,0.4593098958333333
853,Oracle,0.4534505208333333
854,Oracle,0.4635416666666667
855,Oracle,0.43798828125
856,Oracle,0.44677734375
857,Oracle,0.44482421875
858,Oracle,0.4495442708333333
859,Oracle,0.4656575520833333
860,Oracle,0.4772135416666667
861,Oracle,0.4695638020833333
862,Oracle,0.4558919270833333
863,Oracle,0.46337890625
864,Oracle,0.4386393229166667
865,Oracle,0.4484049479166667
866,Oracle,0.4404296875
867,Oracle,0.4567057291666667
868,Oracle,0.4518229166666667
869,Oracle,0.4454752604166667
870,Oracle,0.427734375
871,Oracle,0.4280598958333333
872,Oracle,0.451171875
873,Oracle,0.4326171875
874,Oracle,0.4591471354166667
875,Oracle,0.4689127604166667
876,Oracle,0.4724934895833333
877,Oracle,0.46142578125
878,Oracle,0.4905598958333333
879,Oracle,0.4617513020833333
880,Oracle,0.4671223958333333
881,Oracle,0.45654296875
882,Oracle,0.4601236979166667
883,Oracle,0.47412109375
884,Oracle,0.4493815104166667
885,Oracle,0.4913736979166667
886,Oracle,0.4703776041666667
887,Oracle,0.4602864583333333
888,Oracle,0.4879557291666667
889,Oracle,0.4617513020833333
890,Oracle,0.4801432291666667
891,Oracle,0.4933268229166667
892,Oracle,0.47802734375
893,Oracle,0.4612630208333333
894,Oracle,0.4591471354166667
895,Oracle,0.4363606770833333
896,Oracle,0.4591471354166667
897,Oracle,0.4322916666666667
898,Oracle,0.47021484375
899,Oracle,0.4744466145833333
900,Oracle,0.4729817708333333
901,Oracle,0.49951171875
902,Oracle,0.4847005208333333
903,Oracle,0.4646809895833333
904,Oracle,0.4895833333333333
905,Oracle,0.4822591145833333
906,Oracle,0.4817708333333333
907,Oracle,0.4876302083333333
908,Oracle,0.4558919270833333
909,Oracle,0.4978841145833333
910,Oracle,0.46533203125
911,Oracle,0.4510091145833333
912,Oracle,0.4801432291666667
913,Oracle,0.4518229166666667
914,Oracle,0.4607747395833333
915,Oracle,0.462890625
916,Oracle,0.4708658854166667
917,Oracle,0.4915364583333333
918,Oracle,0.44775390625
919,Oracle,0.458984375
920,Oracle,0.47998046875
921,Oracle,0.47607421875
922,Oracle,0.46337890625
923,Oracle,0.4820963541666667
924,Oracle,0.4850260416666667
925,Oracle,0.4923502604166667
926,Oracle,0.4832356770833333
927,Oracle,0.4881184895833333
928,Oracle,0.4856770833333333
929,Oracle,0.4412434895833333
930,Oracle,0.4708658854166667
931,Oracle,0.466796875
932,Oracle,0.4765625
933,Oracle,0.462890625
934,Oracle,0.4568684895833333
935,Oracle,0.45751953125
936,Oracle,0.4523111979166667
937,Oracle,0.4296875
938,Oracle,0.44189453125
939,Oracle,0.4680989583333333
940,Oracle,0.4469401041666667
941,Oracle,0.4567057291666667
942,Oracle,0.4708658854166667
943,Oracle,0.4306640625
944,Oracle,0.4573567708333333
945,Oracle,0.4560546875
946,Oracle,0.4718424479166667
947,Oracle,0.4641927083333333
948,Oracle,0.46240234375
949,Oracle,0.4436848958333333
950,Oracle,0.4615885416666667
951,Oracle,0.4446614583333333
952,Oracle,0.4645182291666667
953,Oracle,0.4443359375
954,Oracle,0.4571940104166667
955,Oracle,0.47802734375
956,Oracle,0.4630533854166667
957,Oracle,0.4925130208333333
958,Oracle,0.4677734375
959,Oracle,0.4596354166666667
960,Oracle,0.4495442708333333
961,Oracle,0.4716796875
962,Oracle,0.4661458333333333
963,Oracle,0.4768880208333333
964,Oracle,0.4820963541666667
965,Oracle,0.4759114583333333
966,Oracle,0.4521484375
967,Oracle,0.4422200520833333
968,Oracle,0.4806315104166667
969,Oracle,0.4259440104166667
970,Oracle,0.4488932291666667
971,Oracle,0.45068359375
972,Oracle,0.45361328125
973,Oracle,0.4573567708333333
974,Oracle,0.458984375
975,Oracle,0.45654296875
976,Oracle,0.48486328125
977,Oracle,0.4593098958333333
978,Oracle,0.4666341145833333
979,Oracle,0.5032552083333334
980,Oracle,0.44189453125
981,Oracle,0.4822591145833333
982,Oracle,0.48828125
983,Oracle,0.4469401041666667
984,Oracle,0.4563802083333333
985,Oracle,0.4539388020833333
986,Oracle,0.46435546875
987,Oracle,0.4803059895833333
988,Oracle,0.4661458333333333
989,Oracle,0.5076497395833334
990,Oracle,0.4892578125
991,Oracle,0.4659830729166667
992,Oracle,0.4874674479166667
993,Oracle,0.4619140625
994,Oracle,0.4669596354166667
995,Oracle,0.4679361979166667
996,Oracle,0.46533203125
997,Oracle,0.47607421875
998,Oracle,0.4539388020833333
999,Oracle,0.4599609375
1000,Oracle,0.4632161458333333
1001,Oracle,0.4718424479166667
1002,Oracle,0.47607421875
1003,Oracle,0.4659830729166667
1004,Oracle,0.45166015625
1005,Oracle,0.4733072916666667
1006,Oracle,0.48681640625
1007,Oracle,0.47607421875
1008,Oracle,0.4820963541666667
1009,Oracle,0.4952799479166667
1010,Oracle,0.4921875
1011,Oracle,0.4832356770833333
1012,Oracle,0.4860026041666667
1013,Oracle,0.4962565104166667
1014,Oracle,0.47265625
1015,Oracle,0.458984375
1016,Oracle,0.4640299479166667
1017,Oracle,0.4518229166666667
1018,Oracle,0.4931640625
1019,Oracle,0.4866536458333333
1020,Oracle,0.4718424479166667
1021,Oracle,0.45751953125
1022,Oracle,0.478515625
1023,Oracle,0.51025390625
