decode_step,policy,gpu_routed_token_coverage
3,Static,0.09879557291666667
4,Static,0.09830729166666667
5,Static,0.10139973958333333
6,Static,0.09602864583333333
7,Static,0.09244791666666667
8,Static,0.09309895833333333
9,Static,0.09733072916666667
10,Static,0.10432942708333333
11,Static,0.09619140625
12,Static,0.10270182291666667
13,Static,0.09651692708333333
14,Static,0.09847005208333333
15,Static,0.10367838541666667
16,Static,0.10904947916666667
17,Static,0.1005859375
18,Static,0.09586588541666667
19,Static,0.09993489583333333
20,Static,0.10595703125
21,Static,0.099609375
22,Static,0.10188802083333333
23,Static,0.10205078125
24,Static,0.10677083333333333
25,Static,0.10400390625
26,Static,0.09977213541666667
27,Static,0.09781901041666667
28,Static,0.10514322916666667
29,Static,0.09993489583333333
30,Static,0.09944661458333333
31,Static,0.10188802083333333
32,Static,0.10302734375
33,Static,0.10302734375
34,Static,0.09716796875
35,Static,0.09716796875
36,Static,0.09977213541666667
37,Static,0.10660807291666667
38,Static,0.10611979166666667
39,Static,0.10009765625
40,Static,0.10139973958333333
41,Static,0.10270182291666667
42,Static,0.09993489583333333
43,Static,0.103515625
44,Static,0.10026041666666667
45,Static,0.10107421875
46,Static,0.10416666666666667
47,Static,0.10205078125
48,Static,0.09635416666666667
49,Static,0.09928385416666667
50,Static,0.09814453125
51,Static,0.09944661458333333
52,Static,0.09928385416666667
53,Static,0.10188802083333333
54,Static,0.09830729166666667
55,Static,0.09830729166666667
56,Static,0.09765625
57,Static,0.09847005208333333
58,Static,0.10302734375
59,Static,0.09651692708333333
60,Static,0.10677083333333333
61,Static,0.09944661458333333
62,Static,0.10384114583333333
63,Static,0.1083984375
64,Static,0.09977213541666667
65,Static,0.1005859375
66,Static,0.09879557291666667
67,Static,0.10319010416666667
68,Static,0.10677083333333333
69,Static,0.10042317708333333
70,Static,0.09781901041666667
71,Static,0.1025390625
72,Static,0.09765625
73,Static,0.10172526041666667
74,Static,0.09781901041666667
75,Static,0.10237630208333333
76,Static,0.10139973958333333
77,Static,0.09977213541666667
78,Static,0.09879557291666667
79,Static,0.09651692708333333
80,Static,0.10139973958333333
81,Static,0.10188802083333333
82,Static,0.09375
83,Static,0.09977213541666667
84,Static,0.10384114583333333
85,Static,0.1025390625
86,Static,0.1044921875
87,Static,0.10042317708333333
88,Static,0.10774739583333333
89,Static,0.10514322916666667
90,Static,0.10384114583333333
91,Static,0.09798177083333333
92,Static,0.10221354166666667
93,Static,0.10107421875
94,Static,0.10498046875
95,Static,0.10139973958333333
96,Static,0.1005859375
97,Static,0.10319010416666667
98,Static,0.10579427083333333
99,Static,0.09635416666666667
100,Static,0.09928385416666667
101,Static,0.10546875
102,Static,0.10416666666666667
103,Static,0.09993489583333333
104,Static,0.10270182291666667
105,Static,0.10498046875
106,Static,0.10302734375
107,Static,0.10416666666666667
108,Static,0.10807291666666667
109,Static,0.10677083333333333
110,Static,0.10319010416666667
111,Static,0.09619140625
112,Static,0.10042317708333333
113,Static,0.09944661458333333
114,Static,0.10074869791666667
115,Static,0.10465494791666667
116,Static,0.10709635416666667
117,Static,0.10693359375
118,Static,0.10188802083333333
119,Static,0.10481770833333333
120,Static,0.1025390625
121,Static,0.10319010416666667
122,Static,0.09895833333333333
123,Static,0.10221354166666667
124,Static,0.09830729166666667
125,Static,0.10546875
126,Static,0.11083984375
127,Static,0.10807291666666667
128,Static,0.10498046875
129,Static,0.11328125
130,Static,0.10514322916666667
131,Static,0.10774739583333333
132,Static,0.09993489583333333
133,Static,0.107421875
134,Static,0.1064453125
135,Static,0.10335286458333333
136,Static,0.10660807291666667
137,Static,0.10188802083333333
138,Static,0.10042317708333333
139,Static,0.10319010416666667
140,Static,0.10221354166666667
141,Static,0.10888671875
142,Static,0.10416666666666667
143,Static,0.10774739583333333
144,Static,0.10921223958333333
145,Static,0.10725911458333333
146,Static,0.10498046875
147,Static,0.10774739583333333
148,Static,0.10921223958333333
149,Static,0.10807291666666667
150,Static,0.107421875
151,Static,0.10888671875
152,Static,0.10677083333333333
153,Static,0.11328125
154,Static,0.11149088541666667
155,Static,0.11051432291666667
156,Static,0.107421875
157,Static,0.10823567708333333
158,Static,0.11100260416666667
159,Static,0.10416666666666667
160,Static,0.10205078125
161,Static,0.10921223958333333
162,Static,0.1044921875
163,Static,0.1015625
164,Static,0.10579427083333333
165,Static,0.09830729166666667
166,Static,0.1044921875
167,Static,0.11263020833333333
168,Static,0.10400390625
169,Static,0.10823567708333333
170,Static,0.10595703125
171,Static,0.10319010416666667
172,Static,0.10546875
173,Static,0.10074869791666667
174,Static,0.1083984375
175,Static,0.11002604166666667
176,Static,0.11637369791666667
177,Static,0.11165364583333333
178,Static,0.10856119791666667
179,Static,0.10823567708333333
180,Static,0.10563151041666667
181,Static,0.10709635416666667
182,Static,0.10758463541666667
183,Static,0.10188802083333333
184,Static,0.103515625
185,Static,0.10823567708333333
186,Static,0.10416666666666667
187,Static,0.107421875
188,Static,0.10465494791666667
189,Static,0.10514322916666667
190,Static,0.1044921875
191,Static,0.10286458333333333
192,Static,0.10498046875
193,Static,0.10074869791666667
194,Static,0.10563151041666667
195,Static,0.1044921875
196,Static,0.10221354166666667
197,Static,0.10579427083333333
198,Static,0.10986328125
199,Static,0.10319010416666667
200,Static,0.11263020833333333
201,Static,0.10611979166666667
202,Static,0.107421875
203,Static,0.10335286458333333
204,Static,0.10807291666666667
205,Static,0.10514322916666667
206,Static,0.109375
207,Static,0.10595703125
208,Static,0.10530598958333333
209,Static,0.10921223958333333
210,Static,0.11246744791666667
211,Static,0.10579427083333333
212,Static,0.10481770833333333
213,Static,0.10725911458333333
214,Static,0.10465494791666667
215,Static,0.10546875
216,Static,0.10921223958333333
217,Static,0.10888671875
218,Static,0.1083984375
219,Static,0.10205078125
220,Static,0.10807291666666667
221,Static,0.10677083333333333
222,Static,0.10270182291666667
223,Static,0.10791015625
224,Static,0.10725911458333333
225,Static,0.10904947916666667
226,Static,0.11442057291666667
227,Static,0.1083984375
228,Static,0.11083984375
229,Static,0.10660807291666667
230,Static,0.10432942708333333
231,Static,0.10986328125
232,Static,0.10823567708333333
233,Static,0.10856119791666667
234,Static,0.111328125
235,Static,0.10970052083333333
236,Static,0.11067708333333333
237,Static,0.11246744791666667
238,Static,0.11165364583333333
239,Static,0.10921223958333333
240,Static,0.11458333333333333
241,Static,0.10856119791666667
242,Static,0.11165364583333333
243,Static,0.11116536458333333
244,Static,0.1103515625
245,Static,0.11246744791666667
246,Static,0.10693359375
247,Static,0.11311848958333333
248,Static,0.11539713541666667
249,Static,0.11442057291666667
250,Static,0.10888671875
251,Static,0.10677083333333333
252,Static,0.11197916666666667
253,Static,0.11214192708333333
254,Static,0.11083984375
255,Static,0.10953776041666667
256,Static,0.10465494791666667
257,Static,0.10774739583333333
258,Static,0.10660807291666667
259,Static,0.109375
260,Static,0.11116536458333333
261,Static,0.11490885416666667
262,Static,0.10807291666666667
263,Static,0.10400390625
264,Static,0.11409505208333333
265,Static,0.10823567708333333
266,Static,0.109375
267,Static,0.11246744791666667
268,Static,0.11604817708333333
269,Static,0.10986328125
270,Static,0.11214192708333333
271,Static,0.10774739583333333
272,Static,0.10221354166666667
273,Static,0.10595703125
274,Static,0.11100260416666667
275,Static,0.11344401041666667
276,Static,0.10693359375
277,Static,0.10823567708333333
278,Static,0.11604817708333333
279,Static,0.10725911458333333
280,Static,0.109375
281,Static,0.10319010416666667
282,Static,0.10856119791666667
283,Static,0.11686197916666667
284,Static,0.10384114583333333
285,Static,0.111328125
286,Static,0.1123046875
287,Static,0.11246744791666667
288,Static,0.11507161458333333
289,Static,0.11018880208333333
290,Static,0.1162109375
291,Static,0.11555989583333333
292,Static,0.11051432291666667
293,Static,0.10953776041666667
294,Static,0.11702473958333333
295,Static,0.10953776041666667
296,Static,0.11051432291666667
297,Static,0.10953776041666667
298,Static,0.10563151041666667
299,Static,0.111328125
300,Static,0.109375
301,Static,0.1083984375
302,Static,0.11100260416666667
303,Static,0.10498046875
304,Static,0.11572265625
305,Static,0.10888671875
306,Static,0.10758463541666667
307,Static,0.11409505208333333
308,Static,0.1103515625
309,Static,0.11800130208333333
310,Static,0.11572265625
311,Static,0.10856119791666667
312,Static,0.10888671875
313,Static,0.10904947916666667
314,Static,0.111328125
315,Static,0.11181640625
316,Static,0.10791015625
317,Static,0.11555989583333333
318,Static,0.11686197916666667
319,Static,0.11181640625
320,Static,0.1044921875
321,Static,0.10693359375
322,Static,0.109375
323,Static,0.111328125
324,Static,0.11360677083333333
325,Static,0.10986328125
326,Static,0.11002604166666667
327,Static,0.11311848958333333
328,Static,0.11165364583333333
329,Static,0.10807291666666667
330,Static,0.11393229166666667
331,Static,0.11848958333333333
332,Static,0.1142578125
333,Static,0.11279296875
334,Static,0.115234375
335,Static,0.11295572916666667
336,Static,0.11295572916666667
337,Static,0.11409505208333333
338,Static,0.11051432291666667
339,Static,0.11848958333333333
340,Static,0.11344401041666667
341,Static,0.111328125
342,Static,0.11588541666666667
343,Static,0.10921223958333333
344,Static,0.11490885416666667
345,Static,0.11018880208333333
346,Static,0.11848958333333333
347,Static,0.11588541666666667
348,Static,0.11246744791666667
349,Static,0.11393229166666667
350,Static,0.11376953125
351,Static,0.11181640625
352,Static,0.10546875
353,Static,0.11116536458333333
354,Static,0.11181640625
355,Static,0.10709635416666667
356,Static,0.11165364583333333
357,Static,0.11149088541666667
358,Static,0.11783854166666667
359,Static,0.11442057291666667
360,Static,0.11083984375
361,Static,0.11800130208333333
362,Static,0.111328125
363,Static,0.10970052083333333
364,Static,0.11930338541666667
365,Static,0.12027994791666667
366,Static,0.11767578125
367,Static,0.11848958333333333
368,Static,0.11263020833333333
369,Static,0.11376953125
370,Static,0.11279296875
371,Static,0.111328125
372,Static,0.10563151041666667
373,Static,0.10921223958333333
374,Static,0.115234375
375,Static,0.11018880208333333
376,Static,0.11149088541666667
377,Static,0.11409505208333333
378,Static,0.11490885416666667
379,Static,0.10774739583333333
380,Static,0.11653645833333333
381,Static,0.1103515625
382,Static,0.11263020833333333
383,Static,0.11197916666666667
384,Static,0.11751302083333333
385,Static,0.11083984375
386,Static,0.11393229166666667
387,Static,0.1123046875
388,Static,0.1142578125
389,Static,0.11165364583333333
390,Static,0.11458333333333333
391,Static,0.11067708333333333
392,Static,0.11328125
393,Static,0.10970052083333333
394,Static,0.10970052083333333
395,Static,0.10774739583333333
396,Static,0.11686197916666667
397,Static,0.1103515625
398,Static,0.10986328125
399,Static,0.11100260416666667
400,Static,0.1103515625
401,Static,0.10514322916666667
402,Static,0.10807291666666667
403,Static,0.11149088541666667
404,Static,0.11637369791666667
405,Static,0.11442057291666667
406,Static,0.10904947916666667
407,Static,0.107421875
408,Static,0.10921223958333333
409,Static,0.11018880208333333
410,Static,0.11539713541666667
411,Static,0.11246744791666667
412,Static,0.10904947916666667
413,Static,0.1123046875
414,Static,0.11018880208333333
415,Static,0.11149088541666667
416,Static,0.107421875
417,Static,0.11328125
418,Static,0.111328125
419,Static,0.11263020833333333
420,Static,0.11149088541666667
421,Static,0.103515625
422,Static,0.10872395833333333
423,Static,0.10660807291666667
424,Static,0.10921223958333333
425,Static,0.11393229166666667
426,Static,0.11100260416666667
427,Static,0.11474609375
428,Static,0.10774739583333333
429,Static,0.11539713541666667
430,Static,0.11376953125
431,Static,0.11409505208333333
432,Static,0.11328125
433,Static,0.11067708333333333
434,Static,0.11165364583333333
435,Static,0.11051432291666667
436,Static,0.111328125
437,Static,0.12027994791666667
438,Static,0.11702473958333333
439,Static,0.11246744791666667
440,Static,0.11572265625
441,Static,0.11507161458333333
442,Static,0.12141927083333333
443,Static,0.11018880208333333
444,Static,0.11214192708333333
445,Static,0.10921223958333333
446,Static,0.11002604166666667
447,Static,0.1123046875
448,Static,0.10546875
449,Static,0.1162109375
450,Static,0.11962890625
451,Static,0.11311848958333333
452,Static,0.11116536458333333
453,Static,0.11100260416666667
454,Static,0.11344401041666667
455,Static,0.11344401041666667
456,Static,0.11946614583333333
457,Static,0.11881510416666667
458,Static,0.11279296875
459,Static,0.11490885416666667
460,Static,0.11751302083333333
461,Static,0.10888671875
462,Static,0.11246744791666667
463,Static,0.11116536458333333
464,Static,0.11572265625
465,Static,0.11474609375
466,Static,0.11246744791666667
467,Static,0.11279296875
468,Static,0.1123046875
469,Static,0.10872395833333333
470,Static,0.11474609375
471,Static,0.107421875
472,Static,0.10872395833333333
473,Static,0.10611979166666667
474,Static,0.115234375
475,Static,0.11376953125
476,Static,0.11018880208333333
477,Static,0.11328125
478,Static,0.10774739583333333
479,Static,0.10888671875
480,Static,0.11328125
481,Static,0.11181640625
482,Static,0.1162109375
483,Static,0.10725911458333333
484,Static,0.11100260416666667
485,Static,0.10791015625
486,Static,0.11181640625
487,Static,0.11767578125
488,Static,0.11263020833333333
489,Static,0.11474609375
490,Static,0.11311848958333333
491,Static,0.11067708333333333
492,Static,0.11360677083333333
493,Static,0.1103515625
494,Static,0.11555989583333333
495,Static,0.11279296875
496,Static,0.11409505208333333
497,Static,0.11865234375
498,Static,0.11474609375
499,Static,0.11393229166666667
500,Static,0.10970052083333333
501,Static,0.10986328125
502,Static,0.11149088541666667
503,Static,0.11783854166666667
504,Static,0.109375
505,Static,0.111328125
506,Static,0.11539713541666667
507,Static,0.11360677083333333
508,Static,0.11246744791666667
509,Static,0.1201171875
510,Static,0.11197916666666667
511,Static,0.1181640625
512,Static,0.11539713541666667
513,Static,0.11604817708333333
514,Static,0.11897786458333333
515,Static,0.1142578125
516,Static,0.11539713541666667
517,Static,0.11637369791666667
518,Static,0.11588541666666667
519,Static,0.115234375
520,Static,0.11865234375
521,Static,0.11783854166666667
522,Static,0.11735026041666667
523,Static,0.11979166666666667
524,Static,0.1123046875
525,Static,0.11572265625
526,Static,0.11832682291666667
527,Static,0.11409505208333333
528,Static,0.11832682291666667
529,Static,0.11979166666666667
530,Static,0.10725911458333333
531,Static,0.11197916666666667
532,Static,0.11295572916666667
533,Static,0.11279296875
534,Static,0.11442057291666667
535,Static,0.1123046875
536,Static,0.11214192708333333
537,Static,0.119140625
538,Static,0.10628255208333333
539,Static,0.1171875
540,Static,0.11767578125
541,Static,0.12158203125
542,Static,0.11881510416666667
543,Static,0.1162109375
544,Static,0.11588541666666667
545,Static,0.11490885416666667
546,Static,0.11686197916666667
547,Static,0.11735026041666667
548,Static,0.11702473958333333
549,Static,0.11263020833333333
550,Static,0.11490885416666667
551,Static,0.11686197916666667
552,Static,0.11653645833333333
553,Static,0.1162109375
554,Static,0.11881510416666667
555,Static,0.11311848958333333
556,Static,0.10660807291666667
557,Static,0.11295572916666667
558,Static,0.11507161458333333
559,Static,0.11344401041666667
560,Static,0.11246744791666667
561,Static,0.11572265625
562,Static,0.11360677083333333
563,Static,0.115234375
564,Static,0.11751302083333333
565,Static,0.11946614583333333
566,Static,0.11442057291666667
567,Static,0.11311848958333333
568,Static,0.11376953125
569,Static,0.11051432291666667
570,Static,0.11051432291666667
571,Static,0.10953776041666667
572,Static,0.11555989583333333
573,Static,0.10823567708333333
574,Static,0.11604817708333333
575,Static,0.11767578125
576,Static,0.11555989583333333
577,Static,0.11409505208333333
578,Static,0.11979166666666667
579,Static,0.1171875
580,Static,0.11360677083333333
581,Static,0.10888671875
582,Static,0.111328125
583,Static,0.107421875
584,Static,0.1162109375
585,Static,0.11832682291666667
586,Static,0.11360677083333333
587,Static,0.11442057291666667
588,Static,0.11735026041666667
589,Static,0.11686197916666667
590,Static,0.12044270833333333
591,Static,0.1201171875
592,Static,0.11604817708333333
593,Static,0.11311848958333333
594,Static,0.11653645833333333
595,Static,0.11604817708333333
596,Static,0.11214192708333333
597,Static,0.11897786458333333
598,Static,0.11458333333333333
599,Static,0.1181640625
600,Static,0.11946614583333333
601,Static,0.11637369791666667
602,Static,0.11474609375
603,Static,0.12076822916666667
604,Static,0.11604817708333333
605,Static,0.12125651041666667
606,Static,0.11783854166666667
607,Static,0.11442057291666667
608,Static,0.11376953125
609,Static,0.1142578125
610,Static,0.11555989583333333
611,Static,0.119140625
612,Static,0.11702473958333333
613,Static,0.11686197916666667
614,Static,0.11458333333333333
615,Static,0.1171875
616,Static,0.12483723958333333
617,Static,0.11490885416666667
618,Static,0.11783854166666667
619,Static,0.12109375
620,Static,0.11735026041666667
621,Static,0.11214192708333333
622,Static,0.11214192708333333
623,Static,0.11881510416666667
624,Static,0.111328125
625,Static,0.11100260416666667
626,Static,0.11279296875
627,Static,0.11653645833333333
628,Static,0.11376953125
629,Static,0.11995442708333333
630,Static,0.11311848958333333
631,Static,0.11686197916666667
632,Static,0.11295572916666667
633,Static,0.11507161458333333
634,Static,0.11376953125
635,Static,0.1142578125
636,Static,0.11328125
637,Static,0.12174479166666667
638,Static,0.11637369791666667
639,Static,0.1123046875
640,Static,0.11263020833333333
641,Static,0.11100260416666667
642,Static,0.11165364583333333
643,Static,0.1142578125
644,Static,0.11360677083333333
645,Static,0.11832682291666667
646,Static,0.11637369791666667
647,Static,0.11490885416666667
648,Static,0.11474609375
649,Static,0.119140625
650,Static,0.11897786458333333
651,Static,0.11539713541666667
652,Static,0.11100260416666667
653,Static,0.11197916666666667
654,Static,0.12109375
655,Static,0.11832682291666667
656,Static,0.111328125
657,Static,0.11686197916666667
658,Static,0.11376953125
659,Static,0.125
660,Static,0.11279296875
661,Static,0.11246744791666667
662,Static,0.119140625
663,Static,0.11881510416666667
664,Static,0.1162109375
665,Static,0.11360677083333333
666,Static,0.12288411458333333
667,Static,0.11555989583333333
668,Static,0.11507161458333333
669,Static,0.11507161458333333
670,Static,0.11686197916666667
671,Static,0.11409505208333333
672,Static,0.11848958333333333
673,Static,0.11344401041666667
674,Static,0.11783854166666667
675,Static,0.11751302083333333
676,Static,0.1083984375
677,Static,0.11962890625
678,Static,0.115234375
679,Static,0.11637369791666667
680,Static,0.11995442708333333
681,Static,0.11783854166666667
682,Static,0.11637369791666667
683,Static,0.11832682291666667
684,Static,0.11214192708333333
685,Static,0.11442057291666667
686,Static,0.11214192708333333
687,Static,0.11263020833333333
688,Static,0.11865234375
689,Static,0.109375
690,Static,0.11490885416666667
691,Static,0.1142578125
692,Static,0.11474609375
693,Static,0.11751302083333333
694,Static,0.11897786458333333
695,Static,0.11881510416666667
696,Static,0.11848958333333333
697,Static,0.11442057291666667
698,Static,0.11393229166666667
699,Static,0.11767578125
700,Static,0.11409505208333333
701,Static,0.115234375
702,Static,0.11474609375
703,Static,0.11962890625
704,Static,0.12044270833333333
705,Static,0.1171875
706,Static,0.11881510416666667
707,Static,0.11376953125
708,Static,0.1201171875
709,Static,0.1181640625
710,Static,0.11848958333333333
711,Static,0.11279296875
712,Static,0.1181640625
713,Static,0.11246744791666667
714,Static,0.11507161458333333
715,Static,0.11181640625
716,Static,0.11507161458333333
717,Static,0.11539713541666667
718,Static,0.11393229166666667
719,Static,0.11637369791666667
720,Static,0.11279296875
721,Static,0.11865234375
722,Static,0.123046875
723,Static,0.11539713541666667
724,Static,0.11962890625
725,Static,0.115234375
726,Static,0.12190755208333333
727,Static,0.11588541666666667
728,Static,0.11881510416666667
729,Static,0.12320963541666667
730,Static,0.12532552083333334
731,Static,0.119140625
732,Static,0.11572265625
733,Static,0.11263020833333333
734,Static,0.119140625
735,Static,0.11767578125
736,Static,0.1181640625
737,Static,0.12272135416666667
738,Static,0.11360677083333333
739,Static,0.11474609375
740,Static,0.11100260416666667
741,Static,0.1123046875
742,Static,0.1171875
743,Static,0.11344401041666667
744,Static,0.10888671875
745,Static,0.11881510416666667
746,Static,0.12076822916666667
747,Static,0.11995442708333333
748,Static,0.1240234375
749,Static,0.11735026041666667
750,Static,0.1171875
751,Static,0.11360677083333333
752,Static,0.11311848958333333
753,Static,0.11637369791666667
754,Static,0.11865234375
755,Static,0.11637369791666667
756,Static,0.11751302083333333
757,Static,0.11214192708333333
758,Static,0.12093098958333333
759,Static,0.11669921875
760,Static,0.11295572916666667
761,Static,0.10595703125
762,Static,0.11409505208333333
763,Static,0.11376953125
764,Static,0.1142578125
765,Static,0.12060546875
766,Static,0.11669921875
767,Static,0.1103515625
768,Static,0.11686197916666667
769,Static,0.111328125
770,Static,0.11702473958333333
771,Static,0.11572265625
772,Static,0.109375
773,Static,0.11555989583333333
774,Static,0.11881510416666667
775,Static,0.11669921875
776,Static,0.11767578125
777,Static,0.11800130208333333
778,Static,0.11393229166666667
779,Static,0.12369791666666667
780,Static,0.11393229166666667
781,Static,0.12060546875
782,Static,0.119140625
783,Static,0.1162109375
784,Static,0.11588541666666667
785,Static,0.11295572916666667
786,Static,0.11751302083333333
787,Static,0.11897786458333333
788,Static,0.12076822916666667
789,Static,0.11214192708333333
790,Static,0.11946614583333333
791,Static,0.119140625
792,Static,0.11507161458333333
793,Static,0.11832682291666667
794,Static,0.12434895833333333
795,Static,0.11767578125
796,Static,0.11669921875
797,Static,0.12044270833333333
798,Static,0.11832682291666667
799,Static,0.11995442708333333
800,Static,0.12076822916666667
801,Static,0.12369791666666667
802,Static,0.12027994791666667
803,Static,0.11751302083333333
804,Static,0.11848958333333333
805,Static,0.1279296875
806,Static,0.1201171875
807,Static,0.11751302083333333
808,Static,0.11930338541666667
809,Static,0.11165364583333333
810,Static,0.11653645833333333
811,Static,0.11507161458333333
812,Static,0.11490885416666667
813,Static,0.11507161458333333
814,Static,0.1181640625
815,Static,0.12109375
816,Static,0.11897786458333333
817,Static,0.12467447916666667
818,Static,0.11897786458333333
819,Static,0.12109375
820,Static,0.1220703125
821,Static,0.12109375
822,Static,0.11344401041666667
823,Static,0.11653645833333333
824,Static,0.11165364583333333
825,Static,0.11572265625
826,Static,0.12060546875
827,Static,0.12044270833333333
828,Static,0.12060546875
829,Static,0.11897786458333333
830,Static,0.11962890625
831,Static,0.11490885416666667
832,Static,0.11295572916666667
833,Static,0.10888671875
834,Static,0.11897786458333333
835,Static,0.11653645833333333
836,Static,0.11311848958333333
837,Static,0.11930338541666667
838,Static,0.11409505208333333
839,Static,0.11783854166666667
840,Static,0.11100260416666667
841,Static,0.11539713541666667
842,Static,0.11539713541666667
843,Static,0.11409505208333333
844,Static,0.11653645833333333
845,Static,0.11409505208333333
846,Static,0.11165364583333333
847,Static,0.11458333333333333
848,Static,0.11311848958333333
849,Static,0.10888671875
850,Static,0.11604817708333333
851,Static,0.11604817708333333
852,Static,0.11686197916666667
853,Static,0.11458333333333333
854,Static,0.11979166666666667
855,Static,0.12141927083333333
856,Static,0.11246744791666667
857,Static,0.11669921875
858,Static,0.11735026041666667
859,Static,0.11751302083333333
860,Static,0.11197916666666667
861,Static,0.11767578125
862,Static,0.11897786458333333
863,Static,0.115234375
864,Static,0.11555989583333333
865,Static,0.11116536458333333
866,Static,0.111328125
867,Static,0.115234375
868,Static,0.12239583333333333
869,Static,0.11653645833333333
870,Static,0.1201171875
871,Static,0.11686197916666667
872,Static,0.1181640625
873,Static,0.11572265625
874,Static,0.12125651041666667
875,Static,0.12174479166666667
876,Static,0.12386067708333333
877,Static,0.12320963541666667
878,Static,0.12093098958333333
879,Static,0.12093098958333333
880,Static,0.11214192708333333
881,Static,0.11051432291666667
882,Static,0.11083984375
883,Static,0.12109375
884,Static,0.11165364583333333
885,Static,0.11767578125
886,Static,0.12483723958333333
887,Static,0.12027994791666667
888,Static,0.11686197916666667
889,Static,0.1181640625
890,Static,0.11393229166666667
891,Static,0.11865234375
892,Static,0.11328125
893,Static,0.11214192708333333
894,Static,0.1181640625
895,Static,0.11653645833333333
896,Static,0.11555989583333333
897,Static,0.11669921875
898,Static,0.11197916666666667
899,Static,0.12174479166666667
900,Static,0.11507161458333333
901,Static,0.12027994791666667
902,Static,0.11767578125
903,Static,0.11263020833333333
904,Static,0.1171875
905,Static,0.1142578125
906,Static,0.11767578125
907,Static,0.1201171875
908,Static,0.11653645833333333
909,Static,0.10986328125
910,Static,0.11848958333333333
911,Static,0.11197916666666667
912,Static,0.11979166666666667
913,Static,0.11848958333333333
914,Static,0.11653645833333333
915,Static,0.11344401041666667
916,Static,0.11197916666666667
917,Static,0.11458333333333333
918,Static,0.10758463541666667
919,Static,0.11604817708333333
920,Static,0.10807291666666667
921,Static,0.11848958333333333
922,Static,0.11702473958333333
923,Static,0.119140625
924,Static,0.11702473958333333
925,Static,0.11669921875
926,Static,0.1181640625
927,Static,0.11295572916666667
928,Static,0.119140625
929,Static,0.123046875
930,Static,0.11897786458333333
931,Static,0.11360677083333333
932,Static,0.11100260416666667
933,Static,0.1181640625
934,Static,0.11751302083333333
935,Static,0.11897786458333333
936,Static,0.11800130208333333
937,Static,0.1201171875
938,Static,0.123046875
939,Static,0.123046875
940,Static,0.11751302083333333
941,Static,0.11214192708333333
942,Static,0.11800130208333333
943,Static,0.10921223958333333
944,Static,0.1103515625
945,Static,0.11702473958333333
946,Static,0.11930338541666667
947,Static,0.11474609375
948,Static,0.11360677083333333
949,Static,0.1162109375
950,Static,0.11751302083333333
951,Static,0.11295572916666667
952,Static,0.11588541666666667
953,Static,0.11588541666666667
954,Static,0.11669921875
955,Static,0.1201171875
956,Static,0.11686197916666667
957,Static,0.11832682291666667
958,Static,0.11279296875
959,Static,0.11637369791666667
960,Static,0.11002604166666667
961,Static,0.11555989583333333
962,Static,0.11686197916666667
963,Static,0.11572265625
964,Static,0.115234375
965,Static,0.11848958333333333
966,Static,0.11848958333333333
967,Static,0.12093098958333333
968,Static,0.11100260416666667
969,Static,0.11442057291666667
970,Static,0.11165364583333333
971,Static,0.11083984375
972,Static,0.11572265625
973,Static,0.111328125
974,Static,0.11490885416666667
975,Static,0.11181640625
976,Static,0.11393229166666667
977,Static,0.12141927083333333
978,Static,0.1181640625
979,Static,0.11637369791666667
980,Static,0.12060546875
981,Static,0.11832682291666667
982,Static,0.11897786458333333
983,Static,0.123046875
984,Static,0.11848958333333333
985,Static,0.11962890625
986,Static,0.11018880208333333
987,Static,0.11735026041666667
988,Static,0.11637369791666667
989,Static,0.11881510416666667
990,Static,0.11832682291666667
991,Static,0.11458333333333333
992,Static,0.11751302083333333
993,Static,0.11604817708333333
994,Static,0.11474609375
995,Static,0.12141927083333333
996,Static,0.11995442708333333
997,Static,0.11442057291666667
998,Static,0.11653645833333333
999,Static,0.11295572916666667
1000,Static,0.1103515625
1001,Static,0.11376953125
1002,Static,0.1162109375
1003,Static,0.11832682291666667
1004,Static,0.11490885416666667
1005,Static,0.11751302083333333
1006,Static,0.11653645833333333
1007,Static,0.1162109375
1008,Static,0.11686197916666667
1009,Static,0.11197916666666667
1010,Static,0.12679036458333334
1011,Static,0.11246744791666667
1012,Static,0.11588541666666667
1013,Static,0.11490885416666667
1014,Static,0.11344401041666667
1015,Static,0.1162109375
1016,Static,0.11637369791666667
1017,Static,0.12239583333333333
1018,Static,0.11686197916666667
1019,Static,0.12027994791666667
1020,Static,0.1162109375
1021,Static,0.12125651041666667
1022,Static,0.11930338541666667
1023,Static,0.11800130208333333
3,LRU,0.208984375
4,LRU,0.18440755208333334
5,LRU,0.18473307291666666
6,LRU,0.18424479166666666
7,LRU,0.22509765625
8,LRU,0.19938151041666666
9,LRU,0.19661458333333334
10,LRU,0.19645182291666666
11,LRU,0.23079427083333334
12,LRU,0.20670572916666666
13,LRU,0.18733723958333334
14,LRU,0.19514973958333334
15,LRU,0.22379557291666666
16,LRU,0.19384765625
17,LRU,0.19596354166666666
18,LRU,0.18229166666666666
19,LRU,0.21435546875
20,LRU,0.1962890625
21,LRU,0.18098958333333334
22,LRU,0.18733723958333334
23,LRU,0.20719401041666666
24,LRU,0.19401041666666666
25,LRU,0.19124348958333334
26,LRU,0.19124348958333334
27,LRU,0.21663411458333334
28,LRU,0.20182291666666666
29,LRU,0.19303385416666666
30,LRU,0.19156901041666666
31,LRU,0.20442708333333334
32,LRU,0.18424479166666666
33,LRU,0.18570963541666666
34,LRU,0.18017578125
35,LRU,0.21500651041666666
36,LRU,0.18798828125
37,LRU,0.19254557291666666
38,LRU,0.18603515625
39,LRU,0.21044921875
40,LRU,0.19384765625
41,LRU,0.19222005208333334
42,LRU,0.18375651041666666
43,LRU,0.23844401041666666
44,LRU,0.19514973958333334
45,LRU,0.18896484375
46,LRU,0.20947265625
47,LRU,0.21695963541666666
48,LRU,0.18929036458333334
49,LRU,0.19580078125
50,LRU,0.19742838541666666
51,LRU,0.21630859375
52,LRU,0.18180338541666666
53,LRU,0.18717447916666666
54,LRU,0.17513020833333334
55,LRU,0.21158854166666666
56,LRU,0.18408203125
57,LRU,0.18701171875
58,LRU,0.1826171875
59,LRU,0.22444661458333334
60,LRU,0.20833333333333334
61,LRU,0.20540364583333334
62,LRU,0.20475260416666666
63,LRU,0.22916666666666666
64,LRU,0.20345052083333334
65,LRU,0.1962890625
66,LRU,0.19222005208333334
67,LRU,0.24235026041666666
68,LRU,0.21256510416666666
69,LRU,0.20963541666666666
70,LRU,0.20442708333333334
71,LRU,0.22428385416666666
72,LRU,0.20003255208333334
73,LRU,0.18896484375
74,LRU,0.17903645833333334
75,LRU,0.22688802083333334
76,LRU,0.17203776041666666
77,LRU,0.1962890625
78,LRU,0.18147786458333334
79,LRU,0.20621744791666666
80,LRU,0.181640625
81,LRU,0.18245442708333334
82,LRU,0.1767578125
83,LRU,0.1943359375
84,LRU,0.18473307291666666
85,LRU,0.17415364583333334
86,LRU,0.17350260416666666
87,LRU,0.20377604166666666
88,LRU,0.18815104166666666
89,LRU,0.177734375
90,LRU,0.18131510416666666
91,LRU,0.20768229166666666
92,LRU,0.16780598958333334
93,LRU,0.16357421875
94,LRU,0.16861979166666666
95,LRU,0.20524088541666666
96,LRU,0.18196614583333334
97,LRU,0.17594401041666666
98,LRU,0.18196614583333334
99,LRU,0.20198567708333334
100,LRU,0.17887369791666666
101,LRU,0.18082682291666666
102,LRU,0.18489583333333334
103,LRU,0.21419270833333334
104,LRU,0.18977864583333334
105,LRU,0.19954427083333334
106,LRU,0.18375651041666666
107,LRU,0.22623697916666666
108,LRU,0.20589192708333334
109,LRU,0.19938151041666666
110,LRU,0.18912760416666666
111,LRU,0.21419270833333334
112,LRU,0.18391927083333334
113,LRU,0.19173177083333334
114,LRU,0.17610677083333334
115,LRU,0.22607421875
116,LRU,0.20377604166666666
117,LRU,0.19840494791666666
118,LRU,0.18929036458333334
119,LRU,0.20979817708333334
120,LRU,0.17610677083333334
121,LRU,0.17301432291666666
122,LRU,0.16927083333333334
123,LRU,0.21516927083333334
124,LRU,0.18408203125
125,LRU,0.18489583333333334
126,LRU,0.18815104166666666
127,LRU,0.212890625
128,LRU,0.17399088541666666
129,LRU,0.18147786458333334
130,LRU,0.17789713541666666
131,LRU,0.21321614583333334
132,LRU,0.1796875
133,LRU,0.18050130208333334
134,LRU,0.17757161458333334
135,LRU,0.22021484375
136,LRU,0.19954427083333334
137,LRU,0.18424479166666666
138,LRU,0.18391927083333334
139,LRU,0.21126302083333334
140,LRU,0.18408203125
141,LRU,0.17464192708333334
142,LRU,0.1728515625
143,LRU,0.21240234375
144,LRU,0.17919921875
145,LRU,0.17415364583333334
146,LRU,0.18668619791666666
147,LRU,0.22054036458333334
148,LRU,0.19222005208333334
149,LRU,0.17838541666666666
150,LRU,0.18619791666666666
151,LRU,0.20296223958333334
152,LRU,0.17643229166666666
153,LRU,0.19075520833333334
154,LRU,0.17464192708333334
155,LRU,0.21907552083333334
156,LRU,0.18440755208333334
157,LRU,0.18733723958333334
158,LRU,0.19189453125
159,LRU,0.21614583333333334
160,LRU,0.17985026041666666
161,LRU,0.189453125
162,LRU,0.18538411458333334
163,LRU,0.22021484375
164,LRU,0.203125
165,LRU,0.19075520833333334
166,LRU,0.18701171875
167,LRU,0.23372395833333334
168,LRU,0.19677734375
169,LRU,0.20052083333333334
170,LRU,0.18473307291666666
171,LRU,0.22770182291666666
172,LRU,0.189453125
173,LRU,0.19449869791666666
174,LRU,0.19173177083333334
175,LRU,0.21354166666666666
176,LRU,0.18440755208333334
177,LRU,0.18391927083333334
178,LRU,0.18131510416666666
179,LRU,0.21598307291666666
180,LRU,0.19596354166666666
181,LRU,0.19205729166666666
182,LRU,0.18896484375
183,LRU,0.20784505208333334
184,LRU,0.18831380208333334
185,LRU,0.18929036458333334
186,LRU,0.18391927083333334
187,LRU,0.22135416666666666
188,LRU,0.18717447916666666
189,LRU,0.20068359375
190,LRU,0.18587239583333334
191,LRU,0.21614583333333334
192,LRU,0.18815104166666666
193,LRU,0.185546875
194,LRU,0.18929036458333334
195,LRU,0.20768229166666666
196,LRU,0.18115234375
197,LRU,0.18994140625
198,LRU,0.18717447916666666
199,LRU,0.21110026041666666
200,LRU,0.1982421875
201,LRU,0.19059244791666666
202,LRU,0.18587239583333334
203,LRU,0.21012369791666666
204,LRU,0.19254557291666666
205,LRU,0.18880208333333334
206,LRU,0.19270833333333334
207,LRU,0.2041015625
208,LRU,0.17513020833333334
209,LRU,0.18131510416666666
210,LRU,0.17936197916666666
211,LRU,0.21761067708333334
212,LRU,0.18733723958333334
213,LRU,0.19352213541666666
214,LRU,0.17610677083333334
215,LRU,0.21110026041666666
216,LRU,0.18587239583333334
217,LRU,0.18147786458333334
218,LRU,0.185546875
219,LRU,0.21337890625
220,LRU,0.19075520833333334
221,LRU,0.18831380208333334
222,LRU,0.18636067708333334
223,LRU,0.20930989583333334
224,LRU,0.19010416666666666
225,LRU,0.18505859375
226,LRU,0.18375651041666666
227,LRU,0.220703125
228,LRU,0.19449869791666666
229,LRU,0.1826171875
230,LRU,0.18636067708333334
231,LRU,0.21761067708333334
232,LRU,0.18619791666666666
233,LRU,0.17236328125
234,LRU,0.17724609375
235,LRU,0.212890625
236,LRU,0.18815104166666666
237,LRU,0.18522135416666666
238,LRU,0.18017578125
239,LRU,0.20979817708333334
240,LRU,0.1904296875
241,LRU,0.19189453125
242,LRU,0.18522135416666666
243,LRU,0.20540364583333334
244,LRU,0.17740885416666666
245,LRU,0.17805989583333334
246,LRU,0.17301432291666666
247,LRU,0.2236328125
248,LRU,0.18815104166666666
249,LRU,0.1923828125
250,LRU,0.185546875
251,LRU,0.21663411458333334
252,LRU,0.18489583333333334
253,LRU,0.181640625
254,LRU,0.18326822916666666
255,LRU,0.21565755208333334
256,LRU,0.1845703125
257,LRU,0.17626953125
258,LRU,0.18147786458333334
259,LRU,0.20524088541666666
260,LRU,0.18196614583333334
261,LRU,0.18310546875
262,LRU,0.17464192708333334
263,LRU,0.20638020833333334
264,LRU,0.18017578125
265,LRU,0.18294270833333334
266,LRU,0.17431640625
267,LRU,0.20703125
268,LRU,0.18326822916666666
269,LRU,0.18408203125
270,LRU,0.18636067708333334
271,LRU,0.21923828125
272,LRU,0.18033854166666666
273,LRU,0.17822265625
274,LRU,0.17838541666666666
275,LRU,0.21337890625
276,LRU,0.17985026041666666
277,LRU,0.17561848958333334
278,LRU,0.18538411458333334
279,LRU,0.20686848958333334
280,LRU,0.18294270833333334
281,LRU,0.17317708333333334
282,LRU,0.17431640625
283,LRU,0.20833333333333334
284,LRU,0.16861979166666666
285,LRU,0.17545572916666666
286,LRU,0.16927083333333334
287,LRU,0.19807942708333334
288,LRU,0.17268880208333334
289,LRU,0.16780598958333334
290,LRU,0.1748046875
291,LRU,0.20035807291666666
292,LRU,0.17220052083333334
293,LRU,0.16975911458333334
294,LRU,0.17740885416666666
295,LRU,0.19661458333333334
296,LRU,0.17431640625
297,LRU,0.17317708333333334
298,LRU,0.1669921875
299,LRU,0.2255859375
300,LRU,0.18212890625
301,LRU,0.17594401041666666
302,LRU,0.1787109375
303,LRU,0.20198567708333334
304,LRU,0.17854817708333334
305,LRU,0.16585286458333334
306,LRU,0.17024739583333334
307,LRU,0.20963541666666666
308,LRU,0.17740885416666666
309,LRU,0.18896484375
310,LRU,0.1875
311,LRU,0.20133463541666666
312,LRU,0.17724609375
313,LRU,0.1728515625
314,LRU,0.16845703125
315,LRU,0.21337890625
316,LRU,0.18277994791666666
317,LRU,0.1865234375
318,LRU,0.19514973958333334
319,LRU,0.21419270833333334
320,LRU,0.18131510416666666
321,LRU,0.17838541666666666
322,LRU,0.17805989583333334
323,LRU,0.20638020833333334
324,LRU,0.18212890625
325,LRU,0.17740885416666666
326,LRU,0.17513020833333334
327,LRU,0.20865885416666666
328,LRU,0.17805989583333334
329,LRU,0.177734375
330,LRU,0.1875
331,LRU,0.21744791666666666
332,LRU,0.1787109375
333,LRU,0.18929036458333334
334,LRU,0.18538411458333334
335,LRU,0.20784505208333334
336,LRU,0.17610677083333334
337,LRU,0.17513020833333334
338,LRU,0.17268880208333334
339,LRU,0.22265625
340,LRU,0.185546875
341,LRU,0.1748046875
342,LRU,0.18277994791666666
343,LRU,0.21126302083333334
344,LRU,0.17985026041666666
345,LRU,0.18603515625
346,LRU,0.19140625
347,LRU,0.21516927083333334
348,LRU,0.18929036458333334
349,LRU,0.19514973958333334
350,LRU,0.18440755208333334
351,LRU,0.21484375
352,LRU,0.1865234375
353,LRU,0.18440755208333334
354,LRU,0.18538411458333334
355,LRU,0.22347005208333334
356,LRU,0.18701171875
357,LRU,0.18131510416666666
358,LRU,0.20035807291666666
359,LRU,0.21956380208333334
360,LRU,0.18001302083333334
361,LRU,0.19303385416666666
362,LRU,0.18147786458333334
363,LRU,0.21012369791666666
364,LRU,0.19482421875
365,LRU,0.18570963541666666
366,LRU,0.18587239583333334
367,LRU,0.21858723958333334
368,LRU,0.1923828125
369,LRU,0.18326822916666666
370,LRU,0.18505859375
371,LRU,0.21923828125
372,LRU,0.18196614583333334
373,LRU,0.18196614583333334
374,LRU,0.18896484375
375,LRU,0.20491536458333334
376,LRU,0.17317708333333334
377,LRU,0.17236328125
378,LRU,0.17333984375
379,LRU,0.20833333333333334
380,LRU,0.18994140625
381,LRU,0.17838541666666666
382,LRU,0.18082682291666666
383,LRU,0.21533203125
384,LRU,0.19775390625
385,LRU,0.18798828125
386,LRU,0.18180338541666666
387,LRU,0.21158854166666666
388,LRU,0.18538411458333334
389,LRU,0.18131510416666666
390,LRU,0.19384765625
391,LRU,0.20540364583333334
392,LRU,0.18538411458333334
393,LRU,0.17789713541666666
394,LRU,0.1728515625
395,LRU,0.20052083333333334
396,LRU,0.18115234375
397,LRU,0.17578125
398,LRU,0.17041015625
399,LRU,0.21028645833333334
400,LRU,0.18212890625
401,LRU,0.18050130208333334
402,LRU,0.17366536458333334
403,LRU,0.20279947916666666
404,LRU,0.19026692708333334
405,LRU,0.17561848958333334
406,LRU,0.16959635416666666
407,LRU,0.21175130208333334
408,LRU,0.1884765625
409,LRU,0.18489583333333334
410,LRU,0.1875
411,LRU,0.2119140625
412,LRU,0.18245442708333334
413,LRU,0.18294270833333334
414,LRU,0.17740885416666666
415,LRU,0.19921875
416,LRU,0.17415364583333334
417,LRU,0.1767578125
418,LRU,0.17447916666666666
419,LRU,0.21500651041666666
420,LRU,0.18782552083333334
421,LRU,0.17513020833333334
422,LRU,0.17415364583333334
423,LRU,0.20231119791666666
424,LRU,0.18408203125
425,LRU,0.17496744791666666
426,LRU,0.1748046875
427,LRU,0.21223958333333334
428,LRU,0.17578125
429,LRU,0.1826171875
430,LRU,0.1845703125
431,LRU,0.21272786458333334
432,LRU,0.17838541666666666
433,LRU,0.17268880208333334
434,LRU,0.17171223958333334
435,LRU,0.20393880208333334
436,LRU,0.17236328125
437,LRU,0.17626953125
438,LRU,0.17757161458333334
439,LRU,0.22672526041666666
440,LRU,0.19222005208333334
441,LRU,0.18684895833333334
442,LRU,0.19547526041666666
443,LRU,0.20882161458333334
444,LRU,0.18766276041666666
445,LRU,0.17496744791666666
446,LRU,0.17643229166666666
447,LRU,0.22037760416666666
448,LRU,0.18375651041666666
449,LRU,0.18717447916666666
450,LRU,0.19612630208333334
451,LRU,0.20930989583333334
452,LRU,0.18017578125
453,LRU,0.17236328125
454,LRU,0.17203776041666666
455,LRU,0.21728515625
456,LRU,0.18798828125
457,LRU,0.19140625
458,LRU,0.171875
459,LRU,0.2138671875
460,LRU,0.19189453125
461,LRU,0.18212890625
462,LRU,0.18098958333333334
463,LRU,0.20572916666666666
464,LRU,0.18587239583333334
465,LRU,0.17626953125
466,LRU,0.18017578125
467,LRU,0.220703125
468,LRU,0.18505859375
469,LRU,0.18196614583333334
470,LRU,0.19108072916666666
471,LRU,0.21419270833333334
472,LRU,0.185546875
473,LRU,0.17903645833333334
474,LRU,0.1865234375
475,LRU,0.205078125
476,LRU,0.17952473958333334
477,LRU,0.17659505208333334
478,LRU,0.17724609375
479,LRU,0.22265625
480,LRU,0.19547526041666666
481,LRU,0.17708333333333334
482,LRU,0.18994140625
483,LRU,0.2041015625
484,LRU,0.177734375
485,LRU,0.17578125
486,LRU,0.18115234375
487,LRU,0.2138671875
488,LRU,0.189453125
489,LRU,0.18408203125
490,LRU,0.18391927083333334
491,LRU,0.21809895833333334
492,LRU,0.18766276041666666
493,LRU,0.18375651041666666
494,LRU,0.1787109375
495,LRU,0.21110026041666666
496,LRU,0.18424479166666666
497,LRU,0.18961588541666666
498,LRU,0.18440755208333334
499,LRU,0.21842447916666666
500,LRU,0.18310546875
501,LRU,0.17952473958333334
502,LRU,0.18798828125
503,LRU,0.22672526041666666
504,LRU,0.18929036458333334
505,LRU,0.17936197916666666
506,LRU,0.19547526041666666
507,LRU,0.22932942708333334
508,LRU,0.189453125
509,LRU,0.19124348958333334
510,LRU,0.18587239583333334
511,LRU,0.2294921875
512,LRU,0.19352213541666666
513,LRU,0.18294270833333334
514,LRU,0.185546875
515,LRU,0.21321614583333334
516,LRU,0.1845703125
517,LRU,0.17903645833333334
518,LRU,0.17805989583333334
519,LRU,0.2197265625
520,LRU,0.19856770833333334
521,LRU,0.19140625
522,LRU,0.19352213541666666
523,LRU,0.2412109375
524,LRU,0.20182291666666666
525,LRU,0.19091796875
526,LRU,0.2021484375
527,LRU,0.21305338541666666
528,LRU,0.18977864583333334
529,LRU,0.1845703125
530,LRU,0.18131510416666666
531,LRU,0.21614583333333334
532,LRU,0.18880208333333334
533,LRU,0.181640625
534,LRU,0.17952473958333334
535,LRU,0.2080078125
536,LRU,0.18424479166666666
537,LRU,0.18050130208333334
538,LRU,0.17496744791666666
539,LRU,0.21891276041666666
540,LRU,0.18538411458333334
541,LRU,0.19759114583333334
542,LRU,0.189453125
543,LRU,0.21826171875
544,LRU,0.19596354166666666
545,LRU,0.18782552083333334
546,LRU,0.18880208333333334
547,LRU,0.22428385416666666
548,LRU,0.20572916666666666
549,LRU,0.19986979166666666
550,LRU,0.20068359375
551,LRU,0.23258463541666666
552,LRU,0.20524088541666666
553,LRU,0.20003255208333334
554,LRU,0.19938151041666666
555,LRU,0.22395833333333334
556,LRU,0.18619791666666666
557,LRU,0.18277994791666666
558,LRU,0.17805989583333334
559,LRU,0.22151692708333334
560,LRU,0.18294270833333334
561,LRU,0.19026692708333334
562,LRU,0.18570963541666666
563,LRU,0.21923828125
564,LRU,0.19270833333333334
565,LRU,0.18717447916666666
566,LRU,0.18017578125
567,LRU,0.21826171875
568,LRU,0.1943359375
569,LRU,0.18896484375
570,LRU,0.18636067708333334
571,LRU,0.22249348958333334
572,LRU,0.20263671875
573,LRU,0.18131510416666666
574,LRU,0.19156901041666666
575,LRU,0.2353515625
576,LRU,0.2021484375
577,LRU,0.20003255208333334
578,LRU,0.20003255208333334
579,LRU,0.2236328125
580,LRU,0.18359375
581,LRU,0.18570963541666666
582,LRU,0.18619791666666666
583,LRU,0.2109375
584,LRU,0.18929036458333334
585,LRU,0.19384765625
586,LRU,0.18131510416666666
587,LRU,0.20882161458333334
588,LRU,0.18733723958333334
589,LRU,0.18684895833333334
590,LRU,0.19173177083333334
591,LRU,0.23193359375
592,LRU,0.19466145833333334
593,LRU,0.19417317708333334
594,LRU,0.18733723958333334
595,LRU,0.21728515625
596,LRU,0.19059244791666666
597,LRU,0.18798828125
598,LRU,0.19156901041666666
599,LRU,0.2236328125
600,LRU,0.197265625
601,LRU,0.189453125
602,LRU,0.1884765625
603,LRU,0.2373046875
604,LRU,0.18929036458333334
605,LRU,0.19759114583333334
606,LRU,0.19466145833333334
607,LRU,0.21744791666666666
608,LRU,0.19303385416666666
609,LRU,0.18391927083333334
610,LRU,0.19173177083333334
611,LRU,0.21549479166666666
612,LRU,0.18619791666666666
613,LRU,0.18473307291666666
614,LRU,0.18440755208333334
615,LRU,0.21256510416666666
616,LRU,0.19384765625
617,LRU,0.18896484375
618,LRU,0.19205729166666666
619,LRU,0.22802734375
620,LRU,0.19742838541666666
621,LRU,0.1923828125
622,LRU,0.17561848958333334
623,LRU,0.22200520833333334
624,LRU,0.1884765625
625,LRU,0.18326822916666666
626,LRU,0.18131510416666666
627,LRU,0.23681640625
628,LRU,0.20247395833333334
629,LRU,0.21126302083333334
630,LRU,0.2021484375
631,LRU,0.23193359375
632,LRU,0.20100911458333334
633,LRU,0.20703125
634,LRU,0.20035807291666666
635,LRU,0.2275390625
636,LRU,0.20068359375
637,LRU,0.20052083333333334
638,LRU,0.19270833333333334
639,LRU,0.23063151041666666
640,LRU,0.19091796875
641,LRU,0.19319661458333334
642,LRU,0.19270833333333334
643,LRU,0.2109375
644,LRU,0.181640625
645,LRU,0.17708333333333334
646,LRU,0.17513020833333334
647,LRU,0.22330729166666666
648,LRU,0.20068359375
649,LRU,0.20035807291666666
650,LRU,0.18961588541666666
651,LRU,0.21468098958333334
652,LRU,0.18896484375
653,LRU,0.18701171875
654,LRU,0.18863932291666666
655,LRU,0.22526041666666666
656,LRU,0.18961588541666666
657,LRU,0.19205729166666666
658,LRU,0.17757161458333334
659,LRU,0.22884114583333334
660,LRU,0.18798828125
661,LRU,0.19140625
662,LRU,0.19482421875
663,LRU,0.23909505208333334
664,LRU,0.19840494791666666
665,LRU,0.19075520833333334
666,LRU,0.19710286458333334
667,LRU,0.22819010416666666
668,LRU,0.19661458333333334
669,LRU,0.1943359375
670,LRU,0.20442708333333334
671,LRU,0.23274739583333334
672,LRU,0.20133463541666666
673,LRU,0.20052083333333334
674,LRU,0.1982421875
675,LRU,0.22347005208333334
676,LRU,0.18717447916666666
677,LRU,0.18522135416666666
678,LRU,0.18424479166666666
679,LRU,0.23323567708333334
680,LRU,0.20849609375
681,LRU,0.19791666666666666
682,LRU,0.20263671875
683,LRU,0.24300130208333334
684,LRU,0.19986979166666666
685,LRU,0.19173177083333334
686,LRU,0.19466145833333334
687,LRU,0.22249348958333334
688,LRU,0.20100911458333334
689,LRU,0.18001302083333334
690,LRU,0.19856770833333334
691,LRU,0.21875
692,LRU,0.1884765625
693,LRU,0.19124348958333334
694,LRU,0.19449869791666666
695,LRU,0.22200520833333334
696,LRU,0.18440755208333334
697,LRU,0.18570963541666666
698,LRU,0.18326822916666666
699,LRU,0.22672526041666666
700,LRU,0.18701171875
701,LRU,0.18863932291666666
702,LRU,0.19010416666666666
703,LRU,0.22705078125
704,LRU,0.2099609375
705,LRU,0.19905598958333334
706,LRU,0.19645182291666666
707,LRU,0.22314453125
708,LRU,0.20003255208333334
709,LRU,0.19889322916666666
710,LRU,0.19401041666666666
711,LRU,0.21988932291666666
712,LRU,0.20377604166666666
713,LRU,0.1875
714,LRU,0.19254557291666666
715,LRU,0.22314453125
716,LRU,0.19563802083333334
717,LRU,0.19401041666666666
718,LRU,0.18912760416666666
719,LRU,0.23681640625
720,LRU,0.20377604166666666
721,LRU,0.20540364583333334
722,LRU,0.20882161458333334
723,LRU,0.22721354166666666
724,LRU,0.20475260416666666
725,LRU,0.193359375
726,LRU,0.1982421875
727,LRU,0.2216796875
728,LRU,0.20263671875
729,LRU,0.19677734375
730,LRU,0.1953125
731,LRU,0.2294921875
732,LRU,0.18977864583333334
733,LRU,0.19368489583333334
734,LRU,0.18977864583333334
735,LRU,0.22477213541666666
736,LRU,0.203125
737,LRU,0.20231119791666666
738,LRU,0.19205729166666666
739,LRU,0.22526041666666666
740,LRU,0.19384765625
741,LRU,0.19482421875
742,LRU,0.19303385416666666
743,LRU,0.23177083333333334
744,LRU,0.19791666666666666
745,LRU,0.19921875
746,LRU,0.19840494791666666
747,LRU,0.22509765625
748,LRU,0.20068359375
749,LRU,0.1904296875
750,LRU,0.19580078125
751,LRU,0.22705078125
752,LRU,0.20052083333333334
753,LRU,0.19401041666666666
754,LRU,0.1982421875
755,LRU,0.23893229166666666
756,LRU,0.2041015625
757,LRU,0.2119140625
758,LRU,0.20670572916666666
759,LRU,0.24609375
760,LRU,0.20231119791666666
761,LRU,0.19742838541666666
762,LRU,0.19547526041666666
763,LRU,0.2333984375
764,LRU,0.20882161458333334
765,LRU,0.19889322916666666
766,LRU,0.20035807291666666
767,LRU,0.21207682291666666
768,LRU,0.19563802083333334
769,LRU,0.18668619791666666
770,LRU,0.19173177083333334
771,LRU,0.21956380208333334
772,LRU,0.18912760416666666
773,LRU,0.19742838541666666
774,LRU,0.19482421875
775,LRU,0.21240234375
776,LRU,0.189453125
777,LRU,0.19254557291666666
778,LRU,0.18131510416666666
779,LRU,0.22672526041666666
780,LRU,0.19173177083333334
781,LRU,0.19710286458333334
782,LRU,0.18831380208333334
783,LRU,0.2255859375
784,LRU,0.19303385416666666
785,LRU,0.19449869791666666
786,LRU,0.18733723958333334
787,LRU,0.22916666666666666
788,LRU,0.19791666666666666
789,LRU,0.18929036458333334
790,LRU,0.20084635416666666
791,LRU,0.2255859375
792,LRU,0.19075520833333334
793,LRU,0.19596354166666666
794,LRU,0.20638020833333334
795,LRU,0.2314453125
796,LRU,0.19759114583333334
797,LRU,0.19694010416666666
798,LRU,0.19580078125
799,LRU,0.24186197916666666
800,LRU,0.20670572916666666
801,LRU,0.21712239583333334
802,LRU,0.21126302083333334
803,LRU,0.22265625
804,LRU,0.19580078125
805,LRU,0.19645182291666666
806,LRU,0.19140625
807,LRU,0.2265625
808,LRU,0.19580078125
809,LRU,0.18619791666666666
810,LRU,0.20296223958333334
811,LRU,0.22867838541666666
812,LRU,0.19010416666666666
813,LRU,0.18831380208333334
814,LRU,0.189453125
815,LRU,0.24153645833333334
816,LRU,0.20686848958333334
817,LRU,0.19775390625
818,LRU,0.203125
819,LRU,0.22688802083333334
820,LRU,0.20166015625
821,LRU,0.20003255208333334
822,LRU,0.1982421875
823,LRU,0.2451171875
824,LRU,0.2060546875
825,LRU,0.20817057291666666
826,LRU,0.2099609375
827,LRU,0.23567708333333334
828,LRU,0.21028645833333334
829,LRU,0.20751953125
830,LRU,0.20100911458333334
831,LRU,0.22770182291666666
832,LRU,0.19645182291666666
833,LRU,0.18912760416666666
834,LRU,0.19840494791666666
835,LRU,0.22786458333333334
836,LRU,0.19677734375
837,LRU,0.20149739583333334
838,LRU,0.19270833333333334
839,LRU,0.22607421875
840,LRU,0.1982421875
841,LRU,0.18798828125
842,LRU,0.19482421875
843,LRU,0.23095703125
844,LRU,0.20296223958333334
845,LRU,0.19807942708333334
846,LRU,0.18603515625
847,LRU,0.22200520833333334
848,LRU,0.19807942708333334
849,LRU,0.18977864583333334
850,LRU,0.19645182291666666
851,LRU,0.24153645833333334
852,LRU,0.21744791666666666
853,LRU,0.20735677083333334
854,LRU,0.21028645833333334
855,LRU,0.22998046875
856,LRU,0.19791666666666666
857,LRU,0.19661458333333334
858,LRU,0.20035807291666666
859,LRU,0.23502604166666666
860,LRU,0.20524088541666666
861,LRU,0.20068359375
862,LRU,0.19563802083333334
863,LRU,0.2373046875
864,LRU,0.21761067708333334
865,LRU,0.19938151041666666
866,LRU,0.1943359375
867,LRU,0.23649088541666666
868,LRU,0.21516927083333334
869,LRU,0.20231119791666666
870,LRU,0.21305338541666666
871,LRU,0.24527994791666666
872,LRU,0.21712239583333334
873,LRU,0.2119140625
874,LRU,0.21500651041666666
875,LRU,0.22998046875
876,LRU,0.20540364583333334
877,LRU,0.2099609375
878,LRU,0.20198567708333334
879,LRU,0.23030598958333334
880,LRU,0.19303385416666666
881,LRU,0.19514973958333334
882,LRU,0.18766276041666666
883,LRU,0.22493489583333334
884,LRU,0.18994140625
885,LRU,0.19140625
886,LRU,0.19905598958333334
887,LRU,0.24462890625
888,LRU,0.20930989583333334
889,LRU,0.20654296875
890,LRU,0.21077473958333334
891,LRU,0.22542317708333334
892,LRU,0.19091796875
893,LRU,0.1904296875
894,LRU,0.19921875
895,LRU,0.23177083333333334
896,LRU,0.20686848958333334
897,LRU,0.20670572916666666
898,LRU,0.19775390625
899,LRU,0.234375
900,LRU,0.19580078125
901,LRU,0.19873046875
902,LRU,0.20458984375
903,LRU,0.24739583333333334
904,LRU,0.21695963541666666
905,LRU,0.20328776041666666
906,LRU,0.21614583333333334
907,LRU,0.2548828125
908,LRU,0.220703125
909,LRU,0.19026692708333334
910,LRU,0.22151692708333334
911,LRU,0.2421875
912,LRU,0.21598307291666666
913,LRU,0.22347005208333334
914,LRU,0.20475260416666666
915,LRU,0.22705078125
916,LRU,0.19124348958333334
917,LRU,0.19205729166666666
918,LRU,0.18684895833333334
919,LRU,0.22265625
920,LRU,0.18929036458333334
921,LRU,0.19677734375
922,LRU,0.19694010416666666
923,LRU,0.24137369791666666
924,LRU,0.21028645833333334
925,LRU,0.19498697916666666
926,LRU,0.19807942708333334
927,LRU,0.2392578125
928,LRU,0.205078125
929,LRU,0.21305338541666666
930,LRU,0.20882161458333334
931,LRU,0.22639973958333334
932,LRU,0.19514973958333334
933,LRU,0.20524088541666666
934,LRU,0.21272786458333334
935,LRU,0.23649088541666666
936,LRU,0.20621744791666666
937,LRU,0.20914713541666666
938,LRU,0.21126302083333334
939,LRU,0.24544270833333334
940,LRU,0.20833333333333334
941,LRU,0.2001953125
942,LRU,0.18782552083333334
943,LRU,0.21158854166666666
944,LRU,0.17985026041666666
945,LRU,0.18391927083333334
946,LRU,0.18375651041666666
947,LRU,0.2275390625
948,LRU,0.19645182291666666
949,LRU,0.1884765625
950,LRU,0.19514973958333334
951,LRU,0.21923828125
952,LRU,0.18815104166666666
953,LRU,0.18701171875
954,LRU,0.19401041666666666
955,LRU,0.22688802083333334
956,LRU,0.19401041666666666
957,LRU,0.19270833333333334
958,LRU,0.18603515625
959,LRU,0.2333984375
960,LRU,0.20182291666666666
961,LRU,0.20719401041666666
962,LRU,0.20589192708333334
963,LRU,0.25
964,LRU,0.23209635416666666
965,LRU,0.20979817708333334
966,LRU,0.20084635416666666
967,LRU,0.23291015625
968,LRU,0.20035807291666666
969,LRU,0.1943359375
970,LRU,0.19205729166666666
971,LRU,0.22526041666666666
972,LRU,0.20458984375
973,LRU,0.19368489583333334
974,LRU,0.19547526041666666
975,LRU,0.2392578125
976,LRU,0.1962890625
977,LRU,0.20166015625
978,LRU,0.20426432291666666
979,LRU,0.24934895833333334
980,LRU,0.21826171875
981,LRU,0.21809895833333334
982,LRU,0.20849609375
983,LRU,0.240234375
984,LRU,0.208984375
985,LRU,0.20426432291666666
986,LRU,0.19140625
987,LRU,0.22932942708333334
988,LRU,0.19498697916666666
989,LRU,0.19775390625
990,LRU,0.19547526041666666
991,LRU,0.22298177083333334
992,LRU,0.20719401041666666
993,LRU,0.19759114583333334
994,LRU,0.18359375
995,LRU,0.22493489583333334
996,LRU,0.19059244791666666
997,LRU,0.18619791666666666
998,LRU,0.19759114583333334
999,LRU,0.240234375
1000,LRU,0.19807942708333334
1001,LRU,0.203125
1002,LRU,0.19498697916666666
1003,LRU,0.24397786458333334
1004,LRU,0.20865885416666666
1005,LRU,0.20882161458333334
1006,LRU,0.2138671875
1007,LRU,0.2197265625
1008,LRU,0.1982421875
1009,LRU,0.19417317708333334
1010,LRU,0.20524088541666666
1011,LRU,0.22835286458333334
1012,LRU,0.20963541666666666
1013,LRU,0.1953125
1014,LRU,0.19368489583333334
1015,LRU,0.236328125
1016,LRU,0.21028645833333334
1017,LRU,0.2119140625
1018,LRU,0.20247395833333334
1019,LRU,0.24934895833333334
1020,LRU,0.21337890625
1021,LRU,0.21223958333333334
1022,LRU,0.20930989583333334
1023,LRU,0.23225911458333334
3,LFU,0.27001953125
4,LFU,0.23616536458333334
5,LFU,0.25341796875
6,LFU,0.2503255208333333
7,LFU,0.2646484375
8,LFU,0.2517903645833333
9,LFU,0.251953125
10,LFU,0.2509765625
11,LFU,0.2771809895833333
12,LFU,0.2581380208333333
13,LFU,0.24381510416666666
14,LFU,0.26025390625
15,LFU,0.25927734375
16,LFU,0.24772135416666666
17,LFU,0.24446614583333334
18,LFU,0.23958333333333334
19,LFU,0.2568359375
20,LFU,0.24430338541666666
21,LFU,0.2314453125
22,LFU,0.24365234375
23,LFU,0.2545572916666667
24,LFU,0.25048828125
25,LFU,0.23974609375
26,LFU,0.24137369791666666
27,LFU,0.2565104166666667
28,LFU,0.2513020833333333
29,LFU,0.2421875
30,LFU,0.23876953125
31,LFU,0.2623697916666667
32,LFU,0.263671875
33,LFU,0.2566731770833333
34,LFU,0.24837239583333334
35,LFU,0.27099609375
36,LFU,0.2620442708333333
37,LFU,0.26318359375
38,LFU,0.2451171875
39,LFU,0.24820963541666666
40,LFU,0.24462890625
41,LFU,0.24267578125
42,LFU,0.24104817708333334
43,LFU,0.2893880208333333
44,LFU,0.22998046875
45,LFU,0.24186197916666666
46,LFU,0.2659505208333333
47,LFU,0.27880859375
48,LFU,0.2802734375
49,LFU,0.2828776041666667
50,LFU,0.27734375
51,LFU,0.27197265625
52,LFU,0.24739583333333334
53,LFU,0.23404947916666666
54,LFU,0.22884114583333334
55,LFU,0.2615559895833333
56,LFU,0.22835286458333334
57,LFU,0.2522786458333333
58,LFU,0.2508138020833333
59,LFU,0.2734375
60,LFU,0.26318359375
61,LFU,0.26611328125
62,LFU,0.26513671875
63,LFU,0.2770182291666667
64,LFU,0.2594401041666667
65,LFU,0.2555338541666667
66,LFU,0.2586263020833333
67,LFU,0.3076171875
68,LFU,0.28271484375
69,LFU,0.28662109375
70,LFU,0.2828776041666667
71,LFU,0.29052734375
72,LFU,0.2781575520833333
73,LFU,0.2618815104166667
74,LFU,0.2537434895833333
75,LFU,0.28369140625
76,LFU,0.23030598958333334
77,LFU,0.2561848958333333
78,LFU,0.2503255208333333
79,LFU,0.2560221354166667
80,LFU,0.232421875
81,LFU,0.23030598958333334
82,LFU,0.24072265625
83,LFU,0.24153645833333334
84,LFU,0.24690755208333334
85,LFU,0.23828125
86,LFU,0.23356119791666666
87,LFU,0.2594401041666667
88,LFU,0.26220703125
89,LFU,0.244140625
90,LFU,0.24772135416666666
91,LFU,0.25439453125
92,LFU,0.22819010416666666
93,LFU,0.22867838541666666
94,LFU,0.22900390625
95,LFU,0.2431640625
96,LFU,0.23649088541666666
97,LFU,0.23404947916666666
98,LFU,0.23111979166666666
99,LFU,0.24560546875
100,LFU,0.22965494791666666
101,LFU,0.22119140625
102,LFU,0.22916666666666666
103,LFU,0.24104817708333334
104,LFU,0.23193359375
105,LFU,0.23909505208333334
106,LFU,0.22900390625
107,LFU,0.2937825520833333
108,LFU,0.2688802083333333
109,LFU,0.24446614583333334
110,LFU,0.2490234375
111,LFU,0.2626953125
112,LFU,0.24088541666666666
113,LFU,0.251953125
114,LFU,0.24283854166666666
115,LFU,0.2815755208333333
116,LFU,0.2613932291666667
117,LFU,0.2625325520833333
118,LFU,0.24527994791666666
119,LFU,0.24788411458333334
120,LFU,0.20735677083333334
121,LFU,0.22526041666666666
122,LFU,0.24365234375
123,LFU,0.2604166666666667
124,LFU,0.2314453125
125,LFU,0.24365234375
126,LFU,0.23958333333333334
127,LFU,0.24674479166666666
128,LFU,0.2526041666666667
129,LFU,0.24723307291666666
130,LFU,0.24544270833333334
131,LFU,0.259765625
132,LFU,0.24983723958333334
133,LFU,0.24951171875
134,LFU,0.2412109375
135,LFU,0.2633463541666667
136,LFU,0.24837239583333334
137,LFU,0.24169921875
138,LFU,0.25
139,LFU,0.25390625
140,LFU,0.23583984375
141,LFU,0.23193359375
142,LFU,0.21533203125
143,LFU,0.25537109375
144,LFU,0.24202473958333334
145,LFU,0.23274739583333334
146,LFU,0.2421875
147,LFU,0.251953125
148,LFU,0.24690755208333334
149,LFU,0.23323567708333334
150,LFU,0.22574869791666666
151,LFU,0.2509765625
152,LFU,0.244140625
153,LFU,0.2594401041666667
154,LFU,0.22819010416666666
155,LFU,0.2626953125
156,LFU,0.23307291666666666
157,LFU,0.24055989583333334
158,LFU,0.2373046875
159,LFU,0.25146484375
160,LFU,0.22998046875
161,LFU,0.23990885416666666
162,LFU,0.23844401041666666
163,LFU,0.2649739583333333
164,LFU,0.2571614583333333
165,LFU,0.24934895833333334
166,LFU,0.23209635416666666
167,LFU,0.2898763020833333
168,LFU,0.26025390625
169,LFU,0.2618815104166667
170,LFU,0.251953125
171,LFU,0.2677408854166667
172,LFU,0.24658203125
173,LFU,0.24772135416666666
174,LFU,0.23958333333333334
175,LFU,0.26513671875
176,LFU,0.24527994791666666
177,LFU,0.2501627604166667
178,LFU,0.24772135416666666
179,LFU,0.2548828125
180,LFU,0.23990885416666666
181,LFU,0.22314453125
182,LFU,0.23779296875
183,LFU,0.24186197916666666
184,LFU,0.23551432291666666
185,LFU,0.24283854166666666
186,LFU,0.24886067708333334
187,LFU,0.2727864583333333
188,LFU,0.2620442708333333
189,LFU,0.2623697916666667
190,LFU,0.24837239583333334
191,LFU,0.2578125
192,LFU,0.25048828125
193,LFU,0.2508138020833333
194,LFU,0.26416015625
195,LFU,0.25048828125
196,LFU,0.23600260416666666
197,LFU,0.24348958333333334
198,LFU,0.23567708333333334
199,LFU,0.2584635416666667
200,LFU,0.26123046875
201,LFU,0.2527669270833333
202,LFU,0.23958333333333334
203,LFU,0.24983723958333334
204,LFU,0.25
205,LFU,0.24202473958333334
206,LFU,0.24576822916666666
207,LFU,0.248046875
208,LFU,0.22721354166666666
209,LFU,0.23470052083333334
210,LFU,0.24039713541666666
211,LFU,0.2604166666666667
212,LFU,0.24853515625
213,LFU,0.23909505208333334
214,LFU,0.23502604166666666
215,LFU,0.259765625
216,LFU,0.2490234375
217,LFU,0.2517903645833333
218,LFU,0.2610677083333333
219,LFU,0.2547200520833333
220,LFU,0.2373046875
221,LFU,0.22607421875
222,LFU,0.23209635416666666
223,LFU,0.2527669270833333
224,LFU,0.24983723958333334
225,LFU,0.23583984375
226,LFU,0.23372395833333334
227,LFU,0.27392578125
228,LFU,0.2659505208333333
229,LFU,0.2535807291666667
230,LFU,0.2604166666666667
231,LFU,0.2652994791666667
232,LFU,0.24755859375
233,LFU,0.23567708333333334
234,LFU,0.23421223958333334
235,LFU,0.24348958333333334
236,LFU,0.23518880208333334
237,LFU,0.22509765625
238,LFU,0.22623697916666666
239,LFU,0.24641927083333334
240,LFU,0.23046875
241,LFU,0.23421223958333334
242,LFU,0.23209635416666666
243,LFU,0.2490234375
244,LFU,0.2265625
245,LFU,0.24951171875
246,LFU,0.2373046875
247,LFU,0.2898763020833333
248,LFU,0.2669270833333333
249,LFU,0.24658203125
250,LFU,0.24576822916666666
251,LFU,0.2609049479166667
252,LFU,0.24007161458333334
253,LFU,0.24739583333333334
254,LFU,0.24283854166666666
255,LFU,0.2516276041666667
256,LFU,0.2314453125
257,LFU,0.22802734375
258,LFU,0.22786458333333334
259,LFU,0.2527669270833333
260,LFU,0.24397786458333334
261,LFU,0.24300130208333334
262,LFU,0.23128255208333334
263,LFU,0.244140625
264,LFU,0.22916666666666666
265,LFU,0.23046875
266,LFU,0.23079427083333334
267,LFU,0.2586263020833333
268,LFU,0.24739583333333334
269,LFU,0.24609375
270,LFU,0.25146484375
271,LFU,0.26611328125
272,LFU,0.24055989583333334
273,LFU,0.2511393229166667
274,LFU,0.25341796875
275,LFU,0.2607421875
276,LFU,0.24072265625
277,LFU,0.24235026041666666
278,LFU,0.24072265625
279,LFU,0.2569986979166667
280,LFU,0.23453776041666666
281,LFU,0.23193359375
282,LFU,0.22054036458333334
283,LFU,0.2571614583333333
284,LFU,0.24137369791666666
285,LFU,0.234375
286,LFU,0.23177083333333334
287,LFU,0.24918619791666666
288,LFU,0.23811848958333334
289,LFU,0.23616536458333334
290,LFU,0.23649088541666666
291,LFU,0.24869791666666666
292,LFU,0.23746744791666666
293,LFU,0.2412109375
294,LFU,0.23616536458333334
295,LFU,0.2522786458333333
296,LFU,0.228515625
297,LFU,0.23063151041666666
298,LFU,0.23128255208333334
299,LFU,0.2750651041666667
300,LFU,0.23600260416666666
301,LFU,0.22916666666666666
302,LFU,0.22412109375
303,LFU,0.23551432291666666
304,LFU,0.23551432291666666
305,LFU,0.22786458333333334
306,LFU,0.22884114583333334
307,LFU,0.25390625
308,LFU,0.24169921875
309,LFU,0.24365234375
310,LFU,0.24462890625
311,LFU,0.2607421875
312,LFU,0.2451171875
313,LFU,0.24658203125
314,LFU,0.23421223958333334
315,LFU,0.2576497395833333
316,LFU,0.24544270833333334
317,LFU,0.24267578125
318,LFU,0.2586263020833333
319,LFU,0.2683919270833333
320,LFU,0.23714192708333334
321,LFU,0.22102864583333334
322,LFU,0.23828125
323,LFU,0.2526041666666667
324,LFU,0.240234375
325,LFU,0.24007161458333334
326,LFU,0.24251302083333334
327,LFU,0.24951171875
328,LFU,0.23714192708333334
329,LFU,0.22444661458333334
330,LFU,0.23470052083333334
331,LFU,0.26806640625
332,LFU,0.24674479166666666
333,LFU,0.2545572916666667
334,LFU,0.24593098958333334
335,LFU,0.25634765625
336,LFU,0.23486328125
337,LFU,0.22249348958333334
338,LFU,0.22932942708333334
339,LFU,0.271484375
340,LFU,0.2529296875
341,LFU,0.23909505208333334
342,LFU,0.24153645833333334
343,LFU,0.25439453125
344,LFU,0.22932942708333334
345,LFU,0.22981770833333334
346,LFU,0.24658203125
347,LFU,0.2791341145833333
348,LFU,0.2587890625
349,LFU,0.2620442708333333
350,LFU,0.24739583333333334
351,LFU,0.2649739583333333
352,LFU,0.25
353,LFU,0.23714192708333334
354,LFU,0.23567708333333334
355,LFU,0.25634765625
356,LFU,0.24267578125
357,LFU,0.24267578125
358,LFU,0.25927734375
359,LFU,0.27587890625
360,LFU,0.24658203125
361,LFU,0.2664388020833333
362,LFU,0.24462890625
363,LFU,0.2589518229166667
364,LFU,0.24430338541666666
365,LFU,0.2451171875
366,LFU,0.24137369791666666
367,LFU,0.27294921875
368,LFU,0.24495442708333334
369,LFU,0.23974609375
370,LFU,0.23860677083333334
371,LFU,0.26513671875
372,LFU,0.24137369791666666
373,LFU,0.22884114583333334
374,LFU,0.23274739583333334
375,LFU,0.2586263020833333
376,LFU,0.23616536458333334
377,LFU,0.23063151041666666
378,LFU,0.24202473958333334
379,LFU,0.24772135416666666
380,LFU,0.24560546875
381,LFU,0.23893229166666666
382,LFU,0.23909505208333334
383,LFU,0.2591145833333333
384,LFU,0.2587890625
385,LFU,0.244140625
386,LFU,0.2412109375
387,LFU,0.25048828125
388,LFU,0.244140625
389,LFU,0.23779296875
390,LFU,0.24641927083333334
391,LFU,0.2579752604166667
392,LFU,0.2594401041666667
393,LFU,0.2521158854166667
394,LFU,0.24088541666666666
395,LFU,0.24723307291666666
396,LFU,0.23876953125
397,LFU,0.23372395833333334
398,LFU,0.22965494791666666
399,LFU,0.2630208333333333
400,LFU,0.23746744791666666
401,LFU,0.23421223958333334
402,LFU,0.23876953125
403,LFU,0.25048828125
404,LFU,0.24072265625
405,LFU,0.24137369791666666
406,LFU,0.22998046875
407,LFU,0.2568359375
408,LFU,0.24137369791666666
409,LFU,0.23990885416666666
410,LFU,0.23714192708333334
411,LFU,0.2618815104166667
412,LFU,0.2353515625
413,LFU,0.24186197916666666
414,LFU,0.23160807291666666
415,LFU,0.24348958333333334
416,LFU,0.228515625
417,LFU,0.23307291666666666
418,LFU,0.22916666666666666
419,LFU,0.2744140625
420,LFU,0.2522786458333333
421,LFU,0.23697916666666666
422,LFU,0.23388671875
423,LFU,0.24723307291666666
424,LFU,0.24853515625
425,LFU,0.2265625
426,LFU,0.22591145833333334
427,LFU,0.2503255208333333
428,LFU,0.23307291666666666
429,LFU,0.23714192708333334
430,LFU,0.22574869791666666
431,LFU,0.2594401041666667
432,LFU,0.24918619791666666
433,LFU,0.2516276041666667
434,LFU,0.2451171875
435,LFU,0.25146484375
436,LFU,0.22802734375
437,LFU,0.23388671875
438,LFU,0.2540690104166667
439,LFU,0.29296875
440,LFU,0.27587890625
441,LFU,0.27294921875
442,LFU,0.25439453125
443,LFU,0.2610677083333333
444,LFU,0.24446614583333334
445,LFU,0.22330729166666666
446,LFU,0.23372395833333334
447,LFU,0.2706705729166667
448,LFU,0.24283854166666666
449,LFU,0.25439453125
450,LFU,0.26220703125
451,LFU,0.25390625
452,LFU,0.23942057291666666
453,LFU,0.23209635416666666
454,LFU,0.23014322916666666
455,LFU,0.27001953125
456,LFU,0.25146484375
457,LFU,0.24918619791666666
458,LFU,0.23453776041666666
459,LFU,0.2805989583333333
460,LFU,0.27197265625
461,LFU,0.2786458333333333
462,LFU,0.2652994791666667
463,LFU,0.263671875
464,LFU,0.2605794270833333
465,LFU,0.2532552083333333
466,LFU,0.2578125
467,LFU,0.2786458333333333
468,LFU,0.2667643229166667
469,LFU,0.24820963541666666
470,LFU,0.26171875
471,LFU,0.2809244791666667
472,LFU,0.2705078125
473,LFU,0.2587890625
474,LFU,0.2649739583333333
475,LFU,0.25244140625
476,LFU,0.23697916666666666
477,LFU,0.23958333333333334
478,LFU,0.23828125
479,LFU,0.2796223958333333
480,LFU,0.2594401041666667
481,LFU,0.23567708333333334
482,LFU,0.24918619791666666
483,LFU,0.25830078125
484,LFU,0.25341796875
485,LFU,0.2596028645833333
486,LFU,0.2517903645833333
487,LFU,0.2736002604166667
488,LFU,0.2737630208333333
489,LFU,0.2490234375
490,LFU,0.2586263020833333
491,LFU,0.2880859375
492,LFU,0.2594401041666667
493,LFU,0.2548828125
494,LFU,0.2669270833333333
495,LFU,0.2615559895833333
496,LFU,0.2451171875
497,LFU,0.24235026041666666
498,LFU,0.23583984375
499,LFU,0.2752278645833333
500,LFU,0.24527994791666666
501,LFU,0.22916666666666666
502,LFU,0.23681640625
503,LFU,0.287109375
504,LFU,0.26904296875
505,LFU,0.2589518229166667
506,LFU,0.2766927083333333
507,LFU,0.2825520833333333
508,LFU,0.2596028645833333
509,LFU,0.25244140625
510,LFU,0.24104817708333334
511,LFU,0.28125
512,LFU,0.2501627604166667
513,LFU,0.2431640625
514,LFU,0.23649088541666666
515,LFU,0.2626953125
516,LFU,0.24576822916666666
517,LFU,0.23811848958333334
518,LFU,0.23502604166666666
519,LFU,0.2828776041666667
520,LFU,0.2679036458333333
521,LFU,0.2664388020833333
522,LFU,0.2685546875
523,LFU,0.2890625
524,LFU,0.2540690104166667
525,LFU,0.24479166666666666
526,LFU,0.26953125
527,LFU,0.2718098958333333
528,LFU,0.26611328125
529,LFU,0.24837239583333334
530,LFU,0.24690755208333334
531,LFU,0.2685546875
532,LFU,0.2657877604166667
533,LFU,0.26171875
534,LFU,0.24869791666666666
535,LFU,0.2532552083333333
536,LFU,0.23177083333333334
537,LFU,0.23258463541666666
538,LFU,0.24430338541666666
539,LFU,0.2757161458333333
540,LFU,0.24593098958333334
541,LFU,0.26123046875
542,LFU,0.2451171875
543,LFU,0.2688802083333333
544,LFU,0.2646484375
545,LFU,0.2542317708333333
546,LFU,0.2548828125
547,LFU,0.2978515625
548,LFU,0.29150390625
549,LFU,0.283203125
550,LFU,0.2861328125
551,LFU,0.3077799479166667
552,LFU,0.2722981770833333
553,LFU,0.2626953125
554,LFU,0.2565104166666667
555,LFU,0.2928059895833333
556,LFU,0.2693684895833333
557,LFU,0.2732747395833333
558,LFU,0.2726236979166667
559,LFU,0.3126627604166667
560,LFU,0.2853190104166667
561,LFU,0.2757161458333333
562,LFU,0.27978515625
563,LFU,0.2835286458333333
564,LFU,0.27490234375
565,LFU,0.2565104166666667
566,LFU,0.2654622395833333
567,LFU,0.2820638020833333
568,LFU,0.2669270833333333
569,LFU,0.2732747395833333
570,LFU,0.26171875
571,LFU,0.2879231770833333
572,LFU,0.2688802083333333
573,LFU,0.248046875
574,LFU,0.2516276041666667
575,LFU,0.2887369791666667
576,LFU,0.27001953125
577,LFU,0.2693684895833333
578,LFU,0.27197265625
579,LFU,0.2926432291666667
580,LFU,0.259765625
581,LFU,0.2643229166666667
582,LFU,0.26611328125
583,LFU,0.2618815104166667
584,LFU,0.24983723958333334
585,LFU,0.26123046875
586,LFU,0.2421875
587,LFU,0.2722981770833333
588,LFU,0.2706705729166667
589,LFU,0.2732747395833333
590,LFU,0.2888997395833333
591,LFU,0.2989908854166667
592,LFU,0.2693684895833333
593,LFU,0.2705078125
594,LFU,0.2532552083333333
595,LFU,0.2734375
596,LFU,0.2672526041666667
597,LFU,0.251953125
598,LFU,0.2615559895833333
599,LFU,0.2747395833333333
600,LFU,0.25439453125
601,LFU,0.2578125
602,LFU,0.25634765625
603,LFU,0.2879231770833333
604,LFU,0.2654622395833333
605,LFU,0.2722981770833333
606,LFU,0.2718098958333333
607,LFU,0.2840169270833333
608,LFU,0.26806640625
609,LFU,0.2547200520833333
610,LFU,0.271484375
611,LFU,0.2776692708333333
612,LFU,0.2576497395833333
613,LFU,0.2584635416666667
614,LFU,0.2537434895833333
615,LFU,0.2648111979166667
616,LFU,0.2560221354166667
617,LFU,0.2506510416666667
618,LFU,0.24853515625
619,LFU,0.2849934895833333
620,LFU,0.26708984375
621,LFU,0.2596028645833333
622,LFU,0.23258463541666666
623,LFU,0.2789713541666667
624,LFU,0.2685546875
625,LFU,0.24593098958333334
626,LFU,0.2537434895833333
627,LFU,0.31689453125
628,LFU,0.2923177083333333
629,LFU,0.3001302083333333
630,LFU,0.2872721354166667
631,LFU,0.29541015625
632,LFU,0.2755533854166667
633,LFU,0.2784830729166667
634,LFU,0.2740885416666667
635,LFU,0.2858072916666667
636,LFU,0.2635091145833333
637,LFU,0.2677408854166667
638,LFU,0.2613932291666667
639,LFU,0.27880859375
640,LFU,0.24934895833333334
641,LFU,0.25
642,LFU,0.2537434895833333
643,LFU,0.2809244791666667
644,LFU,0.2530924479166667
645,LFU,0.25390625
646,LFU,0.2600911458333333
647,LFU,0.2867838541666667
648,LFU,0.2762044270833333
649,LFU,0.2731119791666667
650,LFU,0.2615559895833333
651,LFU,0.283203125
652,LFU,0.26904296875
653,LFU,0.2677408854166667
654,LFU,0.2666015625
655,LFU,0.2999674479166667
656,LFU,0.2718098958333333
657,LFU,0.2683919270833333
658,LFU,0.25830078125
659,LFU,0.2854817708333333
660,LFU,0.2711588541666667
661,LFU,0.2584635416666667
662,LFU,0.2576497395833333
663,LFU,0.2939453125
664,LFU,0.24983723958333334
665,LFU,0.24365234375
666,LFU,0.2509765625
667,LFU,0.28857421875
668,LFU,0.2693684895833333
669,LFU,0.25927734375
670,LFU,0.26708984375
671,LFU,0.26953125
672,LFU,0.25390625
673,LFU,0.2604166666666667
674,LFU,0.2542317708333333
675,LFU,0.287109375
676,LFU,0.2620442708333333
677,LFU,0.25732421875
678,LFU,0.2560221354166667
679,LFU,0.29541015625
680,LFU,0.27783203125
681,LFU,0.2796223958333333
682,LFU,0.2737630208333333
683,LFU,0.30908203125
684,LFU,0.2926432291666667
685,LFU,0.2615559895833333
686,LFU,0.267578125
687,LFU,0.296875
688,LFU,0.2893880208333333
689,LFU,0.2571614583333333
690,LFU,0.2796223958333333
691,LFU,0.2750651041666667
692,LFU,0.2630208333333333
693,LFU,0.2635091145833333
694,LFU,0.2649739583333333
695,LFU,0.2908528645833333
696,LFU,0.267578125
697,LFU,0.2708333333333333
698,LFU,0.2625325520833333
699,LFU,0.3011067708333333
700,LFU,0.2638346354166667
701,LFU,0.2685546875
702,LFU,0.271484375
703,LFU,0.28173828125
704,LFU,0.2843424479166667
705,LFU,0.2620442708333333
706,LFU,0.2724609375
707,LFU,0.2913411458333333
708,LFU,0.2683919270833333
709,LFU,0.27001953125
710,LFU,0.26611328125
711,LFU,0.2872721354166667
712,LFU,0.2862955729166667
713,LFU,0.26220703125
714,LFU,0.26904296875
715,LFU,0.2849934895833333
716,LFU,0.2727864583333333
717,LFU,0.2828776041666667
718,LFU,0.2872721354166667
719,LFU,0.3103841145833333
720,LFU,0.26611328125
721,LFU,0.2884114583333333
722,LFU,0.283203125
723,LFU,0.29296875
724,LFU,0.2864583333333333
725,LFU,0.27197265625
726,LFU,0.2734375
727,LFU,0.2976888020833333
728,LFU,0.2864583333333333
729,LFU,0.2727864583333333
730,LFU,0.27880859375
731,LFU,0.2942708333333333
732,LFU,0.2688802083333333
733,LFU,0.2698567708333333
734,LFU,0.2721354166666667
735,LFU,0.2965494791666667
736,LFU,0.27294921875
737,LFU,0.2820638020833333
738,LFU,0.2744140625
739,LFU,0.2900390625
740,LFU,0.2664388020833333
741,LFU,0.2648111979166667
742,LFU,0.2613932291666667
743,LFU,0.306640625
744,LFU,0.2897135416666667
745,LFU,0.2892252604166667
746,LFU,0.2890625
747,LFU,0.3095703125
748,LFU,0.3203125
749,LFU,0.29345703125
750,LFU,0.3050130208333333
751,LFU,0.3038736979166667
752,LFU,0.2937825520833333
753,LFU,0.2786458333333333
754,LFU,0.3035481770833333
755,LFU,0.3063151041666667
756,LFU,0.275390625
757,LFU,0.263671875
758,LFU,0.2843424479166667
759,LFU,0.3341471354166667
760,LFU,0.3030598958333333
761,LFU,0.2845052083333333
762,LFU,0.2849934895833333
763,LFU,0.2985026041666667
764,LFU,0.28076171875
765,LFU,0.2745768229166667
766,LFU,0.2874348958333333
767,LFU,0.2740885416666667
768,LFU,0.2740885416666667
769,LFU,0.2643229166666667
770,LFU,0.27783203125
771,LFU,0.265625
772,LFU,0.2679036458333333
773,LFU,0.2610677083333333
774,LFU,0.2568359375
775,LFU,0.26953125
776,LFU,0.25830078125
777,LFU,0.2589518229166667
778,LFU,0.24202473958333334
779,LFU,0.28076171875
780,LFU,0.2713216145833333
781,LFU,0.2708333333333333
782,LFU,0.24869791666666666
783,LFU,0.29638671875
784,LFU,0.28466796875
785,LFU,0.2825520833333333
786,LFU,0.2776692708333333
787,LFU,0.2945963541666667
788,LFU,0.2770182291666667
789,LFU,0.26416015625
790,LFU,0.2841796875
791,LFU,0.2890625
792,LFU,0.2708333333333333
793,LFU,0.2734375
794,LFU,0.2903645833333333
795,LFU,0.2939453125
796,LFU,0.2862955729166667
797,LFU,0.2727864583333333
798,LFU,0.28125
799,LFU,0.3098958333333333
800,LFU,0.2724609375
801,LFU,0.2892252604166667
802,LFU,0.2830403645833333
803,LFU,0.3131510416666667
804,LFU,0.29833984375
805,LFU,0.2841796875
806,LFU,0.2962239583333333
807,LFU,0.2815755208333333
808,LFU,0.2672526041666667
809,LFU,0.24853515625
810,LFU,0.2727864583333333
811,LFU,0.2802734375
812,LFU,0.2609049479166667
813,LFU,0.2620442708333333
814,LFU,0.2571614583333333
815,LFU,0.3001302083333333
816,LFU,0.2888997395833333
817,LFU,0.2783203125
818,LFU,0.2804361979166667
819,LFU,0.29248046875
820,LFU,0.2775065104166667
821,LFU,0.27734375
822,LFU,0.27587890625
823,LFU,0.3133138020833333
824,LFU,0.28076171875
825,LFU,0.2805989583333333
826,LFU,0.2814127604166667
827,LFU,0.31689453125
828,LFU,0.2967122395833333
829,LFU,0.302734375
830,LFU,0.30126953125
831,LFU,0.2980143229166667
832,LFU,0.2711588541666667
833,LFU,0.2701822916666667
834,LFU,0.26123046875
835,LFU,0.2926432291666667
836,LFU,0.2766927083333333
837,LFU,0.2830403645833333
838,LFU,0.2804361979166667
839,LFU,0.29736328125
840,LFU,0.2692057291666667
841,LFU,0.2755533854166667
842,LFU,0.294921875
843,LFU,0.2843424479166667
844,LFU,0.26953125
845,LFU,0.265625
846,LFU,0.2613932291666667
847,LFU,0.2903645833333333
848,LFU,0.28759765625
849,LFU,0.2744140625
850,LFU,0.2888997395833333
851,LFU,0.3193359375
852,LFU,0.3019205729166667
853,LFU,0.28515625
854,LFU,0.2950846354166667
855,LFU,0.2942708333333333
856,LFU,0.2849934895833333
857,LFU,0.28125
858,LFU,0.29248046875
859,LFU,0.30615234375
860,LFU,0.2957356770833333
861,LFU,0.2937825520833333
862,LFU,0.2696940104166667
863,LFU,0.3037109375
864,LFU,0.30322265625
865,LFU,0.2664388020833333
866,LFU,0.2747395833333333
867,LFU,0.3134765625
868,LFU,0.3025716145833333
869,LFU,0.2859700520833333
870,LFU,0.29833984375
871,LFU,0.31787109375
872,LFU,0.2981770833333333
873,LFU,0.3009440104166667
874,LFU,0.31005859375
875,LFU,0.3025716145833333
876,LFU,0.2911783854166667
877,LFU,0.2845052083333333
878,LFU,0.2752278645833333
879,LFU,0.3201497395833333
880,LFU,0.28076171875
881,LFU,0.2766927083333333
882,LFU,0.2802734375
883,LFU,0.28662109375
884,LFU,0.2744140625
885,LFU,0.2687174479166667
886,LFU,0.2952473958333333
887,LFU,0.3167317708333333
888,LFU,0.2958984375
889,LFU,0.2911783854166667
890,LFU,0.3011067708333333
891,LFU,0.2872721354166667
892,LFU,0.2644856770833333
893,LFU,0.26611328125
894,LFU,0.27392578125
895,LFU,0.298828125
896,LFU,0.2888997395833333
897,LFU,0.2796223958333333
898,LFU,0.2781575520833333
899,LFU,0.32666015625
900,LFU,0.2985026041666667
901,LFU,0.3025716145833333
902,LFU,0.2955729166666667
903,LFU,0.32470703125
904,LFU,0.3063151041666667
905,LFU,0.2835286458333333
906,LFU,0.31201171875
907,LFU,0.3297526041666667
908,LFU,0.3180338541666667
909,LFU,0.27685546875
910,LFU,0.30029296875
911,LFU,0.3167317708333333
912,LFU,0.3028971354166667
913,LFU,0.3146158854166667
914,LFU,0.3046875
915,LFU,0.3033854166666667
916,LFU,0.2809244791666667
917,LFU,0.2928059895833333
918,LFU,0.2955729166666667
919,LFU,0.3136393229166667
920,LFU,0.2864583333333333
921,LFU,0.291015625
922,LFU,0.2893880208333333
923,LFU,0.3162434895833333
924,LFU,0.2861328125
925,LFU,0.2757161458333333
926,LFU,0.28857421875
927,LFU,0.32568359375
928,LFU,0.2888997395833333
929,LFU,0.3147786458333333
930,LFU,0.30078125
931,LFU,0.2980143229166667
932,LFU,0.2765299479166667
933,LFU,0.2890625
934,LFU,0.2840169270833333
935,LFU,0.3125
936,LFU,0.2970377604166667
937,LFU,0.28564453125
938,LFU,0.2887369791666667
939,LFU,0.3011067708333333
940,LFU,0.2786458333333333
941,LFU,0.2633463541666667
942,LFU,0.23486328125
943,LFU,0.2958984375
944,LFU,0.27099609375
945,LFU,0.2716471354166667
946,LFU,0.2747395833333333
947,LFU,0.31640625
948,LFU,0.29052734375
949,LFU,0.2765299479166667
950,LFU,0.2908528645833333
951,LFU,0.2877604166666667
952,LFU,0.2848307291666667
953,LFU,0.2815755208333333
954,LFU,0.28759765625
955,LFU,0.2947591145833333
956,LFU,0.2683919270833333
957,LFU,0.2835286458333333
958,LFU,0.2861328125
959,LFU,0.30712890625
960,LFU,0.2892252604166667
961,LFU,0.30517578125
962,LFU,0.31005859375
963,LFU,0.3382161458333333
964,LFU,0.33447265625
965,LFU,0.3121744791666667
966,LFU,0.3030598958333333
967,LFU,0.32373046875
968,LFU,0.3253580729166667
969,LFU,0.2999674479166667
970,LFU,0.3126627604166667
971,LFU,0.30126953125
972,LFU,0.294921875
973,LFU,0.2950846354166667
974,LFU,0.2747395833333333
975,LFU,0.3069661458333333
976,LFU,0.2902018229166667
977,LFU,0.2903645833333333
978,LFU,0.2967122395833333
979,LFU,0.3331705729166667
980,LFU,0.3055013020833333
981,LFU,0.30810546875
982,LFU,0.2823893229166667
983,LFU,0.3268229166666667
984,LFU,0.3102213541666667
985,LFU,0.2937825520833333
986,LFU,0.2679036458333333
987,LFU,0.3009440104166667
988,LFU,0.2877604166666667
989,LFU,0.2789713541666667
990,LFU,0.2841796875
991,LFU,0.2862955729166667
992,LFU,0.2841796875
993,LFU,0.2801106770833333
994,LFU,0.2568359375
995,LFU,0.2911783854166667
996,LFU,0.2744140625
997,LFU,0.2757161458333333
998,LFU,0.2843424479166667
999,LFU,0.3095703125
1000,LFU,0.2820638020833333
1001,LFU,0.296875
1002,LFU,0.2708333333333333
1003,LFU,0.3250325520833333
1004,LFU,0.29736328125
1005,LFU,0.2937825520833333
1006,LFU,0.30615234375
1007,LFU,0.2976888020833333
1008,LFU,0.29248046875
1009,LFU,0.2931315104166667
1010,LFU,0.2972005208333333
1011,LFU,0.3162434895833333
1012,LFU,0.3274739583333333
1013,LFU,0.3263346354166667
1014,LFU,0.30224609375
1015,LFU,0.3160807291666667
1016,LFU,0.3079427083333333
1017,LFU,0.3123372395833333
1018,LFU,0.3113606770833333
1019,LFU,0.3400065104166667
1020,LFU,0.3074544270833333
1021,LFU,0.30419921875
1022,LFU,0.310546875
1023,LFU,0.3037109375
3,WeightedLFU,0.4147135416666667
4,WeightedLFU,0.3543294270833333
5,WeightedLFU,0.3562825520833333
6,WeightedLFU,0.3668619791666667
7,WeightedLFU,0.4025065104166667
8,WeightedLFU,0.4202473958333333
9,WeightedLFU,0.4080403645833333
10,WeightedLFU,0.4031575520833333
11,WeightedLFU,0.4052734375
12,WeightedLFU,0.3834635416666667
13,WeightedLFU,0.3723958333333333
14,WeightedLFU,0.38916015625
15,WeightedLFU,0.3912760416666667
16,WeightedLFU,0.40185546875
17,WeightedLFU,0.3761393229166667
18,WeightedLFU,0.3810221354166667
19,WeightedLFU,0.3619791666666667
20,WeightedLFU,0.3662109375
21,WeightedLFU,0.3880208333333333
22,WeightedLFU,0.3924153645833333
23,WeightedLFU,0.4085286458333333
24,WeightedLFU,0.4267578125
25,WeightedLFU,0.3904622395833333
26,WeightedLFU,0.4078776041666667
27,WeightedLFU,0.4156901041666667
28,WeightedLFU,0.4083658854166667
29,WeightedLFU,0.40283203125
30,WeightedLFU,0.4025065104166667
31,WeightedLFU,0.416015625
32,WeightedLFU,0.4357096354166667
33,WeightedLFU,0.41162109375
34,WeightedLFU,0.40869140625
35,WeightedLFU,0.4078776041666667
36,WeightedLFU,0.4016927083333333
37,WeightedLFU,0.396484375
38,WeightedLFU,0.3548177083333333
39,WeightedLFU,0.3850911458333333
40,WeightedLFU,0.3927408854166667
41,WeightedLFU,0.4088541666666667
42,WeightedLFU,0.3963216145833333
43,WeightedLFU,0.4217122395833333
44,WeightedLFU,0.3709309895833333
45,WeightedLFU,0.4095052083333333
46,WeightedLFU,0.4225260416666667
47,WeightedLFU,0.4143880208333333
48,WeightedLFU,0.4259440104166667
49,WeightedLFU,0.4306640625
50,WeightedLFU,0.44384765625
51,WeightedLFU,0.41943359375
52,WeightedLFU,0.4103190104166667
53,WeightedLFU,0.4148763020833333
54,WeightedLFU,0.3738606770833333
55,WeightedLFU,0.3528645833333333
56,WeightedLFU,0.310546875
57,WeightedLFU,0.3766276041666667
58,WeightedLFU,0.39208984375
59,WeightedLFU,0.40625
60,WeightedLFU,0.40625
61,WeightedLFU,0.4430338541666667
62,WeightedLFU,0.4454752604166667
63,WeightedLFU,0.4386393229166667
64,WeightedLFU,0.42578125
65,WeightedLFU,0.41796875
66,WeightedLFU,0.42431640625
67,WeightedLFU,0.466796875
68,WeightedLFU,0.4295247395833333
69,WeightedLFU,0.4384765625
70,WeightedLFU,0.4332682291666667
71,WeightedLFU,0.4342447916666667
72,WeightedLFU,0.4383138020833333
73,WeightedLFU,0.4189453125
74,WeightedLFU,0.4007161458333333
75,WeightedLFU,0.4020182291666667
76,WeightedLFU,0.36669921875
77,WeightedLFU,0.3971354166666667
78,WeightedLFU,0.390625
79,WeightedLFU,0.39111328125
80,WeightedLFU,0.3546549479166667
81,WeightedLFU,0.369140625
82,WeightedLFU,0.3655598958333333
83,WeightedLFU,0.3621419270833333
84,WeightedLFU,0.38720703125
85,WeightedLFU,0.3912760416666667
86,WeightedLFU,0.3805338541666667
87,WeightedLFU,0.3811848958333333
88,WeightedLFU,0.3849283854166667
89,WeightedLFU,0.3614908854166667
90,WeightedLFU,0.3411458333333333
91,WeightedLFU,0.3424479166666667
92,WeightedLFU,0.3367513020833333
93,WeightedLFU,0.36865234375
94,WeightedLFU,0.3644205729166667
95,WeightedLFU,0.3673502604166667
96,WeightedLFU,0.3663736979166667
97,WeightedLFU,0.3404947916666667
98,WeightedLFU,0.34765625
99,WeightedLFU,0.3528645833333333
100,WeightedLFU,0.3466796875
101,WeightedLFU,0.3103841145833333
102,WeightedLFU,0.34423828125
103,WeightedLFU,0.3650716145833333
104,WeightedLFU,0.40185546875
105,WeightedLFU,0.4319661458333333
106,WeightedLFU,0.45068359375
107,WeightedLFU,0.4510091145833333
108,WeightedLFU,0.41845703125
109,WeightedLFU,0.3723958333333333
110,WeightedLFU,0.4016927083333333
111,WeightedLFU,0.3610026041666667
112,WeightedLFU,0.3479817708333333
113,WeightedLFU,0.35205078125
114,WeightedLFU,0.38916015625
115,WeightedLFU,0.3976236979166667
116,WeightedLFU,0.3678385416666667
117,WeightedLFU,0.3948567708333333
118,WeightedLFU,0.3590494791666667
119,WeightedLFU,0.3219401041666667
120,WeightedLFU,0.27490234375
121,WeightedLFU,0.3116861979166667
122,WeightedLFU,0.3634440104166667
123,WeightedLFU,0.3567708333333333
124,WeightedLFU,0.3649088541666667
125,WeightedLFU,0.3611653645833333
126,WeightedLFU,0.3509114583333333
127,WeightedLFU,0.3123372395833333
128,WeightedLFU,0.3868815104166667
129,WeightedLFU,0.38232421875
130,WeightedLFU,0.37255859375
131,WeightedLFU,0.3448893229166667
132,WeightedLFU,0.3792317708333333
133,WeightedLFU,0.3644205729166667
134,WeightedLFU,0.36376953125
135,WeightedLFU,0.3434244791666667
136,WeightedLFU,0.34423828125
137,WeightedLFU,0.3505859375
138,WeightedLFU,0.3680013020833333
139,WeightedLFU,0.3601888020833333
140,WeightedLFU,0.3844401041666667
141,WeightedLFU,0.3357747395833333
142,WeightedLFU,0.33544921875
143,WeightedLFU,0.3494466145833333
144,WeightedLFU,0.3590494791666667
145,WeightedLFU,0.3466796875
146,WeightedLFU,0.3595377604166667
147,WeightedLFU,0.36767578125
148,WeightedLFU,0.3670247395833333
149,WeightedLFU,0.3642578125
150,WeightedLFU,0.3419596354166667
151,WeightedLFU,0.3655598958333333
152,WeightedLFU,0.3606770833333333
153,WeightedLFU,0.3816731770833333
154,WeightedLFU,0.3505859375
155,WeightedLFU,0.3798828125
156,WeightedLFU,0.3544921875
157,WeightedLFU,0.3424479166666667
158,WeightedLFU,0.3408203125
159,WeightedLFU,0.3914388020833333
160,WeightedLFU,0.3819986979166667
161,WeightedLFU,0.3611653645833333
162,WeightedLFU,0.3463541666666667
163,WeightedLFU,0.3668619791666667
164,WeightedLFU,0.3883463541666667
165,WeightedLFU,0.40966796875
166,WeightedLFU,0.3894856770833333
167,WeightedLFU,0.4080403645833333
168,WeightedLFU,0.3732096354166667
169,WeightedLFU,0.3777669270833333
170,WeightedLFU,0.359375
171,WeightedLFU,0.3819986979166667
172,WeightedLFU,0.39794921875
173,WeightedLFU,0.37109375
174,WeightedLFU,0.3479817708333333
175,WeightedLFU,0.3680013020833333
176,WeightedLFU,0.3479817708333333
177,WeightedLFU,0.3748372395833333
178,WeightedLFU,0.3740234375
179,WeightedLFU,0.37451171875
180,WeightedLFU,0.3688151041666667
181,WeightedLFU,0.3299153645833333
182,WeightedLFU,0.3662109375
183,WeightedLFU,0.3551432291666667
184,WeightedLFU,0.3645833333333333
185,WeightedLFU,0.3777669270833333
186,WeightedLFU,0.3836263020833333
187,WeightedLFU,0.3859049479166667
188,WeightedLFU,0.4073893229166667
189,WeightedLFU,0.3714192708333333
190,WeightedLFU,0.3889973958333333
191,WeightedLFU,0.3455403645833333
192,WeightedLFU,0.3557942708333333
193,WeightedLFU,0.34521484375
194,WeightedLFU,0.3798828125
195,WeightedLFU,0.3776041666666667
196,WeightedLFU,0.3792317708333333
197,WeightedLFU,0.3723958333333333
198,WeightedLFU,0.37548828125
199,WeightedLFU,0.36572265625
200,WeightedLFU,0.4059244791666667
201,WeightedLFU,0.3668619791666667
202,WeightedLFU,0.3483072916666667
203,WeightedLFU,0.3592122395833333
204,WeightedLFU,0.376953125
205,WeightedLFU,0.3416341145833333
206,WeightedLFU,0.3367513020833333
207,WeightedLFU,0.3318684895833333
208,WeightedLFU,0.3665364583333333
209,WeightedLFU,0.3834635416666667
210,WeightedLFU,0.37109375
211,WeightedLFU,0.3167317708333333
212,WeightedLFU,0.3391927083333333
213,WeightedLFU,0.3317057291666667
214,WeightedLFU,0.3663736979166667
215,WeightedLFU,0.3484700520833333
216,WeightedLFU,0.3264973958333333
217,WeightedLFU,0.3544921875
218,WeightedLFU,0.3756510416666667
219,WeightedLFU,0.38916015625
220,WeightedLFU,0.3587239583333333
221,WeightedLFU,0.349609375
222,WeightedLFU,0.3577473958333333
223,WeightedLFU,0.3419596354166667
224,WeightedLFU,0.3759765625
225,WeightedLFU,0.3629557291666667
226,WeightedLFU,0.3580729166666667
227,WeightedLFU,0.3570963541666667
228,WeightedLFU,0.3494466145833333
229,WeightedLFU,0.3515625
230,WeightedLFU,0.3582356770833333
231,WeightedLFU,0.3385416666666667
232,WeightedLFU,0.31591796875
233,WeightedLFU,0.322265625
234,WeightedLFU,0.30224609375
235,WeightedLFU,0.32373046875
236,WeightedLFU,0.326171875
237,WeightedLFU,0.3465169270833333
238,WeightedLFU,0.3336588541666667
239,WeightedLFU,0.32763671875
240,WeightedLFU,0.330078125
241,WeightedLFU,0.3162434895833333
242,WeightedLFU,0.3387044270833333
243,WeightedLFU,0.35546875
244,WeightedLFU,0.3621419270833333
245,WeightedLFU,0.34326171875
246,WeightedLFU,0.3720703125
247,WeightedLFU,0.3702799479166667
248,WeightedLFU,0.35888671875
249,WeightedLFU,0.3349609375
250,WeightedLFU,0.32763671875
251,WeightedLFU,0.3238932291666667
252,WeightedLFU,0.3136393229166667
253,WeightedLFU,0.3209635416666667
254,WeightedLFU,0.3221028645833333
255,WeightedLFU,0.314453125
256,WeightedLFU,0.3684895833333333
257,WeightedLFU,0.3434244791666667
258,WeightedLFU,0.3372395833333333
259,WeightedLFU,0.3447265625
260,WeightedLFU,0.3455403645833333
261,WeightedLFU,0.3406575520833333
262,WeightedLFU,0.3225911458333333
263,WeightedLFU,0.3255208333333333
264,WeightedLFU,0.3084309895833333
265,WeightedLFU,0.3367513020833333
266,WeightedLFU,0.3455403645833333
267,WeightedLFU,0.3199869791666667
268,WeightedLFU,0.3429361979166667
269,WeightedLFU,0.3505859375
270,WeightedLFU,0.3375651041666667
271,WeightedLFU,0.3084309895833333
272,WeightedLFU,0.2703450520833333
273,WeightedLFU,0.3152669270833333
274,WeightedLFU,0.3478190104166667
275,WeightedLFU,0.3447265625
276,WeightedLFU,0.3196614583333333
277,WeightedLFU,0.3365885416666667
278,WeightedLFU,0.3421223958333333
279,WeightedLFU,0.3328450520833333
280,WeightedLFU,0.2921549479166667
281,WeightedLFU,0.3038736979166667
282,WeightedLFU,0.3108723958333333
283,WeightedLFU,0.30322265625
284,WeightedLFU,0.3116861979166667
285,WeightedLFU,0.2853190104166667
286,WeightedLFU,0.3028971354166667
287,WeightedLFU,0.3053385416666667
288,WeightedLFU,0.30029296875
289,WeightedLFU,0.3177083333333333
290,WeightedLFU,0.33154296875
291,WeightedLFU,0.2903645833333333
292,WeightedLFU,0.3279622395833333
293,WeightedLFU,0.3277994791666667
294,WeightedLFU,0.2848307291666667
295,WeightedLFU,0.287109375
296,WeightedLFU,0.2877604166666667
297,WeightedLFU,0.2967122395833333
298,WeightedLFU,0.3294270833333333
299,WeightedLFU,0.3448893229166667
300,WeightedLFU,0.34814453125
301,WeightedLFU,0.31591796875
302,WeightedLFU,0.26708984375
303,WeightedLFU,0.28955078125
304,WeightedLFU,0.3037109375
305,WeightedLFU,0.29150390625
306,WeightedLFU,0.3118489583333333
307,WeightedLFU,0.32861328125
308,WeightedLFU,0.3229166666666667
309,WeightedLFU,0.3429361979166667
310,WeightedLFU,0.3362630208333333
311,WeightedLFU,0.3440755208333333
312,WeightedLFU,0.3352864583333333
313,WeightedLFU,0.3225911458333333
314,WeightedLFU,0.32470703125
315,WeightedLFU,0.3234049479166667
316,WeightedLFU,0.3429361979166667
317,WeightedLFU,0.3536783854166667
318,WeightedLFU,0.34716796875
319,WeightedLFU,0.33984375
320,WeightedLFU,0.34228515625
321,WeightedLFU,0.3352864583333333
322,WeightedLFU,0.3440755208333333
323,WeightedLFU,0.3518880208333333
324,WeightedLFU,0.3421223958333333
325,WeightedLFU,0.3240559895833333
326,WeightedLFU,0.3385416666666667
327,WeightedLFU,0.32373046875
328,WeightedLFU,0.3245442708333333
329,WeightedLFU,0.3111979166666667
330,WeightedLFU,0.30322265625
331,WeightedLFU,0.3326822916666667
332,WeightedLFU,0.3444010416666667
333,WeightedLFU,0.3556315104166667
334,WeightedLFU,0.3546549479166667
335,WeightedLFU,0.34326171875
336,WeightedLFU,0.3346354166666667
337,WeightedLFU,0.28564453125
338,WeightedLFU,0.31689453125
339,WeightedLFU,0.3474934895833333
340,WeightedLFU,0.3396809895833333
341,WeightedLFU,0.326171875
342,WeightedLFU,0.328125
343,WeightedLFU,0.3388671875
344,WeightedLFU,0.3387044270833333
345,WeightedLFU,0.3411458333333333
346,WeightedLFU,0.3525390625
347,WeightedLFU,0.36669921875
348,WeightedLFU,0.3577473958333333
349,WeightedLFU,0.3525390625
350,WeightedLFU,0.33642578125
351,WeightedLFU,0.361328125
352,WeightedLFU,0.3390299479166667
353,WeightedLFU,0.3387044270833333
354,WeightedLFU,0.3356119791666667
355,WeightedLFU,0.3050130208333333
356,WeightedLFU,0.3333333333333333
357,WeightedLFU,0.3548177083333333
358,WeightedLFU,0.3712565104166667
359,WeightedLFU,0.37841796875
360,WeightedLFU,0.3445638020833333
361,WeightedLFU,0.3655598958333333
362,WeightedLFU,0.345703125
363,WeightedLFU,0.3473307291666667
364,WeightedLFU,0.3463541666666667
365,WeightedLFU,0.3505859375
366,WeightedLFU,0.3523763020833333
367,WeightedLFU,0.3658854166666667
368,WeightedLFU,0.35400390625
369,WeightedLFU,0.3680013020833333
370,WeightedLFU,0.3502604166666667
371,WeightedLFU,0.32763671875
372,WeightedLFU,0.3629557291666667
373,WeightedLFU,0.33349609375
374,WeightedLFU,0.3177083333333333
375,WeightedLFU,0.3095703125
376,WeightedLFU,0.3323567708333333
377,WeightedLFU,0.3263346354166667
378,WeightedLFU,0.3551432291666667
379,WeightedLFU,0.34228515625
380,WeightedLFU,0.3515625
381,WeightedLFU,0.3746744791666667
382,WeightedLFU,0.3681640625
383,WeightedLFU,0.3445638020833333
384,WeightedLFU,0.3580729166666667
385,WeightedLFU,0.3396809895833333
386,WeightedLFU,0.3328450520833333
387,WeightedLFU,0.3214518229166667
388,WeightedLFU,0.32958984375
389,WeightedLFU,0.2994791666666667
390,WeightedLFU,0.3377278645833333
391,WeightedLFU,0.345703125
392,WeightedLFU,0.3387044270833333
393,WeightedLFU,0.3411458333333333
394,WeightedLFU,0.3406575520833333
395,WeightedLFU,0.3289388020833333
396,WeightedLFU,0.35546875
397,WeightedLFU,0.3592122395833333
398,WeightedLFU,0.3597005208333333
399,WeightedLFU,0.33837890625
400,WeightedLFU,0.3419596354166667
401,WeightedLFU,0.3221028645833333
402,WeightedLFU,0.3483072916666667
403,WeightedLFU,0.3297526041666667
404,WeightedLFU,0.3396809895833333
405,WeightedLFU,0.3917643229166667
406,WeightedLFU,0.3738606770833333
407,WeightedLFU,0.36572265625
408,WeightedLFU,0.3448893229166667
409,WeightedLFU,0.3499348958333333
410,WeightedLFU,0.3400065104166667
411,WeightedLFU,0.33837890625
412,WeightedLFU,0.3505859375
413,WeightedLFU,0.3385416666666667
414,WeightedLFU,0.3391927083333333
415,WeightedLFU,0.3273111979166667
416,WeightedLFU,0.3230794270833333
417,WeightedLFU,0.3621419270833333
418,WeightedLFU,0.3587239583333333
419,WeightedLFU,0.3479817708333333
420,WeightedLFU,0.3479817708333333
421,WeightedLFU,0.3232421875
422,WeightedLFU,0.3177083333333333
423,WeightedLFU,0.3250325520833333
424,WeightedLFU,0.32470703125
425,WeightedLFU,0.3151041666666667
426,WeightedLFU,0.2900390625
427,WeightedLFU,0.3385416666666667
428,WeightedLFU,0.3453776041666667
429,WeightedLFU,0.3479817708333333
430,WeightedLFU,0.3238932291666667
431,WeightedLFU,0.33984375
432,WeightedLFU,0.34814453125
433,WeightedLFU,0.3424479166666667
434,WeightedLFU,0.32666015625
435,WeightedLFU,0.33740234375
436,WeightedLFU,0.3387044270833333
437,WeightedLFU,0.3626302083333333
438,WeightedLFU,0.3748372395833333
439,WeightedLFU,0.3720703125
440,WeightedLFU,0.3658854166666667
441,WeightedLFU,0.3644205729166667
442,WeightedLFU,0.3448893229166667
443,WeightedLFU,0.3497721354166667
444,WeightedLFU,0.3326822916666667
445,WeightedLFU,0.3240559895833333
446,WeightedLFU,0.33740234375
447,WeightedLFU,0.361328125
448,WeightedLFU,0.3146158854166667
449,WeightedLFU,0.3411458333333333
450,WeightedLFU,0.3505859375
451,WeightedLFU,0.33935546875
452,WeightedLFU,0.3527018229166667
453,WeightedLFU,0.3333333333333333
454,WeightedLFU,0.3523763020833333
455,WeightedLFU,0.33056640625
456,WeightedLFU,0.35302734375
457,WeightedLFU,0.3572591145833333
458,WeightedLFU,0.345703125
459,WeightedLFU,0.3688151041666667
460,WeightedLFU,0.3614908854166667
461,WeightedLFU,0.3430989583333333
462,WeightedLFU,0.33837890625
463,WeightedLFU,0.3361002604166667
464,WeightedLFU,0.3693033854166667
465,WeightedLFU,0.35009765625
466,WeightedLFU,0.3489583333333333
467,WeightedLFU,0.3701171875
468,WeightedLFU,0.3675130208333333
469,WeightedLFU,0.3369140625
470,WeightedLFU,0.3665364583333333
471,WeightedLFU,0.33447265625
472,WeightedLFU,0.3548177083333333
473,WeightedLFU,0.3525390625
474,WeightedLFU,0.3650716145833333
475,WeightedLFU,0.341796875
476,WeightedLFU,0.3426106770833333
477,WeightedLFU,0.35791015625
478,WeightedLFU,0.3455403645833333
479,WeightedLFU,0.3515625
480,WeightedLFU,0.3411458333333333
481,WeightedLFU,0.3499348958333333
482,WeightedLFU,0.3409830729166667
483,WeightedLFU,0.3357747395833333
484,WeightedLFU,0.34033203125
485,WeightedLFU,0.36279296875
486,WeightedLFU,0.3527018229166667
487,WeightedLFU,0.3606770833333333
488,WeightedLFU,0.37744140625
489,WeightedLFU,0.3582356770833333
490,WeightedLFU,0.34228515625
491,WeightedLFU,0.3370768229166667
492,WeightedLFU,0.3304036458333333
493,WeightedLFU,0.3447265625
494,WeightedLFU,0.3489583333333333
495,WeightedLFU,0.3473307291666667
496,WeightedLFU,0.3577473958333333
497,WeightedLFU,0.35791015625
498,WeightedLFU,0.3479817708333333
499,WeightedLFU,0.3610026041666667
500,WeightedLFU,0.3409830729166667
501,WeightedLFU,0.3214518229166667
502,WeightedLFU,0.34033203125
503,WeightedLFU,0.3600260416666667
504,WeightedLFU,0.341796875
505,WeightedLFU,0.3572591145833333
506,WeightedLFU,0.3777669270833333
507,WeightedLFU,0.3868815104166667
508,WeightedLFU,0.3673502604166667
509,WeightedLFU,0.3527018229166667
510,WeightedLFU,0.34619140625
511,WeightedLFU,0.36865234375
512,WeightedLFU,0.3444010416666667
513,WeightedLFU,0.3533528645833333
514,WeightedLFU,0.3507486979166667
515,WeightedLFU,0.3427734375
516,WeightedLFU,0.3513997395833333
517,WeightedLFU,0.33203125
518,WeightedLFU,0.3557942708333333
519,WeightedLFU,0.3722330729166667
520,WeightedLFU,0.3761393229166667
521,WeightedLFU,0.3850911458333333
522,WeightedLFU,0.3837890625
523,WeightedLFU,0.3738606770833333
524,WeightedLFU,0.3551432291666667
525,WeightedLFU,0.359375
526,WeightedLFU,0.38134765625
527,WeightedLFU,0.3675130208333333
528,WeightedLFU,0.3753255208333333
529,WeightedLFU,0.3640950520833333
530,WeightedLFU,0.3308919270833333
531,WeightedLFU,0.3310546875
532,WeightedLFU,0.3587239583333333
533,WeightedLFU,0.37744140625
534,WeightedLFU,0.3466796875
535,WeightedLFU,0.3502604166666667
536,WeightedLFU,0.3483072916666667
537,WeightedLFU,0.35400390625
538,WeightedLFU,0.3624674479166667
539,WeightedLFU,0.3653971354166667
540,WeightedLFU,0.37060546875
541,WeightedLFU,0.36083984375
542,WeightedLFU,0.3570963541666667
543,WeightedLFU,0.3681640625
544,WeightedLFU,0.3868815104166667
545,WeightedLFU,0.3727213541666667
546,WeightedLFU,0.3780924479166667
547,WeightedLFU,0.3992513020833333
548,WeightedLFU,0.40185546875
549,WeightedLFU,0.3986002604166667
550,WeightedLFU,0.388671875
551,WeightedLFU,0.3953450520833333
552,WeightedLFU,0.3653971354166667
553,WeightedLFU,0.35888671875
554,WeightedLFU,0.3541666666666667
555,WeightedLFU,0.35009765625
556,WeightedLFU,0.3424479166666667
557,WeightedLFU,0.3946940104166667
558,WeightedLFU,0.4064127604166667
559,WeightedLFU,0.4002278645833333
560,WeightedLFU,0.4020182291666667
561,WeightedLFU,0.3663736979166667
562,WeightedLFU,0.3836263020833333
563,WeightedLFU,0.3723958333333333
564,WeightedLFU,0.3963216145833333
565,WeightedLFU,0.3806966145833333
566,WeightedLFU,0.3826497395833333
567,WeightedLFU,0.3837890625
568,WeightedLFU,0.3771158854166667
569,WeightedLFU,0.3758138020833333
570,WeightedLFU,0.3811848958333333
571,WeightedLFU,0.3810221354166667
572,WeightedLFU,0.3896484375
573,WeightedLFU,0.3623046875
574,WeightedLFU,0.3810221354166667
575,WeightedLFU,0.3909505208333333
576,WeightedLFU,0.3857421875
577,WeightedLFU,0.4026692708333333
578,WeightedLFU,0.4140625
579,WeightedLFU,0.3831380208333333
580,WeightedLFU,0.3722330729166667
581,WeightedLFU,0.3546549479166667
582,WeightedLFU,0.369140625
583,WeightedLFU,0.35009765625
584,WeightedLFU,0.3761393229166667
585,WeightedLFU,0.3982747395833333
586,WeightedLFU,0.3709309895833333
587,WeightedLFU,0.3634440104166667
588,WeightedLFU,0.37060546875
589,WeightedLFU,0.3771158854166667
590,WeightedLFU,0.38525390625
591,WeightedLFU,0.3880208333333333
592,WeightedLFU,0.3733723958333333
593,WeightedLFU,0.3740234375
594,WeightedLFU,0.37109375
595,WeightedLFU,0.376953125
596,WeightedLFU,0.38671875
597,WeightedLFU,0.3907877604166667
598,WeightedLFU,0.4069010416666667
599,WeightedLFU,0.38330078125
600,WeightedLFU,0.3844401041666667
601,WeightedLFU,0.3870442708333333
602,WeightedLFU,0.40185546875
603,WeightedLFU,0.37939453125
604,WeightedLFU,0.3916015625
605,WeightedLFU,0.400390625
606,WeightedLFU,0.39892578125
607,WeightedLFU,0.3937174479166667
608,WeightedLFU,0.3836263020833333
609,WeightedLFU,0.3802083333333333
610,WeightedLFU,0.40185546875
611,WeightedLFU,0.3870442708333333
612,WeightedLFU,0.39453125
613,WeightedLFU,0.38525390625
614,WeightedLFU,0.36669921875
615,WeightedLFU,0.3673502604166667
616,WeightedLFU,0.3810221354166667
617,WeightedLFU,0.3828125
618,WeightedLFU,0.3780924479166667
619,WeightedLFU,0.4041341145833333
620,WeightedLFU,0.4090169270833333
621,WeightedLFU,0.39404296875
622,WeightedLFU,0.359375
623,WeightedLFU,0.3653971354166667
624,WeightedLFU,0.3841145833333333
625,WeightedLFU,0.3639322916666667
626,WeightedLFU,0.37255859375
627,WeightedLFU,0.4070638020833333
628,WeightedLFU,0.3942057291666667
629,WeightedLFU,0.4007161458333333
630,WeightedLFU,0.3771158854166667
631,WeightedLFU,0.39892578125
632,WeightedLFU,0.3776041666666667
633,WeightedLFU,0.3863932291666667
634,WeightedLFU,0.384765625
635,WeightedLFU,0.3924153645833333
636,WeightedLFU,0.3883463541666667
637,WeightedLFU,0.3935546875
638,WeightedLFU,0.3898111979166667
639,WeightedLFU,0.40673828125
640,WeightedLFU,0.392578125
641,WeightedLFU,0.3859049479166667
642,WeightedLFU,0.3797200520833333
643,WeightedLFU,0.3570963541666667
644,WeightedLFU,0.3515625
645,WeightedLFU,0.3836263020833333
646,WeightedLFU,0.3880208333333333
647,WeightedLFU,0.3986002604166667
648,WeightedLFU,0.3974609375
649,WeightedLFU,0.4176432291666667
650,WeightedLFU,0.4147135416666667
651,WeightedLFU,0.3981119791666667
652,WeightedLFU,0.3932291666666667
653,WeightedLFU,0.4036458333333333
654,WeightedLFU,0.4005533854166667
655,WeightedLFU,0.3917643229166667
656,WeightedLFU,0.3876953125
657,WeightedLFU,0.3857421875
658,WeightedLFU,0.3849283854166667
659,WeightedLFU,0.39794921875
660,WeightedLFU,0.4176432291666667
661,WeightedLFU,0.4010416666666667
662,WeightedLFU,0.3902994791666667
663,WeightedLFU,0.38916015625
664,WeightedLFU,0.3680013020833333
665,WeightedLFU,0.3746744791666667
666,WeightedLFU,0.3798828125
667,WeightedLFU,0.4088541666666667
668,WeightedLFU,0.40478515625
669,WeightedLFU,0.39501953125
670,WeightedLFU,0.40771484375
671,WeightedLFU,0.39404296875
672,WeightedLFU,0.396484375
673,WeightedLFU,0.3889973958333333
674,WeightedLFU,0.3790690104166667
675,WeightedLFU,0.3956705729166667
676,WeightedLFU,0.3792317708333333
677,WeightedLFU,0.3966471354166667
678,WeightedLFU,0.3837890625
679,WeightedLFU,0.4055989583333333
680,WeightedLFU,0.4425455729166667
681,WeightedLFU,0.4130859375
682,WeightedLFU,0.4039713541666667
683,WeightedLFU,0.408203125
684,WeightedLFU,0.4197591145833333
685,WeightedLFU,0.3937174479166667
686,WeightedLFU,0.4020182291666667
687,WeightedLFU,0.4025065104166667
688,WeightedLFU,0.40771484375
689,WeightedLFU,0.3916015625
690,WeightedLFU,0.4132486979166667
691,WeightedLFU,0.3976236979166667
692,WeightedLFU,0.4132486979166667
693,WeightedLFU,0.39892578125
694,WeightedLFU,0.38916015625
695,WeightedLFU,0.3902994791666667
696,WeightedLFU,0.38427734375
697,WeightedLFU,0.3746744791666667
698,WeightedLFU,0.3883463541666667
699,WeightedLFU,0.4182942708333333
700,WeightedLFU,0.3776041666666667
701,WeightedLFU,0.37939453125
702,WeightedLFU,0.380859375
703,WeightedLFU,0.3898111979166667
704,WeightedLFU,0.4163411458333333
705,WeightedLFU,0.400390625
706,WeightedLFU,0.3943684895833333
707,WeightedLFU,0.396484375
708,WeightedLFU,0.3916015625
709,WeightedLFU,0.3857421875
710,WeightedLFU,0.4039713541666667
711,WeightedLFU,0.40673828125
712,WeightedLFU,0.4189453125
713,WeightedLFU,0.38818359375
714,WeightedLFU,0.4025065104166667
715,WeightedLFU,0.3689778645833333
716,WeightedLFU,0.3782552083333333
717,WeightedLFU,0.4083658854166667
718,WeightedLFU,0.42431640625
719,WeightedLFU,0.4357096354166667
720,WeightedLFU,0.3948567708333333
721,WeightedLFU,0.4156901041666667
722,WeightedLFU,0.4152018229166667
723,WeightedLFU,0.3995768229166667
724,WeightedLFU,0.4195963541666667
725,WeightedLFU,0.3987630208333333
726,WeightedLFU,0.3955078125
727,WeightedLFU,0.40234375
728,WeightedLFU,0.4142252604166667
729,WeightedLFU,0.3909505208333333
730,WeightedLFU,0.4085286458333333
731,WeightedLFU,0.3968098958333333
732,WeightedLFU,0.4064127604166667
733,WeightedLFU,0.3956705729166667
734,WeightedLFU,0.4044596354166667
735,WeightedLFU,0.4010416666666667
736,WeightedLFU,0.4029947916666667
737,WeightedLFU,0.4300130208333333
738,WeightedLFU,0.4182942708333333
739,WeightedLFU,0.4217122395833333
740,WeightedLFU,0.3986002604166667
741,WeightedLFU,0.4093424479166667
742,WeightedLFU,0.38916015625
743,WeightedLFU,0.3929036458333333
744,WeightedLFU,0.4143880208333333
745,WeightedLFU,0.4111328125
746,WeightedLFU,0.42529296875
747,WeightedLFU,0.412109375
748,WeightedLFU,0.4443359375
749,WeightedLFU,0.4083658854166667
750,WeightedLFU,0.4153645833333333
751,WeightedLFU,0.41552734375
752,WeightedLFU,0.4186197916666667
753,WeightedLFU,0.39453125
754,WeightedLFU,0.4169921875
755,WeightedLFU,0.4119466145833333
756,WeightedLFU,0.4142252604166667
757,WeightedLFU,0.3658854166666667
758,WeightedLFU,0.4246419270833333
759,WeightedLFU,0.4475911458333333
760,WeightedLFU,0.4220377604166667
761,WeightedLFU,0.4104817708333333
762,WeightedLFU,0.400390625
763,WeightedLFU,0.3857421875
764,WeightedLFU,0.3942057291666667
765,WeightedLFU,0.4158528645833333
766,WeightedLFU,0.4138997395833333
767,WeightedLFU,0.3924153645833333
768,WeightedLFU,0.4104817708333333
769,WeightedLFU,0.404296875
770,WeightedLFU,0.4013671875
771,WeightedLFU,0.38330078125
772,WeightedLFU,0.39697265625
773,WeightedLFU,0.3987630208333333
774,WeightedLFU,0.3873697916666667
775,WeightedLFU,0.3963216145833333
776,WeightedLFU,0.3883463541666667
777,WeightedLFU,0.4114583333333333
778,WeightedLFU,0.4186197916666667
779,WeightedLFU,0.4052734375
780,WeightedLFU,0.435546875
781,WeightedLFU,0.43505859375
782,WeightedLFU,0.4065755208333333
783,WeightedLFU,0.4137369791666667
784,WeightedLFU,0.42333984375
785,WeightedLFU,0.4182942708333333
786,WeightedLFU,0.3912760416666667
787,WeightedLFU,0.3937174479166667
788,WeightedLFU,0.4090169270833333
789,WeightedLFU,0.3870442708333333
790,WeightedLFU,0.4200846354166667
791,WeightedLFU,0.4127604166666667
792,WeightedLFU,0.4109700520833333
793,WeightedLFU,0.40673828125
794,WeightedLFU,0.4171549479166667
795,WeightedLFU,0.3846028645833333
796,WeightedLFU,0.41064453125
797,WeightedLFU,0.4132486979166667
798,WeightedLFU,0.4327799479166667
799,WeightedLFU,0.43017578125
800,WeightedLFU,0.4182942708333333
801,WeightedLFU,0.43505859375
802,WeightedLFU,0.42529296875
803,WeightedLFU,0.41943359375
804,WeightedLFU,0.416015625
805,WeightedLFU,0.39306640625
806,WeightedLFU,0.4212239583333333
807,WeightedLFU,0.4033203125
808,WeightedLFU,0.3942057291666667
809,WeightedLFU,0.3816731770833333
810,WeightedLFU,0.4073893229166667
811,WeightedLFU,0.412109375
812,WeightedLFU,0.4127604166666667
813,WeightedLFU,0.3938802083333333
814,WeightedLFU,0.41455078125
815,WeightedLFU,0.40771484375
816,WeightedLFU,0.41796875
817,WeightedLFU,0.4357096354166667
818,WeightedLFU,0.43359375
819,WeightedLFU,0.4235026041666667
820,WeightedLFU,0.4176432291666667
821,WeightedLFU,0.4099934895833333
822,WeightedLFU,0.4060872395833333
823,WeightedLFU,0.4274088541666667
824,WeightedLFU,0.43896484375
825,WeightedLFU,0.42822265625
826,WeightedLFU,0.42626953125
827,WeightedLFU,0.4189453125
828,WeightedLFU,0.4246419270833333
829,WeightedLFU,0.4246419270833333
830,WeightedLFU,0.44970703125
831,WeightedLFU,0.4368489583333333
832,WeightedLFU,0.4033203125
833,WeightedLFU,0.4122721354166667
834,WeightedLFU,0.3938802083333333
835,WeightedLFU,0.4202473958333333
836,WeightedLFU,0.4119466145833333
837,WeightedLFU,0.447265625
838,WeightedLFU,0.4440104166666667
839,WeightedLFU,0.4212239583333333
840,WeightedLFU,0.3963216145833333
841,WeightedLFU,0.40869140625
842,WeightedLFU,0.43359375
843,WeightedLFU,0.4236653645833333
844,WeightedLFU,0.42626953125
845,WeightedLFU,0.42138671875
846,WeightedLFU,0.4171549479166667
847,WeightedLFU,0.40380859375
848,WeightedLFU,0.4142252604166667
849,WeightedLFU,0.4036458333333333
850,WeightedLFU,0.4278971354166667
851,WeightedLFU,0.4527994791666667
852,WeightedLFU,0.4431966145833333
853,WeightedLFU,0.4265950520833333
854,WeightedLFU,0.4235026041666667
855,WeightedLFU,0.4153645833333333
856,WeightedLFU,0.4195963541666667
857,WeightedLFU,0.4217122395833333
858,WeightedLFU,0.43896484375
859,WeightedLFU,0.431640625
860,WeightedLFU,0.4361979166666667
861,WeightedLFU,0.4352213541666667
862,WeightedLFU,0.4129231770833333
863,WeightedLFU,0.41796875
864,WeightedLFU,0.4285481770833333
865,WeightedLFU,0.3776041666666667
866,WeightedLFU,0.396484375
867,WeightedLFU,0.41650390625
868,WeightedLFU,0.4235026041666667
869,WeightedLFU,0.41259765625
870,WeightedLFU,0.4287109375
871,WeightedLFU,0.4410807291666667
872,WeightedLFU,0.41845703125
873,WeightedLFU,0.42333984375
874,WeightedLFU,0.447265625
875,WeightedLFU,0.4112955729166667
876,WeightedLFU,0.43798828125
877,WeightedLFU,0.4249674479166667
878,WeightedLFU,0.4314778645833333
879,WeightedLFU,0.4319661458333333
880,WeightedLFU,0.4020182291666667
881,WeightedLFU,0.3875325520833333
882,WeightedLFU,0.408203125
883,WeightedLFU,0.4070638020833333
884,WeightedLFU,0.4114583333333333
885,WeightedLFU,0.4117838541666667
886,WeightedLFU,0.4397786458333333
887,WeightedLFU,0.4261067708333333
888,WeightedLFU,0.4142252604166667
889,WeightedLFU,0.4181315104166667
890,WeightedLFU,0.4342447916666667
891,WeightedLFU,0.3933919270833333
892,WeightedLFU,0.4220377604166667
893,WeightedLFU,0.40625
894,WeightedLFU,0.423828125
895,WeightedLFU,0.4148763020833333
896,WeightedLFU,0.4226888020833333
897,WeightedLFU,0.4156901041666667
898,WeightedLFU,0.4558919270833333
899,WeightedLFU,0.4479166666666667
900,WeightedLFU,0.4420572916666667
901,WeightedLFU,0.42822265625
902,WeightedLFU,0.4158528645833333
903,WeightedLFU,0.41796875
904,WeightedLFU,0.43603515625
905,WeightedLFU,0.4195963541666667
906,WeightedLFU,0.4251302083333333
907,WeightedLFU,0.4485677083333333
908,WeightedLFU,0.4461263020833333
909,WeightedLFU,0.4275716145833333
910,WeightedLFU,0.4412434895833333
911,WeightedLFU,0.4357096354166667
912,WeightedLFU,0.4322916666666667
913,WeightedLFU,0.4332682291666667
914,WeightedLFU,0.4298502604166667
915,WeightedLFU,0.396484375
916,WeightedLFU,0.3885091145833333
917,WeightedLFU,0.41064453125
918,WeightedLFU,0.4109700520833333
919,WeightedLFU,0.4368489583333333
920,WeightedLFU,0.4140625
921,WeightedLFU,0.4396158854166667
922,WeightedLFU,0.4182942708333333
923,WeightedLFU,0.4454752604166667
924,WeightedLFU,0.42138671875
925,WeightedLFU,0.39697265625
926,WeightedLFU,0.4288736979166667
927,WeightedLFU,0.4500325520833333
928,WeightedLFU,0.41748046875
929,WeightedLFU,0.4563802083333333
930,WeightedLFU,0.4373372395833333
931,WeightedLFU,0.4195963541666667
932,WeightedLFU,0.431640625
933,WeightedLFU,0.4361979166666667
934,WeightedLFU,0.4249674479166667
935,WeightedLFU,0.4363606770833333
936,WeightedLFU,0.4415690104166667
937,WeightedLFU,0.4378255208333333
938,WeightedLFU,0.4358723958333333
939,WeightedLFU,0.4427083333333333
940,WeightedLFU,0.4324544270833333
941,WeightedLFU,0.4129231770833333
942,WeightedLFU,0.37451171875
943,WeightedLFU,0.4152018229166667
944,WeightedLFU,0.4178059895833333
945,WeightedLFU,0.4222005208333333
946,WeightedLFU,0.4396158854166667
947,WeightedLFU,0.4318033854166667
948,WeightedLFU,0.42578125
949,WeightedLFU,0.4114583333333333
950,WeightedLFU,0.412109375
951,WeightedLFU,0.4137369791666667
952,WeightedLFU,0.4244791666666667
953,WeightedLFU,0.4225260416666667
954,WeightedLFU,0.4309895833333333
955,WeightedLFU,0.4075520833333333
956,WeightedLFU,0.3963216145833333
957,WeightedLFU,0.4182942708333333
958,WeightedLFU,0.44482421875
959,WeightedLFU,0.42041015625
960,WeightedLFU,0.4099934895833333
961,WeightedLFU,0.4366861979166667
962,WeightedLFU,0.4451497395833333
963,WeightedLFU,0.45166015625
964,WeightedLFU,0.4684244791666667
965,WeightedLFU,0.4440104166666667
966,WeightedLFU,0.42822265625
967,WeightedLFU,0.4171549479166667
968,WeightedLFU,0.4171549479166667
969,WeightedLFU,0.4283854166666667
970,WeightedLFU,0.4337565104166667
971,WeightedLFU,0.4222005208333333
972,WeightedLFU,0.416015625
973,WeightedLFU,0.4239908854166667
974,WeightedLFU,0.4104817708333333
975,WeightedLFU,0.42333984375
976,WeightedLFU,0.4239908854166667
977,WeightedLFU,0.44580078125
978,WeightedLFU,0.4500325520833333
979,WeightedLFU,0.4578450520833333
980,WeightedLFU,0.4500325520833333
981,WeightedLFU,0.4397786458333333
982,WeightedLFU,0.4215494791666667
983,WeightedLFU,0.42578125
984,WeightedLFU,0.44287109375
985,WeightedLFU,0.4020182291666667
986,WeightedLFU,0.3740234375
987,WeightedLFU,0.4200846354166667
988,WeightedLFU,0.4275716145833333
989,WeightedLFU,0.4363606770833333
990,WeightedLFU,0.4552408854166667
991,WeightedLFU,0.4275716145833333
992,WeightedLFU,0.4396158854166667
993,WeightedLFU,0.4283854166666667
994,WeightedLFU,0.4246419270833333
995,WeightedLFU,0.4041341145833333
996,WeightedLFU,0.41748046875
997,WeightedLFU,0.4251302083333333
998,WeightedLFU,0.4588216145833333
999,WeightedLFU,0.4521484375
1000,WeightedLFU,0.44091796875
1001,WeightedLFU,0.4313151041666667
1002,WeightedLFU,0.4326171875
1003,WeightedLFU,0.4508463541666667
1004,WeightedLFU,0.4493815104166667
1005,WeightedLFU,0.4427083333333333
1006,WeightedLFU,0.4436848958333333
1007,WeightedLFU,0.4265950520833333
1008,WeightedLFU,0.4305013020833333
1009,WeightedLFU,0.4275716145833333
1010,WeightedLFU,0.4606119791666667
1011,WeightedLFU,0.43798828125
1012,WeightedLFU,0.4542643229166667
1013,WeightedLFU,0.45654296875
1014,WeightedLFU,0.4342447916666667
1015,WeightedLFU,0.4401041666666667
1016,WeightedLFU,0.4471028645833333
1017,WeightedLFU,0.4586588541666667
1018,WeightedLFU,0.46142578125
1019,WeightedLFU,0.462890625
1020,WeightedLFU,0.4488932291666667
1021,WeightedLFU,0.4451497395833333
1022,WeightedLFU,0.44580078125
1023,WeightedLFU,0.4373372395833333
3,THER,0.4147135416666667
4,THER,0.3543294270833333
5,THER,0.3562825520833333
6,THER,0.3668619791666667
7,THER,0.4025065104166667
8,THER,0.4202473958333333
9,THER,0.4080403645833333
10,THER,0.4031575520833333
11,THER,0.4016927083333333
12,THER,0.3818359375
13,THER,0.3719075520833333
14,THER,0.3876953125
15,THER,0.3898111979166667
16,THER,0.388671875
17,THER,0.3600260416666667
18,THER,0.3694661458333333
19,THER,0.3766276041666667
20,THER,0.3712565104166667
21,THER,0.388671875
22,THER,0.3904622395833333
23,THER,0.41162109375
24,THER,0.4251302083333333
25,THER,0.3854166666666667
26,THER,0.4016927083333333
27,THER,0.4217122395833333
28,THER,0.4109700520833333
29,THER,0.408203125
30,THER,0.40966796875
31,THER,0.4210611979166667
32,THER,0.4287109375
33,THER,0.4064127604166667
34,THER,0.4016927083333333
35,THER,0.41259765625
36,THER,0.3984375
37,THER,0.3846028645833333
38,THER,0.3450520833333333
39,THER,0.3894856770833333
40,THER,0.3902994791666667
41,THER,0.4078776041666667
42,THER,0.3929036458333333
43,THER,0.4334309895833333
44,THER,0.36767578125
45,THER,0.3987630208333333
46,THER,0.4265950520833333
47,THER,0.4269205729166667
48,THER,0.4300130208333333
49,THER,0.4363606770833333
50,THER,0.4430338541666667
51,THER,0.4265950520833333
52,THER,0.4085286458333333
53,THER,0.4140625
54,THER,0.3631184895833333
55,THER,0.3610026041666667
56,THER,0.2994791666666667
57,THER,0.3733723958333333
58,THER,0.3860677083333333
59,THER,0.4210611979166667
60,THER,0.3971354166666667
61,THER,0.4051106770833333
62,THER,0.41552734375
63,THER,0.4303385416666667
64,THER,0.4052734375
65,THER,0.41845703125
66,THER,0.4264322916666667
67,THER,0.4754231770833333
68,THER,0.43408203125
69,THER,0.4484049479166667
70,THER,0.4352213541666667
71,THER,0.4361979166666667
72,THER,0.4466145833333333
73,THER,0.419921875
74,THER,0.3896484375
75,THER,0.4109700520833333
76,THER,0.35595703125
77,THER,0.3855794270833333
78,THER,0.3761393229166667
79,THER,0.4002278645833333
80,THER,0.349609375
81,THER,0.3683268229166667
82,THER,0.3653971354166667
83,THER,0.3836263020833333
84,THER,0.3885091145833333
85,THER,0.38916015625
86,THER,0.37548828125
87,THER,0.3955078125
88,THER,0.3844401041666667
89,THER,0.3585611979166667
90,THER,0.35205078125
91,THER,0.3719075520833333
92,THER,0.3601888020833333
93,THER,0.3614908854166667
94,THER,0.3513997395833333
95,THER,0.3776041666666667
96,THER,0.3595377604166667
97,THER,0.34765625
98,THER,0.34375
99,THER,0.375
100,THER,0.3494466145833333
101,THER,0.31494140625
102,THER,0.345703125
103,THER,0.380859375
104,THER,0.3888346354166667
105,THER,0.39990234375
106,THER,0.40234375
107,THER,0.4611002604166667
108,THER,0.4134114583333333
109,THER,0.359375
110,THER,0.39697265625
111,THER,0.3733723958333333
112,THER,0.34716796875
113,THER,0.3561197916666667
114,THER,0.38916015625
115,THER,0.4132486979166667
116,THER,0.3714192708333333
117,THER,0.4025065104166667
118,THER,0.3701171875
119,THER,0.3489583333333333
120,THER,0.2841796875
121,THER,0.3103841145833333
122,THER,0.3603515625
123,THER,0.3863932291666667
124,THER,0.3736979166666667
125,THER,0.3678385416666667
126,THER,0.3592122395833333
127,THER,0.3780924479166667
128,THER,0.3951822916666667
129,THER,0.3709309895833333
130,THER,0.37060546875
131,THER,0.3688151041666667
132,THER,0.3743489583333333
133,THER,0.3709309895833333
134,THER,0.3536783854166667
135,THER,0.3624674479166667
136,THER,0.3504231770833333
137,THER,0.3605143229166667
138,THER,0.3712565104166667
139,THER,0.37646484375
140,THER,0.3780924479166667
141,THER,0.3390299479166667
142,THER,0.32861328125
143,THER,0.37158203125
144,THER,0.3693033854166667
145,THER,0.3592122395833333
146,THER,0.3640950520833333
147,THER,0.3777669270833333
148,THER,0.3621419270833333
149,THER,0.36083984375
150,THER,0.3406575520833333
151,THER,0.3875325520833333
152,THER,0.3655598958333333
153,THER,0.38671875
154,THER,0.3509114583333333
155,THER,0.3929036458333333
156,THER,0.3626302083333333
157,THER,0.3536783854166667
158,THER,0.3517252604166667
159,THER,0.40625
160,THER,0.38623046875
161,THER,0.35546875
162,THER,0.35107421875
163,THER,0.37841796875
164,THER,0.3826497395833333
165,THER,0.4049479166666667
166,THER,0.3738606770833333
167,THER,0.42236328125
168,THER,0.3733723958333333
169,THER,0.3873697916666667
170,THER,0.369140625
171,THER,0.38037109375
172,THER,0.4114583333333333
173,THER,0.3738606770833333
174,THER,0.3367513020833333
175,THER,0.3873697916666667
176,THER,0.3595377604166667
177,THER,0.380859375
178,THER,0.37109375
179,THER,0.3958333333333333
180,THER,0.3636067708333333
181,THER,0.3248697916666667
182,THER,0.365234375
183,THER,0.3660481770833333
184,THER,0.359375
185,THER,0.3776041666666667
186,THER,0.3880208333333333
187,THER,0.4114583333333333
188,THER,0.4112955729166667
189,THER,0.38916015625
190,THER,0.3912760416666667
191,THER,0.3577473958333333
192,THER,0.3592122395833333
193,THER,0.3492838541666667
194,THER,0.3857421875
195,THER,0.4031575520833333
196,THER,0.3972981770833333
197,THER,0.39208984375
198,THER,0.390625
199,THER,0.3937174479166667
200,THER,0.4176432291666667
201,THER,0.3805338541666667
202,THER,0.3592122395833333
203,THER,0.3800455729166667
204,THER,0.3787434895833333
205,THER,0.349609375
206,THER,0.3484700520833333
207,THER,0.35791015625
208,THER,0.373046875
209,THER,0.3888346354166667
210,THER,0.38037109375
211,THER,0.3605143229166667
212,THER,0.3702799479166667
213,THER,0.3528645833333333
214,THER,0.3701171875
215,THER,0.3761393229166667
216,THER,0.3470052083333333
217,THER,0.37109375
218,THER,0.376953125
219,THER,0.4127604166666667
220,THER,0.37109375
221,THER,0.361328125
222,THER,0.3741861979166667
223,THER,0.3798828125
224,THER,0.3932291666666667
225,THER,0.3878580729166667
226,THER,0.384765625
227,THER,0.3956705729166667
228,THER,0.3663736979166667
229,THER,0.3655598958333333
230,THER,0.38330078125
231,THER,0.3722330729166667
232,THER,0.34716796875
233,THER,0.3444010416666667
234,THER,0.3362630208333333
235,THER,0.3671875
236,THER,0.3447265625
237,THER,0.3683268229166667
238,THER,0.3572591145833333
239,THER,0.3741861979166667
240,THER,0.3673502604166667
241,THER,0.3507486979166667
242,THER,0.36279296875
243,THER,0.3904622395833333
244,THER,0.3935546875
245,THER,0.3758138020833333
246,THER,0.3896484375
247,THER,0.4166666666666667
248,THER,0.3723958333333333
249,THER,0.353515625
250,THER,0.3727213541666667
251,THER,0.3626302083333333
252,THER,0.3365885416666667
253,THER,0.3416341145833333
254,THER,0.3660481770833333
255,THER,0.37158203125
256,THER,0.3824869791666667
257,THER,0.3800455729166667
258,THER,0.37255859375
259,THER,0.3863932291666667
260,THER,0.3717447916666667
261,THER,0.3670247395833333
262,THER,0.3562825520833333
263,THER,0.3772786458333333
264,THER,0.3709309895833333
265,THER,0.3673502604166667
266,THER,0.3763020833333333
267,THER,0.3855794270833333
268,THER,0.3712565104166667
269,THER,0.3943684895833333
270,THER,0.4015299479166667
271,THER,0.380859375
272,THER,0.3408203125
273,THER,0.3595377604166667
274,THER,0.365234375
275,THER,0.3828125
276,THER,0.3720703125
277,THER,0.3722330729166667
278,THER,0.39453125
279,THER,0.4012044270833333
280,THER,0.3678385416666667
281,THER,0.34765625
282,THER,0.3736979166666667
283,THER,0.37060546875
284,THER,0.3743489583333333
285,THER,0.3587239583333333
286,THER,0.35986328125
287,THER,0.37890625
288,THER,0.3670247395833333
289,THER,0.3678385416666667
290,THER,0.36328125
291,THER,0.3689778645833333
292,THER,0.3753255208333333
293,THER,0.3972981770833333
294,THER,0.3859049479166667
295,THER,0.3665364583333333
296,THER,0.3536783854166667
297,THER,0.3614908854166667
298,THER,0.3821614583333333
299,THER,0.4192708333333333
300,THER,0.3712565104166667
301,THER,0.3479817708333333
302,THER,0.333984375
303,THER,0.3697916666666667
304,THER,0.3671875
305,THER,0.3772786458333333
306,THER,0.3671875
307,THER,0.3741861979166667
308,THER,0.3766276041666667
309,THER,0.3828125
310,THER,0.3766276041666667
311,THER,0.3878580729166667
312,THER,0.3876953125
313,THER,0.3723958333333333
314,THER,0.3479817708333333
315,THER,0.38232421875
316,THER,0.3935546875
317,THER,0.3924153645833333
318,THER,0.39697265625
319,THER,0.4228515625
320,THER,0.384765625
321,THER,0.3753255208333333
322,THER,0.3606770833333333
323,THER,0.3865559895833333
324,THER,0.3932291666666667
325,THER,0.3889973958333333
326,THER,0.3977864583333333
327,THER,0.3972981770833333
328,THER,0.3860677083333333
329,THER,0.3507486979166667
330,THER,0.3722330729166667
331,THER,0.4012044270833333
332,THER,0.4005533854166667
333,THER,0.390625
334,THER,0.400390625
335,THER,0.39404296875
336,THER,0.3963216145833333
337,THER,0.3670247395833333
338,THER,0.3824869791666667
339,THER,0.423828125
340,THER,0.3857421875
341,THER,0.37109375
342,THER,0.3736979166666667
343,THER,0.40283203125
344,THER,0.3649088541666667
345,THER,0.3720703125
346,THER,0.3977864583333333
347,THER,0.4226888020833333
348,THER,0.40966796875
349,THER,0.39501953125
350,THER,0.3740234375
351,THER,0.4132486979166667
352,THER,0.3743489583333333
353,THER,0.3701171875
354,THER,0.3772786458333333
355,THER,0.36474609375
356,THER,0.3483072916666667
357,THER,0.3707682291666667
358,THER,0.4140625
359,THER,0.4265950520833333
360,THER,0.3850911458333333
361,THER,0.3972981770833333
362,THER,0.38037109375
363,THER,0.4025065104166667
364,THER,0.4080403645833333
365,THER,0.37890625
366,THER,0.4016927083333333
367,THER,0.4358723958333333
368,THER,0.3981119791666667
369,THER,0.3756510416666667
370,THER,0.4054361979166667
371,THER,0.3946940104166667
372,THER,0.3935546875
373,THER,0.3649088541666667
374,THER,0.3605143229166667
375,THER,0.38525390625
376,THER,0.3857421875
377,THER,0.3772786458333333
378,THER,0.3899739583333333
379,THER,0.3839518229166667
380,THER,0.3932291666666667
381,THER,0.38671875
382,THER,0.3885091145833333
383,THER,0.3893229166666667
384,THER,0.41357421875
385,THER,0.3756510416666667
386,THER,0.3929036458333333
387,THER,0.40380859375
388,THER,0.384765625
389,THER,0.3701171875
390,THER,0.4046223958333333
391,THER,0.4059244791666667
392,THER,0.3972981770833333
393,THER,0.3888346354166667
394,THER,0.39208984375
395,THER,0.37890625
396,THER,0.4020182291666667
397,THER,0.3909505208333333
398,THER,0.3701171875
399,THER,0.40185546875
400,THER,0.3914388020833333
401,THER,0.3629557291666667
402,THER,0.396484375
403,THER,0.3863932291666667
404,THER,0.3899739583333333
405,THER,0.4065755208333333
406,THER,0.4080403645833333
407,THER,0.4041341145833333
408,THER,0.3792317708333333
409,THER,0.3937174479166667
410,THER,0.3751627604166667
411,THER,0.3894856770833333
412,THER,0.3846028645833333
413,THER,0.3640950520833333
414,THER,0.3779296875
415,THER,0.3875325520833333
416,THER,0.3626302083333333
417,THER,0.4065755208333333
418,THER,0.4083658854166667
419,THER,0.41796875
420,THER,0.3831380208333333
421,THER,0.3837890625
422,THER,0.3681640625
423,THER,0.3790690104166667
424,THER,0.3955078125
425,THER,0.3515625
426,THER,0.3479817708333333
427,THER,0.3805338541666667
428,THER,0.40087890625
429,THER,0.3805338541666667
430,THER,0.3741861979166667
431,THER,0.38818359375
432,THER,0.3878580729166667
433,THER,0.3986002604166667
434,THER,0.3673502604166667
435,THER,0.3919270833333333
436,THER,0.40087890625
437,THER,0.41015625
438,THER,0.4295247395833333
439,THER,0.44140625
440,THER,0.4295247395833333
441,THER,0.4124348958333333
442,THER,0.3831380208333333
443,THER,0.4254557291666667
444,THER,0.3932291666666667
445,THER,0.3798828125
446,THER,0.3982747395833333
447,THER,0.4230143229166667
448,THER,0.39111328125
449,THER,0.4034830729166667
450,THER,0.41748046875
451,THER,0.3943684895833333
452,THER,0.3837890625
453,THER,0.36279296875
454,THER,0.4029947916666667
455,THER,0.4049479166666667
456,THER,0.4054361979166667
457,THER,0.4059244791666667
458,THER,0.3888346354166667
459,THER,0.4192708333333333
460,THER,0.4095052083333333
461,THER,0.4138997395833333
462,THER,0.3995768229166667
463,THER,0.40625
464,THER,0.4373372395833333
465,THER,0.4212239583333333
466,THER,0.4251302083333333
467,THER,0.44482421875
468,THER,0.4363606770833333
469,THER,0.4010416666666667
470,THER,0.4132486979166667
471,THER,0.4187825520833333
472,THER,0.4178059895833333
473,THER,0.4002278645833333
474,THER,0.4195963541666667
475,THER,0.3997395833333333
476,THER,0.3816731770833333
477,THER,0.4078776041666667
478,THER,0.42578125
479,THER,0.4365234375
480,THER,0.4065755208333333
481,THER,0.3771158854166667
482,THER,0.3854166666666667
483,THER,0.3917643229166667
484,THER,0.4015299479166667
485,THER,0.4119466145833333
486,THER,0.4002278645833333
487,THER,0.4091796875
488,THER,0.4396158854166667
489,THER,0.3974609375
490,THER,0.3951822916666667
491,THER,0.4127604166666667
492,THER,0.3875325520833333
493,THER,0.3720703125
494,THER,0.3984375
495,THER,0.3857421875
496,THER,0.3896484375
497,THER,0.4016927083333333
498,THER,0.4029947916666667
499,THER,0.4265950520833333
500,THER,0.404296875
501,THER,0.3570963541666667
502,THER,0.3665364583333333
503,THER,0.4171549479166667
504,THER,0.4072265625
505,THER,0.3938802083333333
506,THER,0.4222005208333333
507,THER,0.42041015625
508,THER,0.396484375
509,THER,0.3922526041666667
510,THER,0.3850911458333333
511,THER,0.42041015625
512,THER,0.3948567708333333
513,THER,0.3987630208333333
514,THER,0.39892578125
515,THER,0.4108072916666667
516,THER,0.42333984375
517,THER,0.3736979166666667
518,THER,0.3859049479166667
519,THER,0.4248046875
520,THER,0.4112955729166667
521,THER,0.4186197916666667
522,THER,0.4217122395833333
523,THER,0.4324544270833333
524,THER,0.3916015625
525,THER,0.4007161458333333
526,THER,0.43408203125
527,THER,0.4342447916666667
528,THER,0.3994140625
529,THER,0.3878580729166667
530,THER,0.3870442708333333
531,THER,0.3933919270833333
532,THER,0.4122721354166667
533,THER,0.4205729166666667
534,THER,0.3675130208333333
535,THER,0.3961588541666667
536,THER,0.3688151041666667
537,THER,0.3888346354166667
538,THER,0.4275716145833333
539,THER,0.4444986979166667
540,THER,0.39990234375
541,THER,0.4127604166666667
542,THER,0.4041341145833333
543,THER,0.4410807291666667
544,THER,0.4571940104166667
545,THER,0.39306640625
546,THER,0.4239908854166667
547,THER,0.46630859375
548,THER,0.4641927083333333
549,THER,0.4485677083333333
550,THER,0.4641927083333333
551,THER,0.4778645833333333
552,THER,0.4222005208333333
553,THER,0.4033203125
554,THER,0.390625
555,THER,0.4212239583333333
556,THER,0.40087890625
557,THER,0.4383138020833333
558,THER,0.4407552083333333
559,THER,0.43994140625
560,THER,0.41796875
561,THER,0.384765625
562,THER,0.3987630208333333
563,THER,0.4293619791666667
564,THER,0.427734375
565,THER,0.3839518229166667
566,THER,0.4322916666666667
567,THER,0.419921875
568,THER,0.4013671875
569,THER,0.4217122395833333
570,THER,0.4111328125
571,THER,0.4225260416666667
572,THER,0.4191080729166667
573,THER,0.3837890625
574,THER,0.4025065104166667
575,THER,0.4313151041666667
576,THER,0.4231770833333333
577,THER,0.41650390625
578,THER,0.4396158854166667
579,THER,0.431640625
580,THER,0.4015299479166667
581,THER,0.3992513020833333
582,THER,0.4134114583333333
583,THER,0.4072265625
584,THER,0.412109375
585,THER,0.4329427083333333
586,THER,0.41748046875
587,THER,0.3889973958333333
588,THER,0.3982747395833333
589,THER,0.42724609375
590,THER,0.4246419270833333
591,THER,0.44384765625
592,THER,0.4046223958333333
593,THER,0.4075520833333333
594,THER,0.3875325520833333
595,THER,0.42138671875
596,THER,0.41748046875
597,THER,0.4072265625
598,THER,0.4363606770833333
599,THER,0.42529296875
600,THER,0.4119466145833333
601,THER,0.41455078125
602,THER,0.4181315104166667
603,THER,0.4265950520833333
604,THER,0.42919921875
605,THER,0.44140625
606,THER,0.4474283854166667
607,THER,0.4568684895833333
608,THER,0.4288736979166667
609,THER,0.4168294270833333
610,THER,0.4444986979166667
611,THER,0.4427083333333333
612,THER,0.4191080729166667
613,THER,0.396484375
614,THER,0.3997395833333333
615,THER,0.3951822916666667
616,THER,0.40576171875
617,THER,0.4186197916666667
618,THER,0.4210611979166667
619,THER,0.4501953125
620,THER,0.4383138020833333
621,THER,0.4290364583333333
622,THER,0.3816731770833333
623,THER,0.4111328125
624,THER,0.4283854166666667
625,THER,0.3821614583333333
626,THER,0.408203125
627,THER,0.470703125
628,THER,0.4383138020833333
629,THER,0.4495442708333333
630,THER,0.4246419270833333
631,THER,0.4505208333333333
632,THER,0.4295247395833333
633,THER,0.4147135416666667
634,THER,0.4261067708333333
635,THER,0.4345703125
636,THER,0.4265950520833333
637,THER,0.4033203125
638,THER,0.4085286458333333
639,THER,0.4327799479166667
640,THER,0.3990885416666667
641,THER,0.3885091145833333
642,THER,0.4200846354166667
643,THER,0.42138671875
644,THER,0.3759765625
645,THER,0.4046223958333333
646,THER,0.43212890625
647,THER,0.4357096354166667
648,THER,0.42578125
649,THER,0.4347330729166667
650,THER,0.4212239583333333
651,THER,0.4309895833333333
652,THER,0.4264322916666667
653,THER,0.4169921875
654,THER,0.435546875
655,THER,0.4314778645833333
656,THER,0.4112955729166667
657,THER,0.4176432291666667
658,THER,0.4000651041666667
659,THER,0.44775390625
660,THER,0.4534505208333333
661,THER,0.4080403645833333
662,THER,0.41650390625
663,THER,0.4422200520833333
664,THER,0.3826497395833333
665,THER,0.3854166666666667
666,THER,0.4111328125
667,THER,0.4314778645833333
668,THER,0.4192708333333333
669,THER,0.3956705729166667
670,THER,0.4347330729166667
671,THER,0.4265950520833333
672,THER,0.4309895833333333
673,THER,0.3961588541666667
674,THER,0.3958333333333333
675,THER,0.4264322916666667
676,THER,0.4026692708333333
677,THER,0.42578125
678,THER,0.412109375
679,THER,0.4656575520833333
680,THER,0.4602864583333333
681,THER,0.4469401041666667
682,THER,0.4405924479166667
683,THER,0.4508463541666667
684,THER,0.4580078125
685,THER,0.40625
686,THER,0.4205729166666667
687,THER,0.4519856770833333
688,THER,0.44384765625
689,THER,0.3966471354166667
690,THER,0.4462890625
691,THER,0.4347330729166667
692,THER,0.4401041666666667
693,THER,0.4186197916666667
694,THER,0.41357421875
695,THER,0.4306640625
696,THER,0.4114583333333333
697,THER,0.4078776041666667
698,THER,0.4215494791666667
699,THER,0.4658203125
700,THER,0.40380859375
701,THER,0.3987630208333333
702,THER,0.40625
703,THER,0.4249674479166667
704,THER,0.4571940104166667
705,THER,0.4098307291666667
706,THER,0.4236653645833333
707,THER,0.4344075520833333
708,THER,0.4425455729166667
709,THER,0.4150390625
710,THER,0.43408203125
711,THER,0.4464518229166667
712,THER,0.44677734375
713,THER,0.4007161458333333
714,THER,0.4295247395833333
715,THER,0.3937174479166667
716,THER,0.4025065104166667
717,THER,0.4337565104166667
718,THER,0.4410807291666667
719,THER,0.4807942708333333
720,THER,0.419921875
721,THER,0.4637044270833333
722,THER,0.45703125
723,THER,0.4404296875
724,THER,0.4615885416666667
725,THER,0.4140625
726,THER,0.4420572916666667
727,THER,0.4627278645833333
728,THER,0.4485677083333333
729,THER,0.4274088541666667
730,THER,0.44970703125
731,THER,0.4466145833333333
732,THER,0.4044596354166667
733,THER,0.4129231770833333
734,THER,0.4373372395833333
735,THER,0.4475911458333333
736,THER,0.4108072916666667
737,THER,0.4669596354166667
738,THER,0.4453125
739,THER,0.4557291666666667
740,THER,0.4309895833333333
741,THER,0.4269205729166667
742,THER,0.3994140625
743,THER,0.4353841145833333
744,THER,0.45654296875
745,THER,0.4345703125
746,THER,0.46826171875
747,THER,0.4615885416666667
748,THER,0.48486328125
749,THER,0.4402669270833333
750,THER,0.4601236979166667
751,THER,0.45703125
752,THER,0.4412434895833333
753,THER,0.4182942708333333
754,THER,0.4788411458333333
755,THER,0.4453125
756,THER,0.4314778645833333
757,THER,0.3863932291666667
758,THER,0.4503580729166667
759,THER,0.4775390625
760,THER,0.4410807291666667
761,THER,0.4137369791666667
762,THER,0.4344075520833333
763,THER,0.43310546875
764,THER,0.4142252604166667
765,THER,0.40185546875
766,THER,0.4308268229166667
767,THER,0.4055989583333333
768,THER,0.4275716145833333
769,THER,0.44189453125
770,THER,0.4410807291666667
771,THER,0.40185546875
772,THER,0.4314778645833333
773,THER,0.4254557291666667
774,THER,0.41162109375
775,THER,0.4285481770833333
776,THER,0.412109375
777,THER,0.4405924479166667
778,THER,0.45068359375
779,THER,0.4581705729166667
780,THER,0.45703125
781,THER,0.4513346354166667
782,THER,0.4375
783,THER,0.4580078125
784,THER,0.4464518229166667
785,THER,0.4239908854166667
786,THER,0.4332682291666667
787,THER,0.4241536458333333
788,THER,0.4270833333333333
789,THER,0.4060872395833333
790,THER,0.45166015625
791,THER,0.4449869791666667
792,THER,0.4259440104166667
793,THER,0.4326171875
794,THER,0.4412434895833333
795,THER,0.439453125
796,THER,0.4573567708333333
797,THER,0.4378255208333333
798,THER,0.4440104166666667
799,THER,0.4710286458333333
800,THER,0.43359375
801,THER,0.4562174479166667
802,THER,0.4541015625
803,THER,0.45166015625
804,THER,0.4568684895833333
805,THER,0.42578125
806,THER,0.4666341145833333
807,THER,0.431640625
808,THER,0.42333984375
809,THER,0.4091796875
810,THER,0.4285481770833333
811,THER,0.4474283854166667
812,THER,0.4366861979166667
813,THER,0.4029947916666667
814,THER,0.4329427083333333
815,THER,0.4578450520833333
816,THER,0.4436848958333333
817,THER,0.455078125
818,THER,0.4690755208333333
819,THER,0.4558919270833333
820,THER,0.4337565104166667
821,THER,0.4287109375
822,THER,0.4298502604166667
823,THER,0.47412109375
824,THER,0.4596354166666667
825,THER,0.4480794270833333
826,THER,0.4396158854166667
827,THER,0.4658203125
828,THER,0.4619140625
829,THER,0.4547526041666667
830,THER,0.4710286458333333
831,THER,0.4637044270833333
832,THER,0.4283854166666667
833,THER,0.439453125
834,THER,0.4090169270833333
835,THER,0.4547526041666667
836,THER,0.4186197916666667
837,THER,0.4765625
838,THER,0.4713541666666667
839,THER,0.4542643229166667
840,THER,0.4083658854166667
841,THER,0.4265950520833333
842,THER,0.4527994791666667
843,THER,0.4484049479166667
844,THER,0.447265625
845,THER,0.4332682291666667
846,THER,0.4334309895833333
847,THER,0.42236328125
848,THER,0.4431966145833333
849,THER,0.4300130208333333
850,THER,0.4518229166666667
851,THER,0.49267578125
852,THER,0.4661458333333333
853,THER,0.4412434895833333
854,THER,0.4622395833333333
855,THER,0.4542643229166667
856,THER,0.4549153645833333
857,THER,0.4396158854166667
858,THER,0.4622395833333333
859,THER,0.4695638020833333
860,THER,0.47314453125
861,THER,0.4775390625
862,THER,0.4200846354166667
863,THER,0.45947265625
864,THER,0.482421875
865,THER,0.3972981770833333
866,THER,0.42724609375
867,THER,0.4611002604166667
868,THER,0.4503580729166667
869,THER,0.42919921875
870,THER,0.4498697916666667
871,THER,0.4752604166666667
872,THER,0.4396158854166667
873,THER,0.4484049479166667
874,THER,0.4803059895833333
875,THER,0.4524739583333333
876,THER,0.47705078125
877,THER,0.46435546875
878,THER,0.4558919270833333
879,THER,0.4794921875
880,THER,0.419921875
881,THER,0.4114583333333333
882,THER,0.42919921875
883,THER,0.44287109375
884,THER,0.4501953125
885,THER,0.4261067708333333
886,THER,0.48779296875
887,THER,0.4796549479166667
888,THER,0.4529622395833333
889,THER,0.4576822916666667
890,THER,0.47216796875
891,THER,0.4495442708333333
892,THER,0.4537760416666667
893,THER,0.4322916666666667
894,THER,0.4464518229166667
895,THER,0.4593098958333333
896,THER,0.4554036458333333
897,THER,0.4348958333333333
898,THER,0.4820963541666667
899,THER,0.4842122395833333
900,THER,0.4724934895833333
901,THER,0.4405924479166667
902,THER,0.43310546875
903,THER,0.4576822916666667
904,THER,0.4679361979166667
905,THER,0.4373372395833333
906,THER,0.4554036458333333
907,THER,0.4912109375
908,THER,0.4900716145833333
909,THER,0.4449869791666667
910,THER,0.4700520833333333
911,THER,0.4806315104166667
912,THER,0.45703125
913,THER,0.4650065104166667
914,THER,0.4599609375
915,THER,0.42919921875
916,THER,0.4093424479166667
917,THER,0.4300130208333333
918,THER,0.4425455729166667
919,THER,0.4811197916666667
920,THER,0.4423828125
921,THER,0.4557291666666667
922,THER,0.4388020833333333
923,THER,0.4757486979166667
924,THER,0.4541015625
925,THER,0.4112955729166667
926,THER,0.4658203125
927,THER,0.5060221354166666
928,THER,0.4449869791666667
929,THER,0.4978841145833333
930,THER,0.4807942708333333
931,THER,0.4578450520833333
932,THER,0.4459635416666667
933,THER,0.4576822916666667
934,THER,0.4314778645833333
935,THER,0.4637044270833333
936,THER,0.4768880208333333
937,THER,0.4542643229166667
938,THER,0.462890625
939,THER,0.46923828125
940,THER,0.443359375
941,THER,0.4269205729166667
942,THER,0.3787434895833333
943,THER,0.4493815104166667
944,THER,0.4378255208333333
945,THER,0.4410807291666667
946,THER,0.4698893229166667
947,THER,0.4744466145833333
948,THER,0.4552408854166667
949,THER,0.4327799479166667
950,THER,0.43359375
951,THER,0.4443359375
952,THER,0.45849609375
953,THER,0.47607421875
954,THER,0.46533203125
955,THER,0.4425455729166667
956,THER,0.4178059895833333
957,THER,0.46435546875
958,THER,0.4913736979166667
959,THER,0.4471028645833333
960,THER,0.4329427083333333
961,THER,0.4549153645833333
962,THER,0.4690755208333333
963,THER,0.5109049479166666
964,THER,0.51904296875
965,THER,0.4609375
966,THER,0.4503580729166667
967,THER,0.4524739583333333
968,THER,0.4695638020833333
969,THER,0.4539388020833333
970,THER,0.4544270833333333
971,THER,0.4563802083333333
972,THER,0.4407552083333333
973,THER,0.4622395833333333
974,THER,0.40673828125
975,THER,0.458984375
976,THER,0.4527994791666667
977,THER,0.4620768229166667
978,THER,0.47216796875
979,THER,0.5167643229166666
980,THER,0.4763997395833333
981,THER,0.4788411458333333
982,THER,0.4267578125
983,THER,0.4720052083333333
984,THER,0.4734700520833333
985,THER,0.40625
986,THER,0.3919270833333333
987,THER,0.44287109375
988,THER,0.4527994791666667
989,THER,0.4425455729166667
990,THER,0.46923828125
991,THER,0.4578450520833333
992,THER,0.44775390625
993,THER,0.4513346354166667
994,THER,0.427734375
995,THER,0.4197591145833333
996,THER,0.4422200520833333
997,THER,0.4371744791666667
998,THER,0.4781901041666667
999,THER,0.4796549479166667
1000,THER,0.4654947916666667
1001,THER,0.4464518229166667
1002,THER,0.4449869791666667
1003,THER,0.4905598958333333
1004,THER,0.4602864583333333
1005,THER,0.4480794270833333
1006,THER,0.47265625
1007,THER,0.4532877604166667
1008,THER,0.4453125
1009,THER,0.4554036458333333
1010,THER,0.4817708333333333
1011,THER,0.4632161458333333
1012,THER,0.4676106770833333
1013,THER,0.482421875
1014,THER,0.4562174479166667
1015,THER,0.4773763020833333
1016,THER,0.4703776041666667
1017,THER,0.4856770833333333
1018,THER,0.48828125
1019,THER,0.513671875
1020,THER,0.4638671875
1021,THER,0.45263671875
1022,THER,0.45751953125
1023,THER,0.47900390625
3,Oracle,0.40771484375
4,Oracle,0.39404296875
5,Oracle,0.3873697916666667
6,Oracle,0.3885091145833333
7,Oracle,0.4059244791666667
8,Oracle,0.46875
9,Oracle,0.4549153645833333
10,Oracle,0.4319661458333333
11,Oracle,0.4130859375
12,Oracle,0.4072265625
13,Oracle,0.3937174479166667
14,Oracle,0.40576171875
15,Oracle,0.40234375
16,Oracle,0.4181315104166667
17,Oracle,0.3977864583333333
18,Oracle,0.40869140625
19,Oracle,0.3896484375
20,Oracle,0.40576171875
21,Oracle,0.4147135416666667
22,Oracle,0.4202473958333333
23,Oracle,0.4195963541666667
24,Oracle,0.4542643229166667
25,Oracle,0.4166666666666667
26,Oracle,0.4287109375
27,Oracle,0.4231770833333333
28,Oracle,0.4298502604166667
29,Oracle,0.4404296875
30,Oracle,0.4440104166666667
31,Oracle,0.4274088541666667
32,Oracle,0.4503580729166667
33,Oracle,0.4332682291666667
34,Oracle,0.423828125
35,Oracle,0.4098307291666667
36,Oracle,0.4192708333333333
37,Oracle,0.4129231770833333
38,Oracle,0.3740234375
39,Oracle,0.4007161458333333
40,Oracle,0.4104817708333333
41,Oracle,0.4236653645833333
42,Oracle,0.4150390625
43,Oracle,0.4373372395833333
44,Oracle,0.3857421875
45,Oracle,0.4208984375
46,Oracle,0.44970703125
47,Oracle,0.4365234375
48,Oracle,0.4549153645833333
49,Oracle,0.4527994791666667
50,Oracle,0.46923828125
51,Oracle,0.43115234375
52,Oracle,0.4296875
53,Oracle,0.4430338541666667
54,Oracle,0.3966471354166667
55,Oracle,0.37255859375
56,Oracle,0.35302734375
57,Oracle,0.4327799479166667
58,Oracle,0.4215494791666667
59,Oracle,0.4202473958333333
60,Oracle,0.43115234375
61,Oracle,0.4612630208333333
62,Oracle,0.4573567708333333
63,Oracle,0.4466145833333333
64,Oracle,0.4500325520833333
65,Oracle,0.4464518229166667
66,Oracle,0.4451497395833333
67,Oracle,0.478515625
68,Oracle,0.44580078125
69,Oracle,0.46630859375
70,Oracle,0.4635416666666667
71,Oracle,0.44970703125
72,Oracle,0.4617513020833333
73,Oracle,0.4298502604166667
74,Oracle,0.40478515625
75,Oracle,0.3997395833333333
76,Oracle,0.4064127604166667
77,Oracle,0.4274088541666667
78,Oracle,0.4070638020833333
79,Oracle,0.4109700520833333
80,Oracle,0.3821614583333333
81,Oracle,0.3904622395833333
82,Oracle,0.3899739583333333
83,Oracle,0.3834635416666667
84,Oracle,0.41943359375
85,Oracle,0.4173177083333333
86,Oracle,0.41748046875
87,Oracle,0.3994140625
88,Oracle,0.4078776041666667
89,Oracle,0.39501953125
90,Oracle,0.3779296875
91,Oracle,0.3776041666666667
92,Oracle,0.3727213541666667
93,Oracle,0.37744140625
94,Oracle,0.3896484375
95,Oracle,0.3855794270833333
96,Oracle,0.39697265625
97,Oracle,0.3714192708333333
98,Oracle,0.3653971354166667
99,Oracle,0.3759765625
100,Oracle,0.3902994791666667
101,Oracle,0.3543294270833333
102,Oracle,0.400390625
103,Oracle,0.3888346354166667
104,Oracle,0.4288736979166667
105,Oracle,0.4794921875
106,Oracle,0.4845377604166667
107,Oracle,0.4676106770833333
108,Oracle,0.4381510416666667
109,Oracle,0.3857421875
110,Oracle,0.4230143229166667
111,Oracle,0.4015299479166667
112,Oracle,0.36572265625
113,Oracle,0.3885091145833333
114,Oracle,0.4083658854166667
115,Oracle,0.42529296875
116,Oracle,0.4020182291666667
117,Oracle,0.4386393229166667
118,Oracle,0.3917643229166667
119,Oracle,0.3421223958333333
120,Oracle,0.3697916666666667
121,Oracle,0.3860677083333333
122,Oracle,0.4064127604166667
123,Oracle,0.39501953125
124,Oracle,0.4186197916666667
125,Oracle,0.4108072916666667
126,Oracle,0.40283203125
127,Oracle,0.38134765625
128,Oracle,0.4192708333333333
129,Oracle,0.4083658854166667
130,Oracle,0.4138997395833333
131,Oracle,0.3780924479166667
132,Oracle,0.4041341145833333
133,Oracle,0.3966471354166667
134,Oracle,0.396484375
135,Oracle,0.390625
136,Oracle,0.3780924479166667
137,Oracle,0.3821614583333333
138,Oracle,0.39599609375
139,Oracle,0.3880208333333333
140,Oracle,0.4137369791666667
141,Oracle,0.3753255208333333
142,Oracle,0.3567708333333333
143,Oracle,0.3854166666666667
144,Oracle,0.3951822916666667
145,Oracle,0.3819986979166667
146,Oracle,0.3883463541666667
147,Oracle,0.38720703125
148,Oracle,0.38671875
149,Oracle,0.3938802083333333
150,Oracle,0.3644205729166667
151,Oracle,0.3971354166666667
152,Oracle,0.3933919270833333
153,Oracle,0.3984375
154,Oracle,0.3675130208333333
155,Oracle,0.39892578125
156,Oracle,0.3865559895833333
157,Oracle,0.36962890625
158,Oracle,0.3709309895833333
159,Oracle,0.4191080729166667
160,Oracle,0.40771484375
161,Oracle,0.38671875
162,Oracle,0.3727213541666667
163,Oracle,0.40234375
164,Oracle,0.4197591145833333
165,Oracle,0.4269205729166667
166,Oracle,0.4285481770833333
167,Oracle,0.4378255208333333
168,Oracle,0.4020182291666667
169,Oracle,0.4147135416666667
170,Oracle,0.38623046875
171,Oracle,0.4212239583333333
172,Oracle,0.4217122395833333
173,Oracle,0.4070638020833333
174,Oracle,0.3668619791666667
175,Oracle,0.3981119791666667
176,Oracle,0.3806966145833333
177,Oracle,0.4039713541666667
178,Oracle,0.3937174479166667
179,Oracle,0.3885091145833333
180,Oracle,0.400390625
181,Oracle,0.3702799479166667
182,Oracle,0.392578125
183,Oracle,0.3834635416666667
184,Oracle,0.3914388020833333
185,Oracle,0.40673828125
186,Oracle,0.42626953125
187,Oracle,0.4228515625
188,Oracle,0.45068359375
189,Oracle,0.4274088541666667
190,Oracle,0.42236328125
191,Oracle,0.3844401041666667
192,Oracle,0.388671875
193,Oracle,0.3889973958333333
194,Oracle,0.4049479166666667
195,Oracle,0.4137369791666667
196,Oracle,0.4169921875
197,Oracle,0.4124348958333333
198,Oracle,0.4168294270833333
199,Oracle,0.39306640625
200,Oracle,0.443359375
201,Oracle,0.40234375
202,Oracle,0.3885091145833333
203,Oracle,0.4091796875
204,Oracle,0.4147135416666667
205,Oracle,0.3865559895833333
206,Oracle,0.3929036458333333
207,Oracle,0.3684895833333333
208,Oracle,0.4007161458333333
209,Oracle,0.4169921875
210,Oracle,0.4021809895833333
211,Oracle,0.3631184895833333
212,Oracle,0.3992513020833333
213,Oracle,0.3968098958333333
214,Oracle,0.40625
215,Oracle,0.3818359375
216,Oracle,0.3722330729166667
217,Oracle,0.39404296875
218,Oracle,0.3994140625
219,Oracle,0.4182942708333333
220,Oracle,0.3955078125
221,Oracle,0.39697265625
222,Oracle,0.3971354166666667
223,Oracle,0.3844401041666667
224,Oracle,0.4117838541666667
225,Oracle,0.412109375
226,Oracle,0.4140625
227,Oracle,0.4005533854166667
228,Oracle,0.3787434895833333
229,Oracle,0.3937174479166667
230,Oracle,0.4130859375
231,Oracle,0.3914388020833333
232,Oracle,0.38671875
233,Oracle,0.369140625
234,Oracle,0.3740234375
235,Oracle,0.3800455729166667
236,Oracle,0.3826497395833333
237,Oracle,0.4168294270833333
238,Oracle,0.3844401041666667
239,Oracle,0.3885091145833333
240,Oracle,0.390625
241,Oracle,0.3951822916666667
242,Oracle,0.3896484375
243,Oracle,0.39404296875
244,Oracle,0.4189453125
245,Oracle,0.4251302083333333
246,Oracle,0.4264322916666667
247,Oracle,0.4251302083333333
248,Oracle,0.4060872395833333
249,Oracle,0.3865559895833333
250,Oracle,0.4078776041666667
251,Oracle,0.3863932291666667
252,Oracle,0.3797200520833333
253,Oracle,0.3697916666666667
254,Oracle,0.39404296875
255,Oracle,0.3857421875
256,Oracle,0.4127604166666667
257,Oracle,0.400390625
258,Oracle,0.4072265625
259,Oracle,0.3919270833333333
260,Oracle,0.3992513020833333
261,Oracle,0.4112955729166667
262,Oracle,0.3828125
263,Oracle,0.38720703125
264,Oracle,0.40087890625
265,Oracle,0.4130859375
266,Oracle,0.4002278645833333
267,Oracle,0.3961588541666667
268,Oracle,0.3994140625
269,Oracle,0.4104817708333333
270,Oracle,0.4269205729166667
271,Oracle,0.39453125
272,Oracle,0.3824869791666667
273,Oracle,0.39111328125
274,Oracle,0.3857421875
275,Oracle,0.39306640625
276,Oracle,0.39404296875
277,Oracle,0.4186197916666667
278,Oracle,0.4205729166666667
279,Oracle,0.4083658854166667
280,Oracle,0.4070638020833333
281,Oracle,0.3850911458333333
282,Oracle,0.3982747395833333
283,Oracle,0.37744140625
284,Oracle,0.4044596354166667
285,Oracle,0.39453125
286,Oracle,0.3719075520833333
287,Oracle,0.3798828125
288,Oracle,0.3929036458333333
289,Oracle,0.40966796875
290,Oracle,0.4093424479166667
291,Oracle,0.3738606770833333
292,Oracle,0.3963216145833333
293,Oracle,0.42578125
294,Oracle,0.4025065104166667
295,Oracle,0.3797200520833333
296,Oracle,0.3844401041666667
297,Oracle,0.4005533854166667
298,Oracle,0.40283203125
299,Oracle,0.421875
300,Oracle,0.4015299479166667
301,Oracle,0.3829752604166667
302,Oracle,0.3543294270833333
303,Oracle,0.3885091145833333
304,Oracle,0.3844401041666667
305,Oracle,0.39892578125
306,Oracle,0.40234375
307,Oracle,0.3859049479166667
308,Oracle,0.3963216145833333
309,Oracle,0.416015625
310,Oracle,0.4130859375
311,Oracle,0.4046223958333333
312,Oracle,0.4158528645833333
313,Oracle,0.40576171875
314,Oracle,0.37841796875
315,Oracle,0.3841145833333333
316,Oracle,0.44677734375
317,Oracle,0.4265950520833333
318,Oracle,0.43212890625
319,Oracle,0.4274088541666667
320,Oracle,0.4182942708333333
321,Oracle,0.40625
322,Oracle,0.39697265625
323,Oracle,0.38916015625
324,Oracle,0.4275716145833333
325,Oracle,0.40625
326,Oracle,0.4318033854166667
327,Oracle,0.40478515625
328,Oracle,0.4117838541666667
329,Oracle,0.3878580729166667
330,Oracle,0.408203125
331,Oracle,0.41796875
332,Oracle,0.4176432291666667
333,Oracle,0.42041015625
334,Oracle,0.4222005208333333
335,Oracle,0.390625
336,Oracle,0.4171549479166667
337,Oracle,0.39892578125
338,Oracle,0.4064127604166667
339,Oracle,0.43115234375
340,Oracle,0.40771484375
341,Oracle,0.3961588541666667
342,Oracle,0.392578125
343,Oracle,0.4085286458333333
344,Oracle,0.3917643229166667
345,Oracle,0.4065755208333333
346,Oracle,0.4235026041666667
347,Oracle,0.4342447916666667
348,Oracle,0.4417317708333333
349,Oracle,0.4127604166666667
350,Oracle,0.4055989583333333
351,Oracle,0.42333984375
352,Oracle,0.40478515625
353,Oracle,0.4049479166666667
354,Oracle,0.4034830729166667
355,Oracle,0.3955078125
356,Oracle,0.3810221354166667
357,Oracle,0.4031575520833333
358,Oracle,0.4357096354166667
359,Oracle,0.4474283854166667
360,Oracle,0.3943684895833333
361,Oracle,0.4235026041666667
362,Oracle,0.4142252604166667
363,Oracle,0.4152018229166667
364,Oracle,0.4344075520833333
365,Oracle,0.4225260416666667
366,Oracle,0.42724609375
367,Oracle,0.4444986979166667
368,Oracle,0.4269205729166667
369,Oracle,0.4052734375
370,Oracle,0.4332682291666667
371,Oracle,0.4055989583333333
372,Oracle,0.40869140625
373,Oracle,0.3935546875
374,Oracle,0.3956705729166667
375,Oracle,0.4085286458333333
376,Oracle,0.4127604166666667
377,Oracle,0.4142252604166667
378,Oracle,0.4191080729166667
379,Oracle,0.4051106770833333
380,Oracle,0.4251302083333333
381,Oracle,0.4181315104166667
382,Oracle,0.4171549479166667
383,Oracle,0.39501953125
384,Oracle,0.4417317708333333
385,Oracle,0.4051106770833333
386,Oracle,0.4169921875
387,Oracle,0.4132486979166667
388,Oracle,0.4124348958333333
389,Oracle,0.40283203125
390,Oracle,0.43017578125
391,Oracle,0.42138671875
392,Oracle,0.4134114583333333
393,Oracle,0.40673828125
394,Oracle,0.4166666666666667
395,Oracle,0.38037109375
396,Oracle,0.4305013020833333
397,Oracle,0.4205729166666667
398,Oracle,0.4020182291666667
399,Oracle,0.41064453125
400,Oracle,0.4108072916666667
401,Oracle,0.396484375
402,Oracle,0.4111328125
403,Oracle,0.380859375
404,Oracle,0.4093424479166667
405,Oracle,0.43994140625
406,Oracle,0.4381510416666667
407,Oracle,0.41748046875
408,Oracle,0.4036458333333333
409,Oracle,0.41015625
410,Oracle,0.39404296875
411,Oracle,0.40283203125
412,Oracle,0.4178059895833333
413,Oracle,0.4051106770833333
414,Oracle,0.4134114583333333
415,Oracle,0.3997395833333333
416,Oracle,0.3675130208333333
417,Oracle,0.4361979166666667
418,Oracle,0.4441731770833333
419,Oracle,0.4283854166666667
420,Oracle,0.4099934895833333
421,Oracle,0.4093424479166667
422,Oracle,0.39501953125
423,Oracle,0.3880208333333333
424,Oracle,0.4108072916666667
425,Oracle,0.3821614583333333
426,Oracle,0.3779296875
427,Oracle,0.3943684895833333
428,Oracle,0.423828125
429,Oracle,0.4046223958333333
430,Oracle,0.3990885416666667
431,Oracle,0.39111328125
432,Oracle,0.421875
433,Oracle,0.4212239583333333
434,Oracle,0.3868815104166667
435,Oracle,0.4025065104166667
436,Oracle,0.4261067708333333
437,Oracle,0.4353841145833333
438,Oracle,0.4554036458333333
439,Oracle,0.4518229166666667
440,Oracle,0.4671223958333333
441,Oracle,0.4484049479166667
442,Oracle,0.412109375
443,Oracle,0.4217122395833333
444,Oracle,0.4293619791666667
445,Oracle,0.4095052083333333
446,Oracle,0.4249674479166667
447,Oracle,0.4332682291666667
448,Oracle,0.4112955729166667
449,Oracle,0.4130859375
450,Oracle,0.43408203125
451,Oracle,0.3981119791666667
452,Oracle,0.4124348958333333
453,Oracle,0.3929036458333333
454,Oracle,0.4344075520833333
455,Oracle,0.4210611979166667
456,Oracle,0.44384765625
457,Oracle,0.44287109375
458,Oracle,0.4031575520833333
459,Oracle,0.4254557291666667
460,Oracle,0.4358723958333333
461,Oracle,0.4514973958333333
462,Oracle,0.43212890625
463,Oracle,0.41357421875
464,Oracle,0.4567057291666667
465,Oracle,0.4405924479166667
466,Oracle,0.4388020833333333
467,Oracle,0.443359375
468,Oracle,0.458984375
469,Oracle,0.4231770833333333
470,Oracle,0.4410807291666667
471,Oracle,0.4249674479166667
472,Oracle,0.43701171875
473,Oracle,0.4168294270833333
474,Oracle,0.4366861979166667
475,Oracle,0.4026692708333333
476,Oracle,0.4093424479166667
477,Oracle,0.43017578125
478,Oracle,0.4482421875
479,Oracle,0.43603515625
480,Oracle,0.4339192708333333
481,Oracle,0.40869140625
482,Oracle,0.4044596354166667
483,Oracle,0.40380859375
484,Oracle,0.4191080729166667
485,Oracle,0.4169921875
486,Oracle,0.4344075520833333
487,Oracle,0.4187825520833333
488,Oracle,0.4905598958333333
489,Oracle,0.4176432291666667
490,Oracle,0.43994140625
491,Oracle,0.4249674479166667
492,Oracle,0.4186197916666667
493,Oracle,0.4140625
494,Oracle,0.4248046875
495,Oracle,0.3909505208333333
496,Oracle,0.4168294270833333
497,Oracle,0.4309895833333333
498,Oracle,0.43603515625
499,Oracle,0.4358723958333333
500,Oracle,0.4152018229166667
501,Oracle,0.3966471354166667
502,Oracle,0.4173177083333333
503,Oracle,0.4347330729166667
504,Oracle,0.4305013020833333
505,Oracle,0.4178059895833333
506,Oracle,0.4558919270833333
507,Oracle,0.4191080729166667
508,Oracle,0.4427083333333333
509,Oracle,0.4246419270833333
510,Oracle,0.42333984375
511,Oracle,0.43603515625
512,Oracle,0.4127604166666667
513,Oracle,0.42236328125
514,Oracle,0.4246419270833333
515,Oracle,0.4178059895833333
516,Oracle,0.4410807291666667
517,Oracle,0.4055989583333333
518,Oracle,0.4129231770833333
519,Oracle,0.4285481770833333
520,Oracle,0.4337565104166667
521,Oracle,0.4510091145833333
522,Oracle,0.4586588541666667
523,Oracle,0.4537760416666667
524,Oracle,0.4270833333333333
525,Oracle,0.4111328125
526,Oracle,0.4651692708333333
527,Oracle,0.43359375
528,Oracle,0.4182942708333333
529,Oracle,0.4230143229166667
530,Oracle,0.4138997395833333
531,Oracle,0.3987630208333333
532,Oracle,0.4305013020833333
533,Oracle,0.4466145833333333
534,Oracle,0.3849283854166667
535,Oracle,0.4091796875
536,Oracle,0.3849283854166667
537,Oracle,0.4163411458333333
538,Oracle,0.4680989583333333
539,Oracle,0.4510091145833333
540,Oracle,0.4319661458333333
541,Oracle,0.4388020833333333
542,Oracle,0.4267578125
543,Oracle,0.4558919270833333
544,Oracle,0.4724934895833333
545,Oracle,0.43603515625
546,Oracle,0.4469401041666667
547,Oracle,0.4749348958333333
548,Oracle,0.4869791666666667
549,Oracle,0.4641927083333333
550,Oracle,0.4840494791666667
551,Oracle,0.4775390625
552,Oracle,0.4488932291666667
553,Oracle,0.4254557291666667
554,Oracle,0.4231770833333333
555,Oracle,0.43798828125
556,Oracle,0.4557291666666667
557,Oracle,0.4676106770833333
558,Oracle,0.4505208333333333
559,Oracle,0.4842122395833333
560,Oracle,0.455078125
561,Oracle,0.431640625
562,Oracle,0.455078125
563,Oracle,0.439453125
564,Oracle,0.4498697916666667
565,Oracle,0.4117838541666667
566,Oracle,0.4505208333333333
567,Oracle,0.4308268229166667
568,Oracle,0.4308268229166667
569,Oracle,0.4371744791666667
570,Oracle,0.44287109375
571,Oracle,0.4269205729166667
572,Oracle,0.4451497395833333
573,Oracle,0.4152018229166667
574,Oracle,0.4431966145833333
575,Oracle,0.4384765625
576,Oracle,0.4573567708333333
577,Oracle,0.45556640625
578,Oracle,0.4723307291666667
579,Oracle,0.45458984375
580,Oracle,0.4267578125
581,Oracle,0.4270833333333333
582,Oracle,0.4327799479166667
583,Oracle,0.4220377604166667
584,Oracle,0.4451497395833333
585,Oracle,0.4695638020833333
586,Oracle,0.4332682291666667
587,Oracle,0.3997395833333333
588,Oracle,0.4283854166666667
589,Oracle,0.4430338541666667
590,Oracle,0.4554036458333333
591,Oracle,0.4518229166666667
592,Oracle,0.4375
593,Oracle,0.4344075520833333
594,Oracle,0.4228515625
595,Oracle,0.4306640625
596,Oracle,0.4431966145833333
597,Oracle,0.4298502604166667
598,Oracle,0.4627278645833333
599,Oracle,0.4313151041666667
600,Oracle,0.4344075520833333
601,Oracle,0.4449869791666667
602,Oracle,0.4475911458333333
603,Oracle,0.4410807291666667
604,Oracle,0.4557291666666667
605,Oracle,0.4524739583333333
606,Oracle,0.4733072916666667
607,Oracle,0.4593098958333333
608,Oracle,0.44580078125
609,Oracle,0.4365234375
610,Oracle,0.4619140625
611,Oracle,0.4495442708333333
612,Oracle,0.4479166666666667
613,Oracle,0.4225260416666667
614,Oracle,0.4150390625
615,Oracle,0.39501953125
616,Oracle,0.4405924479166667
617,Oracle,0.44970703125
618,Oracle,0.45166015625
619,Oracle,0.4580078125
620,Oracle,0.4671223958333333
621,Oracle,0.46142578125
622,Oracle,0.4051106770833333
623,Oracle,0.4388020833333333
624,Oracle,0.4462890625
625,Oracle,0.41552734375
626,Oracle,0.4391276041666667
627,Oracle,0.4833984375
628,Oracle,0.4578450520833333
629,Oracle,0.4793294270833333
630,Oracle,0.4736328125
631,Oracle,0.4576822916666667
632,Oracle,0.4479166666666667
633,Oracle,0.4402669270833333
634,Oracle,0.451171875
635,Oracle,0.44775390625
636,Oracle,0.4611002604166667
637,Oracle,0.4376627604166667
638,Oracle,0.4296875
639,Oracle,0.43896484375
640,Oracle,0.4319661458333333
641,Oracle,0.42578125
642,Oracle,0.4381510416666667
643,Oracle,0.42236328125
644,Oracle,0.4181315104166667
645,Oracle,0.44091796875
646,Oracle,0.4376627604166667
647,Oracle,0.439453125
648,Oracle,0.4441731770833333
649,Oracle,0.4562174479166667
650,Oracle,0.4488932291666667
651,Oracle,0.4449869791666667
652,Oracle,0.44140625
653,Oracle,0.4324544270833333
654,Oracle,0.4573567708333333
655,Oracle,0.4505208333333333
656,Oracle,0.4410807291666667
657,Oracle,0.4422200520833333
658,Oracle,0.4176432291666667
659,Oracle,0.4544270833333333
660,Oracle,0.47021484375
661,Oracle,0.4388020833333333
662,Oracle,0.4485677083333333
663,Oracle,0.4632161458333333
664,Oracle,0.4000651041666667
665,Oracle,0.4148763020833333
666,Oracle,0.43115234375
667,Oracle,0.4475911458333333
668,Oracle,0.43701171875
669,Oracle,0.4361979166666667
670,Oracle,0.4573567708333333
671,Oracle,0.4295247395833333
672,Oracle,0.4568684895833333
673,Oracle,0.4161783854166667
674,Oracle,0.4267578125
675,Oracle,0.4410807291666667
676,Oracle,0.43115234375
677,Oracle,0.4480794270833333
678,Oracle,0.44189453125
679,Oracle,0.4794921875
680,Oracle,0.4934895833333333
681,Oracle,0.46875
682,Oracle,0.46435546875
683,Oracle,0.4557291666666667
684,Oracle,0.4749348958333333
685,Oracle,0.43994140625
686,Oracle,0.44775390625
687,Oracle,0.4685872395833333
688,Oracle,0.4778645833333333
689,Oracle,0.41650390625
690,Oracle,0.4807942708333333
691,Oracle,0.4454752604166667
692,Oracle,0.466796875
693,Oracle,0.44677734375
694,Oracle,0.4446614583333333
695,Oracle,0.4407552083333333
696,Oracle,0.4383138020833333
697,Oracle,0.43359375
698,Oracle,0.4441731770833333
699,Oracle,0.47216796875
700,Oracle,0.4347330729166667
701,Oracle,0.4422200520833333
702,Oracle,0.43017578125
703,Oracle,0.4375
704,Oracle,0.4939778645833333
705,Oracle,0.4309895833333333
706,Oracle,0.44775390625
707,Oracle,0.4381510416666667
708,Oracle,0.4637044270833333
709,Oracle,0.4348958333333333
710,Oracle,0.4523111979166667
711,Oracle,0.44970703125
712,Oracle,0.4747721354166667
713,Oracle,0.4267578125
714,Oracle,0.4617513020833333
715,Oracle,0.4109700520833333
716,Oracle,0.4313151041666667
717,Oracle,0.4560546875
718,Oracle,0.4645182291666667
719,Oracle,0.4894205729166667
720,Oracle,0.4405924479166667
721,Oracle,0.4931640625
722,Oracle,0.4900716145833333
723,Oracle,0.45849609375
724,Oracle,0.4744466145833333
725,Oracle,0.4404296875
726,Oracle,0.4759114583333333
727,Oracle,0.478515625
728,Oracle,0.4733072916666667
729,Oracle,0.4454752604166667
730,Oracle,0.4832356770833333
731,Oracle,0.46630859375
732,Oracle,0.4290364583333333
733,Oracle,0.443359375
734,Oracle,0.46044921875
735,Oracle,0.4573567708333333
736,Oracle,0.4344075520833333
737,Oracle,0.4873046875
738,Oracle,0.4715169270833333
739,Oracle,0.4676106770833333
740,Oracle,0.4454752604166667
741,Oracle,0.4498697916666667
742,Oracle,0.4256184895833333
743,Oracle,0.4510091145833333
744,Oracle,0.48193359375
745,Oracle,0.4485677083333333
746,Oracle,0.4890950520833333
747,Oracle,0.4708658854166667
748,Oracle,0.50732421875
749,Oracle,0.4518229166666667
750,Oracle,0.4890950520833333
751,Oracle,0.46826171875
752,Oracle,0.4685872395833333
753,Oracle,0.4440104166666667
754,Oracle,0.4938151041666667
755,Oracle,0.4427083333333333
756,Oracle,0.4801432291666667
757,Oracle,0.4581705729166667
758,Oracle,0.4747721354166667
759,Oracle,0.498046875
760,Oracle,0.4812825520833333
761,Oracle,0.4475911458333333
762,Oracle,0.451171875
763,Oracle,0.4423828125
764,Oracle,0.4552408854166667
765,Oracle,0.4466145833333333
766,Oracle,0.4716796875
767,Oracle,0.4090169270833333
768,Oracle,0.4542643229166667
769,Oracle,0.4733072916666667
770,Oracle,0.4588216145833333
771,Oracle,0.4090169270833333
772,Oracle,0.4521484375
773,Oracle,0.4443359375
774,Oracle,0.4327799479166667
775,Oracle,0.4309895833333333
776,Oracle,0.4334309895833333
777,Oracle,0.4612630208333333
778,Oracle,0.4739583333333333
779,Oracle,0.4656575520833333
780,Oracle,0.4788411458333333
781,Oracle,0.47998046875
782,Oracle,0.4591471354166667
783,Oracle,0.4646809895833333
784,Oracle,0.4705403645833333
785,Oracle,0.4454752604166667
786,Oracle,0.4523111979166667
787,Oracle,0.4285481770833333
788,Oracle,0.4508463541666667
789,Oracle,0.4319661458333333
790,Oracle,0.4694010416666667
791,Oracle,0.4599609375
792,Oracle,0.443359375
793,Oracle,0.4500325520833333
794,Oracle,0.4637044270833333
795,Oracle,0.4436848958333333
796,Oracle,0.4943033854166667
797,Oracle,0.4690755208333333
798,Oracle,0.4638671875
799,Oracle,0.4881184895833333
800,Oracle,0.4713541666666667
801,Oracle,0.50927734375
802,Oracle,0.5001627604166666
803,Oracle,0.46435546875
804,Oracle,0.4861653645833333
805,Oracle,0.4407552083333333
806,Oracle,0.4874674479166667
807,Oracle,0.4422200520833333
808,Oracle,0.4420572916666667
809,Oracle,0.43603515625
810,Oracle,0.45068359375
811,Oracle,0.4493815104166667
812,Oracle,0.4557291666666667
813,Oracle,0.4275716145833333
814,Oracle,0.4527994791666667
815,Oracle,0.4677734375
816,Oracle,0.484375
817,Oracle,0.4793294270833333
818,Oracle,0.4938151041666667
819,Oracle,0.4602864583333333
820,Oracle,0.4615885416666667
821,Oracle,0.46142578125
822,Oracle,0.4607747395833333
823,Oracle,0.4729817708333333
824,Oracle,0.4900716145833333
825,Oracle,0.4847005208333333
826,Oracle,0.4599609375
827,Oracle,0.4814453125
828,Oracle,0.4811197916666667
829,Oracle,0.4791666666666667
830,Oracle,0.50146484375
831,Oracle,0.4757486979166667
832,Oracle,0.4493815104166667
833,Oracle,0.4612630208333333
834,Oracle,0.4261067708333333
835,Oracle,0.4767252604166667
836,Oracle,0.4461263020833333
837,Oracle,0.4949544270833333
838,Oracle,0.4894205729166667
839,Oracle,0.4581705729166667
840,Oracle,0.4246419270833333
841,Oracle,0.4505208333333333
842,Oracle,0.4842122395833333
843,Oracle,0.455078125
844,Oracle,0.4617513020833333
845,Oracle,0.4640299479166667
846,Oracle,0.4676106770833333
847,Oracle,0.4474283854166667
848,Oracle,0.4521484375
849,Oracle,0.4541015625
850,Oracle,0.4783528645833333
851,Oracle,0.50830078125
852,Oracle,0.50048828125
853,Oracle,0.4708658854166667
854,Oracle,0.4807942708333333
855,Oracle,0.4571940104166667
856,Oracle,0.4781901041666667
857,Oracle,0.4637044270833333
858,Oracle,0.48095703125
859,Oracle,0.4757486979166667
860,Oracle,0.49658203125
861,Oracle,0.5027669270833334
862,Oracle,0.4378255208333333
863,Oracle,0.46435546875
864,Oracle,0.5026041666666666
865,Oracle,0.4313151041666667
866,Oracle,0.4549153645833333
867,Oracle,0.4700520833333333
868,Oracle,0.478515625
869,Oracle,0.4567057291666667
870,Oracle,0.4798177083333333
871,Oracle,0.48583984375
872,Oracle,0.4611002604166667
873,Oracle,0.478515625
874,Oracle,0.5003255208333334
875,Oracle,0.4469401041666667
876,Oracle,0.5066731770833334
877,Oracle,0.48876953125
878,Oracle,0.4874674479166667
879,Oracle,0.4796549479166667
880,Oracle,0.4510091145833333
881,Oracle,0.4510091145833333
882,Oracle,0.4593098958333333
883,Oracle,0.4464518229166667
884,Oracle,0.46923828125
885,Oracle,0.4474283854166667
886,Oracle,0.49853515625
887,Oracle,0.4970703125
888,Oracle,0.48779296875
889,Oracle,0.4820963541666667
890,Oracle,0.4892578125
891,Oracle,0.453125
892,Oracle,0.474609375
893,Oracle,0.4601236979166667
894,Oracle,0.4715169270833333
895,Oracle,0.46826171875
896,Oracle,0.4739583333333333
897,Oracle,0.4728190104166667
898,Oracle,0.5087890625
899,Oracle,0.4952799479166667
900,Oracle,0.494140625
901,Oracle,0.4656575520833333
902,Oracle,0.4583333333333333
903,Oracle,0.4806315104166667
904,Oracle,0.4881184895833333
905,Oracle,0.45751953125
906,Oracle,0.4850260416666667
907,Oracle,0.5011393229166666
908,Oracle,0.5149739583333334
909,Oracle,0.4632161458333333
910,Oracle,0.4954427083333333
911,Oracle,0.4930013020833333
912,Oracle,0.4700520833333333
913,Oracle,0.4873046875
914,Oracle,0.4889322916666667
915,Oracle,0.4464518229166667
916,Oracle,0.4384765625
917,Oracle,0.4625651041666667
918,Oracle,0.4695638020833333
919,Oracle,0.4982096354166667
920,Oracle,0.4501953125
921,Oracle,0.48486328125
922,Oracle,0.4588216145833333
923,Oracle,0.4825846354166667
924,Oracle,0.4874674479166667
925,Oracle,0.4239908854166667
926,Oracle,0.4951171875
927,Oracle,0.5100911458333334
928,Oracle,0.4607747395833333
929,Oracle,0.5211588541666666
930,Oracle,0.4972330729166667
931,Oracle,0.4596354166666667
932,Oracle,0.46923828125
933,Oracle,0.4928385416666667
934,Oracle,0.484375
935,Oracle,0.4752604166666667
936,Oracle,0.4990234375
937,Oracle,0.4803059895833333
938,Oracle,0.4871419270833333
939,Oracle,0.4767252604166667
940,Oracle,0.4807942708333333
941,Oracle,0.474609375
942,Oracle,0.4163411458333333
943,Oracle,0.4602864583333333
944,Oracle,0.4728190104166667
945,Oracle,0.48046875
946,Oracle,0.5029296875
947,Oracle,0.4866536458333333
948,Oracle,0.4812825520833333
949,Oracle,0.4521484375
950,Oracle,0.4651692708333333
951,Oracle,0.4482421875
952,Oracle,0.4752604166666667
953,Oracle,0.4982096354166667
954,Oracle,0.4851888020833333
955,Oracle,0.4435221354166667
956,Oracle,0.4322916666666667
957,Oracle,0.4851888020833333
958,Oracle,0.5094401041666666
959,Oracle,0.4510091145833333
960,Oracle,0.4554036458333333
961,Oracle,0.4884440104166667
962,Oracle,0.4993489583333333
963,Oracle,0.51708984375
964,Oracle,0.5647786458333334
965,Oracle,0.4930013020833333
966,Oracle,0.47021484375
967,Oracle,0.4658203125
968,Oracle,0.4925130208333333
969,Oracle,0.4720052083333333
970,Oracle,0.48046875
971,Oracle,0.4669596354166667
972,Oracle,0.4690755208333333
973,Oracle,0.4881184895833333
974,Oracle,0.4361979166666667
975,Oracle,0.4576822916666667
976,Oracle,0.48291015625
977,Oracle,0.4895833333333333
978,Oracle,0.51123046875
979,Oracle,0.5221354166666666
980,Oracle,0.501953125
981,Oracle,0.49609375
982,Oracle,0.458984375
983,Oracle,0.4728190104166667
984,Oracle,0.5001627604166666
985,Oracle,0.4410807291666667
986,Oracle,0.4187825520833333
987,Oracle,0.4558919270833333
988,Oracle,0.4874674479166667
989,Oracle,0.4612630208333333
990,Oracle,0.5013020833333334
991,Oracle,0.4611002604166667
992,Oracle,0.4718424479166667
993,Oracle,0.47412109375
994,Oracle,0.4523111979166667
995,Oracle,0.4296875
996,Oracle,0.4715169270833333
997,Oracle,0.4705403645833333
998,Oracle,0.4957682291666667
999,Oracle,0.4734700520833333
1000,Oracle,0.4879557291666667
1001,Oracle,0.4806315104166667
1002,Oracle,0.4715169270833333
1003,Oracle,0.4938151041666667
1004,Oracle,0.4739583333333333
1005,Oracle,0.4729817708333333
1006,Oracle,0.4943033854166667
1007,Oracle,0.46435546875
1008,Oracle,0.4680989583333333
1009,Oracle,0.4803059895833333
1010,Oracle,0.4918619791666667
1011,Oracle,0.4747721354166667
1012,Oracle,0.4777018229166667
1013,Oracle,0.5060221354166666
1014,Oracle,0.4762369791666667
1015,Oracle,0.4856770833333333
1016,Oracle,0.4910481770833333
1017,Oracle,0.5032552083333334
1018,Oracle,0.5071614583333334
1019,Oracle,0.5159505208333334
1020,Oracle,0.4876302083333333
1021,Oracle,0.47607421875
1022,Oracle,0.4765625
1023,Oracle,0.5143229166666666
