decode_step,policy,gpu_routed_token_coverage
3,Static,0.09440104166666667
4,Static,0.09830729166666667
5,Static,0.09684244791666667
6,Static,0.09326171875
7,Static,0.09488932291666667
8,Static,0.0927734375
9,Static,0.09342447916666667
10,Static,0.0947265625
11,Static,0.09375
12,Static,0.0986328125
13,Static,0.09342447916666667
14,Static,0.09635416666666667
15,Static,0.10319010416666667
16,Static,0.09733072916666667
17,Static,0.09423828125
18,Static,0.09440104166666667
19,Static,0.09537760416666667
20,Static,0.10042317708333333
21,Static,0.09619140625
22,Static,0.09830729166666667
23,Static,0.09798177083333333
24,Static,0.09326171875
25,Static,0.09505208333333333
26,Static,0.09700520833333333
27,Static,0.09716796875
28,Static,0.09244791666666667
29,Static,0.09879557291666667
30,Static,0.09798177083333333
31,Static,0.09733072916666667
32,Static,0.09912109375
33,Static,0.09749348958333333
34,Static,0.09456380208333333
35,Static,0.09537760416666667
36,Static,0.09391276041666667
37,Static,0.09602864583333333
38,Static,0.09130859375
39,Static,0.10286458333333333
40,Static,0.09293619791666667
41,Static,0.1005859375
42,Static,0.10172526041666667
43,Static,0.09342447916666667
44,Static,0.09554036458333333
45,Static,0.09635416666666667
46,Static,0.09733072916666667
47,Static,0.09098307291666667
48,Static,0.091796875
49,Static,0.0888671875
50,Static,0.09716796875
51,Static,0.09147135416666667
52,Static,0.09423828125
53,Static,0.09358723958333333
54,Static,0.09733072916666667
55,Static,0.09944661458333333
56,Static,0.09733072916666667
57,Static,0.09602864583333333
58,Static,0.09456380208333333
59,Static,0.09733072916666667
60,Static,0.09749348958333333
61,Static,0.09928385416666667
62,Static,0.0888671875
63,Static,0.09781901041666667
64,Static,0.09130859375
65,Static,0.09505208333333333
66,Static,0.0986328125
67,Static,0.10091145833333333
68,Static,0.09830729166666667
69,Static,0.09879557291666667
70,Static,0.10042317708333333
71,Static,0.09716796875
72,Static,0.09309895833333333
73,Static,0.09651692708333333
74,Static,0.09635416666666667
75,Static,0.09912109375
76,Static,0.09635416666666667
77,Static,0.09928385416666667
78,Static,0.09309895833333333
79,Static,0.09554036458333333
80,Static,0.09977213541666667
81,Static,0.09309895833333333
82,Static,0.09847005208333333
83,Static,0.09912109375
84,Static,0.09488932291666667
85,Static,0.095703125
86,Static,0.09261067708333333
87,Static,0.10302734375
88,Static,0.10026041666666667
89,Static,0.10172526041666667
90,Static,0.09602864583333333
91,Static,0.09586588541666667
92,Static,0.09879557291666667
93,Static,0.10042317708333333
94,Static,0.09912109375
95,Static,0.10139973958333333
96,Static,0.09749348958333333
97,Static,0.10270182291666667
98,Static,0.09554036458333333
99,Static,0.09977213541666667
100,Static,0.09993489583333333
101,Static,0.09456380208333333
102,Static,0.1044921875
103,Static,0.09895833333333333
104,Static,0.0908203125
105,Static,0.0966796875
106,Static,0.10107421875
107,Static,0.1005859375
108,Static,0.09440104166666667
109,Static,0.09586588541666667
110,Static,0.09993489583333333
111,Static,0.09684244791666667
112,Static,0.09456380208333333
113,Static,0.091796875
114,Static,0.10465494791666667
115,Static,0.09651692708333333
116,Static,0.09993489583333333
117,Static,0.09912109375
118,Static,0.09798177083333333
119,Static,0.09912109375
120,Static,0.10188802083333333
121,Static,0.10335286458333333
122,Static,0.09749348958333333
123,Static,0.10091145833333333
124,Static,0.10009765625
125,Static,0.09847005208333333
126,Static,0.10725911458333333
127,Static,0.09733072916666667
128,Static,0.09228515625
129,Static,0.09716796875
130,Static,0.09163411458333333
131,Static,0.09684244791666667
132,Static,0.09814453125
133,Static,0.09765625
134,Static,0.10123697916666667
135,Static,0.10042317708333333
136,Static,0.09993489583333333
137,Static,0.09407552083333333
138,Static,0.10205078125
139,Static,0.10188802083333333
140,Static,0.099609375
141,Static,0.09244791666666667
142,Static,0.09912109375
143,Static,0.09423828125
144,Static,0.09977213541666667
145,Static,0.0966796875
146,Static,0.09440104166666667
147,Static,0.10514322916666667
148,Static,0.10009765625
149,Static,0.10139973958333333
150,Static,0.10611979166666667
151,Static,0.09993489583333333
152,Static,0.09635416666666667
153,Static,0.1015625
154,Static,0.09147135416666667
155,Static,0.09358723958333333
156,Static,0.09895833333333333
157,Static,0.10172526041666667
158,Static,0.09212239583333333
159,Static,0.09733072916666667
160,Static,0.09684244791666667
161,Static,0.0927734375
162,Static,0.09635416666666667
163,Static,0.09505208333333333
164,Static,0.1005859375
165,Static,0.10465494791666667
166,Static,0.09407552083333333
167,Static,0.09798177083333333
168,Static,0.10188802083333333
169,Static,0.09635416666666667
170,Static,0.09700520833333333
171,Static,0.1005859375
172,Static,0.0966796875
173,Static,0.0986328125
174,Static,0.09700520833333333
175,Static,0.10026041666666667
176,Static,0.09716796875
177,Static,0.09440104166666667
178,Static,0.09765625
179,Static,0.09391276041666667
180,Static,0.10123697916666667
181,Static,0.09847005208333333
182,Static,0.10286458333333333
183,Static,0.10563151041666667
184,Static,0.09586588541666667
185,Static,0.09944661458333333
186,Static,0.09993489583333333
187,Static,0.09765625
188,Static,0.091796875
189,Static,0.09586588541666667
190,Static,0.09212239583333333
191,Static,0.09537760416666667
192,Static,0.10530598958333333
193,Static,0.103515625
194,Static,0.10872395833333333
195,Static,0.1005859375
196,Static,0.09765625
197,Static,0.0986328125
198,Static,0.09635416666666667
199,Static,0.09993489583333333
200,Static,0.09456380208333333
201,Static,0.09358723958333333
202,Static,0.09912109375
203,Static,0.09602864583333333
204,Static,0.09537760416666667
205,Static,0.09586588541666667
206,Static,0.09928385416666667
207,Static,0.10188802083333333
208,Static,0.09488932291666667
209,Static,0.095703125
210,Static,0.099609375
211,Static,0.10123697916666667
212,Static,0.10579427083333333
213,Static,0.10172526041666667
214,Static,0.09847005208333333
215,Static,0.09700520833333333
216,Static,0.10009765625
217,Static,0.09928385416666667
218,Static,0.09684244791666667
219,Static,0.09244791666666667
220,Static,0.0947265625
221,Static,0.095703125
222,Static,0.10302734375
223,Static,0.09521484375
224,Static,0.09537760416666667
225,Static,0.09749348958333333
226,Static,0.10221354166666667
227,Static,0.09749348958333333
228,Static,0.09537760416666667
229,Static,0.10042317708333333
230,Static,0.09537760416666667
231,Static,0.09700520833333333
232,Static,0.10286458333333333
233,Static,0.08772786458333333
234,Static,0.09114583333333333
235,Static,0.09928385416666667
236,Static,0.09326171875
237,Static,0.09928385416666667
238,Static,0.103515625
239,Static,0.10123697916666667
240,Static,0.09488932291666667
241,Static,0.09733072916666667
242,Static,0.09733072916666667
243,Static,0.10091145833333333
244,Static,0.10530598958333333
245,Static,0.09895833333333333
246,Static,0.10302734375
247,Static,0.10188802083333333
248,Static,0.09798177083333333
249,Static,0.09651692708333333
250,Static,0.10237630208333333
251,Static,0.09440104166666667
252,Static,0.10286458333333333
253,Static,0.1083984375
254,Static,0.10188802083333333
255,Static,0.09765625
256,Static,0.09814453125
257,Static,0.10107421875
258,Static,0.10107421875
259,Static,0.10481770833333333
260,Static,0.10123697916666667
261,Static,0.09619140625
262,Static,0.09391276041666667
263,Static,0.09602864583333333
264,Static,0.10188802083333333
265,Static,0.10302734375
266,Static,0.10074869791666667
267,Static,0.10237630208333333
268,Static,0.10188802083333333
269,Static,0.0966796875
270,Static,0.095703125
271,Static,0.09716796875
272,Static,0.09733072916666667
273,Static,0.09440104166666667
274,Static,0.09358723958333333
275,Static,0.09977213541666667
276,Static,0.09765625
277,Static,0.10091145833333333
278,Static,0.09798177083333333
279,Static,0.10270182291666667
280,Static,0.10074869791666667
281,Static,0.10139973958333333
282,Static,0.1025390625
283,Static,0.10188802083333333
284,Static,0.09635416666666667
285,Static,0.1064453125
286,Static,0.09554036458333333
287,Static,0.09765625
288,Static,0.10498046875
289,Static,0.10123697916666667
290,Static,0.09847005208333333
291,Static,0.10611979166666667
292,Static,0.1025390625
293,Static,0.09928385416666667
294,Static,0.1044921875
295,Static,0.10660807291666667
296,Static,0.09521484375
297,Static,0.09602864583333333
298,Static,0.10286458333333333
299,Static,0.09928385416666667
300,Static,0.09521484375
301,Static,0.10074869791666667
302,Static,0.1044921875
303,Static,0.10026041666666667
304,Static,0.095703125
305,Static,0.1015625
306,Static,0.099609375
307,Static,0.09700520833333333
308,Static,0.0986328125
309,Static,0.09749348958333333
310,Static,0.09977213541666667
311,Static,0.09326171875
312,Static,0.10465494791666667
313,Static,0.10270182291666667
314,Static,0.10205078125
315,Static,0.10188802083333333
316,Static,0.09977213541666667
317,Static,0.1005859375
318,Static,0.10286458333333333
319,Static,0.10123697916666667
320,Static,0.10123697916666667
321,Static,0.10074869791666667
322,Static,0.10107421875
323,Static,0.09554036458333333
324,Static,0.09407552083333333
325,Static,0.10091145833333333
326,Static,0.10725911458333333
327,Static,0.10481770833333333
328,Static,0.09407552083333333
329,Static,0.1025390625
330,Static,0.10367838541666667
331,Static,0.099609375
332,Static,0.1015625
333,Static,0.10611979166666667
334,Static,0.10237630208333333
335,Static,0.09912109375
336,Static,0.10205078125
337,Static,0.11165364583333333
338,Static,0.10302734375
339,Static,0.1044921875
340,Static,0.10498046875
341,Static,0.095703125
342,Static,0.09635416666666667
343,Static,0.10302734375
344,Static,0.1044921875
345,Static,0.09928385416666667
346,Static,0.09765625
347,Static,0.10335286458333333
348,Static,0.09554036458333333
349,Static,0.10026041666666667
350,Static,0.1025390625
351,Static,0.10335286458333333
352,Static,0.103515625
353,Static,0.10123697916666667
354,Static,0.09944661458333333
355,Static,0.10709635416666667
356,Static,0.1044921875
357,Static,0.10986328125
358,Static,0.10791015625
359,Static,0.10400390625
360,Static,0.10270182291666667
361,Static,0.10432942708333333
362,Static,0.10563151041666667
363,Static,0.10465494791666667
364,Static,0.10270182291666667
365,Static,0.09602864583333333
366,Static,0.1005859375
367,Static,0.09814453125
368,Static,0.10042317708333333
369,Static,0.10221354166666667
370,Static,0.10579427083333333
371,Static,0.10074869791666667
372,Static,0.11018880208333333
373,Static,0.1044921875
374,Static,0.10579427083333333
375,Static,0.10563151041666667
376,Static,0.10970052083333333
377,Static,0.10172526041666667
378,Static,0.09798177083333333
379,Static,0.099609375
380,Static,0.10953776041666667
381,Static,0.09928385416666667
382,Static,0.10270182291666667
383,Static,0.10286458333333333
384,Static,0.10384114583333333
385,Static,0.10384114583333333
386,Static,0.1005859375
387,Static,0.10774739583333333
388,Static,0.10709635416666667
389,Static,0.10237630208333333
390,Static,0.10107421875
391,Static,0.10481770833333333
392,Static,0.1005859375
393,Static,0.09895833333333333
394,Static,0.10546875
395,Static,0.09505208333333333
396,Static,0.09879557291666667
397,Static,0.10205078125
398,Static,0.09765625
399,Static,0.10563151041666667
400,Static,0.10498046875
401,Static,0.10026041666666667
402,Static,0.10823567708333333
403,Static,0.11002604166666667
404,Static,0.10725911458333333
405,Static,0.10514322916666667
406,Static,0.103515625
407,Static,0.10302734375
408,Static,0.09847005208333333
409,Static,0.111328125
410,Static,0.10579427083333333
411,Static,0.10074869791666667
412,Static,0.10432942708333333
413,Static,0.10026041666666667
414,Static,0.107421875
415,Static,0.10123697916666667
416,Static,0.10042317708333333
417,Static,0.10563151041666667
418,Static,0.10546875
419,Static,0.09895833333333333
420,Static,0.10188802083333333
421,Static,0.10286458333333333
422,Static,0.09847005208333333
423,Static,0.10660807291666667
424,Static,0.10400390625
425,Static,0.10498046875
426,Static,0.10563151041666667
427,Static,0.10595703125
428,Static,0.10628255208333333
429,Static,0.09847005208333333
430,Static,0.10286458333333333
431,Static,0.09765625
432,Static,0.10042317708333333
433,Static,0.1025390625
434,Static,0.10888671875
435,Static,0.10579427083333333
436,Static,0.10709635416666667
437,Static,0.10367838541666667
438,Static,0.10514322916666667
439,Static,0.10188802083333333
440,Static,0.09977213541666667
441,Static,0.10693359375
442,Static,0.11067708333333333
443,Static,0.1005859375
444,Static,0.1064453125
445,Static,0.11507161458333333
446,Static,0.10823567708333333
447,Static,0.1064453125
448,Static,0.09814453125
449,Static,0.10432942708333333
450,Static,0.1044921875
451,Static,0.10009765625
452,Static,0.09798177083333333
453,Static,0.10074869791666667
454,Static,0.10237630208333333
455,Static,0.10237630208333333
456,Static,0.10986328125
457,Static,0.10498046875
458,Static,0.10009765625
459,Static,0.10188802083333333
460,Static,0.09944661458333333
461,Static,0.10384114583333333
462,Static,0.10498046875
463,Static,0.10221354166666667
464,Static,0.09814453125
465,Static,0.0947265625
466,Static,0.1005859375
467,Static,0.09830729166666667
468,Static,0.09814453125
469,Static,0.10579427083333333
470,Static,0.11018880208333333
471,Static,0.10009765625
472,Static,0.1025390625
473,Static,0.10498046875
474,Static,0.11116536458333333
475,Static,0.1083984375
476,Static,0.10986328125
477,Static,0.11409505208333333
478,Static,0.10481770833333333
479,Static,0.10042317708333333
480,Static,0.10953776041666667
481,Static,0.11051432291666667
482,Static,0.11181640625
483,Static,0.10660807291666667
484,Static,0.10432942708333333
485,Static,0.09326171875
486,Static,0.09602864583333333
487,Static,0.09993489583333333
488,Static,0.10465494791666667
489,Static,0.10384114583333333
490,Static,0.10286458333333333
491,Static,0.10270182291666667
492,Static,0.11002604166666667
493,Static,0.10758463541666667
494,Static,0.10774739583333333
495,Static,0.10953776041666667
496,Static,0.10188802083333333
497,Static,0.10172526041666667
498,Static,0.10498046875
499,Static,0.10432942708333333
500,Static,0.10465494791666667
501,Static,0.10856119791666667
502,Static,0.10481770833333333
503,Static,0.10465494791666667
504,Static,0.10009765625
505,Static,0.11360677083333333
506,Static,0.111328125
507,Static,0.109375
508,Static,0.10953776041666667
509,Static,0.10498046875
510,Static,0.10725911458333333
511,Static,0.10400390625
512,Static,0.10400390625
513,Static,0.10595703125
514,Static,0.09895833333333333
515,Static,0.10546875
516,Static,0.10384114583333333
517,Static,0.10400390625
518,Static,0.10302734375
519,Static,0.0947265625
520,Static,0.09944661458333333
521,Static,0.09993489583333333
522,Static,0.10319010416666667
523,Static,0.10498046875
524,Static,0.11181640625
525,Static,0.10693359375
526,Static,0.10791015625
527,Static,0.10677083333333333
528,Static,0.10628255208333333
529,Static,0.10953776041666667
530,Static,0.10026041666666667
531,Static,0.1083984375
532,Static,0.11295572916666667
533,Static,0.10074869791666667
534,Static,0.10498046875
535,Static,0.10498046875
536,Static,0.10302734375
537,Static,0.10904947916666667
538,Static,0.11067708333333333
539,Static,0.10205078125
540,Static,0.1064453125
541,Static,0.10237630208333333
542,Static,0.10660807291666667
543,Static,0.11051432291666667
544,Static,0.10807291666666667
545,Static,0.10856119791666667
546,Static,0.10530598958333333
547,Static,0.10563151041666667
548,Static,0.10904947916666667
549,Static,0.11002604166666667
550,Static,0.10677083333333333
551,Static,0.10465494791666667
552,Static,0.11165364583333333
553,Static,0.107421875
554,Static,0.10042317708333333
555,Static,0.1015625
556,Static,0.10628255208333333
557,Static,0.10481770833333333
558,Static,0.10400390625
559,Static,0.1064453125
560,Static,0.10498046875
561,Static,0.10270182291666667
562,Static,0.11051432291666667
563,Static,0.10400390625
564,Static,0.10856119791666667
565,Static,0.10026041666666667
566,Static,0.099609375
567,Static,0.10660807291666667
568,Static,0.10921223958333333
569,Static,0.10693359375
570,Static,0.10807291666666667
571,Static,0.11083984375
572,Static,0.10660807291666667
573,Static,0.10791015625
574,Static,0.10791015625
575,Static,0.10319010416666667
576,Static,0.10953776041666667
577,Static,0.11002604166666667
578,Static,0.10286458333333333
579,Static,0.10009765625
580,Static,0.0986328125
581,Static,0.10432942708333333
582,Static,0.10725911458333333
583,Static,0.10384114583333333
584,Static,0.10139973958333333
585,Static,0.11067708333333333
586,Static,0.10595703125
587,Static,0.10611979166666667
588,Static,0.10579427083333333
589,Static,0.10595703125
590,Static,0.10498046875
591,Static,0.09977213541666667
592,Static,0.10888671875
593,Static,0.10693359375
594,Static,0.10823567708333333
595,Static,0.10888671875
596,Static,0.10791015625
597,Static,0.10888671875
598,Static,0.10481770833333333
599,Static,0.11393229166666667
600,Static,0.11409505208333333
601,Static,0.11165364583333333
602,Static,0.1123046875
603,Static,0.11246744791666667
604,Static,0.1064453125
605,Static,0.09977213541666667
606,Static,0.11360677083333333
607,Static,0.10693359375
608,Static,0.10400390625
609,Static,0.10611979166666667
610,Static,0.10611979166666667
611,Static,0.10042317708333333
612,Static,0.1015625
613,Static,0.1083984375
614,Static,0.11100260416666667
615,Static,0.1044921875
616,Static,0.10335286458333333
617,Static,0.10498046875
618,Static,0.10660807291666667
619,Static,0.11165364583333333
620,Static,0.10563151041666667
621,Static,0.10953776041666667
622,Static,0.10563151041666667
623,Static,0.10188802083333333
624,Static,0.10709635416666667
625,Static,0.10384114583333333
626,Static,0.10481770833333333
627,Static,0.10758463541666667
628,Static,0.11165364583333333
629,Static,0.10628255208333333
630,Static,0.11149088541666667
631,Static,0.10432942708333333
632,Static,0.10595703125
633,Static,0.10628255208333333
634,Static,0.10400390625
635,Static,0.10009765625
636,Static,0.11002604166666667
637,Static,0.10416666666666667
638,Static,0.10302734375
639,Static,0.10107421875
640,Static,0.1044921875
641,Static,0.10530598958333333
642,Static,0.10807291666666667
643,Static,0.1064453125
644,Static,0.10595703125
645,Static,0.10660807291666667
646,Static,0.10856119791666667
647,Static,0.1015625
648,Static,0.10074869791666667
649,Static,0.10807291666666667
650,Static,0.11702473958333333
651,Static,0.10530598958333333
652,Static,0.10872395833333333
653,Static,0.10872395833333333
654,Static,0.10970052083333333
655,Static,0.11083984375
656,Static,0.11149088541666667
657,Static,0.10774739583333333
658,Static,0.10530598958333333
659,Static,0.099609375
660,Static,0.1064453125
661,Static,0.1103515625
662,Static,0.10660807291666667
663,Static,0.11393229166666667
664,Static,0.10530598958333333
665,Static,0.10205078125
666,Static,0.10872395833333333
667,Static,0.10888671875
668,Static,0.1064453125
669,Static,0.10921223958333333
670,Static,0.1083984375
671,Static,0.10465494791666667
672,Static,0.10416666666666667
673,Static,0.11067708333333333
674,Static,0.10693359375
675,Static,0.10335286458333333
676,Static,0.10774739583333333
677,Static,0.111328125
678,Static,0.10872395833333333
679,Static,0.10384114583333333
680,Static,0.10367838541666667
681,Static,0.10042317708333333
682,Static,0.10725911458333333
683,Static,0.10107421875
684,Static,0.10302734375
685,Static,0.10384114583333333
686,Static,0.103515625
687,Static,0.10530598958333333
688,Static,0.109375
689,Static,0.11018880208333333
690,Static,0.10888671875
691,Static,0.10856119791666667
692,Static,0.10693359375
693,Static,0.11181640625
694,Static,0.10498046875
695,Static,0.1005859375
696,Static,0.11067708333333333
697,Static,0.11246744791666667
698,Static,0.11002604166666667
699,Static,0.10237630208333333
700,Static,0.1083984375
701,Static,0.10611979166666667
702,Static,0.1083984375
703,Static,0.10270182291666667
704,Static,0.10367838541666667
705,Static,0.10514322916666667
706,Static,0.10514322916666667
707,Static,0.10335286458333333
708,Static,0.10481770833333333
709,Static,0.10367838541666667
710,Static,0.1015625
711,Static,0.10856119791666667
712,Static,0.11067708333333333
713,Static,0.1064453125
714,Static,0.10921223958333333
715,Static,0.10481770833333333
716,Static,0.10628255208333333
717,Static,0.10286458333333333
718,Static,0.10481770833333333
719,Static,0.10595703125
720,Static,0.10986328125
721,Static,0.11409505208333333
722,Static,0.11588541666666667
723,Static,0.10042317708333333
724,Static,0.10367838541666667
725,Static,0.109375
726,Static,0.107421875
727,Static,0.11002604166666667
728,Static,0.0986328125
729,Static,0.10986328125
730,Static,0.10286458333333333
731,Static,0.103515625
732,Static,0.10970052083333333
733,Static,0.11539713541666667
734,Static,0.10888671875
735,Static,0.10677083333333333
736,Static,0.10579427083333333
737,Static,0.10416666666666667
738,Static,0.10514322916666667
739,Static,0.10904947916666667
740,Static,0.10823567708333333
741,Static,0.10791015625
742,Static,0.11116536458333333
743,Static,0.103515625
744,Static,0.1103515625
745,Static,0.1083984375
746,Static,0.10693359375
747,Static,0.10823567708333333
748,Static,0.10823567708333333
749,Static,0.10074869791666667
750,Static,0.10384114583333333
751,Static,0.10856119791666667
752,Static,0.10514322916666667
753,Static,0.11165364583333333
754,Static,0.11018880208333333
755,Static,0.09700520833333333
756,Static,0.10546875
757,Static,0.10807291666666667
758,Static,0.10791015625
759,Static,0.11002604166666667
760,Static,0.10481770833333333
761,Static,0.11051432291666667
762,Static,0.10953776041666667
763,Static,0.10888671875
764,Static,0.10595703125
765,Static,0.10677083333333333
766,Static,0.11018880208333333
767,Static,0.11051432291666667
768,Static,0.10465494791666667
769,Static,0.11246744791666667
770,Static,0.10465494791666667
771,Static,0.09912109375
772,Static,0.1103515625
773,Static,0.10823567708333333
774,Static,0.10807291666666667
775,Static,0.11051432291666667
776,Static,0.1064453125
777,Static,0.10481770833333333
778,Static,0.10904947916666667
779,Static,0.10677083333333333
780,Static,0.11165364583333333
781,Static,0.111328125
782,Static,0.10432942708333333
783,Static,0.10807291666666667
784,Static,0.10123697916666667
785,Static,0.10872395833333333
786,Static,0.1123046875
787,Static,0.11067708333333333
788,Static,0.1064453125
789,Static,0.11100260416666667
790,Static,0.11409505208333333
791,Static,0.11018880208333333
792,Static,0.111328125
793,Static,0.11328125
794,Static,0.11116536458333333
795,Static,0.11328125
796,Static,0.10888671875
797,Static,0.10546875
798,Static,0.10611979166666667
799,Static,0.10807291666666667
800,Static,0.10611979166666667
801,Static,0.11376953125
802,Static,0.10432942708333333
803,Static,0.1044921875
804,Static,0.11295572916666667
805,Static,0.111328125
806,Static,0.10367838541666667
807,Static,0.10725911458333333
808,Static,0.10921223958333333
809,Static,0.111328125
810,Static,0.10498046875
811,Static,0.10677083333333333
812,Static,0.10888671875
813,Static,0.10725911458333333
814,Static,0.109375
815,Static,0.10921223958333333
816,Static,0.11018880208333333
817,Static,0.1142578125
818,Static,0.10660807291666667
819,Static,0.10579427083333333
820,Static,0.11181640625
821,Static,0.10302734375
822,Static,0.10530598958333333
823,Static,0.10709635416666667
824,Static,0.10498046875
825,Static,0.10367838541666667
826,Static,0.10791015625
827,Static,0.10302734375
828,Static,0.1123046875
829,Static,0.10888671875
830,Static,0.10546875
831,Static,0.10677083333333333
832,Static,0.1103515625
833,Static,0.10986328125
834,Static,0.11116536458333333
835,Static,0.11214192708333333
836,Static,0.10791015625
837,Static,0.10400390625
838,Static,0.10791015625
839,Static,0.11100260416666667
840,Static,0.10628255208333333
841,Static,0.10660807291666667
842,Static,0.11344401041666667
843,Static,0.10823567708333333
844,Static,0.107421875
845,Static,0.10693359375
846,Static,0.10856119791666667
847,Static,0.10970052083333333
848,Static,0.10872395833333333
849,Static,0.10302734375
850,Static,0.10188802083333333
851,Static,0.10530598958333333
852,Static,0.11214192708333333
853,Static,0.11181640625
854,Static,0.10807291666666667
855,Static,0.11165364583333333
856,Static,0.1083984375
857,Static,0.10677083333333333
858,Static,0.10709635416666667
859,Static,0.11197916666666667
860,Static,0.11100260416666667
861,Static,0.10660807291666667
862,Static,0.10791015625
863,Static,0.10074869791666667
864,Static,0.10205078125
865,Static,0.11507161458333333
866,Static,0.10595703125
867,Static,0.10400390625
868,Static,0.10286458333333333
869,Static,0.10611979166666667
870,Static,0.10921223958333333
871,Static,0.10791015625
872,Static,0.10774739583333333
873,Static,0.11214192708333333
874,Static,0.10774739583333333
875,Static,0.10123697916666667
876,Static,0.11246744791666667
877,Static,0.11409505208333333
878,Static,0.11100260416666667
879,Static,0.11344401041666667
880,Static,0.10660807291666667
881,Static,0.10205078125
882,Static,0.10823567708333333
883,Static,0.12027994791666667
884,Static,0.111328125
885,Static,0.10660807291666667
886,Static,0.11083984375
887,Static,0.11181640625
888,Static,0.11588541666666667
889,Static,0.1123046875
890,Static,0.10823567708333333
891,Static,0.109375
892,Static,0.1015625
893,Static,0.11165364583333333
894,Static,0.10660807291666667
895,Static,0.10481770833333333
896,Static,0.10384114583333333
897,Static,0.10628255208333333
898,Static,0.11083984375
899,Static,0.10335286458333333
900,Static,0.10888671875
901,Static,0.1064453125
902,Static,0.10628255208333333
903,Static,0.11165364583333333
904,Static,0.10595703125
905,Static,0.10205078125
906,Static,0.10921223958333333
907,Static,0.11116536458333333
908,Static,0.10693359375
909,Static,0.1123046875
910,Static,0.10725911458333333
911,Static,0.11246744791666667
912,Static,0.10921223958333333
913,Static,0.115234375
914,Static,0.11279296875
915,Static,0.10498046875
916,Static,0.11344401041666667
917,Static,0.10205078125
918,Static,0.10677083333333333
919,Static,0.10709635416666667
920,Static,0.10628255208333333
921,Static,0.10042317708333333
922,Static,0.10758463541666667
923,Static,0.10807291666666667
924,Static,0.1083984375
925,Static,0.10970052083333333
926,Static,0.10432942708333333
927,Static,0.11555989583333333
928,Static,0.1015625
929,Static,0.10791015625
930,Static,0.11344401041666667
931,Static,0.11637369791666667
932,Static,0.11295572916666667
933,Static,0.10904947916666667
934,Static,0.11083984375
935,Static,0.10400390625
936,Static,0.10970052083333333
937,Static,0.11083984375
938,Static,0.1142578125
939,Static,0.1064453125
940,Static,0.10579427083333333
941,Static,0.11197916666666667
942,Static,0.115234375
943,Static,0.11328125
944,Static,0.11344401041666667
945,Static,0.10904947916666667
946,Static,0.10774739583333333
947,Static,0.10660807291666667
948,Static,0.10481770833333333
949,Static,0.11279296875
950,Static,0.10009765625
951,Static,0.10139973958333333
952,Static,0.11116536458333333
953,Static,0.10791015625
954,Static,0.10302734375
955,Static,0.10807291666666667
956,Static,0.107421875
957,Static,0.1083984375
958,Static,0.11116536458333333
959,Static,0.11018880208333333
960,Static,0.11393229166666667
961,Static,0.10416666666666667
962,Static,0.1083984375
963,Static,0.10986328125
964,Static,0.10758463541666667
965,Static,0.1103515625
966,Static,0.10986328125
967,Static,0.11165364583333333
968,Static,0.10921223958333333
969,Static,0.11083984375
970,Static,0.10872395833333333
971,Static,0.1064453125
972,Static,0.10774739583333333
973,Static,0.10904947916666667
974,Static,0.11165364583333333
975,Static,0.10384114583333333
976,Static,0.1025390625
977,Static,0.10823567708333333
978,Static,0.11116536458333333
979,Static,0.11702473958333333
980,Static,0.10579427083333333
981,Static,0.10888671875
982,Static,0.1142578125
983,Static,0.10660807291666667
984,Static,0.11263020833333333
985,Static,0.11507161458333333
986,Static,0.11458333333333333
987,Static,0.10546875
988,Static,0.10807291666666667
989,Static,0.10611979166666667
990,Static,0.11100260416666667
991,Static,0.10823567708333333
992,Static,0.10579427083333333
993,Static,0.10563151041666667
994,Static,0.10595703125
995,Static,0.10465494791666667
996,Static,0.10807291666666667
997,Static,0.11279296875
998,Static,0.10465494791666667
999,Static,0.11263020833333333
1000,Static,0.1103515625
1001,Static,0.10677083333333333
1002,Static,0.10823567708333333
1003,Static,0.11116536458333333
1004,Static,0.10823567708333333
1005,Static,0.11197916666666667
1006,Static,0.11263020833333333
1007,Static,0.10904947916666667
1008,Static,0.10872395833333333
1009,Static,0.11116536458333333
1010,Static,0.10465494791666667
1011,Static,0.11083984375
1012,Static,0.10807291666666667
1013,Static,0.1103515625
1014,Static,0.11458333333333333
1015,Static,0.10546875
1016,Static,0.10904947916666667
1017,Static,0.11328125
1018,Static,0.1103515625
1019,Static,0.10904947916666667
1020,Static,0.10807291666666667
1021,Static,0.11116536458333333
1022,Static,0.10774739583333333
1023,Static,0.10872395833333333
3,LRU,0.24235026041666666
4,LRU,0.20035807291666666
5,LRU,0.19710286458333334
6,LRU,0.19205729166666666
7,LRU,0.23470052083333334
8,LRU,0.208984375
9,LRU,0.19645182291666666
10,LRU,0.19873046875
11,LRU,0.23128255208333334
12,LRU,0.21468098958333334
13,LRU,0.203125
14,LRU,0.2021484375
15,LRU,0.2649739583333333
16,LRU,0.21907552083333334
17,LRU,0.22054036458333334
18,LRU,0.21337890625
19,LRU,0.24641927083333334
20,LRU,0.21370442708333334
21,LRU,0.21126302083333334
22,LRU,0.21207682291666666
23,LRU,0.23470052083333334
24,LRU,0.2080078125
25,LRU,0.20263671875
26,LRU,0.20654296875
27,LRU,0.2511393229166667
28,LRU,0.20377604166666666
29,LRU,0.21158854166666666
30,LRU,0.21012369791666666
31,LRU,0.23046875
32,LRU,0.20149739583333334
33,LRU,0.20328776041666666
34,LRU,0.19319661458333334
35,LRU,0.2333984375
36,LRU,0.20849609375
37,LRU,0.20068359375
38,LRU,0.19759114583333334
39,LRU,0.23860677083333334
40,LRU,0.2041015625
41,LRU,0.20947265625
42,LRU,0.21744791666666666
43,LRU,0.2913411458333333
44,LRU,0.2569986979166667
45,LRU,0.2529296875
46,LRU,0.23909505208333334
47,LRU,0.26708984375
48,LRU,0.24153645833333334
49,LRU,0.23063151041666666
50,LRU,0.22591145833333334
51,LRU,0.25341796875
52,LRU,0.224609375
53,LRU,0.22184244791666666
54,LRU,0.21744791666666666
55,LRU,0.2527669270833333
56,LRU,0.23095703125
57,LRU,0.22379557291666666
58,LRU,0.20719401041666666
59,LRU,0.2569986979166667
60,LRU,0.23470052083333334
61,LRU,0.22281901041666666
62,LRU,0.21451822916666666
63,LRU,0.2535807291666667
64,LRU,0.21533203125
65,LRU,0.21370442708333334
66,LRU,0.22412109375
67,LRU,0.22932942708333334
68,LRU,0.20442708333333334
69,LRU,0.20491536458333334
70,LRU,0.19856770833333334
71,LRU,0.2516276041666667
72,LRU,0.22102864583333334
73,LRU,0.21549479166666666
74,LRU,0.21858723958333334
75,LRU,0.2509765625
76,LRU,0.20849609375
77,LRU,0.20703125
78,LRU,0.20328776041666666
79,LRU,0.24625651041666666
80,LRU,0.22867838541666666
81,LRU,0.20572916666666666
82,LRU,0.20882161458333334
83,LRU,0.26025390625
84,LRU,0.23583984375
85,LRU,0.22428385416666666
86,LRU,0.22916666666666666
87,LRU,0.2568359375
88,LRU,0.22802734375
89,LRU,0.22867838541666666
90,LRU,0.2158203125
91,LRU,0.23177083333333334
92,LRU,0.21207682291666666
93,LRU,0.20100911458333334
94,LRU,0.20703125
95,LRU,0.22981770833333334
96,LRU,0.2109375
97,LRU,0.20442708333333334
98,LRU,0.19645182291666666
99,LRU,0.24609375
100,LRU,0.22412109375
101,LRU,0.21028645833333334
102,LRU,0.21956380208333334
103,LRU,0.2392578125
104,LRU,0.21223958333333334
105,LRU,0.20654296875
106,LRU,0.2041015625
107,LRU,0.234375
108,LRU,0.21223958333333334
109,LRU,0.21809895833333334
110,LRU,0.20849609375
111,LRU,0.2692057291666667
112,LRU,0.24348958333333334
113,LRU,0.24088541666666666
114,LRU,0.23388671875
115,LRU,0.24267578125
116,LRU,0.21630859375
117,LRU,0.205078125
118,LRU,0.2119140625
119,LRU,0.24560546875
120,LRU,0.21956380208333334
121,LRU,0.21354166666666666
122,LRU,0.20865885416666666
123,LRU,0.23291015625
124,LRU,0.20100911458333334
125,LRU,0.19596354166666666
126,LRU,0.20149739583333334
127,LRU,0.24462890625
128,LRU,0.2216796875
129,LRU,0.21598307291666666
130,LRU,0.21126302083333334
131,LRU,0.23551432291666666
132,LRU,0.21110026041666666
133,LRU,0.20703125
134,LRU,0.20849609375
135,LRU,0.24267578125
136,LRU,0.19889322916666666
137,LRU,0.18701171875
138,LRU,0.19645182291666666
139,LRU,0.22802734375
140,LRU,0.20247395833333334
141,LRU,0.19482421875
142,LRU,0.20703125
143,LRU,0.24934895833333334
144,LRU,0.216796875
145,LRU,0.21663411458333334
146,LRU,0.21272786458333334
147,LRU,0.23828125
148,LRU,0.20589192708333334
149,LRU,0.21110026041666666
150,LRU,0.20458984375
151,LRU,0.26806640625
152,LRU,0.23779296875
153,LRU,0.22639973958333334
154,LRU,0.20719401041666666
155,LRU,0.23551432291666666
156,LRU,0.21809895833333334
157,LRU,0.21468098958333334
158,LRU,0.1962890625
159,LRU,0.251953125
160,LRU,0.21321614583333334
161,LRU,0.19807942708333334
162,LRU,0.20231119791666666
163,LRU,0.23583984375
164,LRU,0.20947265625
165,LRU,0.2177734375
166,LRU,0.21516927083333334
167,LRU,0.22542317708333334
168,LRU,0.20817057291666666
169,LRU,0.20231119791666666
170,LRU,0.20930989583333334
171,LRU,0.24983723958333334
172,LRU,0.21956380208333334
173,LRU,0.21175130208333334
174,LRU,0.21256510416666666
175,LRU,0.23291015625
176,LRU,0.20458984375
177,LRU,0.20768229166666666
178,LRU,0.2060546875
179,LRU,0.22998046875
180,LRU,0.20751953125
181,LRU,0.20589192708333334
182,LRU,0.19791666666666666
183,LRU,0.23111979166666666
184,LRU,0.19156901041666666
185,LRU,0.19580078125
186,LRU,0.19710286458333334
187,LRU,0.23307291666666666
188,LRU,0.20914713541666666
189,LRU,0.19938151041666666
190,LRU,0.1884765625
191,LRU,0.22054036458333334
192,LRU,0.20328776041666666
193,LRU,0.20263671875
194,LRU,0.21158854166666666
195,LRU,0.22477213541666666
196,LRU,0.19645182291666666
197,LRU,0.1953125
198,LRU,0.19547526041666666
199,LRU,0.22086588541666666
200,LRU,0.18489583333333334
201,LRU,0.18636067708333334
202,LRU,0.18668619791666666
203,LRU,0.20589192708333334
204,LRU,0.18603515625
205,LRU,0.17887369791666666
206,LRU,0.181640625
207,LRU,0.22802734375
208,LRU,0.19514973958333334
209,LRU,0.19189453125
210,LRU,0.19596354166666666
211,LRU,0.23942057291666666
212,LRU,0.22021484375
213,LRU,0.20979817708333334
214,LRU,0.20296223958333334
215,LRU,0.2552083333333333
216,LRU,0.2060546875
217,LRU,0.2109375
218,LRU,0.20149739583333334
219,LRU,0.23128255208333334
220,LRU,0.21175130208333334
221,LRU,0.20475260416666666
222,LRU,0.20231119791666666
223,LRU,0.2216796875
224,LRU,0.19954427083333334
225,LRU,0.1962890625
226,LRU,0.19759114583333334
227,LRU,0.23583984375
228,LRU,0.19856770833333334
229,LRU,0.20686848958333334
230,LRU,0.1962890625
231,LRU,0.23909505208333334
232,LRU,0.21305338541666666
233,LRU,0.20084635416666666
234,LRU,0.20572916666666666
235,LRU,0.22119140625
236,LRU,0.18798828125
237,LRU,0.19384765625
238,LRU,0.18603515625
239,LRU,0.23958333333333334
240,LRU,0.20703125
241,LRU,0.205078125
242,LRU,0.20670572916666666
243,LRU,0.2392578125
244,LRU,0.21061197916666666
245,LRU,0.19873046875
246,LRU,0.21223958333333334
247,LRU,0.24137369791666666
248,LRU,0.21044921875
249,LRU,0.20035807291666666
250,LRU,0.20475260416666666
251,LRU,0.22786458333333334
252,LRU,0.2080078125
253,LRU,0.21077473958333334
254,LRU,0.20784505208333334
255,LRU,0.23258463541666666
256,LRU,0.19580078125
257,LRU,0.1923828125
258,LRU,0.20621744791666666
259,LRU,0.24332682291666666
260,LRU,0.21647135416666666
261,LRU,0.20833333333333334
262,LRU,0.20100911458333334
263,LRU,0.24169921875
264,LRU,0.21451822916666666
265,LRU,0.21142578125
266,LRU,0.21110026041666666
267,LRU,0.2545572916666667
268,LRU,0.21142578125
269,LRU,0.21142578125
270,LRU,0.20279947916666666
271,LRU,0.22428385416666666
272,LRU,0.18977864583333334
273,LRU,0.18798828125
274,LRU,0.18668619791666666
275,LRU,0.22102864583333334
276,LRU,0.19449869791666666
277,LRU,0.189453125
278,LRU,0.19368489583333334
279,LRU,0.22249348958333334
280,LRU,0.18489583333333334
281,LRU,0.18668619791666666
282,LRU,0.1962890625
283,LRU,0.23893229166666666
284,LRU,0.19580078125
285,LRU,0.21126302083333334
286,LRU,0.19742838541666666
287,LRU,0.216796875
288,LRU,0.19759114583333334
289,LRU,0.189453125
290,LRU,0.19091796875
291,LRU,0.23746744791666666
292,LRU,0.19547526041666666
293,LRU,0.19677734375
294,LRU,0.19173177083333334
295,LRU,0.220703125
296,LRU,0.1884765625
297,LRU,0.18587239583333334
298,LRU,0.18115234375
299,LRU,0.21663411458333334
300,LRU,0.19254557291666666
301,LRU,0.20296223958333334
302,LRU,0.19873046875
303,LRU,0.23323567708333334
304,LRU,0.2080078125
305,LRU,0.20572916666666666
306,LRU,0.20475260416666666
307,LRU,0.2633463541666667
308,LRU,0.21940104166666666
309,LRU,0.21663411458333334
310,LRU,0.208984375
311,LRU,0.251953125
312,LRU,0.21858723958333334
313,LRU,0.21435546875
314,LRU,0.22509765625
315,LRU,0.2255859375
316,LRU,0.20084635416666666
317,LRU,0.19873046875
318,LRU,0.197265625
319,LRU,0.21549479166666666
320,LRU,0.19466145833333334
321,LRU,0.18310546875
322,LRU,0.17464192708333334
323,LRU,0.22233072916666666
324,LRU,0.19856770833333334
325,LRU,0.19840494791666666
326,LRU,0.20458984375
327,LRU,0.22444661458333334
328,LRU,0.19173177083333334
329,LRU,0.19612630208333334
330,LRU,0.19759114583333334
331,LRU,0.24495442708333334
332,LRU,0.20930989583333334
333,LRU,0.21370442708333334
334,LRU,0.21533203125
335,LRU,0.23567708333333334
336,LRU,0.21354166666666666
337,LRU,0.21614583333333334
338,LRU,0.20491536458333334
339,LRU,0.23372395833333334
340,LRU,0.21337890625
341,LRU,0.20084635416666666
342,LRU,0.20589192708333334
343,LRU,0.23063151041666666
344,LRU,0.19401041666666666
345,LRU,0.20638020833333334
346,LRU,0.19563802083333334
347,LRU,0.24300130208333334
348,LRU,0.20735677083333334
349,LRU,0.2109375
350,LRU,0.19840494791666666
351,LRU,0.2158203125
352,LRU,0.19352213541666666
353,LRU,0.18994140625
354,LRU,0.18603515625
355,LRU,0.24267578125
356,LRU,0.21207682291666666
357,LRU,0.20833333333333334
358,LRU,0.20035807291666666
359,LRU,0.24348958333333334
360,LRU,0.21012369791666666
361,LRU,0.20296223958333334
362,LRU,0.20686848958333334
363,LRU,0.2535807291666667
364,LRU,0.22412109375
365,LRU,0.20458984375
366,LRU,0.20589192708333334
367,LRU,0.21321614583333334
368,LRU,0.2001953125
369,LRU,0.1943359375
370,LRU,0.19010416666666666
371,LRU,0.24430338541666666
372,LRU,0.22233072916666666
373,LRU,0.22428385416666666
374,LRU,0.220703125
375,LRU,0.23828125
376,LRU,0.20442708333333334
377,LRU,0.20345052083333334
378,LRU,0.20361328125
379,LRU,0.24723307291666666
380,LRU,0.228515625
381,LRU,0.20833333333333334
382,LRU,0.20052083333333334
383,LRU,0.22542317708333334
384,LRU,0.1962890625
385,LRU,0.19205729166666666
386,LRU,0.18668619791666666
387,LRU,0.23795572916666666
388,LRU,0.20328776041666666
389,LRU,0.1953125
390,LRU,0.19563802083333334
391,LRU,0.22721354166666666
392,LRU,0.1982421875
393,LRU,0.19905598958333334
394,LRU,0.19873046875
395,LRU,0.22249348958333334
396,LRU,0.20279947916666666
397,LRU,0.19694010416666666
398,LRU,0.1865234375
399,LRU,0.2552083333333333
400,LRU,0.20621744791666666
401,LRU,0.19742838541666666
402,LRU,0.20947265625
403,LRU,0.2545572916666667
404,LRU,0.21875
405,LRU,0.2177734375
406,LRU,0.2080078125
407,LRU,0.22184244791666666
408,LRU,0.20068359375
409,LRU,0.20914713541666666
410,LRU,0.20263671875
411,LRU,0.23681640625
412,LRU,0.20572916666666666
413,LRU,0.19742838541666666
414,LRU,0.19775390625
415,LRU,0.22981770833333334
416,LRU,0.19791666666666666
417,LRU,0.19482421875
418,LRU,0.2001953125
419,LRU,0.23453776041666666
420,LRU,0.20914713541666666
421,LRU,0.20458984375
422,LRU,0.20345052083333334
423,LRU,0.24348958333333334
424,LRU,0.19775390625
425,LRU,0.19401041666666666
426,LRU,0.19840494791666666
427,LRU,0.23665364583333334
428,LRU,0.21468098958333334
429,LRU,0.19694010416666666
430,LRU,0.19954427083333334
431,LRU,0.23779296875
432,LRU,0.20703125
433,LRU,0.20703125
434,LRU,0.21549479166666666
435,LRU,0.23258463541666666
436,LRU,0.20817057291666666
437,LRU,0.20263671875
438,LRU,0.20524088541666666
439,LRU,0.22835286458333334
440,LRU,0.19694010416666666
441,LRU,0.20003255208333334
442,LRU,0.20719401041666666
443,LRU,0.23470052083333334
444,LRU,0.2080078125
445,LRU,0.21402994791666666
446,LRU,0.20589192708333334
447,LRU,0.22184244791666666
448,LRU,0.1923828125
449,LRU,0.18863932291666666
450,LRU,0.193359375
451,LRU,0.24104817708333334
452,LRU,0.21337890625
453,LRU,0.19840494791666666
454,LRU,0.19742838541666666
455,LRU,0.22347005208333334
456,LRU,0.1982421875
457,LRU,0.20296223958333334
458,LRU,0.19694010416666666
459,LRU,0.2373046875
460,LRU,0.2060546875
461,LRU,0.2080078125
462,LRU,0.20475260416666666
463,LRU,0.24104817708333334
464,LRU,0.20979817708333334
465,LRU,0.20361328125
466,LRU,0.2080078125
467,LRU,0.21956380208333334
468,LRU,0.18473307291666666
469,LRU,0.19986979166666666
470,LRU,0.205078125
471,LRU,0.22688802083333334
472,LRU,0.20100911458333334
473,LRU,0.20589192708333334
474,LRU,0.20556640625
475,LRU,0.23518880208333334
476,LRU,0.212890625
477,LRU,0.20979817708333334
478,LRU,0.205078125
479,LRU,0.244140625
480,LRU,0.20914713541666666
481,LRU,0.21793619791666666
482,LRU,0.20930989583333334
483,LRU,0.23942057291666666
484,LRU,0.20231119791666666
485,LRU,0.19514973958333334
486,LRU,0.19368489583333334
487,LRU,0.21988932291666666
488,LRU,0.201171875
489,LRU,0.19417317708333334
490,LRU,0.19661458333333334
491,LRU,0.23616536458333334
492,LRU,0.20930989583333334
493,LRU,0.21240234375
494,LRU,0.20979817708333334
495,LRU,0.2314453125
496,LRU,0.19580078125
497,LRU,0.185546875
498,LRU,0.19514973958333334
499,LRU,0.22526041666666666
500,LRU,0.19563802083333334
501,LRU,0.20100911458333334
502,LRU,0.19108072916666666
503,LRU,0.2412109375
504,LRU,0.19254557291666666
505,LRU,0.19970703125
506,LRU,0.20068359375
507,LRU,0.23893229166666666
508,LRU,0.20540364583333334
509,LRU,0.2001953125
510,LRU,0.20035807291666666
511,LRU,0.23372395833333334
512,LRU,0.19873046875
513,LRU,0.208984375
514,LRU,0.20084635416666666
515,LRU,0.24283854166666666
516,LRU,0.20882161458333334
517,LRU,0.19498697916666666
518,LRU,0.20052083333333334
519,LRU,0.21842447916666666
520,LRU,0.19938151041666666
521,LRU,0.19140625
522,LRU,0.19563802083333334
523,LRU,0.22574869791666666
524,LRU,0.20198567708333334
525,LRU,0.19759114583333334
526,LRU,0.20182291666666666
527,LRU,0.23177083333333334
528,LRU,0.20068359375
529,LRU,0.20930989583333334
530,LRU,0.19401041666666666
531,LRU,0.2431640625
532,LRU,0.21663411458333334
533,LRU,0.20068359375
534,LRU,0.20442708333333334
535,LRU,0.248046875
536,LRU,0.21744791666666666
537,LRU,0.21435546875
538,LRU,0.21028645833333334
539,LRU,0.24772135416666666
540,LRU,0.21923828125
541,LRU,0.20377604166666666
542,LRU,0.20377604166666666
543,LRU,0.2522786458333333
544,LRU,0.22151692708333334
545,LRU,0.22216796875
546,LRU,0.21923828125
547,LRU,0.2527669270833333
548,LRU,0.22021484375
549,LRU,0.21988932291666666
550,LRU,0.2138671875
551,LRU,0.24462890625
552,LRU,0.20768229166666666
553,LRU,0.19498697916666666
554,LRU,0.20149739583333334
555,LRU,0.2594401041666667
556,LRU,0.22607421875
557,LRU,0.22998046875
558,LRU,0.22916666666666666
559,LRU,0.244140625
560,LRU,0.21402994791666666
561,LRU,0.21077473958333334
562,LRU,0.21272786458333334
563,LRU,0.23990885416666666
564,LRU,0.21614583333333334
565,LRU,0.20963541666666666
566,LRU,0.20084635416666666
567,LRU,0.23665364583333334
568,LRU,0.20947265625
569,LRU,0.20442708333333334
570,LRU,0.20345052083333334
571,LRU,0.24576822916666666
572,LRU,0.2099609375
573,LRU,0.21305338541666666
574,LRU,0.20638020833333334
575,LRU,0.23746744791666666
576,LRU,0.22574869791666666
577,LRU,0.21305338541666666
578,LRU,0.20751953125
579,LRU,0.24951171875
580,LRU,0.21728515625
581,LRU,0.21207682291666666
582,LRU,0.22379557291666666
583,LRU,0.23942057291666666
584,LRU,0.21988932291666666
585,LRU,0.21370442708333334
586,LRU,0.20670572916666666
587,LRU,0.23095703125
588,LRU,0.21891276041666666
589,LRU,0.21175130208333334
590,LRU,0.21875
591,LRU,0.24251302083333334
592,LRU,0.21175130208333334
593,LRU,0.21321614583333334
594,LRU,0.203125
595,LRU,0.24104817708333334
596,LRU,0.21907552083333334
597,LRU,0.21744791666666666
598,LRU,0.216796875
599,LRU,0.2652994791666667
600,LRU,0.22249348958333334
601,LRU,0.22379557291666666
602,LRU,0.22509765625
603,LRU,0.24462890625
604,LRU,0.21240234375
605,LRU,0.2080078125
606,LRU,0.22151692708333334
607,LRU,0.23160807291666666
608,LRU,0.20068359375
609,LRU,0.197265625
610,LRU,0.19856770833333334
611,LRU,0.2726236979166667
612,LRU,0.23779296875
613,LRU,0.23518880208333334
614,LRU,0.23795572916666666
615,LRU,0.2547200520833333
616,LRU,0.21712239583333334
617,LRU,0.21614583333333334
618,LRU,0.22672526041666666
619,LRU,0.24283854166666666
620,LRU,0.21419270833333334
621,LRU,0.21712239583333334
622,LRU,0.20458984375
623,LRU,0.2513020833333333
624,LRU,0.21598307291666666
625,LRU,0.21305338541666666
626,LRU,0.21826171875
627,LRU,0.23470052083333334
628,LRU,0.21077473958333334
629,LRU,0.2080078125
630,LRU,0.21402994791666666
631,LRU,0.23942057291666666
632,LRU,0.20475260416666666
633,LRU,0.20589192708333334
634,LRU,0.20670572916666666
635,LRU,0.23518880208333334
636,LRU,0.22086588541666666
637,LRU,0.20572916666666666
638,LRU,0.21012369791666666
639,LRU,0.22330729166666666
640,LRU,0.20361328125
641,LRU,0.21061197916666666
642,LRU,0.21012369791666666
643,LRU,0.2556966145833333
644,LRU,0.22005208333333334
645,LRU,0.21061197916666666
646,LRU,0.20703125
647,LRU,0.23356119791666666
648,LRU,0.20524088541666666
649,LRU,0.21337890625
650,LRU,0.212890625
651,LRU,0.24934895833333334
652,LRU,0.21077473958333334
653,LRU,0.20882161458333334
654,LRU,0.20638020833333334
655,LRU,0.24104817708333334
656,LRU,0.21044921875
657,LRU,0.19986979166666666
658,LRU,0.19954427083333334
659,LRU,0.22835286458333334
660,LRU,0.20621744791666666
661,LRU,0.21565755208333334
662,LRU,0.2060546875
663,LRU,0.24918619791666666
664,LRU,0.20426432291666666
665,LRU,0.19840494791666666
666,LRU,0.21240234375
667,LRU,0.24641927083333334
668,LRU,0.22021484375
669,LRU,0.21940104166666666
670,LRU,0.21793619791666666
671,LRU,0.2638346354166667
672,LRU,0.22965494791666666
673,LRU,0.22867838541666666
674,LRU,0.21988932291666666
675,LRU,0.24690755208333334
676,LRU,0.20947265625
677,LRU,0.22005208333333334
678,LRU,0.21988932291666666
679,LRU,0.2542317708333333
680,LRU,0.22412109375
681,LRU,0.22005208333333334
682,LRU,0.21305338541666666
683,LRU,0.25146484375
684,LRU,0.22151692708333334
685,LRU,0.20621744791666666
686,LRU,0.21744791666666666
687,LRU,0.2537434895833333
688,LRU,0.22526041666666666
689,LRU,0.22444661458333334
690,LRU,0.220703125
691,LRU,0.2610677083333333
692,LRU,0.22721354166666666
693,LRU,0.216796875
694,LRU,0.21891276041666666
695,LRU,0.23274739583333334
696,LRU,0.21793619791666666
697,LRU,0.216796875
698,LRU,0.21337890625
699,LRU,0.24641927083333334
700,LRU,0.21826171875
701,LRU,0.21647135416666666
702,LRU,0.22054036458333334
703,LRU,0.2412109375
704,LRU,0.21337890625
705,LRU,0.21565755208333334
706,LRU,0.21419270833333334
707,LRU,0.23518880208333334
708,LRU,0.21354166666666666
709,LRU,0.20784505208333334
710,LRU,0.20068359375
711,LRU,0.2591145833333333
712,LRU,0.236328125
713,LRU,0.21565755208333334
714,LRU,0.21223958333333334
715,LRU,0.2503255208333333
716,LRU,0.22005208333333334
717,LRU,0.20979817708333334
718,LRU,0.21630859375
719,LRU,0.24544270833333334
720,LRU,0.22200520833333334
721,LRU,0.22509765625
722,LRU,0.23063151041666666
723,LRU,0.2635091145833333
724,LRU,0.23030598958333334
725,LRU,0.23095703125
726,LRU,0.2236328125
727,LRU,0.24658203125
728,LRU,0.22265625
729,LRU,0.23030598958333334
730,LRU,0.20882161458333334
731,LRU,0.23893229166666666
732,LRU,0.21044921875
733,LRU,0.22119140625
734,LRU,0.21354166666666666
735,LRU,0.2509765625
736,LRU,0.21712239583333334
737,LRU,0.22688802083333334
738,LRU,0.21842447916666666
739,LRU,0.2537434895833333
740,LRU,0.22298177083333334
741,LRU,0.22639973958333334
742,LRU,0.22135416666666666
743,LRU,0.25048828125
744,LRU,0.22233072916666666
745,LRU,0.22639973958333334
746,LRU,0.22444661458333334
747,LRU,0.2517903645833333
748,LRU,0.22802734375
749,LRU,0.21207682291666666
750,LRU,0.20751953125
751,LRU,0.2392578125
752,LRU,0.208984375
753,LRU,0.20963541666666666
754,LRU,0.20670572916666666
755,LRU,0.2521158854166667
756,LRU,0.22477213541666666
757,LRU,0.21907552083333334
758,LRU,0.216796875
759,LRU,0.25439453125
760,LRU,0.2216796875
761,LRU,0.21061197916666666
762,LRU,0.21484375
763,LRU,0.2522786458333333
764,LRU,0.21044921875
765,LRU,0.22249348958333334
766,LRU,0.22574869791666666
767,LRU,0.24934895833333334
768,LRU,0.20654296875
769,LRU,0.20833333333333334
770,LRU,0.21077473958333334
771,LRU,0.23551432291666666
772,LRU,0.21923828125
773,LRU,0.22102864583333334
774,LRU,0.21565755208333334
775,LRU,0.2421875
776,LRU,0.20686848958333334
777,LRU,0.20003255208333334
778,LRU,0.19449869791666666
779,LRU,0.2314453125
780,LRU,0.21647135416666666
781,LRU,0.2197265625
782,LRU,0.20914713541666666
783,LRU,0.2596028645833333
784,LRU,0.22021484375
785,LRU,0.22379557291666666
786,LRU,0.23697916666666666
787,LRU,0.2639973958333333
788,LRU,0.23225911458333334
789,LRU,0.22265625
790,LRU,0.21468098958333334
791,LRU,0.23958333333333334
792,LRU,0.21907552083333334
793,LRU,0.22005208333333334
794,LRU,0.21223958333333334
795,LRU,0.24348958333333334
796,LRU,0.20930989583333334
797,LRU,0.20166015625
798,LRU,0.21142578125
799,LRU,0.24674479166666666
800,LRU,0.21647135416666666
801,LRU,0.21207682291666666
802,LRU,0.20491536458333334
803,LRU,0.2373046875
804,LRU,0.2041015625
805,LRU,0.20263671875
806,LRU,0.20393880208333334
807,LRU,0.23990885416666666
808,LRU,0.21370442708333334
809,LRU,0.212890625
810,LRU,0.2080078125
811,LRU,0.24772135416666666
812,LRU,0.21761067708333334
813,LRU,0.2138671875
814,LRU,0.2197265625
815,LRU,0.24690755208333334
816,LRU,0.22200520833333334
817,LRU,0.22526041666666666
818,LRU,0.21142578125
819,LRU,0.25341796875
820,LRU,0.22314453125
821,LRU,0.20670572916666666
822,LRU,0.20491536458333334
823,LRU,0.24641927083333334
824,LRU,0.22265625
825,LRU,0.21533203125
826,LRU,0.2109375
827,LRU,0.23958333333333334
828,LRU,0.22998046875
829,LRU,0.22379557291666666
830,LRU,0.220703125
831,LRU,0.2581380208333333
832,LRU,0.22509765625
833,LRU,0.23372395833333334
834,LRU,0.22395833333333334
835,LRU,0.2584635416666667
836,LRU,0.22542317708333334
837,LRU,0.22135416666666666
838,LRU,0.21500651041666666
839,LRU,0.2537434895833333
840,LRU,0.21598307291666666
841,LRU,0.21110026041666666
842,LRU,0.21614583333333334
843,LRU,0.24560546875
844,LRU,0.216796875
845,LRU,0.2060546875
846,LRU,0.21126302083333334
847,LRU,0.24820963541666666
848,LRU,0.21533203125
849,LRU,0.21126302083333334
850,LRU,0.20638020833333334
851,LRU,0.2657877604166667
852,LRU,0.2431640625
853,LRU,0.23470052083333334
854,LRU,0.23649088541666666
855,LRU,0.2508138020833333
856,LRU,0.220703125
857,LRU,0.21419270833333334
858,LRU,0.21500651041666666
859,LRU,0.2609049479166667
860,LRU,0.22330729166666666
861,LRU,0.21305338541666666
862,LRU,0.22005208333333334
863,LRU,0.2552083333333333
864,LRU,0.22477213541666666
865,LRU,0.22314453125
866,LRU,0.22493489583333334
867,LRU,0.23779296875
868,LRU,0.21647135416666666
869,LRU,0.20393880208333334
870,LRU,0.21044921875
871,LRU,0.24674479166666666
872,LRU,0.21305338541666666
873,LRU,0.2275390625
874,LRU,0.21402994791666666
875,LRU,0.2556966145833333
876,LRU,0.23209635416666666
877,LRU,0.22412109375
878,LRU,0.23193359375
879,LRU,0.28515625
880,LRU,0.23063151041666666
881,LRU,0.228515625
882,LRU,0.24658203125
883,LRU,0.2762044270833333
884,LRU,0.24967447916666666
885,LRU,0.23404947916666666
886,LRU,0.23225911458333334
887,LRU,0.2610677083333333
888,LRU,0.21451822916666666
889,LRU,0.22444661458333334
890,LRU,0.20930989583333334
891,LRU,0.259765625
892,LRU,0.21907552083333334
893,LRU,0.22900390625
894,LRU,0.22542317708333334
895,LRU,0.24983723958333334
896,LRU,0.2197265625
897,LRU,0.21695963541666666
898,LRU,0.21744791666666666
899,LRU,0.2766927083333333
900,LRU,0.24348958333333334
901,LRU,0.24088541666666666
902,LRU,0.23714192708333334
903,LRU,0.2882486979166667
904,LRU,0.23763020833333334
905,LRU,0.22591145833333334
906,LRU,0.23958333333333334
907,LRU,0.2618815104166667
908,LRU,0.22835286458333334
909,LRU,0.23111979166666666
910,LRU,0.22281901041666666
911,LRU,0.2718098958333333
912,LRU,0.23128255208333334
913,LRU,0.23974609375
914,LRU,0.23697916666666666
915,LRU,0.2556966145833333
916,LRU,0.23095703125
917,LRU,0.21907552083333334
918,LRU,0.21891276041666666
919,LRU,0.24104817708333334
920,LRU,0.21826171875
921,LRU,0.20768229166666666
922,LRU,0.21533203125
923,LRU,0.24674479166666666
924,LRU,0.21809895833333334
925,LRU,0.20458984375
926,LRU,0.197265625
927,LRU,0.24576822916666666
928,LRU,0.203125
929,LRU,0.21468098958333334
930,LRU,0.21028645833333334
931,LRU,0.2586263020833333
932,LRU,0.22591145833333334
933,LRU,0.21451822916666666
934,LRU,0.22037760416666666
935,LRU,0.23942057291666666
936,LRU,0.22688802083333334
937,LRU,0.21826171875
938,LRU,0.22216796875
939,LRU,0.2683919270833333
940,LRU,0.23372395833333334
941,LRU,0.2255859375
942,LRU,0.23095703125
943,LRU,0.2547200520833333
944,LRU,0.21891276041666666
945,LRU,0.21549479166666666
946,LRU,0.20491536458333334
947,LRU,0.23697916666666666
948,LRU,0.20198567708333334
949,LRU,0.20166015625
950,LRU,0.19498697916666666
951,LRU,0.24153645833333334
952,LRU,0.22119140625
953,LRU,0.20345052083333334
954,LRU,0.20572916666666666
955,LRU,0.23779296875
956,LRU,0.21695963541666666
957,LRU,0.21305338541666666
958,LRU,0.21875
959,LRU,0.24186197916666666
960,LRU,0.21549479166666666
961,LRU,0.20491536458333334
962,LRU,0.21663411458333334
963,LRU,0.2503255208333333
964,LRU,0.21663411458333334
965,LRU,0.21158854166666666
966,LRU,0.21305338541666666
967,LRU,0.2555338541666667
968,LRU,0.21793619791666666
969,LRU,0.22721354166666666
970,LRU,0.20979817708333334
971,LRU,0.2490234375
972,LRU,0.21028645833333334
973,LRU,0.21435546875
974,LRU,0.21598307291666666
975,LRU,0.2353515625
976,LRU,0.20052083333333334
977,LRU,0.2080078125
978,LRU,0.21175130208333334
979,LRU,0.2566731770833333
980,LRU,0.20279947916666666
981,LRU,0.21891276041666666
982,LRU,0.21858723958333334
983,LRU,0.2537434895833333
984,LRU,0.21858723958333334
985,LRU,0.2255859375
986,LRU,0.22330729166666666
987,LRU,0.263671875
988,LRU,0.22688802083333334
989,LRU,0.21272786458333334
990,LRU,0.21761067708333334
991,LRU,0.2639973958333333
992,LRU,0.21565755208333334
993,LRU,0.21223958333333334
994,LRU,0.21175130208333334
995,LRU,0.2609049479166667
996,LRU,0.24186197916666666
997,LRU,0.22835286458333334
998,LRU,0.22688802083333334
999,LRU,0.24690755208333334
1000,LRU,0.20768229166666666
1001,LRU,0.20084635416666666
1002,LRU,0.20345052083333334
1003,LRU,0.24820963541666666
1004,LRU,0.21305338541666666
1005,LRU,0.21875
1006,LRU,0.22591145833333334
1007,LRU,0.251953125
1008,LRU,0.21647135416666666
1009,LRU,0.21826171875
1010,LRU,0.21468098958333334
1011,LRU,0.2618815104166667
1012,LRU,0.2333984375
1013,LRU,0.2265625
1014,LRU,0.23095703125
1015,LRU,0.24934895833333334
1016,LRU,0.22526041666666666
1017,LRU,0.22721354166666666
1018,LRU,0.23128255208333334
1019,LRU,0.2561848958333333
1020,LRU,0.22737630208333334
1021,LRU,0.21728515625
1022,LRU,0.22005208333333334
1023,LRU,0.25244140625
3,LFU,0.3103841145833333
4,LFU,0.2921549479166667
5,LFU,0.28515625
6,LFU,0.2802734375
7,LFU,0.3009440104166667
8,LFU,0.2936197916666667
9,LFU,0.2701822916666667
10,LFU,0.2688802083333333
11,LFU,0.3103841145833333
12,LFU,0.2972005208333333
13,LFU,0.2874348958333333
14,LFU,0.2887369791666667
15,LFU,0.31640625
16,LFU,0.30126953125
17,LFU,0.2872721354166667
18,LFU,0.2727864583333333
19,LFU,0.3221028645833333
20,LFU,0.2861328125
21,LFU,0.2853190104166667
22,LFU,0.3009440104166667
23,LFU,0.2897135416666667
24,LFU,0.2744140625
25,LFU,0.2635091145833333
26,LFU,0.2662760416666667
27,LFU,0.3128255208333333
28,LFU,0.2828776041666667
29,LFU,0.2903645833333333
30,LFU,0.291015625
31,LFU,0.28857421875
32,LFU,0.2672526041666667
33,LFU,0.2867838541666667
34,LFU,0.2762044270833333
35,LFU,0.30810546875
36,LFU,0.2840169270833333
37,LFU,0.2705078125
38,LFU,0.2841796875
39,LFU,0.3141276041666667
40,LFU,0.29296875
41,LFU,0.29541015625
42,LFU,0.3045247395833333
43,LFU,0.38720703125
44,LFU,0.3567708333333333
45,LFU,0.36767578125
46,LFU,0.3426106770833333
47,LFU,0.3494466145833333
48,LFU,0.3318684895833333
49,LFU,0.32861328125
50,LFU,0.2991536458333333
51,LFU,0.3465169270833333
52,LFU,0.3460286458333333
53,LFU,0.33984375
54,LFU,0.3201497395833333
55,LFU,0.3219401041666667
56,LFU,0.2986653645833333
57,LFU,0.2923177083333333
58,LFU,0.28369140625
59,LFU,0.31005859375
60,LFU,0.2989908854166667
61,LFU,0.28759765625
62,LFU,0.27197265625
63,LFU,0.3232421875
64,LFU,0.2911783854166667
65,LFU,0.29052734375
66,LFU,0.2985026041666667
67,LFU,0.3074544270833333
68,LFU,0.28076171875
69,LFU,0.2838541666666667
70,LFU,0.2809244791666667
71,LFU,0.3167317708333333
72,LFU,0.2967122395833333
73,LFU,0.2919921875
74,LFU,0.2981770833333333
75,LFU,0.3302408854166667
76,LFU,0.2830403645833333
77,LFU,0.291015625
78,LFU,0.2757161458333333
79,LFU,0.3076171875
80,LFU,0.2854817708333333
81,LFU,0.2705078125
82,LFU,0.2646484375
83,LFU,0.31298828125
84,LFU,0.294921875
85,LFU,0.2932942708333333
86,LFU,0.2838541666666667
87,LFU,0.3336588541666667
88,LFU,0.3103841145833333
89,LFU,0.3089192708333333
90,LFU,0.2877604166666667
91,LFU,0.3125
92,LFU,0.2952473958333333
93,LFU,0.2830403645833333
94,LFU,0.2981770833333333
95,LFU,0.31005859375
96,LFU,0.3087565104166667
97,LFU,0.3048502604166667
98,LFU,0.3040364583333333
99,LFU,0.3162434895833333
100,LFU,0.3009440104166667
101,LFU,0.28857421875
102,LFU,0.2945963541666667
103,LFU,0.3014322916666667
104,LFU,0.28271484375
105,LFU,0.2762044270833333
106,LFU,0.28515625
107,LFU,0.3084309895833333
108,LFU,0.33984375
109,LFU,0.3400065104166667
110,LFU,0.3142903645833333
111,LFU,0.3369140625
112,LFU,0.3221028645833333
113,LFU,0.3131510416666667
114,LFU,0.2887369791666667
115,LFU,0.3186848958333333
116,LFU,0.2981770833333333
117,LFU,0.29052734375
118,LFU,0.29541015625
119,LFU,0.31103515625
120,LFU,0.28173828125
121,LFU,0.2724609375
122,LFU,0.2838541666666667
123,LFU,0.2887369791666667
124,LFU,0.24951171875
125,LFU,0.2721354166666667
126,LFU,0.2801106770833333
127,LFU,0.3038736979166667
128,LFU,0.2872721354166667
129,LFU,0.2888997395833333
130,LFU,0.2903645833333333
131,LFU,0.3038736979166667
132,LFU,0.2843424479166667
133,LFU,0.2814127604166667
134,LFU,0.27490234375
135,LFU,0.3142903645833333
136,LFU,0.2861328125
137,LFU,0.2736002604166667
138,LFU,0.2898763020833333
139,LFU,0.2967122395833333
140,LFU,0.27099609375
141,LFU,0.2745768229166667
142,LFU,0.2918294270833333
143,LFU,0.3212890625
144,LFU,0.2859700520833333
145,LFU,0.2902018229166667
146,LFU,0.2775065104166667
147,LFU,0.3131510416666667
148,LFU,0.2998046875
149,LFU,0.29296875
150,LFU,0.2879231770833333
151,LFU,0.3341471354166667
152,LFU,0.3134765625
153,LFU,0.2991536458333333
154,LFU,0.2766927083333333
155,LFU,0.2970377604166667
156,LFU,0.2911783854166667
157,LFU,0.2975260416666667
158,LFU,0.2854817708333333
159,LFU,0.3273111979166667
160,LFU,0.3019205729166667
161,LFU,0.28955078125
162,LFU,0.2958984375
163,LFU,0.2918294270833333
164,LFU,0.2854817708333333
165,LFU,0.2903645833333333
166,LFU,0.2858072916666667
167,LFU,0.29052734375
168,LFU,0.2916666666666667
169,LFU,0.28076171875
170,LFU,0.2672526041666667
171,LFU,0.3125
172,LFU,0.29345703125
173,LFU,0.2858072916666667
174,LFU,0.29296875
175,LFU,0.30126953125
176,LFU,0.29150390625
177,LFU,0.2939453125
178,LFU,0.2781575520833333
179,LFU,0.2862955729166667
180,LFU,0.2841796875
181,LFU,0.2880859375
182,LFU,0.27294921875
183,LFU,0.2918294270833333
184,LFU,0.2646484375
185,LFU,0.2701822916666667
186,LFU,0.2810872395833333
187,LFU,0.2970377604166667
188,LFU,0.2890625
189,LFU,0.28271484375
190,LFU,0.26904296875
191,LFU,0.2960611979166667
192,LFU,0.28271484375
193,LFU,0.2791341145833333
194,LFU,0.28857421875
195,LFU,0.2960611979166667
196,LFU,0.2794596354166667
197,LFU,0.2794596354166667
198,LFU,0.28515625
199,LFU,0.2867838541666667
200,LFU,0.26025390625
201,LFU,0.2722981770833333
202,LFU,0.2586263020833333
203,LFU,0.275390625
204,LFU,0.2643229166666667
205,LFU,0.26171875
206,LFU,0.25830078125
207,LFU,0.302734375
208,LFU,0.2888997395833333
209,LFU,0.2835286458333333
210,LFU,0.2967122395833333
211,LFU,0.30078125
212,LFU,0.2962239583333333
213,LFU,0.28076171875
214,LFU,0.2750651041666667
215,LFU,0.3107096354166667
216,LFU,0.2854817708333333
217,LFU,0.2908528645833333
218,LFU,0.28466796875
219,LFU,0.30712890625
220,LFU,0.2967122395833333
221,LFU,0.2867838541666667
222,LFU,0.2923177083333333
223,LFU,0.2841796875
224,LFU,0.2911783854166667
225,LFU,0.2937825520833333
226,LFU,0.2887369791666667
227,LFU,0.29833984375
228,LFU,0.2911783854166667
229,LFU,0.2828776041666667
230,LFU,0.2687174479166667
231,LFU,0.3084309895833333
232,LFU,0.2713216145833333
233,LFU,0.2696940104166667
234,LFU,0.2750651041666667
235,LFU,0.3142903645833333
236,LFU,0.2771809895833333
237,LFU,0.29248046875
238,LFU,0.2872721354166667
239,LFU,0.29248046875
240,LFU,0.2623697916666667
241,LFU,0.2791341145833333
242,LFU,0.2644856770833333
243,LFU,0.3260091145833333
244,LFU,0.2921549479166667
245,LFU,0.2840169270833333
246,LFU,0.302734375
247,LFU,0.3074544270833333
248,LFU,0.2854817708333333
249,LFU,0.27587890625
250,LFU,0.2776692708333333
251,LFU,0.2841796875
252,LFU,0.2649739583333333
253,LFU,0.26953125
254,LFU,0.2646484375
255,LFU,0.2890625
256,LFU,0.2677408854166667
257,LFU,0.2716471354166667
258,LFU,0.28515625
259,LFU,0.30029296875
260,LFU,0.2815755208333333
261,LFU,0.2843424479166667
262,LFU,0.2757161458333333
263,LFU,0.29345703125
264,LFU,0.27734375
265,LFU,0.26953125
266,LFU,0.2664388020833333
267,LFU,0.3196614583333333
268,LFU,0.2727864583333333
269,LFU,0.2760416666666667
270,LFU,0.2779947916666667
271,LFU,0.2942708333333333
272,LFU,0.2705078125
273,LFU,0.2646484375
274,LFU,0.27294921875
275,LFU,0.2805989583333333
276,LFU,0.2726236979166667
277,LFU,0.2646484375
278,LFU,0.27197265625
279,LFU,0.2784830729166667
280,LFU,0.24820963541666666
281,LFU,0.2626953125
282,LFU,0.2799479166666667
283,LFU,0.2858072916666667
284,LFU,0.25927734375
285,LFU,0.2677408854166667
286,LFU,0.2555338541666667
287,LFU,0.2874348958333333
288,LFU,0.2903645833333333
289,LFU,0.2755533854166667
290,LFU,0.2706705729166667
291,LFU,0.2975260416666667
292,LFU,0.2703450520833333
293,LFU,0.2737630208333333
294,LFU,0.2578125
295,LFU,0.2734375
296,LFU,0.2527669270833333
297,LFU,0.26806640625
298,LFU,0.2537434895833333
299,LFU,0.2805989583333333
300,LFU,0.27099609375
301,LFU,0.28515625
302,LFU,0.2853190104166667
303,LFU,0.29345703125
304,LFU,0.2789713541666667
305,LFU,0.27001953125
306,LFU,0.279296875
307,LFU,0.3499348958333333
308,LFU,0.3224283854166667
309,LFU,0.31787109375
310,LFU,0.310546875
311,LFU,0.32470703125
312,LFU,0.29296875
313,LFU,0.2843424479166667
314,LFU,0.30078125
315,LFU,0.30322265625
316,LFU,0.2802734375
317,LFU,0.28564453125
318,LFU,0.2687174479166667
319,LFU,0.2830403645833333
320,LFU,0.265625
321,LFU,0.24739583333333334
322,LFU,0.23079427083333334
323,LFU,0.2877604166666667
324,LFU,0.2747395833333333
325,LFU,0.2591145833333333
326,LFU,0.2613932291666667
327,LFU,0.2903645833333333
328,LFU,0.27490234375
329,LFU,0.2776692708333333
330,LFU,0.2770182291666667
331,LFU,0.3221028645833333
332,LFU,0.29833984375
333,LFU,0.2985026041666667
334,LFU,0.2970377604166667
335,LFU,0.3115234375
336,LFU,0.2962239583333333
337,LFU,0.296875
338,LFU,0.2822265625
339,LFU,0.29736328125
340,LFU,0.2903645833333333
341,LFU,0.2740885416666667
342,LFU,0.2820638020833333
343,LFU,0.30224609375
344,LFU,0.2696940104166667
345,LFU,0.2802734375
346,LFU,0.2903645833333333
347,LFU,0.3068033854166667
348,LFU,0.2796223958333333
349,LFU,0.2775065104166667
350,LFU,0.2566731770833333
351,LFU,0.2766927083333333
352,LFU,0.2696940104166667
353,LFU,0.27099609375
354,LFU,0.2633463541666667
355,LFU,0.30712890625
356,LFU,0.2791341145833333
357,LFU,0.27978515625
358,LFU,0.2698567708333333
359,LFU,0.3025716145833333
360,LFU,0.2932942708333333
361,LFU,0.2814127604166667
362,LFU,0.2771809895833333
363,LFU,0.3040364583333333
364,LFU,0.2835286458333333
365,LFU,0.2654622395833333
366,LFU,0.2532552083333333
367,LFU,0.2823893229166667
368,LFU,0.2752278645833333
369,LFU,0.2745768229166667
370,LFU,0.2693684895833333
371,LFU,0.2890625
372,LFU,0.2950846354166667
373,LFU,0.2869466145833333
374,LFU,0.2877604166666667
375,LFU,0.3185221354166667
376,LFU,0.29541015625
377,LFU,0.29345703125
378,LFU,0.2848307291666667
379,LFU,0.3058268229166667
380,LFU,0.2667643229166667
381,LFU,0.2698567708333333
382,LFU,0.2566731770833333
383,LFU,0.2908528645833333
384,LFU,0.2596028645833333
385,LFU,0.26513671875
386,LFU,0.2646484375
387,LFU,0.3048502604166667
388,LFU,0.2801106770833333
389,LFU,0.2703450520833333
390,LFU,0.2600911458333333
391,LFU,0.3046875
392,LFU,0.2887369791666667
393,LFU,0.2804361979166667
394,LFU,0.28564453125
395,LFU,0.28076171875
396,LFU,0.2688802083333333
397,LFU,0.2638346354166667
398,LFU,0.24983723958333334
399,LFU,0.3224283854166667
400,LFU,0.2763671875
401,LFU,0.2677408854166667
402,LFU,0.2679036458333333
403,LFU,0.3318684895833333
404,LFU,0.3038736979166667
405,LFU,0.3068033854166667
406,LFU,0.3030598958333333
407,LFU,0.29833984375
408,LFU,0.2882486979166667
409,LFU,0.2843424479166667
410,LFU,0.2819010416666667
411,LFU,0.3038736979166667
412,LFU,0.2853190104166667
413,LFU,0.28564453125
414,LFU,0.2705078125
415,LFU,0.3059895833333333
416,LFU,0.26171875
417,LFU,0.2747395833333333
418,LFU,0.27099609375
419,LFU,0.30810546875
420,LFU,0.2841796875
421,LFU,0.2882486979166667
422,LFU,0.2805989583333333
423,LFU,0.3048502604166667
424,LFU,0.2747395833333333
425,LFU,0.265625
426,LFU,0.2643229166666667
427,LFU,0.2874348958333333
428,LFU,0.27099609375
429,LFU,0.2605794270833333
430,LFU,0.2638346354166667
431,LFU,0.2843424479166667
432,LFU,0.2591145833333333
433,LFU,0.2747395833333333
434,LFU,0.2727864583333333
435,LFU,0.3063151041666667
436,LFU,0.2939453125
437,LFU,0.2848307291666667
438,LFU,0.28857421875
439,LFU,0.3017578125
440,LFU,0.2892252604166667
441,LFU,0.29541015625
442,LFU,0.2985026041666667
443,LFU,0.3046875
444,LFU,0.2958984375
445,LFU,0.2880859375
446,LFU,0.287109375
447,LFU,0.29052734375
448,LFU,0.2783203125
449,LFU,0.2693684895833333
450,LFU,0.2791341145833333
451,LFU,0.2960611979166667
452,LFU,0.2809244791666667
453,LFU,0.2672526041666667
454,LFU,0.2545572916666667
455,LFU,0.3006184895833333
456,LFU,0.2762044270833333
457,LFU,0.2784830729166667
458,LFU,0.2825520833333333
459,LFU,0.3056640625
460,LFU,0.2737630208333333
461,LFU,0.2776692708333333
462,LFU,0.28125
463,LFU,0.2960611979166667
464,LFU,0.2698567708333333
465,LFU,0.2646484375
466,LFU,0.2809244791666667
467,LFU,0.2952473958333333
468,LFU,0.2750651041666667
469,LFU,0.294921875
470,LFU,0.2945963541666667
471,LFU,0.28662109375
472,LFU,0.2731119791666667
473,LFU,0.2796223958333333
474,LFU,0.2783203125
475,LFU,0.29541015625
476,LFU,0.2783203125
477,LFU,0.2828776041666667
478,LFU,0.2760416666666667
479,LFU,0.3180338541666667
480,LFU,0.2874348958333333
481,LFU,0.2926432291666667
482,LFU,0.2848307291666667
483,LFU,0.30419921875
484,LFU,0.2731119791666667
485,LFU,0.2705078125
486,LFU,0.27685546875
487,LFU,0.2950846354166667
488,LFU,0.2843424479166667
489,LFU,0.28076171875
490,LFU,0.2884114583333333
491,LFU,0.2972005208333333
492,LFU,0.2802734375
493,LFU,0.27685546875
494,LFU,0.271484375
495,LFU,0.30322265625
496,LFU,0.2740885416666667
497,LFU,0.2545572916666667
498,LFU,0.2662760416666667
499,LFU,0.2897135416666667
500,LFU,0.26416015625
501,LFU,0.2698567708333333
502,LFU,0.2568359375
503,LFU,0.30517578125
504,LFU,0.27587890625
505,LFU,0.2848307291666667
506,LFU,0.2805989583333333
507,LFU,0.3069661458333333
508,LFU,0.2931315104166667
509,LFU,0.2810872395833333
510,LFU,0.2750651041666667
511,LFU,0.2972005208333333
512,LFU,0.2703450520833333
513,LFU,0.2911783854166667
514,LFU,0.2810872395833333
515,LFU,0.3204752604166667
516,LFU,0.2921549479166667
517,LFU,0.2794596354166667
518,LFU,0.2947591145833333
519,LFU,0.2970377604166667
520,LFU,0.29296875
521,LFU,0.28369140625
522,LFU,0.27685546875
523,LFU,0.3103841145833333
524,LFU,0.3028971354166667
525,LFU,0.29736328125
526,LFU,0.2942708333333333
527,LFU,0.30517578125
528,LFU,0.2892252604166667
529,LFU,0.2835286458333333
530,LFU,0.2888997395833333
531,LFU,0.30859375
532,LFU,0.28369140625
533,LFU,0.2696940104166667
534,LFU,0.2744140625
535,LFU,0.3046875
536,LFU,0.2900390625
537,LFU,0.2864583333333333
538,LFU,0.27783203125
539,LFU,0.3291015625
540,LFU,0.3235677083333333
541,LFU,0.32177734375
542,LFU,0.3175455729166667
543,LFU,0.33837890625
544,LFU,0.30908203125
545,LFU,0.3151041666666667
546,LFU,0.3141276041666667
547,LFU,0.3199869791666667
548,LFU,0.2888997395833333
549,LFU,0.2902018229166667
550,LFU,0.2923177083333333
551,LFU,0.3209635416666667
552,LFU,0.28662109375
553,LFU,0.28857421875
554,LFU,0.2921549479166667
555,LFU,0.3225911458333333
556,LFU,0.2962239583333333
557,LFU,0.294921875
558,LFU,0.3084309895833333
559,LFU,0.3175455729166667
560,LFU,0.2869466145833333
561,LFU,0.29638671875
562,LFU,0.2952473958333333
563,LFU,0.3095703125
564,LFU,0.2921549479166667
565,LFU,0.29931640625
566,LFU,0.2903645833333333
567,LFU,0.29541015625
568,LFU,0.2814127604166667
569,LFU,0.2731119791666667
570,LFU,0.27734375
571,LFU,0.30419921875
572,LFU,0.2859700520833333
573,LFU,0.2888997395833333
574,LFU,0.2820638020833333
575,LFU,0.30126953125
576,LFU,0.2845052083333333
577,LFU,0.294921875
578,LFU,0.2887369791666667
579,LFU,0.3211263020833333
580,LFU,0.3028971354166667
581,LFU,0.2965494791666667
582,LFU,0.29541015625
583,LFU,0.2931315104166667
584,LFU,0.2939453125
585,LFU,0.2887369791666667
586,LFU,0.2892252604166667
587,LFU,0.2911783854166667
588,LFU,0.2936197916666667
589,LFU,0.28466796875
590,LFU,0.2916666666666667
591,LFU,0.3118489583333333
592,LFU,0.2843424479166667
593,LFU,0.2849934895833333
594,LFU,0.2770182291666667
595,LFU,0.3181966145833333
596,LFU,0.310546875
597,LFU,0.3059895833333333
598,LFU,0.3074544270833333
599,LFU,0.3665364583333333
600,LFU,0.3341471354166667
601,LFU,0.33642578125
602,LFU,0.3385416666666667
603,LFU,0.3181966145833333
604,LFU,0.2998046875
605,LFU,0.3001302083333333
606,LFU,0.3173828125
607,LFU,0.3291015625
608,LFU,0.30224609375
609,LFU,0.3094075520833333
610,LFU,0.3108723958333333
611,LFU,0.3426106770833333
612,LFU,0.3269856770833333
613,LFU,0.3274739583333333
614,LFU,0.32275390625
615,LFU,0.33349609375
616,LFU,0.3063151041666667
617,LFU,0.31005859375
618,LFU,0.31103515625
619,LFU,0.3107096354166667
620,LFU,0.3011067708333333
621,LFU,0.3125
622,LFU,0.2962239583333333
623,LFU,0.3387044270833333
624,LFU,0.30322265625
625,LFU,0.2890625
626,LFU,0.30810546875
627,LFU,0.30615234375
628,LFU,0.2916666666666667
629,LFU,0.296875
630,LFU,0.3030598958333333
631,LFU,0.3046875
632,LFU,0.2688802083333333
633,LFU,0.2861328125
634,LFU,0.2779947916666667
635,LFU,0.3014322916666667
636,LFU,0.2830403645833333
637,LFU,0.2823893229166667
638,LFU,0.2779947916666667
639,LFU,0.2994791666666667
640,LFU,0.296875
641,LFU,0.2902018229166667
642,LFU,0.2918294270833333
643,LFU,0.3434244791666667
644,LFU,0.3157552083333333
645,LFU,0.3015950520833333
646,LFU,0.3038736979166667
647,LFU,0.32470703125
648,LFU,0.3079427083333333
649,LFU,0.3185221354166667
650,LFU,0.3048502604166667
651,LFU,0.3181966145833333
652,LFU,0.2854817708333333
653,LFU,0.2786458333333333
654,LFU,0.2779947916666667
655,LFU,0.3030598958333333
656,LFU,0.3043619791666667
657,LFU,0.2955729166666667
658,LFU,0.294921875
659,LFU,0.3030598958333333
660,LFU,0.2869466145833333
661,LFU,0.298828125
662,LFU,0.29833984375
663,LFU,0.3157552083333333
664,LFU,0.28125
665,LFU,0.2848307291666667
666,LFU,0.296875
667,LFU,0.3304036458333333
668,LFU,0.3152669270833333
669,LFU,0.3154296875
670,LFU,0.3138020833333333
671,LFU,0.3346354166666667
672,LFU,0.3063151041666667
673,LFU,0.3011067708333333
674,LFU,0.2848307291666667
675,LFU,0.328125
676,LFU,0.3024088541666667
677,LFU,0.3033854166666667
678,LFU,0.3019205729166667
679,LFU,0.3289388020833333
680,LFU,0.3077799479166667
681,LFU,0.30810546875
682,LFU,0.302734375
683,LFU,0.3186848958333333
684,LFU,0.3055013020833333
685,LFU,0.2833658854166667
686,LFU,0.2888997395833333
687,LFU,0.3463541666666667
688,LFU,0.3142903645833333
689,LFU,0.3157552083333333
690,LFU,0.3082682291666667
691,LFU,0.3367513020833333
692,LFU,0.3123372395833333
693,LFU,0.3025716145833333
694,LFU,0.3040364583333333
695,LFU,0.3056640625
696,LFU,0.2985026041666667
697,LFU,0.3133138020833333
698,LFU,0.3138020833333333
699,LFU,0.3250325520833333
700,LFU,0.30517578125
701,LFU,0.2936197916666667
702,LFU,0.3126627604166667
703,LFU,0.2980143229166667
704,LFU,0.2945963541666667
705,LFU,0.2872721354166667
706,LFU,0.2859700520833333
707,LFU,0.3037109375
708,LFU,0.2900390625
709,LFU,0.2858072916666667
710,LFU,0.2945963541666667
711,LFU,0.3274739583333333
712,LFU,0.31298828125
713,LFU,0.2900390625
714,LFU,0.2804361979166667
715,LFU,0.3238932291666667
716,LFU,0.3038736979166667
717,LFU,0.3074544270833333
718,LFU,0.3087565104166667
719,LFU,0.32763671875
720,LFU,0.3151041666666667
721,LFU,0.3251953125
722,LFU,0.3273111979166667
723,LFU,0.3377278645833333
724,LFU,0.3136393229166667
725,LFU,0.3193359375
726,LFU,0.29541015625
727,LFU,0.3133138020833333
728,LFU,0.3004557291666667
729,LFU,0.30126953125
730,LFU,0.29345703125
731,LFU,0.3258463541666667
732,LFU,0.3126627604166667
733,LFU,0.3380533854166667
734,LFU,0.3180338541666667
735,LFU,0.3328450520833333
736,LFU,0.31884765625
737,LFU,0.3155924479166667
738,LFU,0.3055013020833333
739,LFU,0.34375
740,LFU,0.3128255208333333
741,LFU,0.3245442708333333
742,LFU,0.3186848958333333
743,LFU,0.3245442708333333
744,LFU,0.3014322916666667
745,LFU,0.3154296875
746,LFU,0.3068033854166667
747,LFU,0.3258463541666667
748,LFU,0.3131510416666667
749,LFU,0.2970377604166667
750,LFU,0.2921549479166667
751,LFU,0.3098958333333333
752,LFU,0.3020833333333333
753,LFU,0.2980143229166667
754,LFU,0.2976888020833333
755,LFU,0.3180338541666667
756,LFU,0.3175455729166667
757,LFU,0.3050130208333333
758,LFU,0.2960611979166667
759,LFU,0.3512369791666667
760,LFU,0.3243815104166667
761,LFU,0.31298828125
762,LFU,0.3063151041666667
763,LFU,0.34033203125
764,LFU,0.3072916666666667
765,LFU,0.33154296875
766,LFU,0.3375651041666667
767,LFU,0.3453776041666667
768,LFU,0.3087565104166667
769,LFU,0.3095703125
770,LFU,0.3151041666666667
771,LFU,0.3287760416666667
772,LFU,0.3138020833333333
773,LFU,0.3258463541666667
774,LFU,0.3133138020833333
775,LFU,0.3330078125
776,LFU,0.3243815104166667
777,LFU,0.31005859375
778,LFU,0.3014322916666667
779,LFU,0.3299153645833333
780,LFU,0.3180338541666667
781,LFU,0.3181966145833333
782,LFU,0.31640625
783,LFU,0.3440755208333333
784,LFU,0.3102213541666667
785,LFU,0.3221028645833333
786,LFU,0.3448893229166667
787,LFU,0.3528645833333333
788,LFU,0.3289388020833333
789,LFU,0.3299153645833333
790,LFU,0.3186848958333333
791,LFU,0.3180338541666667
792,LFU,0.3092447916666667
793,LFU,0.3172200520833333
794,LFU,0.3037109375
795,LFU,0.322265625
796,LFU,0.2972005208333333
797,LFU,0.2879231770833333
798,LFU,0.2978515625
799,LFU,0.3361002604166667
800,LFU,0.3214518229166667
801,LFU,0.3232421875
802,LFU,0.3186848958333333
803,LFU,0.3232421875
804,LFU,0.3111979166666667
805,LFU,0.3040364583333333
806,LFU,0.3185221354166667
807,LFU,0.3186848958333333
808,LFU,0.30859375
809,LFU,0.2958984375
810,LFU,0.2941080729166667
811,LFU,0.3352864583333333
812,LFU,0.3194986979166667
813,LFU,0.3141276041666667
814,LFU,0.3269856770833333
815,LFU,0.3274739583333333
816,LFU,0.3115234375
817,LFU,0.3082682291666667
818,LFU,0.3035481770833333
819,LFU,0.35107421875
820,LFU,0.3349609375
821,LFU,0.3014322916666667
822,LFU,0.306640625
823,LFU,0.3380533854166667
824,LFU,0.3304036458333333
825,LFU,0.3258463541666667
826,LFU,0.3142903645833333
827,LFU,0.33349609375
828,LFU,0.3318684895833333
829,LFU,0.32373046875
830,LFU,0.3206380208333333
831,LFU,0.35498046875
832,LFU,0.3362630208333333
833,LFU,0.3426106770833333
834,LFU,0.32421875
835,LFU,0.3282877604166667
836,LFU,0.3063151041666667
837,LFU,0.31591796875
838,LFU,0.3058268229166667
839,LFU,0.3372395833333333
840,LFU,0.3199869791666667
841,LFU,0.3037109375
842,LFU,0.3154296875
843,LFU,0.3289388020833333
844,LFU,0.3141276041666667
845,LFU,0.3072916666666667
846,LFU,0.3138020833333333
847,LFU,0.3380533854166667
848,LFU,0.31787109375
849,LFU,0.3123372395833333
850,LFU,0.3269856770833333
851,LFU,0.3377278645833333
852,LFU,0.3177083333333333
853,LFU,0.3142903645833333
854,LFU,0.31396484375
855,LFU,0.3352864583333333
856,LFU,0.3294270833333333
857,LFU,0.3103841145833333
858,LFU,0.3111979166666667
859,LFU,0.3509114583333333
860,LFU,0.32080078125
861,LFU,0.3172200520833333
862,LFU,0.33203125
863,LFU,0.349609375
864,LFU,0.3250325520833333
865,LFU,0.33203125
866,LFU,0.3299153645833333
867,LFU,0.33984375
868,LFU,0.3357747395833333
869,LFU,0.3307291666666667
870,LFU,0.3011067708333333
871,LFU,0.33349609375
872,LFU,0.2957356770833333
873,LFU,0.3234049479166667
874,LFU,0.3076171875
875,LFU,0.349609375
876,LFU,0.3346354166666667
877,LFU,0.3478190104166667
878,LFU,0.3525390625
879,LFU,0.3683268229166667
880,LFU,0.3308919270833333
881,LFU,0.330078125
882,LFU,0.3357747395833333
883,LFU,0.3824869791666667
884,LFU,0.37060546875
885,LFU,0.3614908854166667
886,LFU,0.3629557291666667
887,LFU,0.35888671875
888,LFU,0.3274739583333333
889,LFU,0.3484700520833333
890,LFU,0.31640625
891,LFU,0.3517252604166667
892,LFU,0.33740234375
893,LFU,0.3408203125
894,LFU,0.326171875
895,LFU,0.3388671875
896,LFU,0.3369140625
897,LFU,0.333984375
898,LFU,0.333984375
899,LFU,0.3614908854166667
900,LFU,0.3440755208333333
901,LFU,0.3333333333333333
902,LFU,0.3310546875
903,LFU,0.3722330729166667
904,LFU,0.3294270833333333
905,LFU,0.3155924479166667
906,LFU,0.3279622395833333
907,LFU,0.3673502604166667
908,LFU,0.3382161458333333
909,LFU,0.3548177083333333
910,LFU,0.3616536458333333
911,LFU,0.3564453125
912,LFU,0.3064778645833333
913,LFU,0.3260091145833333
914,LFU,0.3370768229166667
915,LFU,0.32470703125
916,LFU,0.31689453125
917,LFU,0.3056640625
918,LFU,0.3037109375
919,LFU,0.3365885416666667
920,LFU,0.3035481770833333
921,LFU,0.3203125
922,LFU,0.3294270833333333
923,LFU,0.32958984375
924,LFU,0.3141276041666667
925,LFU,0.2941080729166667
926,LFU,0.3035481770833333
927,LFU,0.3111979166666667
928,LFU,0.2911783854166667
929,LFU,0.3053385416666667
930,LFU,0.3017578125
931,LFU,0.3302408854166667
932,LFU,0.32080078125
933,LFU,0.3011067708333333
934,LFU,0.3097330729166667
935,LFU,0.3180338541666667
936,LFU,0.3162434895833333
937,LFU,0.3046875
938,LFU,0.3079427083333333
939,LFU,0.3561197916666667
940,LFU,0.353515625
941,LFU,0.3448893229166667
942,LFU,0.3199869791666667
943,LFU,0.33203125
944,LFU,0.30419921875
945,LFU,0.2976888020833333
946,LFU,0.28759765625
947,LFU,0.3289388020833333
948,LFU,0.3050130208333333
949,LFU,0.29931640625
950,LFU,0.3097330729166667
951,LFU,0.3074544270833333
952,LFU,0.3025716145833333
953,LFU,0.2841796875
954,LFU,0.2822265625
955,LFU,0.3151041666666667
956,LFU,0.3050130208333333
957,LFU,0.3089192708333333
958,LFU,0.3126627604166667
959,LFU,0.3269856770833333
960,LFU,0.2906901041666667
961,LFU,0.2892252604166667
962,LFU,0.3017578125
963,LFU,0.32421875
964,LFU,0.3048502604166667
965,LFU,0.3074544270833333
966,LFU,0.2976888020833333
967,LFU,0.34130859375
968,LFU,0.3142903645833333
969,LFU,0.3323567708333333
970,LFU,0.306640625
971,LFU,0.3284505208333333
972,LFU,0.3126627604166667
973,LFU,0.3224283854166667
974,LFU,0.3151041666666667
975,LFU,0.3255208333333333
976,LFU,0.31005859375
977,LFU,0.3116861979166667
978,LFU,0.31396484375
979,LFU,0.3497721354166667
980,LFU,0.310546875
981,LFU,0.3251953125
982,LFU,0.32080078125
983,LFU,0.3382161458333333
984,LFU,0.3082682291666667
985,LFU,0.3255208333333333
986,LFU,0.3268229166666667
987,LFU,0.3614908854166667
988,LFU,0.3426106770833333
989,LFU,0.328125
990,LFU,0.33251953125
991,LFU,0.3800455729166667
992,LFU,0.33837890625
993,LFU,0.3419596354166667
994,LFU,0.3304036458333333
995,LFU,0.3557942708333333
996,LFU,0.3238932291666667
997,LFU,0.31396484375
998,LFU,0.32373046875
999,LFU,0.32763671875
1000,LFU,0.3074544270833333
1001,LFU,0.2906901041666667
1002,LFU,0.3058268229166667
1003,LFU,0.33154296875
1004,LFU,0.328125
1005,LFU,0.3382161458333333
1006,LFU,0.3409830729166667
1007,LFU,0.3494466145833333
1008,LFU,0.3245442708333333
1009,LFU,0.3180338541666667
1010,LFU,0.3238932291666667
1011,LFU,0.34521484375
1012,LFU,0.3177083333333333
1013,LFU,0.31396484375
1014,LFU,0.3162434895833333
1015,LFU,0.3292643229166667
1016,LFU,0.3232421875
1017,LFU,0.3243815104166667
1018,LFU,0.3359375
1019,LFU,0.34326171875
1020,LFU,0.3291015625
1021,LFU,0.3121744791666667
1022,LFU,0.32177734375
1023,LFU,0.3509114583333333
3,WeightedLFU,0.4645182291666667
4,WeightedLFU,0.4313151041666667
5,WeightedLFU,0.4334309895833333
6,WeightedLFU,0.4230143229166667
7,WeightedLFU,0.4690755208333333
8,WeightedLFU,0.451171875
9,WeightedLFU,0.4690755208333333
10,WeightedLFU,0.4371744791666667
11,WeightedLFU,0.4580078125
12,WeightedLFU,0.4417317708333333
13,WeightedLFU,0.41796875
14,WeightedLFU,0.4345703125
15,WeightedLFU,0.44189453125
16,WeightedLFU,0.4733072916666667
17,WeightedLFU,0.46533203125
18,WeightedLFU,0.4557291666666667
19,WeightedLFU,0.4606119791666667
20,WeightedLFU,0.451171875
21,WeightedLFU,0.4567057291666667
22,WeightedLFU,0.4856770833333333
23,WeightedLFU,0.4685872395833333
24,WeightedLFU,0.4729817708333333
25,WeightedLFU,0.4554036458333333
26,WeightedLFU,0.4554036458333333
27,WeightedLFU,0.43505859375
28,WeightedLFU,0.4254557291666667
29,WeightedLFU,0.4503580729166667
30,WeightedLFU,0.42724609375
31,WeightedLFU,0.4348958333333333
32,WeightedLFU,0.4326171875
33,WeightedLFU,0.4261067708333333
34,WeightedLFU,0.41259765625
35,WeightedLFU,0.4322916666666667
36,WeightedLFU,0.4464518229166667
37,WeightedLFU,0.4451497395833333
38,WeightedLFU,0.44873046875
39,WeightedLFU,0.4596354166666667
40,WeightedLFU,0.4611002604166667
41,WeightedLFU,0.45556640625
42,WeightedLFU,0.4899088541666667
43,WeightedLFU,0.4930013020833333
44,WeightedLFU,0.4754231770833333
45,WeightedLFU,0.4879557291666667
46,WeightedLFU,0.46923828125
47,WeightedLFU,0.4778645833333333
48,WeightedLFU,0.4654947916666667
49,WeightedLFU,0.4664713541666667
50,WeightedLFU,0.4459635416666667
51,WeightedLFU,0.4449869791666667
52,WeightedLFU,0.4567057291666667
53,WeightedLFU,0.4493815104166667
54,WeightedLFU,0.4638671875
55,WeightedLFU,0.4518229166666667
56,WeightedLFU,0.43017578125
57,WeightedLFU,0.4256184895833333
58,WeightedLFU,0.4290364583333333
59,WeightedLFU,0.4501953125
60,WeightedLFU,0.4612630208333333
61,WeightedLFU,0.4708658854166667
62,WeightedLFU,0.4884440104166667
63,WeightedLFU,0.48681640625
64,WeightedLFU,0.4568684895833333
65,WeightedLFU,0.4578450520833333
66,WeightedLFU,0.4786783854166667
67,WeightedLFU,0.4651692708333333
68,WeightedLFU,0.4440104166666667
69,WeightedLFU,0.4617513020833333
70,WeightedLFU,0.4456380208333333
71,WeightedLFU,0.4781901041666667
72,WeightedLFU,0.470703125
73,WeightedLFU,0.4580078125
74,WeightedLFU,0.44580078125
75,WeightedLFU,0.4446614583333333
76,WeightedLFU,0.42822265625
77,WeightedLFU,0.4436848958333333
78,WeightedLFU,0.4287109375
79,WeightedLFU,0.4446614583333333
80,WeightedLFU,0.4454752604166667
81,WeightedLFU,0.4490559895833333
82,WeightedLFU,0.4358723958333333
83,WeightedLFU,0.4837239583333333
84,WeightedLFU,0.4541015625
85,WeightedLFU,0.470703125
86,WeightedLFU,0.4710286458333333
87,WeightedLFU,0.4781901041666667
88,WeightedLFU,0.4944661458333333
89,WeightedLFU,0.4744466145833333
90,WeightedLFU,0.4666341145833333
91,WeightedLFU,0.4602864583333333
92,WeightedLFU,0.4661458333333333
93,WeightedLFU,0.4440104166666667
94,WeightedLFU,0.45458984375
95,WeightedLFU,0.453125
96,WeightedLFU,0.4700520833333333
97,WeightedLFU,0.4578450520833333
98,WeightedLFU,0.47509765625
99,WeightedLFU,0.4703776041666667
100,WeightedLFU,0.4529622395833333
101,WeightedLFU,0.4412434895833333
102,WeightedLFU,0.4464518229166667
103,WeightedLFU,0.4212239583333333
104,WeightedLFU,0.42724609375
105,WeightedLFU,0.4716796875
106,WeightedLFU,0.47509765625
107,WeightedLFU,0.4309895833333333
108,WeightedLFU,0.4694010416666667
109,WeightedLFU,0.4830729166666667
110,WeightedLFU,0.4567057291666667
111,WeightedLFU,0.4814453125
112,WeightedLFU,0.4793294270833333
113,WeightedLFU,0.47802734375
114,WeightedLFU,0.4534505208333333
115,WeightedLFU,0.4718424479166667
116,WeightedLFU,0.4710286458333333
117,WeightedLFU,0.45751953125
118,WeightedLFU,0.4287109375
119,WeightedLFU,0.4482421875
120,WeightedLFU,0.4246419270833333
121,WeightedLFU,0.4425455729166667
122,WeightedLFU,0.458984375
123,WeightedLFU,0.4029947916666667
124,WeightedLFU,0.3824869791666667
125,WeightedLFU,0.43115234375
126,WeightedLFU,0.4498697916666667
127,WeightedLFU,0.4597981770833333
128,WeightedLFU,0.46337890625
129,WeightedLFU,0.4563802083333333
130,WeightedLFU,0.46435546875
131,WeightedLFU,0.47607421875
132,WeightedLFU,0.4443359375
133,WeightedLFU,0.4601236979166667
134,WeightedLFU,0.42822265625
135,WeightedLFU,0.43310546875
136,WeightedLFU,0.4197591145833333
137,WeightedLFU,0.4176432291666667
138,WeightedLFU,0.43505859375
139,WeightedLFU,0.4308268229166667
140,WeightedLFU,0.4191080729166667
141,WeightedLFU,0.43115234375
142,WeightedLFU,0.4358723958333333
143,WeightedLFU,0.4303385416666667
144,WeightedLFU,0.4462890625
145,WeightedLFU,0.4388020833333333
146,WeightedLFU,0.4353841145833333
147,WeightedLFU,0.42431640625
148,WeightedLFU,0.4358723958333333
149,WeightedLFU,0.44140625
150,WeightedLFU,0.4679361979166667
151,WeightedLFU,0.4833984375
152,WeightedLFU,0.49072265625
153,WeightedLFU,0.4560546875
154,WeightedLFU,0.4436848958333333
155,WeightedLFU,0.41748046875
156,WeightedLFU,0.4256184895833333
157,WeightedLFU,0.4293619791666667
158,WeightedLFU,0.4117838541666667
159,WeightedLFU,0.44287109375
160,WeightedLFU,0.4407552083333333
161,WeightedLFU,0.4363606770833333
162,WeightedLFU,0.4440104166666667
163,WeightedLFU,0.4498697916666667
164,WeightedLFU,0.41259765625
165,WeightedLFU,0.4498697916666667
166,WeightedLFU,0.4376627604166667
167,WeightedLFU,0.4361979166666667
168,WeightedLFU,0.4361979166666667
169,WeightedLFU,0.4329427083333333
170,WeightedLFU,0.43896484375
171,WeightedLFU,0.4661458333333333
172,WeightedLFU,0.4597981770833333
173,WeightedLFU,0.46923828125
174,WeightedLFU,0.46337890625
175,WeightedLFU,0.43701171875
176,WeightedLFU,0.4358723958333333
177,WeightedLFU,0.4537760416666667
178,WeightedLFU,0.4138997395833333
179,WeightedLFU,0.3802083333333333
180,WeightedLFU,0.4039713541666667
181,WeightedLFU,0.44775390625
182,WeightedLFU,0.4075520833333333
183,WeightedLFU,0.4280598958333333
184,WeightedLFU,0.43310546875
185,WeightedLFU,0.4344075520833333
186,WeightedLFU,0.4547526041666667
187,WeightedLFU,0.4552408854166667
188,WeightedLFU,0.4547526041666667
189,WeightedLFU,0.4456380208333333
190,WeightedLFU,0.43798828125
191,WeightedLFU,0.4319661458333333
192,WeightedLFU,0.4332682291666667
193,WeightedLFU,0.43017578125
194,WeightedLFU,0.4278971354166667
195,WeightedLFU,0.4412434895833333
196,WeightedLFU,0.4402669270833333
197,WeightedLFU,0.42431640625
198,WeightedLFU,0.4383138020833333
199,WeightedLFU,0.4168294270833333
200,WeightedLFU,0.4031575520833333
201,WeightedLFU,0.416015625
202,WeightedLFU,0.38916015625
203,WeightedLFU,0.3849283854166667
204,WeightedLFU,0.4108072916666667
205,WeightedLFU,0.4427083333333333
206,WeightedLFU,0.4358723958333333
207,WeightedLFU,0.4375
208,WeightedLFU,0.4259440104166667
209,WeightedLFU,0.4322916666666667
210,WeightedLFU,0.43505859375
211,WeightedLFU,0.4318033854166667
212,WeightedLFU,0.4378255208333333
213,WeightedLFU,0.4567057291666667
214,WeightedLFU,0.4202473958333333
215,WeightedLFU,0.4010416666666667
216,WeightedLFU,0.4405924479166667
217,WeightedLFU,0.4361979166666667
218,WeightedLFU,0.4140625
219,WeightedLFU,0.4202473958333333
220,WeightedLFU,0.4202473958333333
221,WeightedLFU,0.4130859375
222,WeightedLFU,0.4241536458333333
223,WeightedLFU,0.39501953125
224,WeightedLFU,0.4244791666666667
225,WeightedLFU,0.4583333333333333
226,WeightedLFU,0.4314778645833333
227,WeightedLFU,0.4207356770833333
228,WeightedLFU,0.4327799479166667
229,WeightedLFU,0.4345703125
230,WeightedLFU,0.4207356770833333
231,WeightedLFU,0.4449869791666667
232,WeightedLFU,0.4212239583333333
233,WeightedLFU,0.4283854166666667
234,WeightedLFU,0.44873046875
235,WeightedLFU,0.44287109375
236,WeightedLFU,0.42529296875
237,WeightedLFU,0.4462890625
238,WeightedLFU,0.4453125
239,WeightedLFU,0.4261067708333333
240,WeightedLFU,0.4129231770833333
241,WeightedLFU,0.4588216145833333
242,WeightedLFU,0.43505859375
243,WeightedLFU,0.4508463541666667
244,WeightedLFU,0.4347330729166667
245,WeightedLFU,0.4134114583333333
246,WeightedLFU,0.4384765625
247,WeightedLFU,0.4290364583333333
248,WeightedLFU,0.44775390625
249,WeightedLFU,0.4462890625
250,WeightedLFU,0.41943359375
251,WeightedLFU,0.4085286458333333
252,WeightedLFU,0.4197591145833333
253,WeightedLFU,0.41259765625
254,WeightedLFU,0.39599609375
255,WeightedLFU,0.412109375
256,WeightedLFU,0.4103190104166667
257,WeightedLFU,0.4158528645833333
258,WeightedLFU,0.4104817708333333
259,WeightedLFU,0.427734375
260,WeightedLFU,0.439453125
261,WeightedLFU,0.4306640625
262,WeightedLFU,0.4251302083333333
263,WeightedLFU,0.4205729166666667
264,WeightedLFU,0.4453125
265,WeightedLFU,0.42626953125
266,WeightedLFU,0.3919270833333333
267,WeightedLFU,0.4334309895833333
268,WeightedLFU,0.4005533854166667
269,WeightedLFU,0.4010416666666667
270,WeightedLFU,0.4127604166666667
271,WeightedLFU,0.4034830729166667
272,WeightedLFU,0.41015625
273,WeightedLFU,0.4002278645833333
274,WeightedLFU,0.41748046875
275,WeightedLFU,0.3795572916666667
276,WeightedLFU,0.4306640625
277,WeightedLFU,0.4189453125
278,WeightedLFU,0.4261067708333333
279,WeightedLFU,0.4117838541666667
280,WeightedLFU,0.3963216145833333
281,WeightedLFU,0.4200846354166667
282,WeightedLFU,0.4339192708333333
283,WeightedLFU,0.42333984375
284,WeightedLFU,0.4059244791666667
285,WeightedLFU,0.4444986979166667
286,WeightedLFU,0.4026692708333333
287,WeightedLFU,0.4054361979166667
288,WeightedLFU,0.4176432291666667
289,WeightedLFU,0.4150390625
290,WeightedLFU,0.4070638020833333
291,WeightedLFU,0.4134114583333333
292,WeightedLFU,0.412109375
293,WeightedLFU,0.4322916666666667
294,WeightedLFU,0.3937174479166667
295,WeightedLFU,0.4176432291666667
296,WeightedLFU,0.4158528645833333
297,WeightedLFU,0.4254557291666667
298,WeightedLFU,0.4375
299,WeightedLFU,0.41162109375
300,WeightedLFU,0.427734375
301,WeightedLFU,0.4368489583333333
302,WeightedLFU,0.4523111979166667
303,WeightedLFU,0.4314778645833333
304,WeightedLFU,0.4283854166666667
305,WeightedLFU,0.4365234375
306,WeightedLFU,0.4571940104166667
307,WeightedLFU,0.4695638020833333
308,WeightedLFU,0.4459635416666667
309,WeightedLFU,0.439453125
310,WeightedLFU,0.423828125
311,WeightedLFU,0.4314778645833333
312,WeightedLFU,0.44091796875
313,WeightedLFU,0.4401041666666667
314,WeightedLFU,0.4298502604166667
315,WeightedLFU,0.42138671875
316,WeightedLFU,0.404296875
317,WeightedLFU,0.4140625
318,WeightedLFU,0.4002278645833333
319,WeightedLFU,0.3942057291666667
320,WeightedLFU,0.4012044270833333
321,WeightedLFU,0.4020182291666667
322,WeightedLFU,0.4169921875
323,WeightedLFU,0.40478515625
324,WeightedLFU,0.4251302083333333
325,WeightedLFU,0.4254557291666667
326,WeightedLFU,0.4095052083333333
327,WeightedLFU,0.4083658854166667
328,WeightedLFU,0.4090169270833333
329,WeightedLFU,0.39453125
330,WeightedLFU,0.3968098958333333
331,WeightedLFU,0.4156901041666667
332,WeightedLFU,0.4059244791666667
333,WeightedLFU,0.4132486979166667
334,WeightedLFU,0.3938802083333333
335,WeightedLFU,0.4230143229166667
336,WeightedLFU,0.4236653645833333
337,WeightedLFU,0.4371744791666667
338,WeightedLFU,0.4205729166666667
339,WeightedLFU,0.4327799479166667
340,WeightedLFU,0.4495442708333333
341,WeightedLFU,0.4187825520833333
342,WeightedLFU,0.4401041666666667
343,WeightedLFU,0.4060872395833333
344,WeightedLFU,0.40380859375
345,WeightedLFU,0.4265950520833333
346,WeightedLFU,0.4471028645833333
347,WeightedLFU,0.4212239583333333
348,WeightedLFU,0.4270833333333333
349,WeightedLFU,0.4143880208333333
350,WeightedLFU,0.4059244791666667
351,WeightedLFU,0.4142252604166667
352,WeightedLFU,0.41845703125
353,WeightedLFU,0.4228515625
354,WeightedLFU,0.4358723958333333
355,WeightedLFU,0.4461263020833333
356,WeightedLFU,0.4453125
357,WeightedLFU,0.4329427083333333
358,WeightedLFU,0.4278971354166667
359,WeightedLFU,0.4270833333333333
360,WeightedLFU,0.4475911458333333
361,WeightedLFU,0.41796875
362,WeightedLFU,0.416015625
363,WeightedLFU,0.4142252604166667
364,WeightedLFU,0.404296875
365,WeightedLFU,0.3880208333333333
366,WeightedLFU,0.3956705729166667
367,WeightedLFU,0.4064127604166667
368,WeightedLFU,0.4327799479166667
369,WeightedLFU,0.4230143229166667
370,WeightedLFU,0.41455078125
371,WeightedLFU,0.4187825520833333
372,WeightedLFU,0.4420572916666667
373,WeightedLFU,0.4366861979166667
374,WeightedLFU,0.4293619791666667
375,WeightedLFU,0.43701171875
376,WeightedLFU,0.4295247395833333
377,WeightedLFU,0.4122721354166667
378,WeightedLFU,0.4264322916666667
379,WeightedLFU,0.4278971354166667
380,WeightedLFU,0.3818359375
381,WeightedLFU,0.4137369791666667
382,WeightedLFU,0.4168294270833333
383,WeightedLFU,0.4251302083333333
384,WeightedLFU,0.4104817708333333
385,WeightedLFU,0.3829752604166667
386,WeightedLFU,0.3898111979166667
387,WeightedLFU,0.4239908854166667
388,WeightedLFU,0.431640625
389,WeightedLFU,0.4308268229166667
390,WeightedLFU,0.4300130208333333
391,WeightedLFU,0.4124348958333333
392,WeightedLFU,0.4283854166666667
393,WeightedLFU,0.4251302083333333
394,WeightedLFU,0.4012044270833333
395,WeightedLFU,0.3961588541666667
396,WeightedLFU,0.4215494791666667
397,WeightedLFU,0.4275716145833333
398,WeightedLFU,0.4235026041666667
399,WeightedLFU,0.4441731770833333
400,WeightedLFU,0.4261067708333333
401,WeightedLFU,0.4173177083333333
402,WeightedLFU,0.4342447916666667
403,WeightedLFU,0.439453125
404,WeightedLFU,0.4176432291666667
405,WeightedLFU,0.4464518229166667
406,WeightedLFU,0.4659830729166667
407,WeightedLFU,0.4443359375
408,WeightedLFU,0.4466145833333333
409,WeightedLFU,0.4342447916666667
410,WeightedLFU,0.4298502604166667
411,WeightedLFU,0.4324544270833333
412,WeightedLFU,0.41552734375
413,WeightedLFU,0.4173177083333333
414,WeightedLFU,0.4016927083333333
415,WeightedLFU,0.4010416666666667
416,WeightedLFU,0.4083658854166667
417,WeightedLFU,0.41162109375
418,WeightedLFU,0.4129231770833333
419,WeightedLFU,0.4254557291666667
420,WeightedLFU,0.41357421875
421,WeightedLFU,0.4246419270833333
422,WeightedLFU,0.4471028645833333
423,WeightedLFU,0.431640625
424,WeightedLFU,0.4186197916666667
425,WeightedLFU,0.4207356770833333
426,WeightedLFU,0.4326171875
427,WeightedLFU,0.44384765625
428,WeightedLFU,0.4182942708333333
429,WeightedLFU,0.42431640625
430,WeightedLFU,0.4119466145833333
431,WeightedLFU,0.42236328125
432,WeightedLFU,0.4114583333333333
433,WeightedLFU,0.4217122395833333
434,WeightedLFU,0.4033203125
435,WeightedLFU,0.4153645833333333
436,WeightedLFU,0.4044596354166667
437,WeightedLFU,0.4173177083333333
438,WeightedLFU,0.4052734375
439,WeightedLFU,0.4055989583333333
440,WeightedLFU,0.4140625
441,WeightedLFU,0.42431640625
442,WeightedLFU,0.4296875
443,WeightedLFU,0.392578125
444,WeightedLFU,0.4274088541666667
445,WeightedLFU,0.4186197916666667
446,WeightedLFU,0.4186197916666667
447,WeightedLFU,0.42919921875
448,WeightedLFU,0.4386393229166667
449,WeightedLFU,0.4114583333333333
450,WeightedLFU,0.4212239583333333
451,WeightedLFU,0.43115234375
452,WeightedLFU,0.4241536458333333
453,WeightedLFU,0.4249674479166667
454,WeightedLFU,0.3893229166666667
455,WeightedLFU,0.4197591145833333
456,WeightedLFU,0.4274088541666667
457,WeightedLFU,0.4392903645833333
458,WeightedLFU,0.4410807291666667
459,WeightedLFU,0.4446614583333333
460,WeightedLFU,0.43994140625
461,WeightedLFU,0.4324544270833333
462,WeightedLFU,0.4484049479166667
463,WeightedLFU,0.4407552083333333
464,WeightedLFU,0.4256184895833333
465,WeightedLFU,0.4034830729166667
466,WeightedLFU,0.4454752604166667
467,WeightedLFU,0.4150390625
468,WeightedLFU,0.4235026041666667
469,WeightedLFU,0.4484049479166667
470,WeightedLFU,0.4326171875
471,WeightedLFU,0.4195963541666667
472,WeightedLFU,0.44384765625
473,WeightedLFU,0.4358723958333333
474,WeightedLFU,0.4326171875
475,WeightedLFU,0.4293619791666667
476,WeightedLFU,0.4178059895833333
477,WeightedLFU,0.4347330729166667
478,WeightedLFU,0.4249674479166667
479,WeightedLFU,0.4186197916666667
480,WeightedLFU,0.42529296875
481,WeightedLFU,0.4420572916666667
482,WeightedLFU,0.4205729166666667
483,WeightedLFU,0.4080403645833333
484,WeightedLFU,0.4020182291666667
485,WeightedLFU,0.41015625
486,WeightedLFU,0.42431640625
487,WeightedLFU,0.41650390625
488,WeightedLFU,0.42529296875
489,WeightedLFU,0.4283854166666667
490,WeightedLFU,0.41162109375
491,WeightedLFU,0.43310546875
492,WeightedLFU,0.4181315104166667
493,WeightedLFU,0.4212239583333333
494,WeightedLFU,0.4195963541666667
495,WeightedLFU,0.44775390625
496,WeightedLFU,0.43212890625
497,WeightedLFU,0.3896484375
498,WeightedLFU,0.4208984375
499,WeightedLFU,0.4109700520833333
500,WeightedLFU,0.4108072916666667
501,WeightedLFU,0.4270833333333333
502,WeightedLFU,0.4222005208333333
503,WeightedLFU,0.42822265625
504,WeightedLFU,0.4326171875
505,WeightedLFU,0.4378255208333333
506,WeightedLFU,0.4278971354166667
507,WeightedLFU,0.4508463541666667
508,WeightedLFU,0.4659830729166667
509,WeightedLFU,0.44873046875
510,WeightedLFU,0.4326171875
511,WeightedLFU,0.4244791666666667
512,WeightedLFU,0.431640625
513,WeightedLFU,0.4427083333333333
514,WeightedLFU,0.4259440104166667
515,WeightedLFU,0.4235026041666667
516,WeightedLFU,0.44091796875
517,WeightedLFU,0.4381510416666667
518,WeightedLFU,0.44140625
519,WeightedLFU,0.439453125
520,WeightedLFU,0.4378255208333333
521,WeightedLFU,0.4329427083333333
522,WeightedLFU,0.43505859375
523,WeightedLFU,0.4461263020833333
524,WeightedLFU,0.4287109375
525,WeightedLFU,0.4267578125
526,WeightedLFU,0.4270833333333333
527,WeightedLFU,0.4381510416666667
528,WeightedLFU,0.4303385416666667
529,WeightedLFU,0.427734375
530,WeightedLFU,0.41552734375
531,WeightedLFU,0.4287109375
532,WeightedLFU,0.4075520833333333
533,WeightedLFU,0.400390625
534,WeightedLFU,0.42724609375
535,WeightedLFU,0.4313151041666667
536,WeightedLFU,0.4306640625
537,WeightedLFU,0.4573567708333333
538,WeightedLFU,0.4259440104166667
539,WeightedLFU,0.3986002604166667
540,WeightedLFU,0.4510091145833333
541,WeightedLFU,0.4384765625
542,WeightedLFU,0.44287109375
543,WeightedLFU,0.4514973958333333
544,WeightedLFU,0.41015625
545,WeightedLFU,0.4407552083333333
546,WeightedLFU,0.43798828125
547,WeightedLFU,0.4453125
548,WeightedLFU,0.4474283854166667
549,WeightedLFU,0.4425455729166667
550,WeightedLFU,0.4306640625
551,WeightedLFU,0.4407552083333333
552,WeightedLFU,0.431640625
553,WeightedLFU,0.4161783854166667
554,WeightedLFU,0.4295247395833333
555,WeightedLFU,0.4501953125
556,WeightedLFU,0.4449869791666667
557,WeightedLFU,0.43994140625
558,WeightedLFU,0.4573567708333333
559,WeightedLFU,0.4500325520833333
560,WeightedLFU,0.42529296875
561,WeightedLFU,0.43017578125
562,WeightedLFU,0.4392903645833333
563,WeightedLFU,0.4365234375
564,WeightedLFU,0.4300130208333333
565,WeightedLFU,0.4402669270833333
566,WeightedLFU,0.4401041666666667
567,WeightedLFU,0.4521484375
568,WeightedLFU,0.462890625
569,WeightedLFU,0.4352213541666667
570,WeightedLFU,0.4381510416666667
571,WeightedLFU,0.44189453125
572,WeightedLFU,0.4462890625
573,WeightedLFU,0.4352213541666667
574,WeightedLFU,0.43017578125
575,WeightedLFU,0.4462890625
576,WeightedLFU,0.4319661458333333
577,WeightedLFU,0.4503580729166667
578,WeightedLFU,0.42919921875
579,WeightedLFU,0.4381510416666667
580,WeightedLFU,0.4373372395833333
581,WeightedLFU,0.4431966145833333
582,WeightedLFU,0.4510091145833333
583,WeightedLFU,0.4401041666666667
584,WeightedLFU,0.4602864583333333
585,WeightedLFU,0.42431640625
586,WeightedLFU,0.4401041666666667
587,WeightedLFU,0.451171875
588,WeightedLFU,0.4576822916666667
589,WeightedLFU,0.4615885416666667
590,WeightedLFU,0.4508463541666667
591,WeightedLFU,0.4622395833333333
592,WeightedLFU,0.4464518229166667
593,WeightedLFU,0.4444986979166667
594,WeightedLFU,0.43408203125
595,WeightedLFU,0.4373372395833333
596,WeightedLFU,0.400390625
597,WeightedLFU,0.419921875
598,WeightedLFU,0.4318033854166667
599,WeightedLFU,0.4156901041666667
600,WeightedLFU,0.4161783854166667
601,WeightedLFU,0.42431640625
602,WeightedLFU,0.4415690104166667
603,WeightedLFU,0.4295247395833333
604,WeightedLFU,0.4138997395833333
605,WeightedLFU,0.41357421875
606,WeightedLFU,0.43994140625
607,WeightedLFU,0.4446614583333333
608,WeightedLFU,0.4248046875
609,WeightedLFU,0.4466145833333333
610,WeightedLFU,0.42578125
611,WeightedLFU,0.40673828125
612,WeightedLFU,0.41552734375
613,WeightedLFU,0.4443359375
614,WeightedLFU,0.44091796875
615,WeightedLFU,0.4469401041666667
616,WeightedLFU,0.4440104166666667
617,WeightedLFU,0.4583333333333333
618,WeightedLFU,0.45947265625
619,WeightedLFU,0.4366861979166667
620,WeightedLFU,0.4427083333333333
621,WeightedLFU,0.4729817708333333
622,WeightedLFU,0.4549153645833333
623,WeightedLFU,0.4669596354166667
624,WeightedLFU,0.4547526041666667
625,WeightedLFU,0.4208984375
626,WeightedLFU,0.4423828125
627,WeightedLFU,0.4436848958333333
628,WeightedLFU,0.4402669270833333
629,WeightedLFU,0.4244791666666667
630,WeightedLFU,0.4466145833333333
631,WeightedLFU,0.4376627604166667
632,WeightedLFU,0.4280598958333333
633,WeightedLFU,0.4474283854166667
634,WeightedLFU,0.4290364583333333
635,WeightedLFU,0.4567057291666667
636,WeightedLFU,0.4747721354166667
637,WeightedLFU,0.4695638020833333
638,WeightedLFU,0.4524739583333333
639,WeightedLFU,0.4443359375
640,WeightedLFU,0.4615885416666667
641,WeightedLFU,0.4386393229166667
642,WeightedLFU,0.4514973958333333
643,WeightedLFU,0.44189453125
644,WeightedLFU,0.4420572916666667
645,WeightedLFU,0.4493815104166667
646,WeightedLFU,0.4388020833333333
647,WeightedLFU,0.45556640625
648,WeightedLFU,0.4474283854166667
649,WeightedLFU,0.4537760416666667
650,WeightedLFU,0.4436848958333333
651,WeightedLFU,0.4544270833333333
652,WeightedLFU,0.4306640625
653,WeightedLFU,0.4449869791666667
654,WeightedLFU,0.4383138020833333
655,WeightedLFU,0.4222005208333333
656,WeightedLFU,0.4596354166666667
657,WeightedLFU,0.4461263020833333
658,WeightedLFU,0.4557291666666667
659,WeightedLFU,0.4254557291666667
660,WeightedLFU,0.4305013020833333
661,WeightedLFU,0.435546875
662,WeightedLFU,0.44091796875
663,WeightedLFU,0.47021484375
664,WeightedLFU,0.4578450520833333
665,WeightedLFU,0.43798828125
666,WeightedLFU,0.4794921875
667,WeightedLFU,0.4677734375
668,WeightedLFU,0.4637044270833333
669,WeightedLFU,0.4781901041666667
670,WeightedLFU,0.4757486979166667
671,WeightedLFU,0.4635416666666667
672,WeightedLFU,0.45703125
673,WeightedLFU,0.45166015625
674,WeightedLFU,0.4239908854166667
675,WeightedLFU,0.4365234375
676,WeightedLFU,0.43359375
677,WeightedLFU,0.4287109375
678,WeightedLFU,0.4329427083333333
679,WeightedLFU,0.4138997395833333
680,WeightedLFU,0.4298502604166667
681,WeightedLFU,0.4181315104166667
682,WeightedLFU,0.43798828125
683,WeightedLFU,0.45654296875
684,WeightedLFU,0.47265625
685,WeightedLFU,0.4435221354166667
686,WeightedLFU,0.4495442708333333
687,WeightedLFU,0.4768880208333333
688,WeightedLFU,0.4514973958333333
689,WeightedLFU,0.4524739583333333
690,WeightedLFU,0.45068359375
691,WeightedLFU,0.46337890625
692,WeightedLFU,0.4552408854166667
693,WeightedLFU,0.4464518229166667
694,WeightedLFU,0.4440104166666667
695,WeightedLFU,0.4339192708333333
696,WeightedLFU,0.4459635416666667
697,WeightedLFU,0.4482421875
698,WeightedLFU,0.4635416666666667
699,WeightedLFU,0.4501953125
700,WeightedLFU,0.45703125
701,WeightedLFU,0.4431966145833333
702,WeightedLFU,0.46533203125
703,WeightedLFU,0.45751953125
704,WeightedLFU,0.4560546875
705,WeightedLFU,0.45751953125
706,WeightedLFU,0.4659830729166667
707,WeightedLFU,0.4454752604166667
708,WeightedLFU,0.45068359375
709,WeightedLFU,0.443359375
710,WeightedLFU,0.4524739583333333
711,WeightedLFU,0.4677734375
712,WeightedLFU,0.4798177083333333
713,WeightedLFU,0.4597981770833333
714,WeightedLFU,0.4567057291666667
715,WeightedLFU,0.4703776041666667
716,WeightedLFU,0.45751953125
717,WeightedLFU,0.47119140625
718,WeightedLFU,0.4833984375
719,WeightedLFU,0.4620768229166667
720,WeightedLFU,0.4635416666666667
721,WeightedLFU,0.4715169270833333
722,WeightedLFU,0.4840494791666667
723,WeightedLFU,0.4591471354166667
724,WeightedLFU,0.4454752604166667
725,WeightedLFU,0.4519856770833333
726,WeightedLFU,0.4510091145833333
727,WeightedLFU,0.4376627604166667
728,WeightedLFU,0.4339192708333333
729,WeightedLFU,0.4571940104166667
730,WeightedLFU,0.43994140625
731,WeightedLFU,0.4274088541666667
732,WeightedLFU,0.43994140625
733,WeightedLFU,0.4814453125
734,WeightedLFU,0.4586588541666667
735,WeightedLFU,0.4786783854166667
736,WeightedLFU,0.4847005208333333
737,WeightedLFU,0.4622395833333333
738,WeightedLFU,0.4788411458333333
739,WeightedLFU,0.46923828125
740,WeightedLFU,0.4503580729166667
741,WeightedLFU,0.4700520833333333
742,WeightedLFU,0.47216796875
743,WeightedLFU,0.458984375
744,WeightedLFU,0.4527994791666667
745,WeightedLFU,0.4694010416666667
746,WeightedLFU,0.49267578125
747,WeightedLFU,0.4713541666666667
748,WeightedLFU,0.47314453125
749,WeightedLFU,0.4366861979166667
750,WeightedLFU,0.4490559895833333
751,WeightedLFU,0.4449869791666667
752,WeightedLFU,0.4567057291666667
753,WeightedLFU,0.4640299479166667
754,WeightedLFU,0.4562174479166667
755,WeightedLFU,0.4534505208333333
756,WeightedLFU,0.478515625
757,WeightedLFU,0.4611002604166667
758,WeightedLFU,0.4640299479166667
759,WeightedLFU,0.45458984375
760,WeightedLFU,0.47265625
761,WeightedLFU,0.4576822916666667
762,WeightedLFU,0.4539388020833333
763,WeightedLFU,0.4615885416666667
764,WeightedLFU,0.4449869791666667
765,WeightedLFU,0.47607421875
766,WeightedLFU,0.4749348958333333
767,WeightedLFU,0.4650065104166667
768,WeightedLFU,0.4562174479166667
769,WeightedLFU,0.4612630208333333
770,WeightedLFU,0.4586588541666667
771,WeightedLFU,0.4580078125
772,WeightedLFU,0.4806315104166667
773,WeightedLFU,0.4654947916666667
774,WeightedLFU,0.4736328125
775,WeightedLFU,0.4637044270833333
776,WeightedLFU,0.4650065104166667
777,WeightedLFU,0.4532877604166667
778,WeightedLFU,0.4708658854166667
779,WeightedLFU,0.4495442708333333
780,WeightedLFU,0.4640299479166667
781,WeightedLFU,0.4661458333333333
782,WeightedLFU,0.4835611979166667
783,WeightedLFU,0.4778645833333333
784,WeightedLFU,0.4493815104166667
785,WeightedLFU,0.4666341145833333
786,WeightedLFU,0.47802734375
787,WeightedLFU,0.4685872395833333
788,WeightedLFU,0.4658203125
789,WeightedLFU,0.4609375
790,WeightedLFU,0.4593098958333333
791,WeightedLFU,0.4544270833333333
792,WeightedLFU,0.4724934895833333
793,WeightedLFU,0.4637044270833333
794,WeightedLFU,0.4381510416666667
795,WeightedLFU,0.45361328125
796,WeightedLFU,0.4435221354166667
797,WeightedLFU,0.435546875
798,WeightedLFU,0.453125
799,WeightedLFU,0.4503580729166667
800,WeightedLFU,0.4568684895833333
801,WeightedLFU,0.4734700520833333
802,WeightedLFU,0.4638671875
803,WeightedLFU,0.4508463541666667
804,WeightedLFU,0.4772135416666667
805,WeightedLFU,0.4571940104166667
806,WeightedLFU,0.4518229166666667
807,WeightedLFU,0.4622395833333333
808,WeightedLFU,0.4972330729166667
809,WeightedLFU,0.4578450520833333
810,WeightedLFU,0.4666341145833333
811,WeightedLFU,0.4908854166666667
812,WeightedLFU,0.4637044270833333
813,WeightedLFU,0.4716796875
814,WeightedLFU,0.4793294270833333
815,WeightedLFU,0.4737955729166667
816,WeightedLFU,0.4609375
817,WeightedLFU,0.4625651041666667
818,WeightedLFU,0.4664713541666667
819,WeightedLFU,0.46337890625
820,WeightedLFU,0.47900390625
821,WeightedLFU,0.43603515625
822,WeightedLFU,0.4269205729166667
823,WeightedLFU,0.4479166666666667
824,WeightedLFU,0.4671223958333333
825,WeightedLFU,0.4640299479166667
826,WeightedLFU,0.453125
827,WeightedLFU,0.4593098958333333
828,WeightedLFU,0.4886067708333333
829,WeightedLFU,0.486328125
830,WeightedLFU,0.47265625
831,WeightedLFU,0.4928385416666667
832,WeightedLFU,0.47802734375
833,WeightedLFU,0.4803059895833333
834,WeightedLFU,0.4609375
835,WeightedLFU,0.44970703125
836,WeightedLFU,0.45703125
837,WeightedLFU,0.45361328125
838,WeightedLFU,0.4650065104166667
839,WeightedLFU,0.4542643229166667
840,WeightedLFU,0.4576822916666667
841,WeightedLFU,0.4580078125
842,WeightedLFU,0.47802734375
843,WeightedLFU,0.4619140625
844,WeightedLFU,0.4698893229166667
845,WeightedLFU,0.4576822916666667
846,WeightedLFU,0.470703125
847,WeightedLFU,0.4664713541666667
848,WeightedLFU,0.45263671875
849,WeightedLFU,0.455078125
850,WeightedLFU,0.4523111979166667
851,WeightedLFU,0.4768880208333333
852,WeightedLFU,0.4990234375
853,WeightedLFU,0.4777018229166667
854,WeightedLFU,0.4879557291666667
855,WeightedLFU,0.4619140625
856,WeightedLFU,0.4879557291666667
857,WeightedLFU,0.4638671875
858,WeightedLFU,0.4694010416666667
859,WeightedLFU,0.4847005208333333
860,WeightedLFU,0.4656575520833333
861,WeightedLFU,0.4777018229166667
862,WeightedLFU,0.4737955729166667
863,WeightedLFU,0.46923828125
864,WeightedLFU,0.4798177083333333
865,WeightedLFU,0.4619140625
866,WeightedLFU,0.46337890625
867,WeightedLFU,0.4736328125
868,WeightedLFU,0.4689127604166667
869,WeightedLFU,0.4578450520833333
870,WeightedLFU,0.4373372395833333
871,WeightedLFU,0.45849609375
872,WeightedLFU,0.4475911458333333
873,WeightedLFU,0.4803059895833333
874,WeightedLFU,0.45751953125
875,WeightedLFU,0.43798828125
876,WeightedLFU,0.4915364583333333
877,WeightedLFU,0.50341796875
878,WeightedLFU,0.4949544270833333
879,WeightedLFU,0.5066731770833334
880,WeightedLFU,0.5017903645833334
881,WeightedLFU,0.4866536458333333
882,WeightedLFU,0.4939778645833333
883,WeightedLFU,0.4962565104166667
884,WeightedLFU,0.49560546875
885,WeightedLFU,0.4796549479166667
886,WeightedLFU,0.48876953125
887,WeightedLFU,0.4884440104166667
888,WeightedLFU,0.4754231770833333
889,WeightedLFU,0.4744466145833333
890,WeightedLFU,0.4812825520833333
891,WeightedLFU,0.4798177083333333
892,WeightedLFU,0.47021484375
893,WeightedLFU,0.4775390625
894,WeightedLFU,0.46728515625
895,WeightedLFU,0.4305013020833333
896,WeightedLFU,0.4669596354166667
897,WeightedLFU,0.462890625
898,WeightedLFU,0.4508463541666667
899,WeightedLFU,0.4539388020833333
900,WeightedLFU,0.47314453125
901,WeightedLFU,0.4724934895833333
902,WeightedLFU,0.46435546875
903,WeightedLFU,0.4993489583333333
904,WeightedLFU,0.4607747395833333
905,WeightedLFU,0.455078125
906,WeightedLFU,0.494140625
907,WeightedLFU,0.4759114583333333
908,WeightedLFU,0.4796549479166667
909,WeightedLFU,0.4959309895833333
910,WeightedLFU,0.4884440104166667
911,WeightedLFU,0.5042317708333334
912,WeightedLFU,0.4708658854166667
913,WeightedLFU,0.4724934895833333
914,WeightedLFU,0.4763997395833333
915,WeightedLFU,0.4637044270833333
916,WeightedLFU,0.4723307291666667
917,WeightedLFU,0.4469401041666667
918,WeightedLFU,0.4607747395833333
919,WeightedLFU,0.46875
920,WeightedLFU,0.4485677083333333
921,WeightedLFU,0.4573567708333333
922,WeightedLFU,0.4635416666666667
923,WeightedLFU,0.4392903645833333
924,WeightedLFU,0.4500325520833333
925,WeightedLFU,0.4459635416666667
926,WeightedLFU,0.451171875
927,WeightedLFU,0.46044921875
928,WeightedLFU,0.46826171875
929,WeightedLFU,0.4650065104166667
930,WeightedLFU,0.4755859375
931,WeightedLFU,0.4791666666666667
932,WeightedLFU,0.48193359375
933,WeightedLFU,0.4765625
934,WeightedLFU,0.48974609375
935,WeightedLFU,0.4684244791666667
936,WeightedLFU,0.498046875
937,WeightedLFU,0.4674479166666667
938,WeightedLFU,0.4884440104166667
939,WeightedLFU,0.4998372395833333
940,WeightedLFU,0.4840494791666667
941,WeightedLFU,0.4871419270833333
942,WeightedLFU,0.4602864583333333
943,WeightedLFU,0.4708658854166667
944,WeightedLFU,0.4767252604166667
945,WeightedLFU,0.4837239583333333
946,WeightedLFU,0.4586588541666667
947,WeightedLFU,0.4558919270833333
948,WeightedLFU,0.4783528645833333
949,WeightedLFU,0.4694010416666667
950,WeightedLFU,0.46435546875
951,WeightedLFU,0.47021484375
952,WeightedLFU,0.4703776041666667
953,WeightedLFU,0.4669596354166667
954,WeightedLFU,0.4713541666666667
955,WeightedLFU,0.4630533854166667
956,WeightedLFU,0.4500325520833333
957,WeightedLFU,0.4641927083333333
958,WeightedLFU,0.4568684895833333
959,WeightedLFU,0.4609375
960,WeightedLFU,0.4500325520833333
961,WeightedLFU,0.43798828125
962,WeightedLFU,0.46240234375
963,WeightedLFU,0.45458984375
964,WeightedLFU,0.43603515625
965,WeightedLFU,0.4861653645833333
966,WeightedLFU,0.470703125
967,WeightedLFU,0.4928385416666667
968,WeightedLFU,0.4560546875
969,WeightedLFU,0.48193359375
970,WeightedLFU,0.4523111979166667
971,WeightedLFU,0.4619140625
972,WeightedLFU,0.4773763020833333
973,WeightedLFU,0.4837239583333333
974,WeightedLFU,0.4641927083333333
975,WeightedLFU,0.4552408854166667
976,WeightedLFU,0.46484375
977,WeightedLFU,0.4401041666666667
978,WeightedLFU,0.4723307291666667
979,WeightedLFU,0.49267578125
980,WeightedLFU,0.4571940104166667
981,WeightedLFU,0.5061848958333334
982,WeightedLFU,0.4822591145833333
983,WeightedLFU,0.4783528645833333
984,WeightedLFU,0.4747721354166667
985,WeightedLFU,0.4778645833333333
986,WeightedLFU,0.4954427083333333
987,WeightedLFU,0.4910481770833333
988,WeightedLFU,0.482421875
989,WeightedLFU,0.458984375
990,WeightedLFU,0.46875
991,WeightedLFU,0.4847005208333333
992,WeightedLFU,0.4912109375
993,WeightedLFU,0.484375
994,WeightedLFU,0.4583333333333333
995,WeightedLFU,0.4768880208333333
996,WeightedLFU,0.4635416666666667
997,WeightedLFU,0.4544270833333333
998,WeightedLFU,0.47265625
999,WeightedLFU,0.47412109375
1000,WeightedLFU,0.4978841145833333
1001,WeightedLFU,0.45654296875
1002,WeightedLFU,0.4755859375
1003,WeightedLFU,0.4583333333333333
1004,WeightedLFU,0.4599609375
1005,WeightedLFU,0.4873046875
1006,WeightedLFU,0.5050455729166666
1007,WeightedLFU,0.4765625
1008,WeightedLFU,0.4853515625
1009,WeightedLFU,0.48876953125
1010,WeightedLFU,0.4658203125
1011,WeightedLFU,0.4982096354166667
1012,WeightedLFU,0.4811197916666667
1013,WeightedLFU,0.4679361979166667
1014,WeightedLFU,0.4899088541666667
1015,WeightedLFU,0.4593098958333333
1016,WeightedLFU,0.4866536458333333
1017,WeightedLFU,0.5003255208333334
1018,WeightedLFU,0.4939778645833333
1019,WeightedLFU,0.4759114583333333
1020,WeightedLFU,0.4967447916666667
1021,WeightedLFU,0.4983723958333333
1022,WeightedLFU,0.48583984375
1023,WeightedLFU,0.490234375
3,THER,0.4645182291666667
4,THER,0.4313151041666667
5,THER,0.4334309895833333
6,THER,0.4230143229166667
7,THER,0.4690755208333333
8,THER,0.451171875
9,THER,0.4690755208333333
10,THER,0.4371744791666667
11,THER,0.4557291666666667
12,THER,0.4386393229166667
13,THER,0.4215494791666667
14,THER,0.43408203125
15,THER,0.4632161458333333
16,THER,0.484375
17,THER,0.4720052083333333
18,THER,0.44775390625
19,THER,0.4661458333333333
20,THER,0.4404296875
21,THER,0.45068359375
22,THER,0.4611002604166667
23,THER,0.47900390625
24,THER,0.4752604166666667
25,THER,0.4441731770833333
26,THER,0.44482421875
27,THER,0.4462890625
28,THER,0.42626953125
29,THER,0.4484049479166667
30,THER,0.4270833333333333
31,THER,0.4482421875
32,THER,0.4285481770833333
33,THER,0.4378255208333333
34,THER,0.4192708333333333
35,THER,0.4397786458333333
36,THER,0.4303385416666667
37,THER,0.4078776041666667
38,THER,0.4052734375
39,THER,0.4765625
40,THER,0.447265625
41,THER,0.4695638020833333
42,THER,0.4625651041666667
43,THER,0.5328776041666666
44,THER,0.50537109375
45,THER,0.5188802083333334
46,THER,0.48681640625
47,THER,0.52490234375
48,THER,0.4910481770833333
49,THER,0.5032552083333334
50,THER,0.43115234375
51,THER,0.4615885416666667
52,THER,0.4812825520833333
53,THER,0.4816080729166667
54,THER,0.4645182291666667
55,THER,0.4677734375
56,THER,0.4275716145833333
57,THER,0.4529622395833333
58,THER,0.4073893229166667
59,THER,0.4557291666666667
60,THER,0.4578450520833333
61,THER,0.451171875
62,THER,0.4599609375
63,THER,0.4908854166666667
64,THER,0.4562174479166667
65,THER,0.4501953125
66,THER,0.4677734375
67,THER,0.4679361979166667
68,THER,0.44189453125
69,THER,0.4580078125
70,THER,0.4431966145833333
71,THER,0.4861653645833333
72,THER,0.462890625
73,THER,0.4495442708333333
74,THER,0.44580078125
75,THER,0.4641927083333333
76,THER,0.4295247395833333
77,THER,0.4488932291666667
78,THER,0.4168294270833333
79,THER,0.4571940104166667
80,THER,0.4444986979166667
81,THER,0.4436848958333333
82,THER,0.4275716145833333
83,THER,0.4881184895833333
84,THER,0.4552408854166667
85,THER,0.4720052083333333
86,THER,0.443359375
87,THER,0.49072265625
88,THER,0.5003255208333334
89,THER,0.4724934895833333
90,THER,0.458984375
91,THER,0.4695638020833333
92,THER,0.4658203125
93,THER,0.4469401041666667
94,THER,0.458984375
95,THER,0.4679361979166667
96,THER,0.4581705729166667
97,THER,0.43896484375
98,THER,0.4742838541666667
99,THER,0.4763997395833333
100,THER,0.447265625
101,THER,0.4420572916666667
102,THER,0.4422200520833333
103,THER,0.4501953125
104,THER,0.43359375
105,THER,0.46728515625
106,THER,0.4757486979166667
107,THER,0.4469401041666667
108,THER,0.45751953125
109,THER,0.4910481770833333
110,THER,0.44873046875
111,THER,0.4972330729166667
112,THER,0.4806315104166667
113,THER,0.4767252604166667
114,THER,0.4368489583333333
115,THER,0.4855143229166667
116,THER,0.48291015625
117,THER,0.4734700520833333
118,THER,0.4471028645833333
119,THER,0.4803059895833333
120,THER,0.423828125
121,THER,0.4306640625
122,THER,0.4539388020833333
123,THER,0.404296875
124,THER,0.3761393229166667
125,THER,0.4093424479166667
126,THER,0.4332682291666667
127,THER,0.470703125
128,THER,0.4532877604166667
129,THER,0.44873046875
130,THER,0.4514973958333333
131,THER,0.4847005208333333
132,THER,0.45166015625
133,THER,0.4532877604166667
134,THER,0.4222005208333333
135,THER,0.4479166666666667
136,THER,0.43017578125
137,THER,0.4150390625
138,THER,0.4365234375
139,THER,0.4513346354166667
140,THER,0.4171549479166667
141,THER,0.427734375
142,THER,0.435546875
143,THER,0.44970703125
144,THER,0.4453125
145,THER,0.4337565104166667
146,THER,0.4166666666666667
147,THER,0.4412434895833333
148,THER,0.4388020833333333
149,THER,0.4318033854166667
150,THER,0.4357096354166667
151,THER,0.4990234375
152,THER,0.48486328125
153,THER,0.4443359375
154,THER,0.427734375
155,THER,0.4363606770833333
156,THER,0.4345703125
157,THER,0.4235026041666667
158,THER,0.41943359375
159,THER,0.4713541666666667
160,THER,0.43798828125
161,THER,0.4195963541666667
162,THER,0.4401041666666667
163,THER,0.4542643229166667
164,THER,0.4111328125
165,THER,0.4539388020833333
166,THER,0.4347330729166667
167,THER,0.43896484375
168,THER,0.4339192708333333
169,THER,0.4182942708333333
170,THER,0.42236328125
171,THER,0.4710286458333333
172,THER,0.4521484375
173,THER,0.44873046875
174,THER,0.4557291666666667
175,THER,0.4435221354166667
176,THER,0.4283854166666667
177,THER,0.4375
178,THER,0.400390625
179,THER,0.4051106770833333
180,THER,0.4134114583333333
181,THER,0.4357096354166667
182,THER,0.3909505208333333
183,THER,0.4363606770833333
184,THER,0.42041015625
185,THER,0.4334309895833333
186,THER,0.4601236979166667
187,THER,0.46142578125
188,THER,0.4563802083333333
189,THER,0.4443359375
190,THER,0.4366861979166667
191,THER,0.4568684895833333
192,THER,0.4306640625
193,THER,0.4296875
194,THER,0.43408203125
195,THER,0.44921875
196,THER,0.4361979166666667
197,THER,0.4376627604166667
198,THER,0.4326171875
199,THER,0.4339192708333333
200,THER,0.3976236979166667
201,THER,0.4083658854166667
202,THER,0.3948567708333333
203,THER,0.4007161458333333
204,THER,0.40380859375
205,THER,0.4397786458333333
206,THER,0.435546875
207,THER,0.4558919270833333
208,THER,0.44384765625
209,THER,0.453125
210,THER,0.455078125
211,THER,0.4596354166666667
212,THER,0.4684244791666667
213,THER,0.4698893229166667
214,THER,0.4392903645833333
215,THER,0.435546875
216,THER,0.4459635416666667
217,THER,0.4547526041666667
218,THER,0.4318033854166667
219,THER,0.4441731770833333
220,THER,0.4288736979166667
221,THER,0.4163411458333333
222,THER,0.4358723958333333
223,THER,0.4207356770833333
224,THER,0.4173177083333333
225,THER,0.4435221354166667
226,THER,0.4108072916666667
227,THER,0.4300130208333333
228,THER,0.42822265625
229,THER,0.4254557291666667
230,THER,0.4152018229166667
231,THER,0.4658203125
232,THER,0.4195963541666667
233,THER,0.4278971354166667
234,THER,0.4560546875
235,THER,0.4501953125
236,THER,0.43017578125
237,THER,0.4505208333333333
238,THER,0.4571940104166667
239,THER,0.4490559895833333
240,THER,0.40478515625
241,THER,0.46533203125
242,THER,0.4309895833333333
243,THER,0.4772135416666667
244,THER,0.4313151041666667
245,THER,0.4231770833333333
246,THER,0.4430338541666667
247,THER,0.4567057291666667
248,THER,0.4471028645833333
249,THER,0.4422200520833333
250,THER,0.4309895833333333
251,THER,0.4226888020833333
252,THER,0.4020182291666667
253,THER,0.4293619791666667
254,THER,0.40966796875
255,THER,0.4444986979166667
256,THER,0.4143880208333333
257,THER,0.4205729166666667
258,THER,0.4306640625
259,THER,0.45703125
260,THER,0.4384765625
261,THER,0.4254557291666667
262,THER,0.4065755208333333
263,THER,0.4436848958333333
264,THER,0.4303385416666667
265,THER,0.4230143229166667
266,THER,0.4039713541666667
267,THER,0.453125
268,THER,0.4117838541666667
269,THER,0.4169921875
270,THER,0.4158528645833333
271,THER,0.4366861979166667
272,THER,0.42578125
273,THER,0.4122721354166667
274,THER,0.4186197916666667
275,THER,0.41796875
276,THER,0.43505859375
277,THER,0.4278971354166667
278,THER,0.4313151041666667
279,THER,0.4407552083333333
280,THER,0.4158528645833333
281,THER,0.42529296875
282,THER,0.4347330729166667
283,THER,0.4521484375
284,THER,0.41552734375
285,THER,0.4514973958333333
286,THER,0.4069010416666667
287,THER,0.4241536458333333
288,THER,0.4249674479166667
289,THER,0.41357421875
290,THER,0.4093424479166667
291,THER,0.4420572916666667
292,THER,0.4169921875
293,THER,0.4453125
294,THER,0.4104817708333333
295,THER,0.4306640625
296,THER,0.4085286458333333
297,THER,0.4293619791666667
298,THER,0.4288736979166667
299,THER,0.4293619791666667
300,THER,0.4280598958333333
301,THER,0.44091796875
302,THER,0.4383138020833333
303,THER,0.4622395833333333
304,THER,0.4580078125
305,THER,0.4529622395833333
306,THER,0.4485677083333333
307,THER,0.5027669270833334
308,THER,0.4895833333333333
309,THER,0.47900390625
310,THER,0.4484049479166667
311,THER,0.4529622395833333
312,THER,0.42431640625
313,THER,0.4226888020833333
314,THER,0.4134114583333333
315,THER,0.43994140625
316,THER,0.3951822916666667
317,THER,0.423828125
318,THER,0.3912760416666667
319,THER,0.4366861979166667
320,THER,0.4163411458333333
321,THER,0.3966471354166667
322,THER,0.396484375
323,THER,0.42626953125
324,THER,0.427734375
325,THER,0.4122721354166667
326,THER,0.4129231770833333
327,THER,0.4381510416666667
328,THER,0.43408203125
329,THER,0.4231770833333333
330,THER,0.4274088541666667
331,THER,0.4654947916666667
332,THER,0.4527994791666667
333,THER,0.443359375
334,THER,0.4322916666666667
335,THER,0.4529622395833333
336,THER,0.45166015625
337,THER,0.4684244791666667
338,THER,0.4505208333333333
339,THER,0.46484375
340,THER,0.4612630208333333
341,THER,0.4305013020833333
342,THER,0.443359375
343,THER,0.4220377604166667
344,THER,0.4104817708333333
345,THER,0.42822265625
346,THER,0.4425455729166667
347,THER,0.46044921875
348,THER,0.443359375
349,THER,0.4293619791666667
350,THER,0.4085286458333333
351,THER,0.43896484375
352,THER,0.4345703125
353,THER,0.4404296875
354,THER,0.4410807291666667
355,THER,0.4612630208333333
356,THER,0.4541015625
357,THER,0.4384765625
358,THER,0.4466145833333333
359,THER,0.4617513020833333
360,THER,0.4695638020833333
361,THER,0.4521484375
362,THER,0.4287109375
363,THER,0.44287109375
364,THER,0.41357421875
365,THER,0.3946940104166667
366,THER,0.3893229166666667
367,THER,0.4329427083333333
368,THER,0.4256184895833333
369,THER,0.4236653645833333
370,THER,0.4275716145833333
371,THER,0.4339192708333333
372,THER,0.4503580729166667
373,THER,0.4436848958333333
374,THER,0.4303385416666667
375,THER,0.4666341145833333
376,THER,0.4490559895833333
377,THER,0.4309895833333333
378,THER,0.4298502604166667
379,THER,0.4638671875
380,THER,0.4108072916666667
381,THER,0.4181315104166667
382,THER,0.4205729166666667
383,THER,0.4436848958333333
384,THER,0.4059244791666667
385,THER,0.4026692708333333
386,THER,0.39990234375
387,THER,0.4464518229166667
388,THER,0.4420572916666667
389,THER,0.4324544270833333
390,THER,0.40966796875
391,THER,0.4412434895833333
392,THER,0.4440104166666667
393,THER,0.4322916666666667
394,THER,0.4161783854166667
395,THER,0.4376627604166667
396,THER,0.4609375
397,THER,0.43994140625
398,THER,0.4226888020833333
399,THER,0.47265625
400,THER,0.42626953125
401,THER,0.4391276041666667
402,THER,0.4444986979166667
403,THER,0.4715169270833333
404,THER,0.4373372395833333
405,THER,0.4729817708333333
406,THER,0.4698893229166667
407,THER,0.46728515625
408,THER,0.4498697916666667
409,THER,0.4493815104166667
410,THER,0.4365234375
411,THER,0.4658203125
412,THER,0.44580078125
413,THER,0.4471028645833333
414,THER,0.4254557291666667
415,THER,0.4392903645833333
416,THER,0.40625
417,THER,0.4293619791666667
418,THER,0.4249674479166667
419,THER,0.46044921875
420,THER,0.4152018229166667
421,THER,0.42236328125
422,THER,0.4235026041666667
423,THER,0.4650065104166667
424,THER,0.42333984375
425,THER,0.4474283854166667
426,THER,0.4449869791666667
427,THER,0.4650065104166667
428,THER,0.4456380208333333
429,THER,0.4267578125
430,THER,0.435546875
431,THER,0.4514973958333333
432,THER,0.4309895833333333
433,THER,0.4495442708333333
434,THER,0.4236653645833333
435,THER,0.4664713541666667
436,THER,0.4493815104166667
437,THER,0.4495442708333333
438,THER,0.4474283854166667
439,THER,0.4591471354166667
440,THER,0.458984375
441,THER,0.4654947916666667
442,THER,0.4601236979166667
443,THER,0.4456380208333333
444,THER,0.45947265625
445,THER,0.4597981770833333
446,THER,0.4446614583333333
447,THER,0.4620768229166667
448,THER,0.4635416666666667
449,THER,0.43310546875
450,THER,0.4425455729166667
451,THER,0.4641927083333333
452,THER,0.4513346354166667
453,THER,0.4469401041666667
454,THER,0.4148763020833333
455,THER,0.478515625
456,THER,0.4265950520833333
457,THER,0.4371744791666667
458,THER,0.4523111979166667
459,THER,0.4755859375
460,THER,0.4658203125
461,THER,0.453125
462,THER,0.4547526041666667
463,THER,0.4661458333333333
464,THER,0.4246419270833333
465,THER,0.41064453125
466,THER,0.4503580729166667
467,THER,0.4378255208333333
468,THER,0.4327799479166667
469,THER,0.4615885416666667
470,THER,0.4366861979166667
471,THER,0.4485677083333333
472,THER,0.4547526041666667
473,THER,0.4606119791666667
474,THER,0.4508463541666667
475,THER,0.4558919270833333
476,THER,0.4348958333333333
477,THER,0.4459635416666667
478,THER,0.4308268229166667
479,THER,0.4718424479166667
480,THER,0.43896484375
481,THER,0.4716796875
482,THER,0.45166015625
483,THER,0.44921875
484,THER,0.42041015625
485,THER,0.4137369791666667
486,THER,0.4357096354166667
487,THER,0.4591471354166667
488,THER,0.4606119791666667
489,THER,0.45703125
490,THER,0.4332682291666667
491,THER,0.45458984375
492,THER,0.4454752604166667
493,THER,0.4361979166666667
494,THER,0.4402669270833333
495,THER,0.47802734375
496,THER,0.4562174479166667
497,THER,0.4182942708333333
498,THER,0.4451497395833333
499,THER,0.4440104166666667
500,THER,0.4471028645833333
501,THER,0.4632161458333333
502,THER,0.4510091145833333
503,THER,0.47412109375
504,THER,0.4630533854166667
505,THER,0.4456380208333333
506,THER,0.4329427083333333
507,THER,0.47705078125
508,THER,0.4794921875
509,THER,0.4557291666666667
510,THER,0.45361328125
511,THER,0.4601236979166667
512,THER,0.458984375
513,THER,0.4679361979166667
514,THER,0.4388020833333333
515,THER,0.4563802083333333
516,THER,0.4484049479166667
517,THER,0.43798828125
518,THER,0.4593098958333333
519,THER,0.4615885416666667
520,THER,0.44873046875
521,THER,0.4446614583333333
522,THER,0.4514973958333333
523,THER,0.4778645833333333
524,THER,0.4523111979166667
525,THER,0.4625651041666667
526,THER,0.453125
527,THER,0.4708658854166667
528,THER,0.4602864583333333
529,THER,0.4524739583333333
530,THER,0.4453125
531,THER,0.4729817708333333
532,THER,0.4427083333333333
533,THER,0.431640625
534,THER,0.4290364583333333
535,THER,0.482421875
536,THER,0.48046875
537,THER,0.4690755208333333
538,THER,0.4583333333333333
539,THER,0.4415690104166667
540,THER,0.47705078125
541,THER,0.4622395833333333
542,THER,0.4563802083333333
543,THER,0.4890950520833333
544,THER,0.4505208333333333
545,THER,0.45947265625
546,THER,0.4554036458333333
547,THER,0.4977213541666667
548,THER,0.4658203125
549,THER,0.4671223958333333
550,THER,0.4680989583333333
551,THER,0.4934895833333333
552,THER,0.4358723958333333
553,THER,0.43896484375
554,THER,0.4601236979166667
555,THER,0.4833984375
556,THER,0.46630859375
557,THER,0.46728515625
558,THER,0.4986979166666667
559,THER,0.4978841145833333
560,THER,0.44921875
561,THER,0.46240234375
562,THER,0.4733072916666667
563,THER,0.4632161458333333
564,THER,0.4552408854166667
565,THER,0.4518229166666667
566,THER,0.4651692708333333
567,THER,0.4918619791666667
568,THER,0.4973958333333333
569,THER,0.4724934895833333
570,THER,0.46484375
571,THER,0.49072265625
572,THER,0.4775390625
573,THER,0.4694010416666667
574,THER,0.45947265625
575,THER,0.47900390625
576,THER,0.4479166666666667
577,THER,0.4796549479166667
578,THER,0.4541015625
579,THER,0.4786783854166667
580,THER,0.4734700520833333
581,THER,0.4637044270833333
582,THER,0.46484375
583,THER,0.46337890625
584,THER,0.4708658854166667
585,THER,0.4640299479166667
586,THER,0.4609375
587,THER,0.47314453125
588,THER,0.4851888020833333
589,THER,0.48095703125
590,THER,0.4856770833333333
591,THER,0.5037434895833334
592,THER,0.50634765625
593,THER,0.4874674479166667
594,THER,0.4703776041666667
595,THER,0.5016276041666666
596,THER,0.4783528645833333
597,THER,0.4820963541666667
598,THER,0.4793294270833333
599,THER,0.5105794270833334
600,THER,0.4835611979166667
601,THER,0.5009765625
602,THER,0.4915364583333333
603,THER,0.5001627604166666
604,THER,0.4591471354166667
605,THER,0.4869791666666667
606,THER,0.4921875
607,THER,0.49853515625
608,THER,0.4788411458333333
609,THER,0.49853515625
610,THER,0.49169921875
611,THER,0.48876953125
612,THER,0.4806315104166667
613,THER,0.4933268229166667
614,THER,0.4773763020833333
615,THER,0.4947916666666667
616,THER,0.4676106770833333
617,THER,0.4873046875
618,THER,0.4671223958333333
619,THER,0.4615885416666667
620,THER,0.4461263020833333
621,THER,0.4874674479166667
622,THER,0.4576822916666667
623,THER,0.50341796875
624,THER,0.474609375
625,THER,0.44677734375
626,THER,0.4729817708333333
627,THER,0.4794921875
628,THER,0.4632161458333333
629,THER,0.4469401041666667
630,THER,0.4619140625
631,THER,0.4736328125
632,THER,0.44287109375
633,THER,0.4586588541666667
634,THER,0.4430338541666667
635,THER,0.4856770833333333
636,THER,0.4873046875
637,THER,0.4892578125
638,THER,0.46337890625
639,THER,0.4793294270833333
640,THER,0.4967447916666667
641,THER,0.47607421875
642,THER,0.4723307291666667
643,THER,0.48974609375
644,THER,0.4716796875
645,THER,0.4461263020833333
646,THER,0.4612630208333333
647,THER,0.4723307291666667
648,THER,0.4576822916666667
649,THER,0.4803059895833333
650,THER,0.4593098958333333
651,THER,0.48828125
652,THER,0.4404296875
653,THER,0.4501953125
654,THER,0.4446614583333333
655,THER,0.4638671875
656,THER,0.4920247395833333
657,THER,0.4812825520833333
658,THER,0.47314453125
659,THER,0.4544270833333333
660,THER,0.4324544270833333
661,THER,0.4537760416666667
662,THER,0.455078125
663,THER,0.4918619791666667
664,THER,0.4661458333333333
665,THER,0.4466145833333333
666,THER,0.4729817708333333
667,THER,0.5001627604166666
668,THER,0.48046875
669,THER,0.4817708333333333
670,THER,0.4853515625
671,THER,0.5076497395833334
672,THER,0.4620768229166667
673,THER,0.4680989583333333
674,THER,0.45751953125
675,THER,0.50048828125
676,THER,0.47265625
677,THER,0.4720052083333333
678,THER,0.4654947916666667
679,THER,0.48095703125
680,THER,0.4573567708333333
681,THER,0.4412434895833333
682,THER,0.44775390625
683,THER,0.4602864583333333
684,THER,0.4637044270833333
685,THER,0.4435221354166667
686,THER,0.4554036458333333
687,THER,0.49609375
688,THER,0.4685872395833333
689,THER,0.4552408854166667
690,THER,0.4482421875
691,THER,0.5061848958333334
692,THER,0.4811197916666667
693,THER,0.4752604166666667
694,THER,0.4698893229166667
695,THER,0.4763997395833333
696,THER,0.43994140625
697,THER,0.4734700520833333
698,THER,0.4944661458333333
699,THER,0.4827473958333333
700,THER,0.4755859375
701,THER,0.46533203125
702,THER,0.4923502604166667
703,THER,0.4944661458333333
704,THER,0.4777018229166667
705,THER,0.48193359375
706,THER,0.4791666666666667
707,THER,0.4772135416666667
708,THER,0.4635416666666667
709,THER,0.4671223958333333
710,THER,0.4754231770833333
711,THER,0.5035807291666666
712,THER,0.5118815104166666
713,THER,0.4715169270833333
714,THER,0.4549153645833333
715,THER,0.4866536458333333
716,THER,0.4820963541666667
717,THER,0.4949544270833333
718,THER,0.4977213541666667
719,THER,0.4978841145833333
720,THER,0.4954427083333333
721,THER,0.5061848958333334
722,THER,0.51611328125
723,THER,0.5100911458333334
724,THER,0.4938151041666667
725,THER,0.4847005208333333
726,THER,0.4788411458333333
727,THER,0.4957682291666667
728,THER,0.4773763020833333
729,THER,0.49462890625
730,THER,0.4825846354166667
731,THER,0.4697265625
732,THER,0.4669596354166667
733,THER,0.5079752604166666
734,THER,0.4954427083333333
735,THER,0.5110677083333334
736,THER,0.51416015625
737,THER,0.49365234375
738,THER,0.5071614583333334
739,THER,0.5284830729166666
740,THER,0.4881184895833333
741,THER,0.5139973958333334
742,THER,0.509765625
743,THER,0.4983723958333333
744,THER,0.4716796875
745,THER,0.4928385416666667
746,THER,0.5011393229166666
747,THER,0.5045572916666666
748,THER,0.4938151041666667
749,THER,0.4781901041666667
750,THER,0.46435546875
751,THER,0.4825846354166667
752,THER,0.4850260416666667
753,THER,0.4729817708333333
754,THER,0.4619140625
755,THER,0.48583984375
756,THER,0.5123697916666666
757,THER,0.4827473958333333
758,THER,0.4825846354166667
759,THER,0.490234375
760,THER,0.4853515625
761,THER,0.4856770833333333
762,THER,0.4724934895833333
763,THER,0.5040690104166666
764,THER,0.4749348958333333
765,THER,0.5006510416666666
766,THER,0.5009765625
767,THER,0.5068359375
768,THER,0.48583984375
769,THER,0.4801432291666667
770,THER,0.4845377604166667
771,THER,0.5016276041666666
772,THER,0.5001627604166666
773,THER,0.4962565104166667
774,THER,0.5045572916666666
775,THER,0.4900716145833333
776,THER,0.49658203125
777,THER,0.4915364583333333
778,THER,0.4899088541666667
779,THER,0.4899088541666667
780,THER,0.49462890625
781,THER,0.5027669270833334
782,THER,0.5030924479166666
783,THER,0.5152994791666666
784,THER,0.484375
785,THER,0.5030924479166666
786,THER,0.5167643229166666
787,THER,0.52587890625
788,THER,0.5100911458333334
789,THER,0.4982096354166667
790,THER,0.4845377604166667
791,THER,0.5050455729166666
792,THER,0.4973958333333333
793,THER,0.50537109375
794,THER,0.49072265625
795,THER,0.5094401041666666
796,THER,0.4798177083333333
797,THER,0.4684244791666667
798,THER,0.4763997395833333
799,THER,0.5027669270833334
800,THER,0.4733072916666667
801,THER,0.49169921875
802,THER,0.4847005208333333
803,THER,0.4762369791666667
804,THER,0.4793294270833333
805,THER,0.4733072916666667
806,THER,0.4791666666666667
807,THER,0.4890950520833333
808,THER,0.5135091145833334
809,THER,0.4806315104166667
810,THER,0.4962565104166667
811,THER,0.5224609375
812,THER,0.5084635416666666
813,THER,0.4957682291666667
814,THER,0.4921875
815,THER,0.50341796875
816,THER,0.4938151041666667
817,THER,0.4944661458333333
818,THER,0.48876953125
819,THER,0.5006510416666666
820,THER,0.51171875
821,THER,0.4537760416666667
822,THER,0.4612630208333333
823,THER,0.4998372395833333
824,THER,0.49755859375
825,THER,0.5022786458333334
826,THER,0.4944661458333333
827,THER,0.49072265625
828,THER,0.5037434895833334
829,THER,0.5016276041666666
830,THER,0.5017903645833334
831,THER,0.5109049479166666
832,THER,0.5100911458333334
833,THER,0.5105794270833334
834,THER,0.4951171875
835,THER,0.5069986979166666
836,THER,0.5084635416666666
837,THER,0.4988606770833333
838,THER,0.5076497395833334
839,THER,0.5086263020833334
840,THER,0.5026041666666666
841,THER,0.4853515625
842,THER,0.4982096354166667
843,THER,0.50732421875
844,THER,0.4762369791666667
845,THER,0.4767252604166667
846,THER,0.4739583333333333
847,THER,0.5052083333333334
848,THER,0.4742838541666667
849,THER,0.47412109375
850,THER,0.4811197916666667
851,THER,0.505859375
852,THER,0.50927734375
853,THER,0.4737955729166667
854,THER,0.47705078125
855,THER,0.4913736979166667
856,THER,0.4949544270833333
857,THER,0.4775390625
858,THER,0.4698893229166667
859,THER,0.5104166666666666
860,THER,0.4903971354166667
861,THER,0.5042317708333334
862,THER,0.49853515625
863,THER,0.51220703125
864,THER,0.4939778645833333
865,THER,0.49853515625
866,THER,0.49609375
867,THER,0.5118815104166666
868,THER,0.5086263020833334
869,THER,0.4895833333333333
870,THER,0.4562174479166667
871,THER,0.4964192708333333
872,THER,0.4558919270833333
873,THER,0.4915364583333333
874,THER,0.4773763020833333
875,THER,0.4833984375
876,THER,0.5133463541666666
877,THER,0.5185546875
878,THER,0.5236002604166666
879,THER,0.5506184895833334
880,THER,0.5276692708333334
881,THER,0.5060221354166666
882,THER,0.51025390625
883,THER,0.5263671875
884,THER,0.5237630208333334
885,THER,0.51220703125
886,THER,0.5126953125
887,THER,0.5452473958333334
888,THER,0.5096028645833334
889,THER,0.5226236979166666
890,THER,0.484375
891,THER,0.52392578125
892,THER,0.5247395833333334
893,THER,0.5263671875
894,THER,0.5042317708333334
895,THER,0.4959309895833333
896,THER,0.5157877604166666
897,THER,0.5069986979166666
898,THER,0.4873046875
899,THER,0.5211588541666666
900,THER,0.5152994791666666
901,THER,0.49560546875
902,THER,0.4934895833333333
903,THER,0.55322265625
904,THER,0.4835611979166667
905,THER,0.4866536458333333
906,THER,0.5022786458333334
907,THER,0.5305989583333334
908,THER,0.5052083333333334
909,THER,0.5123697916666666
910,THER,0.51171875
911,THER,0.5330403645833334
912,THER,0.46826171875
913,THER,0.4934895833333333
914,THER,0.4991861979166667
915,THER,0.5061848958333334
916,THER,0.4957682291666667
917,THER,0.4884440104166667
918,THER,0.4969075520833333
919,THER,0.5193684895833334
920,THER,0.4778645833333333
921,THER,0.490234375
922,THER,0.5068359375
923,THER,0.4900716145833333
924,THER,0.4895833333333333
925,THER,0.45703125
926,THER,0.4749348958333333
927,THER,0.4864908854166667
928,THER,0.4806315104166667
929,THER,0.4855143229166667
930,THER,0.4754231770833333
931,THER,0.5148111979166666
932,THER,0.5113932291666666
933,THER,0.4720052083333333
934,THER,0.4962565104166667
935,THER,0.48974609375
936,THER,0.5069986979166666
937,THER,0.4954427083333333
938,THER,0.50634765625
939,THER,0.5172526041666666
940,THER,0.50244140625
941,THER,0.5234375
942,THER,0.478515625
943,THER,0.5157877604166666
944,THER,0.4957682291666667
945,THER,0.5030924479166666
946,THER,0.4749348958333333
947,THER,0.4930013020833333
948,THER,0.4855143229166667
949,THER,0.47998046875
950,THER,0.4915364583333333
951,THER,0.5
952,THER,0.4869791666666667
953,THER,0.4817708333333333
954,THER,0.4755859375
955,THER,0.4908854166666667
956,THER,0.4791666666666667
957,THER,0.4869791666666667
958,THER,0.4856770833333333
959,THER,0.5079752604166666
960,THER,0.4656575520833333
961,THER,0.451171875
962,THER,0.4772135416666667
963,THER,0.4630533854166667
964,THER,0.462890625
965,THER,0.4967447916666667
966,THER,0.4850260416666667
967,THER,0.52001953125
968,THER,0.4755859375
969,THER,0.4899088541666667
970,THER,0.4861653645833333
971,THER,0.4874674479166667
972,THER,0.498046875
973,THER,0.5068359375
974,THER,0.4833984375
975,THER,0.48388671875
976,THER,0.4759114583333333
977,THER,0.4659830729166667
978,THER,0.4791666666666667
979,THER,0.53076171875
980,THER,0.4606119791666667
981,THER,0.4996744791666667
982,THER,0.4938151041666667
983,THER,0.5032552083333334
984,THER,0.48388671875
985,THER,0.5069986979166666
986,THER,0.5065104166666666
987,THER,0.5291341145833334
988,THER,0.49853515625
989,THER,0.4845377604166667
990,THER,0.4912109375
991,THER,0.5419921875
992,THER,0.5096028645833334
993,THER,0.5094401041666666
994,THER,0.4775390625
995,THER,0.4899088541666667
996,THER,0.4602864583333333
997,THER,0.447265625
998,THER,0.4666341145833333
999,THER,0.4964192708333333
1000,THER,0.5001627604166666
1001,THER,0.4768880208333333
1002,THER,0.4788411458333333
1003,THER,0.484375
1004,THER,0.46875
1005,THER,0.4951171875
1006,THER,0.5096028645833334
1007,THER,0.5174153645833334
1008,THER,0.5040690104166666
1009,THER,0.501953125
1010,THER,0.4842122395833333
1011,THER,0.5208333333333334
1012,THER,0.50390625
1013,THER,0.4949544270833333
1014,THER,0.51220703125
1015,THER,0.48974609375
1016,THER,0.50830078125
1017,THER,0.5218098958333334
1018,THER,0.5236002604166666
1019,THER,0.5130208333333334
1020,THER,0.52099609375
1021,THER,0.51708984375
1022,THER,0.5172526041666666
1023,THER,0.5247395833333334
3,Oracle,0.4786783854166667
4,Oracle,0.4737955729166667
5,Oracle,0.46435546875
6,Oracle,0.4425455729166667
7,Oracle,0.478515625
8,Oracle,0.4814453125
9,Oracle,0.498046875
10,Oracle,0.45458984375
11,Oracle,0.4680989583333333
12,Oracle,0.4474283854166667
13,Oracle,0.4684244791666667
14,Oracle,0.4763997395833333
15,Oracle,0.4752604166666667
16,Oracle,0.4970703125
17,Oracle,0.5069986979166666
18,Oracle,0.4812825520833333
19,Oracle,0.4807942708333333
20,Oracle,0.4794921875
21,Oracle,0.4733072916666667
22,Oracle,0.49169921875
23,Oracle,0.4768880208333333
24,Oracle,0.49365234375
25,Oracle,0.4742838541666667
26,Oracle,0.4757486979166667
27,Oracle,0.4871419270833333
28,Oracle,0.4490559895833333
29,Oracle,0.4742838541666667
30,Oracle,0.4645182291666667
31,Oracle,0.45751953125
32,Oracle,0.4654947916666667
33,Oracle,0.4720052083333333
34,Oracle,0.4500325520833333
35,Oracle,0.4544270833333333
36,Oracle,0.4886067708333333
37,Oracle,0.4822591145833333
38,Oracle,0.4884440104166667
39,Oracle,0.49365234375
40,Oracle,0.49560546875
41,Oracle,0.5091145833333334
42,Oracle,0.5349934895833334
43,Oracle,0.5602213541666666
44,Oracle,0.5615234375
45,Oracle,0.56298828125
46,Oracle,0.53857421875
47,Oracle,0.5343424479166666
48,Oracle,0.5301106770833334
49,Oracle,0.52880859375
50,Oracle,0.4765625
51,Oracle,0.4879557291666667
52,Oracle,0.51513671875
53,Oracle,0.5089518229166666
54,Oracle,0.4913736979166667
55,Oracle,0.4890950520833333
56,Oracle,0.458984375
57,Oracle,0.4913736979166667
58,Oracle,0.43701171875
59,Oracle,0.4694010416666667
60,Oracle,0.4718424479166667
61,Oracle,0.4996744791666667
62,Oracle,0.50634765625
63,Oracle,0.4925130208333333
64,Oracle,0.4894205729166667
65,Oracle,0.4656575520833333
66,Oracle,0.5066731770833334
67,Oracle,0.48779296875
68,Oracle,0.4720052083333333
69,Oracle,0.4812825520833333
70,Oracle,0.4596354166666667
71,Oracle,0.49609375
72,Oracle,0.4934895833333333
73,Oracle,0.4962565104166667
74,Oracle,0.4806315104166667
75,Oracle,0.47119140625
76,Oracle,0.4806315104166667
77,Oracle,0.4638671875
78,Oracle,0.4689127604166667
79,Oracle,0.4689127604166667
80,Oracle,0.47265625
81,Oracle,0.4661458333333333
82,Oracle,0.4654947916666667
83,Oracle,0.5050455729166666
84,Oracle,0.4806315104166667
85,Oracle,0.5030924479166666
86,Oracle,0.4757486979166667
87,Oracle,0.5027669270833334
88,Oracle,0.517578125
89,Oracle,0.5017903645833334
90,Oracle,0.4798177083333333
91,Oracle,0.4840494791666667
92,Oracle,0.4835611979166667
93,Oracle,0.4612630208333333
94,Oracle,0.4869791666666667
95,Oracle,0.4661458333333333
96,Oracle,0.4881184895833333
97,Oracle,0.4729817708333333
98,Oracle,0.49609375
99,Oracle,0.4913736979166667
100,Oracle,0.4747721354166667
101,Oracle,0.4716796875
102,Oracle,0.4676106770833333
103,Oracle,0.43896484375
104,Oracle,0.462890625
105,Oracle,0.52001953125
106,Oracle,0.50634765625
107,Oracle,0.4612630208333333
108,Oracle,0.4847005208333333
109,Oracle,0.5275065104166666
110,Oracle,0.4884440104166667
111,Oracle,0.5118815104166666
112,Oracle,0.49951171875
113,Oracle,0.5026041666666666
114,Oracle,0.4542643229166667
115,Oracle,0.49365234375
116,Oracle,0.5086263020833334
117,Oracle,0.4899088541666667
118,Oracle,0.4638671875
119,Oracle,0.4796549479166667
120,Oracle,0.4519856770833333
121,Oracle,0.4602864583333333
122,Oracle,0.4733072916666667
123,Oracle,0.42041015625
124,Oracle,0.4500325520833333
125,Oracle,0.4710286458333333
126,Oracle,0.4640299479166667
127,Oracle,0.4947916666666667
128,Oracle,0.482421875
129,Oracle,0.4744466145833333
130,Oracle,0.4775390625
131,Oracle,0.4964192708333333
132,Oracle,0.4676106770833333
133,Oracle,0.4871419270833333
134,Oracle,0.44189453125
135,Oracle,0.4713541666666667
136,Oracle,0.45556640625
137,Oracle,0.439453125
138,Oracle,0.4508463541666667
139,Oracle,0.44775390625
140,Oracle,0.45654296875
141,Oracle,0.4786783854166667
142,Oracle,0.4801432291666667
143,Oracle,0.4716796875
144,Oracle,0.4964192708333333
145,Oracle,0.4576822916666667
146,Oracle,0.4580078125
147,Oracle,0.4640299479166667
148,Oracle,0.4689127604166667
149,Oracle,0.478515625
150,Oracle,0.4812825520833333
151,Oracle,0.4982096354166667
152,Oracle,0.5115559895833334
153,Oracle,0.4791666666666667
154,Oracle,0.4601236979166667
155,Oracle,0.4609375
156,Oracle,0.4640299479166667
157,Oracle,0.4573567708333333
158,Oracle,0.4396158854166667
159,Oracle,0.47607421875
160,Oracle,0.4794921875
161,Oracle,0.4684244791666667
162,Oracle,0.4759114583333333
163,Oracle,0.4607747395833333
164,Oracle,0.47119140625
165,Oracle,0.4874674479166667
166,Oracle,0.46875
167,Oracle,0.45751953125
168,Oracle,0.4723307291666667
169,Oracle,0.4615885416666667
170,Oracle,0.4435221354166667
171,Oracle,0.49462890625
172,Oracle,0.5152994791666666
173,Oracle,0.5149739583333334
174,Oracle,0.4749348958333333
175,Oracle,0.4493815104166667
176,Oracle,0.44970703125
177,Oracle,0.498046875
178,Oracle,0.4573567708333333
179,Oracle,0.4283854166666667
180,Oracle,0.44873046875
181,Oracle,0.4837239583333333
182,Oracle,0.4366861979166667
183,Oracle,0.44677734375
184,Oracle,0.4482421875
185,Oracle,0.46875
186,Oracle,0.4729817708333333
187,Oracle,0.4513346354166667
188,Oracle,0.4905598958333333
189,Oracle,0.4895833333333333
190,Oracle,0.4781901041666667
191,Oracle,0.45654296875
192,Oracle,0.4607747395833333
193,Oracle,0.4490559895833333
194,Oracle,0.4537760416666667
195,Oracle,0.4658203125
196,Oracle,0.4573567708333333
197,Oracle,0.45703125
198,Oracle,0.47021484375
199,Oracle,0.4401041666666667
200,Oracle,0.43017578125
201,Oracle,0.44140625
202,Oracle,0.4134114583333333
203,Oracle,0.4083658854166667
204,Oracle,0.458984375
205,Oracle,0.4586588541666667
206,Oracle,0.4495442708333333
207,Oracle,0.46533203125
208,Oracle,0.4580078125
209,Oracle,0.4744466145833333
210,Oracle,0.4967447916666667
211,Oracle,0.4794921875
212,Oracle,0.4895833333333333
213,Oracle,0.48876953125
214,Oracle,0.4513346354166667
215,Oracle,0.4694010416666667
216,Oracle,0.4759114583333333
217,Oracle,0.4899088541666667
218,Oracle,0.455078125
219,Oracle,0.4596354166666667
220,Oracle,0.4562174479166667
221,Oracle,0.44921875
222,Oracle,0.4529622395833333
223,Oracle,0.4108072916666667
224,Oracle,0.4549153645833333
225,Oracle,0.47607421875
226,Oracle,0.4586588541666667
227,Oracle,0.4412434895833333
228,Oracle,0.4539388020833333
229,Oracle,0.4581705729166667
230,Oracle,0.4451497395833333
231,Oracle,0.4651692708333333
232,Oracle,0.4365234375
233,Oracle,0.46044921875
234,Oracle,0.4845377604166667
235,Oracle,0.4597981770833333
236,Oracle,0.45068359375
237,Oracle,0.4827473958333333
238,Oracle,0.47900390625
239,Oracle,0.4562174479166667
240,Oracle,0.4619140625
241,Oracle,0.4920247395833333
242,Oracle,0.4583333333333333
243,Oracle,0.4752604166666667
244,Oracle,0.47216796875
245,Oracle,0.45556640625
246,Oracle,0.4729817708333333
247,Oracle,0.46923828125
248,Oracle,0.47900390625
249,Oracle,0.4861653645833333
250,Oracle,0.45703125
251,Oracle,0.4314778645833333
252,Oracle,0.47265625
253,Oracle,0.4436848958333333
254,Oracle,0.4339192708333333
255,Oracle,0.4544270833333333
256,Oracle,0.4345703125
257,Oracle,0.43896484375
258,Oracle,0.4503580729166667
259,Oracle,0.45751953125
260,Oracle,0.4607747395833333
261,Oracle,0.46923828125
262,Oracle,0.4705403645833333
263,Oracle,0.4547526041666667
264,Oracle,0.4684244791666667
265,Oracle,0.4508463541666667
266,Oracle,0.4200846354166667
267,Oracle,0.4744466145833333
268,Oracle,0.4373372395833333
269,Oracle,0.4327799479166667
270,Oracle,0.4440104166666667
271,Oracle,0.44287109375
272,Oracle,0.4474283854166667
273,Oracle,0.4503580729166667
274,Oracle,0.4454752604166667
275,Oracle,0.4303385416666667
276,Oracle,0.4567057291666667
277,Oracle,0.451171875
278,Oracle,0.45849609375
279,Oracle,0.4410807291666667
280,Oracle,0.4383138020833333
281,Oracle,0.4513346354166667
282,Oracle,0.4583333333333333
283,Oracle,0.45947265625
284,Oracle,0.4378255208333333
285,Oracle,0.4700520833333333
286,Oracle,0.4366861979166667
287,Oracle,0.44189453125
288,Oracle,0.4615885416666667
289,Oracle,0.4597981770833333
290,Oracle,0.4427083333333333
291,Oracle,0.4549153645833333
292,Oracle,0.4454752604166667
293,Oracle,0.4710286458333333
294,Oracle,0.4212239583333333
295,Oracle,0.4456380208333333
296,Oracle,0.4454752604166667
297,Oracle,0.4568684895833333
298,Oracle,0.4676106770833333
299,Oracle,0.4427083333333333
300,Oracle,0.4482421875
301,Oracle,0.4646809895833333
302,Oracle,0.4889322916666667
303,Oracle,0.4716796875
304,Oracle,0.4820963541666667
305,Oracle,0.4978841145833333
306,Oracle,0.4742838541666667
307,Oracle,0.4991861979166667
308,Oracle,0.52001953125
309,Oracle,0.5113932291666666
310,Oracle,0.4734700520833333
311,Oracle,0.4637044270833333
312,Oracle,0.4794921875
313,Oracle,0.4576822916666667
314,Oracle,0.4527994791666667
315,Oracle,0.4607747395833333
316,Oracle,0.455078125
317,Oracle,0.45654296875
318,Oracle,0.4534505208333333
319,Oracle,0.4337565104166667
320,Oracle,0.4404296875
321,Oracle,0.4534505208333333
322,Oracle,0.44189453125
323,Oracle,0.4392903645833333
324,Oracle,0.4783528645833333
325,Oracle,0.4568684895833333
326,Oracle,0.4646809895833333
327,Oracle,0.4462890625
328,Oracle,0.4601236979166667
329,Oracle,0.4742838541666667
330,Oracle,0.4724934895833333
331,Oracle,0.4736328125
332,Oracle,0.4695638020833333
333,Oracle,0.47802734375
334,Oracle,0.4523111979166667
335,Oracle,0.4576822916666667
336,Oracle,0.4744466145833333
337,Oracle,0.4988606770833333
338,Oracle,0.4697265625
339,Oracle,0.4689127604166667
340,Oracle,0.4847005208333333
341,Oracle,0.4567057291666667
342,Oracle,0.4772135416666667
343,Oracle,0.4508463541666667
344,Oracle,0.43115234375
345,Oracle,0.4606119791666667
346,Oracle,0.4796549479166667
347,Oracle,0.4763997395833333
348,Oracle,0.458984375
349,Oracle,0.4508463541666667
350,Oracle,0.4308268229166667
351,Oracle,0.4479166666666667
352,Oracle,0.4612630208333333
353,Oracle,0.453125
354,Oracle,0.4571940104166667
355,Oracle,0.474609375
356,Oracle,0.48974609375
357,Oracle,0.4664713541666667
358,Oracle,0.4654947916666667
359,Oracle,0.4676106770833333
360,Oracle,0.4817708333333333
361,Oracle,0.4720052083333333
362,Oracle,0.4484049479166667
363,Oracle,0.4635416666666667
364,Oracle,0.4471028645833333
365,Oracle,0.435546875
366,Oracle,0.4306640625
367,Oracle,0.44189453125
368,Oracle,0.4674479166666667
369,Oracle,0.46044921875
370,Oracle,0.4444986979166667
371,Oracle,0.4796549479166667
372,Oracle,0.484375
373,Oracle,0.4962565104166667
374,Oracle,0.4703776041666667
375,Oracle,0.466796875
376,Oracle,0.4729817708333333
377,Oracle,0.4602864583333333
378,Oracle,0.4611002604166667
379,Oracle,0.478515625
380,Oracle,0.4440104166666667
381,Oracle,0.4583333333333333
382,Oracle,0.4386393229166667
383,Oracle,0.4248046875
384,Oracle,0.4703776041666667
385,Oracle,0.4611002604166667
386,Oracle,0.4646809895833333
387,Oracle,0.4462890625
388,Oracle,0.48095703125
389,Oracle,0.48291015625
390,Oracle,0.466796875
391,Oracle,0.4684244791666667
392,Oracle,0.4767252604166667
393,Oracle,0.4664713541666667
394,Oracle,0.4695638020833333
395,Oracle,0.4373372395833333
396,Oracle,0.4817708333333333
397,Oracle,0.4716796875
398,Oracle,0.4430338541666667
399,Oracle,0.4812825520833333
400,Oracle,0.4510091145833333
401,Oracle,0.4669596354166667
402,Oracle,0.4674479166666667
403,Oracle,0.4921875
404,Oracle,0.4658203125
405,Oracle,0.5047200520833334
406,Oracle,0.48095703125
407,Oracle,0.4733072916666667
408,Oracle,0.4772135416666667
409,Oracle,0.48388671875
410,Oracle,0.4658203125
411,Oracle,0.4768880208333333
412,Oracle,0.4641927083333333
413,Oracle,0.4651692708333333
414,Oracle,0.4503580729166667
415,Oracle,0.4651692708333333
416,Oracle,0.48193359375
417,Oracle,0.4539388020833333
418,Oracle,0.4597981770833333
419,Oracle,0.4656575520833333
420,Oracle,0.4597981770833333
421,Oracle,0.4729817708333333
422,Oracle,0.4557291666666667
423,Oracle,0.4920247395833333
424,Oracle,0.4601236979166667
425,Oracle,0.4768880208333333
426,Oracle,0.4630533854166667
427,Oracle,0.4742838541666667
428,Oracle,0.4742838541666667
429,Oracle,0.455078125
430,Oracle,0.4637044270833333
431,Oracle,0.4557291666666667
432,Oracle,0.46923828125
433,Oracle,0.4718424479166667
434,Oracle,0.45947265625
435,Oracle,0.4807942708333333
436,Oracle,0.4928385416666667
437,Oracle,0.4845377604166667
438,Oracle,0.4778645833333333
439,Oracle,0.4630533854166667
440,Oracle,0.4791666666666667
441,Oracle,0.4830729166666667
442,Oracle,0.48681640625
443,Oracle,0.453125
444,Oracle,0.4695638020833333
445,Oracle,0.4905598958333333
446,Oracle,0.4775390625
447,Oracle,0.47900390625
448,Oracle,0.4900716145833333
449,Oracle,0.46142578125
450,Oracle,0.4664713541666667
451,Oracle,0.4777018229166667
452,Oracle,0.4796549479166667
453,Oracle,0.4596354166666667
454,Oracle,0.4449869791666667
455,Oracle,0.4749348958333333
456,Oracle,0.4650065104166667
457,Oracle,0.4840494791666667
458,Oracle,0.4747721354166667
459,Oracle,0.482421875
460,Oracle,0.4952799479166667
461,Oracle,0.4767252604166667
462,Oracle,0.4812825520833333
463,Oracle,0.4742838541666667
464,Oracle,0.4539388020833333
465,Oracle,0.4366861979166667
466,Oracle,0.4651692708333333
467,Oracle,0.4607747395833333
468,Oracle,0.45849609375
469,Oracle,0.4918619791666667
470,Oracle,0.48828125
471,Oracle,0.46044921875
472,Oracle,0.4801432291666667
473,Oracle,0.4817708333333333
474,Oracle,0.466796875
475,Oracle,0.474609375
476,Oracle,0.4708658854166667
477,Oracle,0.4791666666666667
478,Oracle,0.4703776041666667
479,Oracle,0.4796549479166667
480,Oracle,0.4697265625
481,Oracle,0.5006510416666666
482,Oracle,0.4755859375
483,Oracle,0.4554036458333333
484,Oracle,0.46044921875
485,Oracle,0.4606119791666667
486,Oracle,0.46826171875
487,Oracle,0.4708658854166667
488,Oracle,0.4822591145833333
489,Oracle,0.478515625
490,Oracle,0.4588216145833333
491,Oracle,0.46484375
492,Oracle,0.45458984375
493,Oracle,0.4684244791666667
494,Oracle,0.47119140625
495,Oracle,0.484375
496,Oracle,0.49365234375
497,Oracle,0.4527994791666667
498,Oracle,0.46533203125
499,Oracle,0.4583333333333333
500,Oracle,0.46337890625
501,Oracle,0.4899088541666667
502,Oracle,0.4752604166666667
503,Oracle,0.462890625
504,Oracle,0.48046875
505,Oracle,0.49853515625
506,Oracle,0.4650065104166667
507,Oracle,0.4871419270833333
508,Oracle,0.4949544270833333
509,Oracle,0.4934895833333333
510,Oracle,0.474609375
511,Oracle,0.4695638020833333
512,Oracle,0.4674479166666667
513,Oracle,0.4905598958333333
514,Oracle,0.4612630208333333
515,Oracle,0.46630859375
516,Oracle,0.4772135416666667
517,Oracle,0.4715169270833333
518,Oracle,0.4747721354166667
519,Oracle,0.470703125
520,Oracle,0.478515625
521,Oracle,0.47802734375
522,Oracle,0.4615885416666667
523,Oracle,0.4816080729166667
524,Oracle,0.478515625
525,Oracle,0.4934895833333333
526,Oracle,0.4736328125
527,Oracle,0.4793294270833333
528,Oracle,0.4777018229166667
529,Oracle,0.474609375
530,Oracle,0.4593098958333333
531,Oracle,0.4777018229166667
532,Oracle,0.4698893229166667
533,Oracle,0.46240234375
534,Oracle,0.4768880208333333
535,Oracle,0.4931640625
536,Oracle,0.49365234375
537,Oracle,0.50341796875
538,Oracle,0.4798177083333333
539,Oracle,0.4794921875
540,Oracle,0.5146484375
541,Oracle,0.4807942708333333
542,Oracle,0.4788411458333333
543,Oracle,0.5105794270833334
544,Oracle,0.4757486979166667
545,Oracle,0.5069986979166666
546,Oracle,0.4871419270833333
547,Oracle,0.5029296875
548,Oracle,0.4996744791666667
549,Oracle,0.5099283854166666
550,Oracle,0.5065104166666666
551,Oracle,0.4977213541666667
552,Oracle,0.4772135416666667
553,Oracle,0.4720052083333333
554,Oracle,0.4768880208333333
555,Oracle,0.51171875
556,Oracle,0.4871419270833333
557,Oracle,0.4763997395833333
558,Oracle,0.5162760416666666
559,Oracle,0.5035807291666666
560,Oracle,0.4749348958333333
561,Oracle,0.48388671875
562,Oracle,0.48876953125
563,Oracle,0.4742838541666667
564,Oracle,0.4807942708333333
565,Oracle,0.4775390625
566,Oracle,0.4869791666666667
567,Oracle,0.4949544270833333
568,Oracle,0.515625
569,Oracle,0.4957682291666667
570,Oracle,0.4993489583333333
571,Oracle,0.4920247395833333
572,Oracle,0.4920247395833333
573,Oracle,0.4912109375
574,Oracle,0.4832356770833333
575,Oracle,0.4866536458333333
576,Oracle,0.4812825520833333
577,Oracle,0.490234375
578,Oracle,0.4617513020833333
579,Oracle,0.4876302083333333
580,Oracle,0.4899088541666667
581,Oracle,0.4889322916666667
582,Oracle,0.4833984375
583,Oracle,0.4788411458333333
584,Oracle,0.4923502604166667
585,Oracle,0.478515625
586,Oracle,0.482421875
587,Oracle,0.4698893229166667
588,Oracle,0.4954427083333333
589,Oracle,0.5016276041666666
590,Oracle,0.5144856770833334
591,Oracle,0.5094401041666666
592,Oracle,0.537109375
593,Oracle,0.5076497395833334
594,Oracle,0.4905598958333333
595,Oracle,0.5162760416666666
596,Oracle,0.51171875
597,Oracle,0.5138346354166666
598,Oracle,0.50927734375
599,Oracle,0.5289713541666666
600,Oracle,0.5029296875
601,Oracle,0.5231119791666666
602,Oracle,0.5100911458333334
603,Oracle,0.5115559895833334
604,Oracle,0.48486328125
605,Oracle,0.4982096354166667
606,Oracle,0.5126953125
607,Oracle,0.5003255208333334
608,Oracle,0.501953125
609,Oracle,0.5325520833333334
610,Oracle,0.5353190104166666
611,Oracle,0.5192057291666666
612,Oracle,0.50341796875
613,Oracle,0.5133463541666666
614,Oracle,0.5078125
615,Oracle,0.51708984375
616,Oracle,0.4915364583333333
617,Oracle,0.51123046875
618,Oracle,0.4938151041666667
619,Oracle,0.4762369791666667
620,Oracle,0.4713541666666667
621,Oracle,0.52197265625
622,Oracle,0.49658203125
623,Oracle,0.5084635416666666
624,Oracle,0.4918619791666667
625,Oracle,0.4763997395833333
626,Oracle,0.4861653645833333
627,Oracle,0.48583984375
628,Oracle,0.4807942708333333
629,Oracle,0.4646809895833333
630,Oracle,0.4827473958333333
631,Oracle,0.4737955729166667
632,Oracle,0.46337890625
633,Oracle,0.482421875
634,Oracle,0.4661458333333333
635,Oracle,0.4890950520833333
636,Oracle,0.50927734375
637,Oracle,0.5081380208333334
638,Oracle,0.4830729166666667
639,Oracle,0.4861653645833333
640,Oracle,0.5109049479166666
641,Oracle,0.4978841145833333
642,Oracle,0.4986979166666667
643,Oracle,0.51318359375
644,Oracle,0.5266927083333334
645,Oracle,0.46484375
646,Oracle,0.47509765625
647,Oracle,0.47900390625
648,Oracle,0.4777018229166667
649,Oracle,0.5027669270833334
650,Oracle,0.48193359375
651,Oracle,0.4954427083333333
652,Oracle,0.4788411458333333
653,Oracle,0.4697265625
654,Oracle,0.47314453125
655,Oracle,0.4716796875
656,Oracle,0.5094401041666666
657,Oracle,0.5021158854166666
658,Oracle,0.4881184895833333
659,Oracle,0.4685872395833333
660,Oracle,0.4568684895833333
661,Oracle,0.48193359375
662,Oracle,0.4705403645833333
663,Oracle,0.5045572916666666
664,Oracle,0.4861653645833333
665,Oracle,0.4700520833333333
666,Oracle,0.51171875
667,Oracle,0.5042317708333334
668,Oracle,0.5099283854166666
669,Oracle,0.5286458333333334
670,Oracle,0.5330403645833334
671,Oracle,0.517578125
672,Oracle,0.4930013020833333
673,Oracle,0.4954427083333333
674,Oracle,0.486328125
675,Oracle,0.5182291666666666
676,Oracle,0.5045572916666666
677,Oracle,0.5056966145833334
678,Oracle,0.4991861979166667
679,Oracle,0.4928385416666667
680,Oracle,0.5094401041666666
681,Oracle,0.4921875
682,Oracle,0.4705403645833333
683,Oracle,0.4847005208333333
684,Oracle,0.50146484375
685,Oracle,0.4827473958333333
686,Oracle,0.4894205729166667
687,Oracle,0.49853515625
688,Oracle,0.49462890625
689,Oracle,0.5029296875
690,Oracle,0.4920247395833333
691,Oracle,0.5237630208333334
692,Oracle,0.5110677083333334
693,Oracle,0.49560546875
694,Oracle,0.49462890625
695,Oracle,0.48291015625
696,Oracle,0.4996744791666667
697,Oracle,0.5013020833333334
698,Oracle,0.5135091145833334
699,Oracle,0.4894205729166667
700,Oracle,0.4915364583333333
701,Oracle,0.4931640625
702,Oracle,0.5040690104166666
703,Oracle,0.5006510416666666
704,Oracle,0.5016276041666666
705,Oracle,0.50390625
706,Oracle,0.4969075520833333
707,Oracle,0.4925130208333333
708,Oracle,0.4918619791666667
709,Oracle,0.4933268229166667
710,Oracle,0.4990234375
711,Oracle,0.51318359375
712,Oracle,0.5374348958333334
713,Oracle,0.5011393229166666
714,Oracle,0.4728190104166667
715,Oracle,0.5017903645833334
716,Oracle,0.5056966145833334
717,Oracle,0.5222981770833334
718,Oracle,0.51904296875
719,Oracle,0.4973958333333333
720,Oracle,0.51171875
721,Oracle,0.5309244791666666
722,Oracle,0.5392252604166666
723,Oracle,0.5166015625
724,Oracle,0.5128580729166666
725,Oracle,0.5167643229166666
726,Oracle,0.4986979166666667
727,Oracle,0.5100911458333334
728,Oracle,0.5029296875
729,Oracle,0.5260416666666666
730,Oracle,0.4977213541666667
731,Oracle,0.4773763020833333
732,Oracle,0.4952799479166667
733,Oracle,0.5309244791666666
734,Oracle,0.5120442708333334
735,Oracle,0.5270182291666666
736,Oracle,0.5279947916666666
737,Oracle,0.5047200520833334
738,Oracle,0.53466796875
739,Oracle,0.5416666666666666
740,Oracle,0.5032552083333334
741,Oracle,0.5442708333333334
742,Oracle,0.5185546875
743,Oracle,0.5105794270833334
744,Oracle,0.4933268229166667
745,Oracle,0.5074869791666666
746,Oracle,0.51953125
747,Oracle,0.5109049479166666
748,Oracle,0.5154622395833334
749,Oracle,0.4988606770833333
750,Oracle,0.4734700520833333
751,Oracle,0.486328125
752,Oracle,0.4982096354166667
753,Oracle,0.4931640625
754,Oracle,0.48291015625
755,Oracle,0.4933268229166667
756,Oracle,0.5227864583333334
757,Oracle,0.5144856770833334
758,Oracle,0.5030924479166666
759,Oracle,0.50439453125
760,Oracle,0.5164388020833334
761,Oracle,0.5037434895833334
762,Oracle,0.49365234375
763,Oracle,0.51171875
764,Oracle,0.49462890625
765,Oracle,0.5221354166666666
766,Oracle,0.5172526041666666
767,Oracle,0.513671875
768,Oracle,0.5009765625
769,Oracle,0.4954427083333333
770,Oracle,0.5096028645833334
771,Oracle,0.5096028645833334
772,Oracle,0.5218098958333334
773,Oracle,0.5061848958333334
774,Oracle,0.52001953125
775,Oracle,0.5045572916666666
776,Oracle,0.5096028645833334
777,Oracle,0.5104166666666666
778,Oracle,0.5096028645833334
779,Oracle,0.48779296875
780,Oracle,0.5172526041666666
781,Oracle,0.5301106770833334
782,Oracle,0.5283203125
783,Oracle,0.5206705729166666
784,Oracle,0.5055338541666666
785,Oracle,0.52099609375
786,Oracle,0.5319010416666666
787,Oracle,0.52783203125
788,Oracle,0.5227864583333334
789,Oracle,0.5299479166666666
790,Oracle,0.4978841145833333
791,Oracle,0.513671875
792,Oracle,0.51123046875
793,Oracle,0.5263671875
794,Oracle,0.51123046875
795,Oracle,0.5110677083333334
796,Oracle,0.49853515625
797,Oracle,0.49560546875
798,Oracle,0.50439453125
799,Oracle,0.50927734375
800,Oracle,0.4944661458333333
801,Oracle,0.50341796875
802,Oracle,0.5047200520833334
803,Oracle,0.48193359375
804,Oracle,0.5040690104166666
805,Oracle,0.4978841145833333
806,Oracle,0.4947916666666667
807,Oracle,0.4949544270833333
808,Oracle,0.5309244791666666
809,Oracle,0.4988606770833333
810,Oracle,0.5201822916666666
811,Oracle,0.529296875
812,Oracle,0.51904296875
813,Oracle,0.50830078125
814,Oracle,0.5113932291666666
815,Oracle,0.5081380208333334
816,Oracle,0.5125325520833334
817,Oracle,0.5113932291666666
818,Oracle,0.5154622395833334
819,Oracle,0.50732421875
820,Oracle,0.5362955729166666
821,Oracle,0.4860026041666667
822,Oracle,0.4899088541666667
823,Oracle,0.5060221354166666
824,Oracle,0.5138346354166666
825,Oracle,0.5231119791666666
826,Oracle,0.5149739583333334
827,Oracle,0.4931640625
828,Oracle,0.5338541666666666
829,Oracle,0.5397135416666666
830,Oracle,0.52099609375
831,Oracle,0.5283203125
832,Oracle,0.5380859375
833,Oracle,0.5432942708333334
834,Oracle,0.5069986979166666
835,Oracle,0.5089518229166666
836,Oracle,0.5266927083333334
837,Oracle,0.53564453125
838,Oracle,0.52734375
839,Oracle,0.5100911458333334
840,Oracle,0.513671875
841,Oracle,0.51025390625
842,Oracle,0.5172526041666666
843,Oracle,0.50390625
844,Oracle,0.5157877604166666
845,Oracle,0.50341796875
846,Oracle,0.51513671875
847,Oracle,0.5291341145833334
848,Oracle,0.50146484375
849,Oracle,0.5128580729166666
850,Oracle,0.51025390625
851,Oracle,0.5056966145833334
852,Oracle,0.5379231770833334
853,Oracle,0.5166015625
854,Oracle,0.5081380208333334
855,Oracle,0.5022786458333334
856,Oracle,0.5224609375
857,Oracle,0.4908854166666667
858,Oracle,0.50537109375
859,Oracle,0.5335286458333334
860,Oracle,0.5148111979166666
861,Oracle,0.5118815104166666
862,Oracle,0.5374348958333334
863,Oracle,0.515625
864,Oracle,0.5226236979166666
865,Oracle,0.5138346354166666
866,Oracle,0.5104166666666666
867,Oracle,0.5183919270833334
868,Oracle,0.5271809895833334
869,Oracle,0.50634765625
870,Oracle,0.4729817708333333
871,Oracle,0.5030924479166666
872,Oracle,0.4860026041666667
873,Oracle,0.5120442708333334
874,Oracle,0.50537109375
875,Oracle,0.5250651041666666
876,Oracle,0.529296875
877,Oracle,0.5528971354166666
878,Oracle,0.5690104166666666
879,Oracle,0.5540364583333334
880,Oracle,0.560546875
881,Oracle,0.5382486979166666
882,Oracle,0.564453125
883,Oracle,0.5358072916666666
884,Oracle,0.5642903645833334
885,Oracle,0.5556640625
886,Oracle,0.5369466145833334
887,Oracle,0.54345703125
888,Oracle,0.5418294270833334
889,Oracle,0.5470377604166666
890,Oracle,0.5174153645833334
891,Oracle,0.5406901041666666
892,Oracle,0.5411783854166666
893,Oracle,0.54541015625
894,Oracle,0.53271484375
895,Oracle,0.5076497395833334
896,Oracle,0.53515625
897,Oracle,0.51806640625
898,Oracle,0.5013020833333334
899,Oracle,0.53857421875
900,Oracle,0.54296875
901,Oracle,0.51171875
902,Oracle,0.51171875
903,Oracle,0.5485026041666666
904,Oracle,0.50830078125
905,Oracle,0.5323893229166666
906,Oracle,0.5205078125
907,Oracle,0.5341796875
908,Oracle,0.5185546875
909,Oracle,0.5472005208333334
910,Oracle,0.546875
911,Oracle,0.54248046875
912,Oracle,0.49365234375
913,Oracle,0.517578125
914,Oracle,0.52294921875
915,Oracle,0.5104166666666666
916,Oracle,0.5166015625
917,Oracle,0.50732421875
918,Oracle,0.5240885416666666
919,Oracle,0.5286458333333334
920,Oracle,0.5089518229166666
921,Oracle,0.513671875
922,Oracle,0.52978515625
923,Oracle,0.4947916666666667
924,Oracle,0.5159505208333334
925,Oracle,0.4742838541666667
926,Oracle,0.4873046875
927,Oracle,0.4934895833333333
928,Oracle,0.50537109375
929,Oracle,0.5185546875
930,Oracle,0.5029296875
931,Oracle,0.5222981770833334
932,Oracle,0.5301106770833334
933,Oracle,0.5016276041666666
934,Oracle,0.5192057291666666
935,Oracle,0.50146484375
936,Oracle,0.5353190104166666
937,Oracle,0.5294596354166666
938,Oracle,0.5270182291666666
939,Oracle,0.52734375
940,Oracle,0.5341796875
941,Oracle,0.5406901041666666
942,Oracle,0.49560546875
943,Oracle,0.5179036458333334
944,Oracle,0.5135091145833334
945,Oracle,0.5193684895833334
946,Oracle,0.50048828125
947,Oracle,0.50830078125
948,Oracle,0.5107421875
949,Oracle,0.50146484375
950,Oracle,0.5105794270833334
951,Oracle,0.5096028645833334
952,Oracle,0.50830078125
953,Oracle,0.4983723958333333
954,Oracle,0.4973958333333333
955,Oracle,0.49658203125
956,Oracle,0.4977213541666667
957,Oracle,0.5286458333333334
958,Oracle,0.5270182291666666
959,Oracle,0.5052083333333334
960,Oracle,0.49072265625
961,Oracle,0.46337890625
962,Oracle,0.5016276041666666
963,Oracle,0.4944661458333333
964,Oracle,0.4806315104166667
965,Oracle,0.5148111979166666
966,Oracle,0.51025390625
967,Oracle,0.5320638020833334
968,Oracle,0.48486328125
969,Oracle,0.51220703125
970,Oracle,0.4967447916666667
971,Oracle,0.4918619791666667
972,Oracle,0.51318359375
973,Oracle,0.5179036458333334
974,Oracle,0.5
975,Oracle,0.4952799479166667
976,Oracle,0.5016276041666666
977,Oracle,0.4755859375
978,Oracle,0.5050455729166666
979,Oracle,0.5320638020833334
980,Oracle,0.4749348958333333
981,Oracle,0.5201822916666666
982,Oracle,0.5177408854166666
983,Oracle,0.5177408854166666
984,Oracle,0.4943033854166667
985,Oracle,0.5208333333333334
986,Oracle,0.5245768229166666
987,Oracle,0.5423177083333334
988,Oracle,0.5276692708333334
989,Oracle,0.5120442708333334
990,Oracle,0.5118815104166666
991,Oracle,0.5476888020833334
992,Oracle,0.5213216145833334
993,Oracle,0.53125
994,Oracle,0.49951171875
995,Oracle,0.5144856770833334
996,Oracle,0.5167643229166666
997,Oracle,0.5001627604166666
998,Oracle,0.51025390625
999,Oracle,0.5076497395833334
1000,Oracle,0.52978515625
1001,Oracle,0.50634765625
1002,Oracle,0.5016276041666666
1003,Oracle,0.48828125
1004,Oracle,0.50537109375
1005,Oracle,0.5305989583333334
1006,Oracle,0.53173828125
1007,Oracle,0.5270182291666666
1008,Oracle,0.5193684895833334
1009,Oracle,0.52001953125
1010,Oracle,0.498046875
1011,Oracle,0.5310872395833334
1012,Oracle,0.5237630208333334
1013,Oracle,0.5120442708333334
1014,Oracle,0.5330403645833334
1015,Oracle,0.4988606770833333
1016,Oracle,0.5247395833333334
1017,Oracle,0.5426432291666666
1018,Oracle,0.54248046875
1019,Oracle,0.5205078125
1020,Oracle,0.5388997395833334
1021,Oracle,0.5330403645833334
1022,Oracle,0.55078125
1023,Oracle,0.5587565104166666
