decode_step,policy,gpu_routed_token_coverage
3,Static,0.09586588541666667
4,Static,0.08935546875
5,Static,0.09700520833333333
6,Static,0.09537760416666667
7,Static,0.09098307291666667
8,Static,0.09375
9,Static,0.09358723958333333
10,Static,0.09879557291666667
11,Static,0.09798177083333333
12,Static,0.09440104166666667
13,Static,0.09244791666666667
14,Static,0.09130859375
15,Static,0.09635416666666667
16,Static,0.08919270833333333
17,Static,0.095703125
18,Static,0.09016927083333333
19,Static,0.09488932291666667
20,Static,0.09635416666666667
21,Static,0.10074869791666667
22,Static,0.09505208333333333
23,Static,0.09407552083333333
24,Static,0.09456380208333333
25,Static,0.09423828125
26,Static,0.09309895833333333
27,Static,0.0927734375
28,Static,0.09065755208333333
29,Static,0.09016927083333333
30,Static,0.09049479166666667
31,Static,0.0947265625
32,Static,0.10074869791666667
33,Static,0.08984375
34,Static,0.08675130208333333
35,Static,0.09114583333333333
36,Static,0.09326171875
37,Static,0.09619140625
38,Static,0.09505208333333333
39,Static,0.09619140625
40,Static,0.09114583333333333
41,Static,0.09326171875
42,Static,0.09798177083333333
43,Static,0.09619140625
44,Static,0.09212239583333333
45,Static,0.09261067708333333
46,Static,0.09358723958333333
47,Static,0.09016927083333333
48,Static,0.09326171875
49,Static,0.09505208333333333
50,Static,0.09928385416666667
51,Static,0.09423828125
52,Static,0.09700520833333333
53,Static,0.09781901041666667
54,Static,0.10009765625
55,Static,0.0908203125
56,Static,0.10205078125
57,Static,0.09342447916666667
58,Static,0.09781901041666667
59,Static,0.09293619791666667
60,Static,0.09130859375
61,Static,0.09375
62,Static,0.09326171875
63,Static,0.09261067708333333
64,Static,0.09244791666666667
65,Static,0.0966796875
66,Static,0.09944661458333333
67,Static,0.10172526041666667
68,Static,0.09635416666666667
69,Static,0.09537760416666667
70,Static,0.09505208333333333
71,Static,0.09147135416666667
72,Static,0.091796875
73,Static,0.09016927083333333
74,Static,0.09326171875
75,Static,0.09098307291666667
76,Static,0.09733072916666667
77,Static,0.0927734375
78,Static,0.09830729166666667
79,Static,0.09326171875
80,Static,0.09163411458333333
81,Static,0.09944661458333333
82,Static,0.09586588541666667
83,Static,0.09309895833333333
84,Static,0.09342447916666667
85,Static,0.09228515625
86,Static,0.09521484375
87,Static,0.09375
88,Static,0.09423828125
89,Static,0.09521484375
90,Static,0.09261067708333333
91,Static,0.095703125
92,Static,0.09684244791666667
93,Static,0.09212239583333333
94,Static,0.10042317708333333
95,Static,0.087890625
96,Static,0.09375
97,Static,0.09554036458333333
98,Static,0.09765625
99,Static,0.09456380208333333
100,Static,0.09375
101,Static,0.09798177083333333
102,Static,0.09488932291666667
103,Static,0.10221354166666667
104,Static,0.09993489583333333
105,Static,0.09342447916666667
106,Static,0.09847005208333333
107,Static,0.09309895833333333
108,Static,0.10432942708333333
109,Static,0.09928385416666667
110,Static,0.09993489583333333
111,Static,0.09391276041666667
112,Static,0.10091145833333333
113,Static,0.09195963541666667
114,Static,0.09391276041666667
115,Static,0.09326171875
116,Static,0.09505208333333333
117,Static,0.09586588541666667
118,Static,0.09830729166666667
119,Static,0.09700520833333333
120,Static,0.08919270833333333
121,Static,0.09261067708333333
122,Static,0.0947265625
123,Static,0.0927734375
124,Static,0.09016927083333333
125,Static,0.09261067708333333
126,Static,0.09749348958333333
127,Static,0.09781901041666667
128,Static,0.0966796875
129,Static,0.08984375
130,Static,0.09358723958333333
131,Static,0.09261067708333333
132,Static,0.09944661458333333
133,Static,0.0986328125
134,Static,0.09244791666666667
135,Static,0.09049479166666667
136,Static,0.09847005208333333
137,Static,0.09716796875
138,Static,0.09407552083333333
139,Static,0.09440104166666667
140,Static,0.09358723958333333
141,Static,0.09033203125
142,Static,0.10091145833333333
143,Static,0.0927734375
144,Static,0.09407552083333333
145,Static,0.09375
146,Static,0.09781901041666667
147,Static,0.10498046875
148,Static,0.10432942708333333
149,Static,0.09602864583333333
150,Static,0.09049479166666667
151,Static,0.091796875
152,Static,0.08772786458333333
153,Static,0.09049479166666667
154,Static,0.09733072916666667
155,Static,0.09554036458333333
156,Static,0.10139973958333333
157,Static,0.09798177083333333
158,Static,0.09049479166666667
159,Static,0.09651692708333333
160,Static,0.09602864583333333
161,Static,0.09537760416666667
162,Static,0.09195963541666667
163,Static,0.09781901041666667
164,Static,0.09830729166666667
165,Static,0.09423828125
166,Static,0.09928385416666667
167,Static,0.09602864583333333
168,Static,0.10221354166666667
169,Static,0.095703125
170,Static,0.09114583333333333
171,Static,0.0908203125
172,Static,0.09700520833333333
173,Static,0.09440104166666667
174,Static,0.0927734375
175,Static,0.09521484375
176,Static,0.09244791666666667
177,Static,0.091796875
178,Static,0.09928385416666667
179,Static,0.095703125
180,Static,0.09228515625
181,Static,0.09407552083333333
182,Static,0.09602864583333333
183,Static,0.09635416666666667
184,Static,0.09733072916666667
185,Static,0.09521484375
186,Static,0.0908203125
187,Static,0.09391276041666667
188,Static,0.1015625
189,Static,0.09309895833333333
190,Static,0.1015625
191,Static,0.09537760416666667
192,Static,0.09098307291666667
193,Static,0.09554036458333333
194,Static,0.10009765625
195,Static,0.08951822916666667
196,Static,0.09554036458333333
197,Static,0.09195963541666667
198,Static,0.09049479166666667
199,Static,0.09195963541666667
200,Static,0.09423828125
201,Static,0.09521484375
202,Static,0.09261067708333333
203,Static,0.08935546875
204,Static,0.09212239583333333
205,Static,0.09342447916666667
206,Static,0.09212239583333333
207,Static,0.09765625
208,Static,0.09440104166666667
209,Static,0.10091145833333333
210,Static,0.09781901041666667
211,Static,0.09895833333333333
212,Static,0.099609375
213,Static,0.09895833333333333
214,Static,0.09684244791666667
215,Static,0.09749348958333333
216,Static,0.09456380208333333
217,Static,0.09456380208333333
218,Static,0.09423828125
219,Static,0.0947265625
220,Static,0.09440104166666667
221,Static,0.09700520833333333
222,Static,0.09830729166666667
223,Static,0.09602864583333333
224,Static,0.10107421875
225,Static,0.0947265625
226,Static,0.09147135416666667
227,Static,0.09261067708333333
228,Static,0.08805338541666667
229,Static,0.09456380208333333
230,Static,0.095703125
231,Static,0.0947265625
232,Static,0.09488932291666667
233,Static,0.09326171875
234,Static,0.09391276041666667
235,Static,0.095703125
236,Static,0.09700520833333333
237,Static,0.09635416666666667
238,Static,0.08870442708333333
239,Static,0.09619140625
240,Static,0.09033203125
241,Static,0.09423828125
242,Static,0.10432942708333333
243,Static,0.09244791666666667
244,Static,0.09195963541666667
245,Static,0.09423828125
246,Static,0.09847005208333333
247,Static,0.09326171875
248,Static,0.10139973958333333
249,Static,0.09879557291666667
250,Static,0.09781901041666667
251,Static,0.0966796875
252,Static,0.09407552083333333
253,Static,0.099609375
254,Static,0.09114583333333333
255,Static,0.09228515625
256,Static,0.09375
257,Static,0.099609375
258,Static,0.09375
259,Static,0.09765625
260,Static,0.09505208333333333
261,Static,0.09847005208333333
262,Static,0.09733072916666667
263,Static,0.09944661458333333
264,Static,0.09635416666666667
265,Static,0.09928385416666667
266,Static,0.09912109375
267,Static,0.09000651041666667
268,Static,0.09602864583333333
269,Static,0.09749348958333333
270,Static,0.09147135416666667
271,Static,0.09554036458333333
272,Static,0.09423828125
273,Static,0.08902994791666667
274,Static,0.09537760416666667
275,Static,0.09326171875
276,Static,0.0986328125
277,Static,0.09716796875
278,Static,0.10009765625
279,Static,0.09456380208333333
280,Static,0.09440104166666667
281,Static,0.09228515625
282,Static,0.09358723958333333
283,Static,0.09847005208333333
284,Static,0.09765625
285,Static,0.09749348958333333
286,Static,0.09716796875
287,Static,0.10042317708333333
288,Static,0.09375
289,Static,0.0927734375
290,Static,0.095703125
291,Static,0.09212239583333333
292,Static,0.09684244791666667
293,Static,0.08902994791666667
294,Static,0.08951822916666667
295,Static,0.09895833333333333
296,Static,0.0888671875
297,Static,0.09423828125
298,Static,0.10107421875
299,Static,0.09358723958333333
300,Static,0.0908203125
301,Static,0.09993489583333333
302,Static,0.08968098958333333
303,Static,0.09342447916666667
304,Static,0.09537760416666667
305,Static,0.09163411458333333
306,Static,0.09456380208333333
307,Static,0.09765625
308,Static,0.09309895833333333
309,Static,0.0888671875
310,Static,0.09684244791666667
311,Static,0.09391276041666667
312,Static,0.08984375
313,Static,0.09228515625
314,Static,0.09147135416666667
315,Static,0.09554036458333333
316,Static,0.09619140625
317,Static,0.0966796875
318,Static,0.09147135416666667
319,Static,0.09537760416666667
320,Static,0.09016927083333333
321,Static,0.10074869791666667
322,Static,0.095703125
323,Static,0.09651692708333333
324,Static,0.09830729166666667
325,Static,0.095703125
326,Static,0.10091145833333333
327,Static,0.09440104166666667
328,Static,0.09733072916666667
329,Static,0.09342447916666667
330,Static,0.0966796875
331,Static,0.10205078125
332,Static,0.09586588541666667
333,Static,0.09586588541666667
334,Static,0.09342447916666667
335,Static,0.09619140625
336,Static,0.09602864583333333
337,Static,0.09993489583333333
338,Static,0.09635416666666667
339,Static,0.09228515625
340,Static,0.09635416666666667
341,Static,0.09765625
342,Static,0.09928385416666667
343,Static,0.09847005208333333
344,Static,0.09391276041666667
345,Static,0.10400390625
346,Static,0.10172526041666667
347,Static,0.10009765625
348,Static,0.09440104166666667
349,Static,0.10270182291666667
350,Static,0.09879557291666667
351,Static,0.09912109375
352,Static,0.10091145833333333
353,Static,0.0986328125
354,Static,0.10205078125
355,Static,0.09928385416666667
356,Static,0.09944661458333333
357,Static,0.09602864583333333
358,Static,0.10123697916666667
359,Static,0.0908203125
360,Static,0.09554036458333333
361,Static,0.09635416666666667
362,Static,0.09993489583333333
363,Static,0.09537760416666667
364,Static,0.08968098958333333
365,Static,0.08902994791666667
366,Static,0.09098307291666667
367,Static,0.0966796875
368,Static,0.09130859375
369,Static,0.095703125
370,Static,0.09879557291666667
371,Static,0.10009765625
372,Static,0.099609375
373,Static,0.09651692708333333
374,Static,0.10123697916666667
375,Static,0.10091145833333333
376,Static,0.09309895833333333
377,Static,0.09602864583333333
378,Static,0.09049479166666667
379,Static,0.09358723958333333
380,Static,0.08935546875
381,Static,0.09049479166666667
382,Static,0.08968098958333333
383,Static,0.09049479166666667
384,Static,0.09375
385,Static,0.08772786458333333
386,Static,0.09488932291666667
387,Static,0.09326171875
388,Static,0.09635416666666667
389,Static,0.09847005208333333
390,Static,0.09521484375
391,Static,0.09830729166666667
392,Static,0.09440104166666667
393,Static,0.0966796875
394,Static,0.09830729166666667
395,Static,0.10026041666666667
396,Static,0.10042317708333333
397,Static,0.10367838541666667
398,Static,0.09114583333333333
399,Static,0.0908203125
400,Static,0.09309895833333333
401,Static,0.09326171875
402,Static,0.0966796875
403,Static,0.09716796875
404,Static,0.0947265625
405,Static,0.09309895833333333
406,Static,0.09716796875
407,Static,0.09537760416666667
408,Static,0.10205078125
409,Static,0.09537760416666667
410,Static,0.09521484375
411,Static,0.09342447916666667
412,Static,0.10237630208333333
413,Static,0.09814453125
414,Static,0.09700520833333333
415,Static,0.099609375
416,Static,0.09733072916666667
417,Static,0.0986328125
418,Static,0.09212239583333333
419,Static,0.09798177083333333
420,Static,0.09521484375
421,Static,0.09488932291666667
422,Static,0.08821614583333333
423,Static,0.09488932291666667
424,Static,0.09765625
425,Static,0.09342447916666667
426,Static,0.091796875
427,Static,0.09586588541666667
428,Static,0.10595703125
429,Static,0.09684244791666667
430,Static,0.09537760416666667
431,Static,0.09293619791666667
432,Static,0.0966796875
433,Static,0.09505208333333333
434,Static,0.09635416666666667
435,Static,0.09554036458333333
436,Static,0.09993489583333333
437,Static,0.10188802083333333
438,Static,0.09765625
439,Static,0.10400390625
440,Static,0.09537760416666667
441,Static,0.09375
442,Static,0.09912109375
443,Static,0.09488932291666667
444,Static,0.09440104166666667
445,Static,0.09798177083333333
446,Static,0.08707682291666667
447,Static,0.09749348958333333
448,Static,0.09391276041666667
449,Static,0.09944661458333333
450,Static,0.09212239583333333
451,Static,0.10188802083333333
452,Static,0.09847005208333333
453,Static,0.09928385416666667
454,Static,0.10009765625
455,Static,0.09684244791666667
456,Static,0.10074869791666667
457,Static,0.10319010416666667
458,Static,0.099609375
459,Static,0.09635416666666667
460,Static,0.10172526041666667
461,Static,0.09586588541666667
462,Static,0.09293619791666667
463,Static,0.09293619791666667
464,Static,0.0947265625
465,Static,0.0947265625
466,Static,0.09619140625
467,Static,0.09554036458333333
468,Static,0.09798177083333333
469,Static,0.09977213541666667
470,Static,0.09602864583333333
471,Static,0.09619140625
472,Static,0.09895833333333333
473,Static,0.09505208333333333
474,Static,0.095703125
475,Static,0.0986328125
476,Static,0.09716796875
477,Static,0.09749348958333333
478,Static,0.09635416666666667
479,Static,0.09847005208333333
480,Static,0.09423828125
481,Static,0.09505208333333333
482,Static,0.09016927083333333
483,Static,0.09326171875
484,Static,0.10172526041666667
485,Static,0.09554036458333333
486,Static,0.09521484375
487,Static,0.10026041666666667
488,Static,0.09847005208333333
489,Static,0.0966796875
490,Static,0.10042317708333333
491,Static,0.09488932291666667
492,Static,0.09928385416666667
493,Static,0.10367838541666667
494,Static,0.09781901041666667
495,Static,0.09830729166666667
496,Static,0.09847005208333333
497,Static,0.09586588541666667
498,Static,0.09147135416666667
499,Static,0.1015625
500,Static,0.09505208333333333
501,Static,0.09163411458333333
502,Static,0.09944661458333333
503,Static,0.09293619791666667
504,Static,0.09830729166666667
505,Static,0.09554036458333333
506,Static,0.08951822916666667
507,Static,0.08984375
508,Static,0.09993489583333333
509,Static,0.0947265625
510,Static,0.09554036458333333
511,Static,0.09309895833333333
512,Static,0.10091145833333333
513,Static,0.09716796875
514,Static,0.10221354166666667
515,Static,0.09733072916666667
516,Static,0.10400390625
517,Static,0.10498046875
518,Static,0.09488932291666667
519,Static,0.09977213541666667
520,Static,0.10026041666666667
521,Static,0.09456380208333333
522,Static,0.10074869791666667
523,Static,0.09977213541666667
524,Static,0.09163411458333333
525,Static,0.0966796875
526,Static,0.09602864583333333
527,Static,0.09456380208333333
528,Static,0.10026041666666667
529,Static,0.09977213541666667
530,Static,0.10367838541666667
531,Static,0.09602864583333333
532,Static,0.10188802083333333
533,Static,0.091796875
534,Static,0.09586588541666667
535,Static,0.10091145833333333
536,Static,0.10384114583333333
537,Static,0.0966796875
538,Static,0.10335286458333333
539,Static,0.09000651041666667
540,Static,0.09619140625
541,Static,0.09163411458333333
542,Static,0.09342447916666667
543,Static,0.09781901041666667
544,Static,0.09488932291666667
545,Static,0.09391276041666667
546,Static,0.09309895833333333
547,Static,0.09163411458333333
548,Static,0.09440104166666667
549,Static,0.10123697916666667
550,Static,0.09944661458333333
551,Static,0.09521484375
552,Static,0.09147135416666667
553,Static,0.10286458333333333
554,Static,0.09977213541666667
555,Static,0.09944661458333333
556,Static,0.10139973958333333
557,Static,0.09847005208333333
558,Static,0.09114583333333333
559,Static,0.10514322916666667
560,Static,0.09407552083333333
561,Static,0.099609375
562,Static,0.09733072916666667
563,Static,0.08919270833333333
564,Static,0.09261067708333333
565,Static,0.09342447916666667
566,Static,0.10123697916666667
567,Static,0.09684244791666667
568,Static,0.09342447916666667
569,Static,0.09879557291666667
570,Static,0.09586588541666667
571,Static,0.09912109375
572,Static,0.09977213541666667
573,Static,0.10319010416666667
574,Static,0.09798177083333333
575,Static,0.09781901041666667
576,Static,0.09749348958333333
577,Static,0.09749348958333333
578,Static,0.09602864583333333
579,Static,0.09147135416666667
580,Static,0.0947265625
581,Static,0.09912109375
582,Static,0.09375
583,Static,0.10009765625
584,Static,0.09358723958333333
585,Static,0.09440104166666667
586,Static,0.10074869791666667
587,Static,0.09781901041666667
588,Static,0.09798177083333333
589,Static,0.09635416666666667
590,Static,0.09049479166666667
591,Static,0.095703125
592,Static,0.09391276041666667
593,Static,0.09635416666666667
594,Static,0.10091145833333333
595,Static,0.09944661458333333
596,Static,0.10367838541666667
597,Static,0.0927734375
598,Static,0.0966796875
599,Static,0.09879557291666667
600,Static,0.09521484375
601,Static,0.0986328125
602,Static,0.10123697916666667
603,Static,0.09212239583333333
604,Static,0.10188802083333333
605,Static,0.09733072916666667
606,Static,0.10498046875
607,Static,0.09733072916666667
608,Static,0.10107421875
609,Static,0.09814453125
610,Static,0.099609375
611,Static,0.09879557291666667
612,Static,0.09505208333333333
613,Static,0.09358723958333333
614,Static,0.10319010416666667
615,Static,0.09440104166666667
616,Static,0.09635416666666667
617,Static,0.09537760416666667
618,Static,0.10107421875
619,Static,0.09716796875
620,Static,0.09749348958333333
621,Static,0.09602864583333333
622,Static,0.09700520833333333
623,Static,0.09716796875
624,Static,0.09912109375
625,Static,0.10270182291666667
626,Static,0.09733072916666667
627,Static,0.09879557291666667
628,Static,0.10709635416666667
629,Static,0.09554036458333333
630,Static,0.09765625
631,Static,0.10384114583333333
632,Static,0.10107421875
633,Static,0.09651692708333333
634,Static,0.09700520833333333
635,Static,0.09505208333333333
636,Static,0.09326171875
637,Static,0.1005859375
638,Static,0.10677083333333333
639,Static,0.09326171875
640,Static,0.09212239583333333
641,Static,0.10481770833333333
642,Static,0.09342447916666667
643,Static,0.0908203125
644,Static,0.09326171875
645,Static,0.08935546875
646,Static,0.09977213541666667
647,Static,0.10221354166666667
648,Static,0.09293619791666667
649,Static,0.09977213541666667
650,Static,0.09700520833333333
651,Static,0.09781901041666667
652,Static,0.09358723958333333
653,Static,0.09537760416666667
654,Static,0.09488932291666667
655,Static,0.09602864583333333
656,Static,0.09488932291666667
657,Static,0.099609375
658,Static,0.09293619791666667
659,Static,0.09293619791666667
660,Static,0.09488932291666667
661,Static,0.09358723958333333
662,Static,0.09749348958333333
663,Static,0.09228515625
664,Static,0.10172526041666667
665,Static,0.09749348958333333
666,Static,0.09684244791666667
667,Static,0.09440104166666667
668,Static,0.10286458333333333
669,Static,0.09716796875
670,Static,0.10091145833333333
671,Static,0.10139973958333333
672,Static,0.095703125
673,Static,0.0986328125
674,Static,0.09440104166666667
675,Static,0.10221354166666667
676,Static,0.09537760416666667
677,Static,0.09814453125
678,Static,0.09928385416666667
679,Static,0.09733072916666667
680,Static,0.09765625
681,Static,0.09798177083333333
682,Static,0.09521484375
683,Static,0.09635416666666667
684,Static,0.095703125
685,Static,0.09700520833333333
686,Static,0.0966796875
687,Static,0.09456380208333333
688,Static,0.10498046875
689,Static,0.0947265625
690,Static,0.10009765625
691,Static,0.09456380208333333
692,Static,0.09749348958333333
693,Static,0.09651692708333333
694,Static,0.09537760416666667
695,Static,0.09781901041666667
696,Static,0.09651692708333333
697,Static,0.10009765625
698,Static,0.0966796875
699,Static,0.09684244791666667
700,Static,0.09602864583333333
701,Static,0.09375
702,Static,0.0927734375
703,Static,0.09651692708333333
704,Static,0.08951822916666667
705,Static,0.0908203125
706,Static,0.09651692708333333
707,Static,0.09651692708333333
708,Static,0.09342447916666667
709,Static,0.09651692708333333
710,Static,0.09830729166666667
711,Static,0.09391276041666667
712,Static,0.10107421875
713,Static,0.10042317708333333
714,Static,0.09912109375
715,Static,0.10172526041666667
716,Static,0.09798177083333333
717,Static,0.09781901041666667
718,Static,0.0986328125
719,Static,0.10188802083333333
720,Static,0.09602864583333333
721,Static,0.10302734375
722,Static,0.10091145833333333
723,Static,0.09375
724,Static,0.10026041666666667
725,Static,0.09700520833333333
726,Static,0.09586588541666667
727,Static,0.10172526041666667
728,Static,0.09895833333333333
729,Static,0.1005859375
730,Static,0.09733072916666667
731,Static,0.10091145833333333
732,Static,0.09798177083333333
733,Static,0.09993489583333333
734,Static,0.1025390625
735,Static,0.09391276041666667
736,Static,0.09342447916666667
737,Static,0.09586588541666667
738,Static,0.10026041666666667
739,Static,0.09814453125
740,Static,0.10709635416666667
741,Static,0.0947265625
742,Static,0.09716796875
743,Static,0.09521484375
744,Static,0.10188802083333333
745,Static,0.09684244791666667
746,Static,0.09749348958333333
747,Static,0.09554036458333333
748,Static,0.10107421875
749,Static,0.0947265625
750,Static,0.09440104166666667
751,Static,0.10400390625
752,Static,0.09537760416666667
753,Static,0.09147135416666667
754,Static,0.09847005208333333
755,Static,0.09651692708333333
756,Static,0.09879557291666667
757,Static,0.09977213541666667
758,Static,0.09928385416666667
759,Static,0.09537760416666667
760,Static,0.09798177083333333
761,Static,0.09733072916666667
762,Static,0.10026041666666667
763,Static,0.10221354166666667
764,Static,0.10107421875
765,Static,0.09488932291666667
766,Static,0.0966796875
767,Static,0.10091145833333333
768,Static,0.09375
769,Static,0.09912109375
770,Static,0.09847005208333333
771,Static,0.09798177083333333
772,Static,0.10188802083333333
773,Static,0.09847005208333333
774,Static,0.09602864583333333
775,Static,0.09554036458333333
776,Static,0.0947265625
777,Static,0.09700520833333333
778,Static,0.09814453125
779,Static,0.09602864583333333
780,Static,0.10107421875
781,Static,0.0986328125
782,Static,0.09130859375
783,Static,0.09456380208333333
784,Static,0.1015625
785,Static,0.10188802083333333
786,Static,0.0966796875
787,Static,0.09505208333333333
788,Static,0.09847005208333333
789,Static,0.08935546875
790,Static,0.09814453125
791,Static,0.09554036458333333
792,Static,0.09212239583333333
793,Static,0.09993489583333333
794,Static,0.09944661458333333
795,Static,0.10107421875
796,Static,0.09684244791666667
797,Static,0.09407552083333333
798,Static,0.09049479166666667
799,Static,0.09895833333333333
800,Static,0.09326171875
801,Static,0.09749348958333333
802,Static,0.09537760416666667
803,Static,0.09326171875
804,Static,0.09261067708333333
805,Static,0.095703125
806,Static,0.09700520833333333
807,Static,0.09586588541666667
808,Static,0.09993489583333333
809,Static,0.09440104166666667
810,Static,0.09847005208333333
811,Static,0.09423828125
812,Static,0.09049479166666667
813,Static,0.1005859375
814,Static,0.10091145833333333
815,Static,0.09326171875
816,Static,0.10107421875
817,Static,0.09847005208333333
818,Static,0.09912109375
819,Static,0.09619140625
820,Static,0.10286458333333333
821,Static,0.09684244791666667
822,Static,0.0986328125
823,Static,0.09733072916666667
824,Static,0.10042317708333333
825,Static,0.09716796875
826,Static,0.099609375
827,Static,0.10205078125
828,Static,0.09586588541666667
829,Static,0.099609375
830,Static,0.09293619791666667
831,Static,0.10237630208333333
832,Static,0.10205078125
833,Static,0.09684244791666667
834,Static,0.10563151041666667
835,Static,0.09895833333333333
836,Static,0.10514322916666667
837,Static,0.09781901041666667
838,Static,0.10042317708333333
839,Static,0.09895833333333333
840,Static,0.09749348958333333
841,Static,0.09895833333333333
842,Static,0.09602864583333333
843,Static,0.09765625
844,Static,0.09798177083333333
845,Static,0.09912109375
846,Static,0.09586588541666667
847,Static,0.10172526041666667
848,Static,0.10107421875
849,Static,0.09635416666666667
850,Static,0.0966796875
851,Static,0.10286458333333333
852,Static,0.09781901041666667
853,Static,0.10709635416666667
854,Static,0.09521484375
855,Static,0.09733072916666667
856,Static,0.09895833333333333
857,Static,0.09895833333333333
858,Static,0.09554036458333333
859,Static,0.10221354166666667
860,Static,0.09619140625
861,Static,0.10139973958333333
862,Static,0.10221354166666667
863,Static,0.09684244791666667
864,Static,0.09228515625
865,Static,0.09847005208333333
866,Static,0.09798177083333333
867,Static,0.08821614583333333
868,Static,0.09407552083333333
869,Static,0.095703125
870,Static,0.09684244791666667
871,Static,0.10009765625
872,Static,0.09635416666666667
873,Static,0.091796875
874,Static,0.09488932291666667
875,Static,0.09781901041666667
876,Static,0.09537760416666667
877,Static,0.0986328125
878,Static,0.09912109375
879,Static,0.10286458333333333
880,Static,0.09928385416666667
881,Static,0.09488932291666667
882,Static,0.10042317708333333
883,Static,0.09602864583333333
884,Static,0.09505208333333333
885,Static,0.09423828125
886,Static,0.09912109375
887,Static,0.0986328125
888,Static,0.10074869791666667
889,Static,0.10237630208333333
890,Static,0.09944661458333333
891,Static,0.09798177083333333
892,Static,0.10481770833333333
893,Static,0.099609375
894,Static,0.0986328125
895,Static,0.09700520833333333
896,Static,0.09830729166666667
897,Static,0.09830729166666667
898,Static,0.09651692708333333
899,Static,0.0986328125
900,Static,0.09944661458333333
901,Static,0.10205078125
902,Static,0.10074869791666667
903,Static,0.10270182291666667
904,Static,0.10367838541666667
905,Static,0.10270182291666667
906,Static,0.09440104166666667
907,Static,0.09798177083333333
908,Static,0.09586588541666667
909,Static,0.09358723958333333
910,Static,0.09700520833333333
911,Static,0.09586588541666667
912,Static,0.09423828125
913,Static,0.09537760416666667
914,Static,0.09814453125
915,Static,0.09098307291666667
916,Static,0.10172526041666667
917,Static,0.10221354166666667
918,Static,0.09602864583333333
919,Static,0.09798177083333333
920,Static,0.09651692708333333
921,Static,0.0966796875
922,Static,0.09716796875
923,Static,0.09521484375
924,Static,0.09977213541666667
925,Static,0.09586588541666667
926,Static,0.09700520833333333
927,Static,0.09586588541666667
928,Static,0.09814453125
929,Static,0.09244791666666667
930,Static,0.09147135416666667
931,Static,0.10139973958333333
932,Static,0.09261067708333333
933,Static,0.09749348958333333
934,Static,0.095703125
935,Static,0.09098307291666667
936,Static,0.09163411458333333
937,Static,0.10009765625
938,Static,0.09879557291666667
939,Static,0.09700520833333333
940,Static,0.09521484375
941,Static,0.09749348958333333
942,Static,0.09488932291666667
943,Static,0.09944661458333333
944,Static,0.09944661458333333
945,Static,0.09847005208333333
946,Static,0.09814453125
947,Static,0.09700520833333333
948,Static,0.09537760416666667
949,Static,0.09733072916666667
950,Static,0.10237630208333333
951,Static,0.10139973958333333
952,Static,0.09619140625
953,Static,0.10107421875
954,Static,0.09586588541666667
955,Static,0.09912109375
956,Static,0.09651692708333333
957,Static,0.09293619791666667
958,Static,0.09912109375
959,Static,0.10139973958333333
960,Static,0.09912109375
961,Static,0.0986328125
962,Static,0.0966796875
963,Static,0.0947265625
964,Static,0.09912109375
965,Static,0.08935546875
966,Static,0.09895833333333333
967,Static,0.10205078125
968,Static,0.09733072916666667
969,Static,0.09456380208333333
970,Static,0.09993489583333333
971,Static,0.09684244791666667
972,Static,0.09993489583333333
973,Static,0.0986328125
974,Static,0.09716796875
975,Static,0.0947265625
976,Static,0.1025390625
977,Static,0.09879557291666667
978,Static,0.0986328125
979,Static,0.1044921875
980,Static,0.09635416666666667
981,Static,0.09586588541666667
982,Static,0.10481770833333333
983,Static,0.10221354166666667
984,Static,0.10563151041666667
985,Static,0.10367838541666667
986,Static,0.09651692708333333
987,Static,0.091796875
988,Static,0.09684244791666667
989,Static,0.09912109375
990,Static,0.09733072916666667
991,Static,0.10270182291666667
992,Static,0.10481770833333333
993,Static,0.10205078125
994,Static,0.09977213541666667
995,Static,0.09944661458333333
996,Static,0.09814453125
997,Static,0.10416666666666667
998,Static,0.0927734375
999,Static,0.0986328125
1000,Static,0.09733072916666667
1001,Static,0.09147135416666667
1002,Static,0.09944661458333333
1003,Static,0.09505208333333333
1004,Static,0.09326171875
1005,Static,0.09733072916666667
1006,Static,0.10172526041666667
1007,Static,0.09423828125
1008,Static,0.09749348958333333
1009,Static,0.10286458333333333
1010,Static,0.09944661458333333
1011,Static,0.09765625
1012,Static,0.09651692708333333
1013,Static,0.09977213541666667
1014,Static,0.09814453125
1015,Static,0.09944661458333333
1016,Static,0.10042317708333333
1017,Static,0.09423828125
1018,Static,0.10725911458333333
1019,Static,0.09684244791666667
1020,Static,0.0986328125
1021,Static,0.10237630208333333
1022,Static,0.09830729166666667
1023,Static,0.09456380208333333
3,LRU,0.17057291666666666
4,LRU,0.13948567708333334
5,LRU,0.1416015625
6,LRU,0.1298828125
7,LRU,0.17268880208333334
8,LRU,0.14274088541666666
9,LRU,0.142578125
10,LRU,0.14583333333333334
11,LRU,0.1728515625
12,LRU,0.14029947916666666
13,LRU,0.1396484375
14,LRU,0.134765625
15,LRU,0.162109375
16,LRU,0.12858072916666666
17,LRU,0.13004557291666666
18,LRU,0.13232421875
19,LRU,0.1640625
20,LRU,0.13785807291666666
21,LRU,0.13688151041666666
22,LRU,0.14127604166666666
23,LRU,0.16422526041666666
24,LRU,0.138671875
25,LRU,0.13802083333333334
26,LRU,0.1337890625
27,LRU,0.17073567708333334
28,LRU,0.13525390625
29,LRU,0.13492838541666666
30,LRU,0.14339192708333334
31,LRU,0.17626953125
32,LRU,0.15543619791666666
33,LRU,0.14176432291666666
34,LRU,0.13460286458333334
35,LRU,0.16780598958333334
36,LRU,0.1376953125
37,LRU,0.13720703125
38,LRU,0.13427734375
39,LRU,0.1689453125
40,LRU,0.13639322916666666
41,LRU,0.1328125
42,LRU,0.13590494791666666
43,LRU,0.17350260416666666
44,LRU,0.14306640625
45,LRU,0.13525390625
46,LRU,0.13264973958333334
47,LRU,0.16780598958333334
48,LRU,0.14241536458333334
49,LRU,0.138671875
50,LRU,0.14225260416666666
51,LRU,0.15706380208333334
52,LRU,0.13216145833333334
53,LRU,0.13688151041666666
54,LRU,0.13297526041666666
55,LRU,0.17431640625
56,LRU,0.14632161458333334
57,LRU,0.14501953125
58,LRU,0.15234375
59,LRU,0.18050130208333334
60,LRU,0.15120442708333334
61,LRU,0.138671875
62,LRU,0.15071614583333334
63,LRU,0.18277994791666666
64,LRU,0.15104166666666666
65,LRU,0.15462239583333334
66,LRU,0.15201822916666666
67,LRU,0.1806640625
68,LRU,0.1494140625
69,LRU,0.13850911458333334
70,LRU,0.14664713541666666
71,LRU,0.17757161458333334
72,LRU,0.14664713541666666
73,LRU,0.14501953125
74,LRU,0.1435546875
75,LRU,0.17301432291666666
76,LRU,0.15185546875
77,LRU,0.1435546875
78,LRU,0.15071614583333334
79,LRU,0.17838541666666666
80,LRU,0.140625
81,LRU,0.14567057291666666
82,LRU,0.13606770833333334
83,LRU,0.17822265625
84,LRU,0.14892578125
85,LRU,0.14208984375
86,LRU,0.14420572916666666
87,LRU,0.16829427083333334
88,LRU,0.1435546875
89,LRU,0.14274088541666666
90,LRU,0.14339192708333334
91,LRU,0.19108072916666666
92,LRU,0.15755208333333334
93,LRU,0.15934244791666666
94,LRU,0.16650390625
95,LRU,0.17333984375
96,LRU,0.14567057291666666
97,LRU,0.1435546875
98,LRU,0.14697265625
99,LRU,0.17350260416666666
100,LRU,0.13492838541666666
101,LRU,0.13932291666666666
102,LRU,0.14029947916666666
103,LRU,0.18229166666666666
104,LRU,0.14892578125
105,LRU,0.14388020833333334
106,LRU,0.15250651041666666
107,LRU,0.17757161458333334
108,LRU,0.15087890625
109,LRU,0.14729817708333334
110,LRU,0.1455078125
111,LRU,0.1669921875
112,LRU,0.13785807291666666
113,LRU,0.13037109375
114,LRU,0.12581380208333334
115,LRU,0.17415364583333334
116,LRU,0.14908854166666666
117,LRU,0.13997395833333334
118,LRU,0.14013671875
119,LRU,0.17545572916666666
120,LRU,0.13850911458333334
121,LRU,0.13427734375
122,LRU,0.14388020833333334
123,LRU,0.16048177083333334
124,LRU,0.13671875
125,LRU,0.12337239583333333
126,LRU,0.12418619791666667
127,LRU,0.17203776041666666
128,LRU,0.14453125
129,LRU,0.13541666666666666
130,LRU,0.14127604166666666
131,LRU,0.17138671875
132,LRU,0.14615885416666666
133,LRU,0.13639322916666666
134,LRU,0.13736979166666666
135,LRU,0.17301432291666666
136,LRU,0.15283203125
137,LRU,0.1455078125
138,LRU,0.14388020833333334
139,LRU,0.17578125
140,LRU,0.14029947916666666
141,LRU,0.14388020833333334
142,LRU,0.15087890625
143,LRU,0.17203776041666666
144,LRU,0.1396484375
145,LRU,0.14046223958333334
146,LRU,0.14827473958333334
147,LRU,0.18880208333333334
148,LRU,0.15901692708333334
149,LRU,0.14973958333333334
150,LRU,0.1328125
151,LRU,0.17936197916666666
152,LRU,0.14518229166666666
153,LRU,0.13883463541666666
154,LRU,0.14225260416666666
155,LRU,0.17171223958333334
156,LRU,0.14436848958333334
157,LRU,0.14176432291666666
158,LRU,0.13623046875
159,LRU,0.17041015625
160,LRU,0.14599609375
161,LRU,0.13981119791666666
162,LRU,0.13899739583333334
163,LRU,0.1728515625
164,LRU,0.13883463541666666
165,LRU,0.13216145833333334
166,LRU,0.14371744791666666
167,LRU,0.17496744791666666
168,LRU,0.158203125
169,LRU,0.14664713541666666
170,LRU,0.14436848958333334
171,LRU,0.18961588541666666
172,LRU,0.16324869791666666
173,LRU,0.15852864583333334
174,LRU,0.14518229166666666
175,LRU,0.177734375
176,LRU,0.14534505208333334
177,LRU,0.14680989583333334
178,LRU,0.14827473958333334
179,LRU,0.17138671875
180,LRU,0.13899739583333334
181,LRU,0.1357421875
182,LRU,0.14436848958333334
183,LRU,0.17887369791666666
184,LRU,0.14990234375
185,LRU,0.14485677083333334
186,LRU,0.13981119791666666
187,LRU,0.18815104166666666
188,LRU,0.15494791666666666
189,LRU,0.13736979166666666
190,LRU,0.15690104166666666
191,LRU,0.173828125
192,LRU,0.14778645833333334
193,LRU,0.14225260416666666
194,LRU,0.14274088541666666
195,LRU,0.17789713541666666
196,LRU,0.15152994791666666
197,LRU,0.14811197916666666
198,LRU,0.146484375
199,LRU,0.173828125
200,LRU,0.15087890625
201,LRU,0.14208984375
202,LRU,0.14371744791666666
203,LRU,0.16389973958333334
204,LRU,0.14029947916666666
205,LRU,0.13216145833333334
206,LRU,0.13736979166666666
207,LRU,0.17610677083333334
208,LRU,0.14925130208333334
209,LRU,0.14501953125
210,LRU,0.1435546875
211,LRU,0.17659505208333334
212,LRU,0.14143880208333334
213,LRU,0.1357421875
214,LRU,0.13606770833333334
215,LRU,0.18001302083333334
216,LRU,0.13916015625
217,LRU,0.1357421875
218,LRU,0.13802083333333334
219,LRU,0.17073567708333334
220,LRU,0.13639322916666666
221,LRU,0.13623046875
222,LRU,0.14241536458333334
223,LRU,0.17919921875
224,LRU,0.14729817708333334
225,LRU,0.13785807291666666
226,LRU,0.13981119791666666
227,LRU,0.1708984375
228,LRU,0.13655598958333334
229,LRU,0.14973958333333334
230,LRU,0.13834635416666666
231,LRU,0.17431640625
232,LRU,0.14501953125
233,LRU,0.13639322916666666
234,LRU,0.13444010416666666
235,LRU,0.16666666666666666
236,LRU,0.13525390625
237,LRU,0.13639322916666666
238,LRU,0.13199869791666666
239,LRU,0.18277994791666666
240,LRU,0.13785807291666666
241,LRU,0.13981119791666666
242,LRU,0.14567057291666666
243,LRU,0.17333984375
244,LRU,0.14615885416666666
245,LRU,0.13655598958333334
246,LRU,0.14078776041666666
247,LRU,0.17887369791666666
248,LRU,0.150390625
249,LRU,0.14436848958333334
250,LRU,0.14290364583333334
251,LRU,0.17561848958333334
252,LRU,0.14371744791666666
253,LRU,0.14241536458333334
254,LRU,0.12972005208333334
255,LRU,0.17919921875
256,LRU,0.14860026041666666
257,LRU,0.1494140625
258,LRU,0.14208984375
259,LRU,0.18701171875
260,LRU,0.15152994791666666
261,LRU,0.14567057291666666
262,LRU,0.14860026041666666
263,LRU,0.1787109375
264,LRU,0.14697265625
265,LRU,0.14583333333333334
266,LRU,0.14632161458333334
267,LRU,0.17643229166666666
268,LRU,0.14908854166666666
269,LRU,0.15022786458333334
270,LRU,0.14322916666666666
271,LRU,0.18277994791666666
272,LRU,0.15559895833333334
273,LRU,0.13932291666666666
274,LRU,0.150390625
275,LRU,0.17464192708333334
276,LRU,0.13948567708333334
277,LRU,0.13460286458333334
278,LRU,0.14225260416666666
279,LRU,0.17903645833333334
280,LRU,0.150390625
281,LRU,0.14143880208333334
282,LRU,0.14339192708333334
283,LRU,0.17985026041666666
284,LRU,0.15120442708333334
285,LRU,0.14306640625
286,LRU,0.14632161458333334
287,LRU,0.17610677083333334
288,LRU,0.15071614583333334
289,LRU,0.14567057291666666
290,LRU,0.14908854166666666
291,LRU,0.17138671875
292,LRU,0.15218098958333334
293,LRU,0.14339192708333334
294,LRU,0.13997395833333334
295,LRU,0.18294270833333334
296,LRU,0.13818359375
297,LRU,0.1376953125
298,LRU,0.14778645833333334
299,LRU,0.173828125
300,LRU,0.14632161458333334
301,LRU,0.14029947916666666
302,LRU,0.13427734375
303,LRU,0.17073567708333334
304,LRU,0.14404296875
305,LRU,0.13753255208333334
306,LRU,0.13427734375
307,LRU,0.17578125
308,LRU,0.14111328125
309,LRU,0.1298828125
310,LRU,0.13720703125
311,LRU,0.17106119791666666
312,LRU,0.13362630208333334
313,LRU,0.13981119791666666
314,LRU,0.13216145833333334
315,LRU,0.17236328125
316,LRU,0.13834635416666666
317,LRU,0.13623046875
318,LRU,0.13297526041666666
319,LRU,0.17073567708333334
320,LRU,0.13818359375
321,LRU,0.14420572916666666
322,LRU,0.14404296875
323,LRU,0.17171223958333334
324,LRU,0.15022786458333334
325,LRU,0.1416015625
326,LRU,0.14680989583333334
327,LRU,0.17431640625
328,LRU,0.140625
329,LRU,0.14111328125
330,LRU,0.13590494791666666
331,LRU,0.18424479166666666
332,LRU,0.14501953125
333,LRU,0.14453125
334,LRU,0.13509114583333334
335,LRU,0.17529296875
336,LRU,0.13997395833333334
337,LRU,0.13606770833333334
338,LRU,0.140625
339,LRU,0.16861979166666666
340,LRU,0.13802083333333334
341,LRU,0.13671875
342,LRU,0.13753255208333334
343,LRU,0.17757161458333334
344,LRU,0.1396484375
345,LRU,0.14225260416666666
346,LRU,0.15250651041666666
347,LRU,0.17301432291666666
348,LRU,0.14274088541666666
349,LRU,0.14957682291666666
350,LRU,0.13802083333333334
351,LRU,0.17610677083333334
352,LRU,0.15445963541666666
353,LRU,0.14322916666666666
354,LRU,0.14713541666666666
355,LRU,0.17740885416666666
356,LRU,0.14615885416666666
357,LRU,0.13541666666666666
358,LRU,0.14957682291666666
359,LRU,0.17578125
360,LRU,0.14013671875
361,LRU,0.1484375
362,LRU,0.15006510416666666
363,LRU,0.17529296875
364,LRU,0.14290364583333334
365,LRU,0.13509114583333334
366,LRU,0.13850911458333334
367,LRU,0.17122395833333334
368,LRU,0.1435546875
369,LRU,0.14404296875
370,LRU,0.14599609375
371,LRU,0.1865234375
372,LRU,0.15462239583333334
373,LRU,0.1455078125
374,LRU,0.15673828125
375,LRU,0.18782552083333334
376,LRU,0.15315755208333334
377,LRU,0.15494791666666666
378,LRU,0.14567057291666666
379,LRU,0.18115234375
380,LRU,0.13623046875
381,LRU,0.13362630208333334
382,LRU,0.14322916666666666
383,LRU,0.16569010416666666
384,LRU,0.138671875
385,LRU,0.13460286458333334
386,LRU,0.14046223958333334
387,LRU,0.16796875
388,LRU,0.14404296875
389,LRU,0.14143880208333334
390,LRU,0.14518229166666666
391,LRU,0.18115234375
392,LRU,0.14876302083333334
393,LRU,0.14729817708333334
394,LRU,0.15315755208333334
395,LRU,0.16764322916666666
396,LRU,0.14664713541666666
397,LRU,0.14778645833333334
398,LRU,0.13216145833333334
399,LRU,0.17513020833333334
400,LRU,0.14990234375
401,LRU,0.1376953125
402,LRU,0.14762369791666666
403,LRU,0.18082682291666666
404,LRU,0.14615885416666666
405,LRU,0.13916015625
406,LRU,0.15185546875
407,LRU,0.17724609375
408,LRU,0.14664713541666666
409,LRU,0.14339192708333334
410,LRU,0.14778645833333334
411,LRU,0.17578125
412,LRU,0.15543619791666666
413,LRU,0.15022786458333334
414,LRU,0.15006510416666666
415,LRU,0.17578125
416,LRU,0.14599609375
417,LRU,0.1513671875
418,LRU,0.14290364583333334
419,LRU,0.16878255208333334
420,LRU,0.13655598958333334
421,LRU,0.13883463541666666
422,LRU,0.1357421875
423,LRU,0.17399088541666666
424,LRU,0.14534505208333334
425,LRU,0.14567057291666666
426,LRU,0.13541666666666666
427,LRU,0.1787109375
428,LRU,0.15364583333333334
429,LRU,0.14339192708333334
430,LRU,0.15299479166666666
431,LRU,0.18082682291666666
432,LRU,0.15201822916666666
433,LRU,0.15315755208333334
434,LRU,0.14697265625
435,LRU,0.17561848958333334
436,LRU,0.14615885416666666
437,LRU,0.15641276041666666
438,LRU,0.15120442708333334
439,LRU,0.18408203125
440,LRU,0.14860026041666666
441,LRU,0.14436848958333334
442,LRU,0.15413411458333334
443,LRU,0.18522135416666666
444,LRU,0.15169270833333334
445,LRU,0.15445963541666666
446,LRU,0.14290364583333334
447,LRU,0.1787109375
448,LRU,0.15120442708333334
449,LRU,0.15071614583333334
450,LRU,0.14306640625
451,LRU,0.19108072916666666
452,LRU,0.15152994791666666
453,LRU,0.1435546875
454,LRU,0.13948567708333334
455,LRU,0.177734375
456,LRU,0.1572265625
457,LRU,0.15022786458333334
458,LRU,0.14876302083333334
459,LRU,0.18668619791666666
460,LRU,0.14876302083333334
461,LRU,0.14908854166666666
462,LRU,0.13899739583333334
463,LRU,0.1845703125
464,LRU,0.14729817708333334
465,LRU,0.1455078125
466,LRU,0.140625
467,LRU,0.1767578125
468,LRU,0.14664713541666666
469,LRU,0.14632161458333334
470,LRU,0.14339192708333334
471,LRU,0.18440755208333334
472,LRU,0.16145833333333334
473,LRU,0.15397135416666666
474,LRU,0.14469401041666666
475,LRU,0.16959635416666666
476,LRU,0.14713541666666666
477,LRU,0.15283203125
478,LRU,0.13671875
479,LRU,0.17415364583333334
480,LRU,0.14762369791666666
481,LRU,0.14339192708333334
482,LRU,0.13932291666666666
483,LRU,0.17496744791666666
484,LRU,0.15641276041666666
485,LRU,0.13785807291666666
486,LRU,0.14469401041666666
487,LRU,0.17708333333333334
488,LRU,0.14811197916666666
489,LRU,0.1474609375
490,LRU,0.15022786458333334
491,LRU,0.18717447916666666
492,LRU,0.14973958333333334
493,LRU,0.15299479166666666
494,LRU,0.14827473958333334
495,LRU,0.1796875
496,LRU,0.15218098958333334
497,LRU,0.14599609375
498,LRU,0.13525390625
499,LRU,0.17529296875
500,LRU,0.13802083333333334
501,LRU,0.13736979166666666
502,LRU,0.1455078125
503,LRU,0.16927083333333334
504,LRU,0.14811197916666666
505,LRU,0.13720703125
506,LRU,0.13395182291666666
507,LRU,0.1728515625
508,LRU,0.14957682291666666
509,LRU,0.14029947916666666
510,LRU,0.14453125
511,LRU,0.17789713541666666
512,LRU,0.15445963541666666
513,LRU,0.1484375
514,LRU,0.15869140625
515,LRU,0.177734375
516,LRU,0.14925130208333334
517,LRU,0.15152994791666666
518,LRU,0.14404296875
519,LRU,0.19791666666666666
520,LRU,0.16536458333333334
521,LRU,0.15152994791666666
522,LRU,0.15755208333333334
523,LRU,0.17154947916666666
524,LRU,0.14127604166666666
525,LRU,0.14078776041666666
526,LRU,0.14013671875
527,LRU,0.17822265625
528,LRU,0.14811197916666666
529,LRU,0.1455078125
530,LRU,0.14908854166666666
531,LRU,0.17496744791666666
532,LRU,0.15559895833333334
533,LRU,0.146484375
534,LRU,0.14680989583333334
535,LRU,0.18359375
536,LRU,0.158203125
537,LRU,0.15266927083333334
538,LRU,0.15299479166666666
539,LRU,0.1884765625
540,LRU,0.15804036458333334
541,LRU,0.14973958333333334
542,LRU,0.15169270833333334
543,LRU,0.18538411458333334
544,LRU,0.14632161458333334
545,LRU,0.14225260416666666
546,LRU,0.14127604166666666
547,LRU,0.17724609375
548,LRU,0.15201822916666666
549,LRU,0.15169270833333334
550,LRU,0.14908854166666666
551,LRU,0.1728515625
552,LRU,0.142578125
553,LRU,0.15348307291666666
554,LRU,0.14583333333333334
555,LRU,0.18538411458333334
556,LRU,0.146484375
557,LRU,0.14925130208333334
558,LRU,0.14192708333333334
559,LRU,0.18766276041666666
560,LRU,0.15071614583333334
561,LRU,0.14713541666666666
562,LRU,0.1484375
563,LRU,0.17822265625
564,LRU,0.13850911458333334
565,LRU,0.140625
566,LRU,0.14371744791666666
567,LRU,0.16878255208333334
568,LRU,0.1416015625
569,LRU,0.14290364583333334
570,LRU,0.14469401041666666
571,LRU,0.1787109375
572,LRU,0.15397135416666666
573,LRU,0.15755208333333334
574,LRU,0.14322916666666666
575,LRU,0.18391927083333334
576,LRU,0.15104166666666666
577,LRU,0.14501953125
578,LRU,0.15201822916666666
579,LRU,0.17464192708333334
580,LRU,0.15087890625
581,LRU,0.15120442708333334
582,LRU,0.13590494791666666
583,LRU,0.16959635416666666
584,LRU,0.138671875
585,LRU,0.13688151041666666
586,LRU,0.142578125
587,LRU,0.17447916666666666
588,LRU,0.14046223958333334
589,LRU,0.14143880208333334
590,LRU,0.1357421875
591,LRU,0.17268880208333334
592,LRU,0.14306640625
593,LRU,0.140625
594,LRU,0.14436848958333334
595,LRU,0.18147786458333334
596,LRU,0.15771484375
597,LRU,0.13802083333333334
598,LRU,0.14225260416666666
599,LRU,0.17041015625
600,LRU,0.13932291666666666
601,LRU,0.13688151041666666
602,LRU,0.13899739583333334
603,LRU,0.17936197916666666
604,LRU,0.15250651041666666
605,LRU,0.14697265625
606,LRU,0.14827473958333334
607,LRU,0.17496744791666666
608,LRU,0.15315755208333334
609,LRU,0.146484375
610,LRU,0.15152994791666666
611,LRU,0.16910807291666666
612,LRU,0.13590494791666666
613,LRU,0.14013671875
614,LRU,0.14615885416666666
615,LRU,0.18277994791666666
616,LRU,0.14892578125
617,LRU,0.14339192708333334
618,LRU,0.14518229166666666
619,LRU,0.18668619791666666
620,LRU,0.15201822916666666
621,LRU,0.14697265625
622,LRU,0.14518229166666666
623,LRU,0.17545572916666666
624,LRU,0.140625
625,LRU,0.15152994791666666
626,LRU,0.14322916666666666
627,LRU,0.181640625
628,LRU,0.16080729166666666
629,LRU,0.14778645833333334
630,LRU,0.14990234375
631,LRU,0.18831380208333334
632,LRU,0.15022786458333334
633,LRU,0.1416015625
634,LRU,0.14583333333333334
635,LRU,0.17513020833333334
636,LRU,0.14583333333333334
637,LRU,0.15283203125
638,LRU,0.15690104166666666
639,LRU,0.1796875
640,LRU,0.15462239583333334
641,LRU,0.16080729166666666
642,LRU,0.15022786458333334
643,LRU,0.17008463541666666
644,LRU,0.134765625
645,LRU,0.13020833333333334
646,LRU,0.13818359375
647,LRU,0.17447916666666666
648,LRU,0.13704427083333334
649,LRU,0.14697265625
650,LRU,0.14729817708333334
651,LRU,0.17431640625
652,LRU,0.14371744791666666
653,LRU,0.14583333333333334
654,LRU,0.13850911458333334
655,LRU,0.17545572916666666
656,LRU,0.140625
657,LRU,0.14404296875
658,LRU,0.1396484375
659,LRU,0.171875
660,LRU,0.14111328125
661,LRU,0.14143880208333334
662,LRU,0.14339192708333334
663,LRU,0.18212890625
664,LRU,0.16536458333333334
665,LRU,0.15576171875
666,LRU,0.14469401041666666
667,LRU,0.18001302083333334
668,LRU,0.15657552083333334
669,LRU,0.1435546875
670,LRU,0.14176432291666666
671,LRU,0.17561848958333334
672,LRU,0.14078776041666666
673,LRU,0.14436848958333334
674,LRU,0.1416015625
675,LRU,0.17578125
676,LRU,0.13525390625
677,LRU,0.14388020833333334
678,LRU,0.14436848958333334
679,LRU,0.18131510416666666
680,LRU,0.14811197916666666
681,LRU,0.140625
682,LRU,0.14469401041666666
683,LRU,0.17496744791666666
684,LRU,0.14436848958333334
685,LRU,0.14143880208333334
686,LRU,0.14322916666666666
687,LRU,0.18277994791666666
688,LRU,0.16552734375
689,LRU,0.14925130208333334
690,LRU,0.14990234375
691,LRU,0.17464192708333334
692,LRU,0.14778645833333334
693,LRU,0.14778645833333334
694,LRU,0.14436848958333334
695,LRU,0.18147786458333334
696,LRU,0.14762369791666666
697,LRU,0.1552734375
698,LRU,0.14762369791666666
699,LRU,0.181640625
700,LRU,0.16048177083333334
701,LRU,0.14811197916666666
702,LRU,0.15380859375
703,LRU,0.18033854166666666
704,LRU,0.14729817708333334
705,LRU,0.1455078125
706,LRU,0.14990234375
707,LRU,0.1826171875
708,LRU,0.15120442708333334
709,LRU,0.146484375
710,LRU,0.1484375
711,LRU,0.17789713541666666
712,LRU,0.15755208333333334
713,LRU,0.15315755208333334
714,LRU,0.15087890625
715,LRU,0.18619791666666666
716,LRU,0.14599609375
717,LRU,0.14860026041666666
718,LRU,0.15462239583333334
719,LRU,0.1904296875
720,LRU,0.15869140625
721,LRU,0.16194661458333334
722,LRU,0.15169270833333334
723,LRU,0.18098958333333334
724,LRU,0.15966796875
725,LRU,0.15120442708333334
726,LRU,0.15250651041666666
727,LRU,0.1826171875
728,LRU,0.15494791666666666
729,LRU,0.14322916666666666
730,LRU,0.1494140625
731,LRU,0.1884765625
732,LRU,0.15266927083333334
733,LRU,0.15657552083333334
734,LRU,0.15576171875
735,LRU,0.17952473958333334
736,LRU,0.15087890625
737,LRU,0.15022786458333334
738,LRU,0.15397135416666666
739,LRU,0.18180338541666666
740,LRU,0.15673828125
741,LRU,0.14322916666666666
742,LRU,0.14876302083333334
743,LRU,0.18098958333333334
744,LRU,0.1650390625
745,LRU,0.1455078125
746,LRU,0.15071614583333334
747,LRU,0.18408203125
748,LRU,0.16455078125
749,LRU,0.14436848958333334
750,LRU,0.14388020833333334
751,LRU,0.18912760416666666
752,LRU,0.14876302083333334
753,LRU,0.1416015625
754,LRU,0.14778645833333334
755,LRU,0.18587239583333334
756,LRU,0.150390625
757,LRU,0.14973958333333334
758,LRU,0.15104166666666666
759,LRU,0.185546875
760,LRU,0.15576171875
761,LRU,0.15738932291666666
762,LRU,0.15592447916666666
763,LRU,0.19970703125
764,LRU,0.15804036458333334
765,LRU,0.15315755208333334
766,LRU,0.15250651041666666
767,LRU,0.18798828125
768,LRU,0.14827473958333334
769,LRU,0.15380859375
770,LRU,0.1484375
771,LRU,0.18977864583333334
772,LRU,0.16438802083333334
773,LRU,0.15950520833333334
774,LRU,0.15348307291666666
775,LRU,0.17985026041666666
776,LRU,0.14729817708333334
777,LRU,0.14973958333333334
778,LRU,0.15380859375
779,LRU,0.17936197916666666
780,LRU,0.15104166666666666
781,LRU,0.14632161458333334
782,LRU,0.14518229166666666
783,LRU,0.18977864583333334
784,LRU,0.16064453125
785,LRU,0.15690104166666666
786,LRU,0.15283203125
787,LRU,0.18489583333333334
788,LRU,0.15380859375
789,LRU,0.13720703125
790,LRU,0.15413411458333334
791,LRU,0.17740885416666666
792,LRU,0.14095052083333334
793,LRU,0.14339192708333334
794,LRU,0.14990234375
795,LRU,0.17643229166666666
796,LRU,0.14388020833333334
797,LRU,0.14241536458333334
798,LRU,0.13004557291666666
799,LRU,0.17936197916666666
800,LRU,0.14518229166666666
801,LRU,0.14794921875
802,LRU,0.14599609375
803,LRU,0.17024739583333334
804,LRU,0.13688151041666666
805,LRU,0.13981119791666666
806,LRU,0.14192708333333334
807,LRU,0.18375651041666666
808,LRU,0.15641276041666666
809,LRU,0.15836588541666666
810,LRU,0.16422526041666666
811,LRU,0.18896484375
812,LRU,0.1484375
813,LRU,0.15087890625
814,LRU,0.16292317708333334
815,LRU,0.18424479166666666
816,LRU,0.1591796875
817,LRU,0.14729817708333334
818,LRU,0.14729817708333334
819,LRU,0.18570963541666666
820,LRU,0.15641276041666666
821,LRU,0.14762369791666666
822,LRU,0.15608723958333334
823,LRU,0.18375651041666666
824,LRU,0.16097005208333334
825,LRU,0.16080729166666666
826,LRU,0.15706380208333334
827,LRU,0.18277994791666666
828,LRU,0.15169270833333334
829,LRU,0.14485677083333334
830,LRU,0.14794921875
831,LRU,0.177734375
832,LRU,0.146484375
833,LRU,0.15283203125
834,LRU,0.16015625
835,LRU,0.18375651041666666
836,LRU,0.16341145833333334
837,LRU,0.15104166666666666
838,LRU,0.15218098958333334
839,LRU,0.177734375
840,LRU,0.15218098958333334
841,LRU,0.14811197916666666
842,LRU,0.14322916666666666
843,LRU,0.1767578125
844,LRU,0.15169270833333334
845,LRU,0.14811197916666666
846,LRU,0.15185546875
847,LRU,0.17805989583333334
848,LRU,0.15511067708333334
849,LRU,0.14908854166666666
850,LRU,0.150390625
851,LRU,0.19189453125
852,LRU,0.16243489583333334
853,LRU,0.16373697916666666
854,LRU,0.15071614583333334
855,LRU,0.19108072916666666
856,LRU,0.16064453125
857,LRU,0.16015625
858,LRU,0.15885416666666666
859,LRU,0.19514973958333334
860,LRU,0.15543619791666666
861,LRU,0.15755208333333334
862,LRU,0.15462239583333334
863,LRU,0.18359375
864,LRU,0.15022786458333334
865,LRU,0.15266927083333334
866,LRU,0.14225260416666666
867,LRU,0.173828125
868,LRU,0.15104166666666666
869,LRU,0.15169270833333334
870,LRU,0.15152994791666666
871,LRU,0.19303385416666666
872,LRU,0.15478515625
873,LRU,0.15315755208333334
874,LRU,0.1494140625
875,LRU,0.19384765625
876,LRU,0.15120442708333334
877,LRU,0.15283203125
878,LRU,0.1572265625
879,LRU,0.18570963541666666
880,LRU,0.1572265625
881,LRU,0.15087890625
882,LRU,0.15397135416666666
883,LRU,0.1826171875
884,LRU,0.1533203125
885,LRU,0.14534505208333334
886,LRU,0.15201822916666666
887,LRU,0.17952473958333334
888,LRU,0.15087890625
889,LRU,0.1484375
890,LRU,0.14436848958333334
891,LRU,0.19108072916666666
892,LRU,0.16829427083333334
893,LRU,0.15462239583333334
894,LRU,0.15364583333333334
895,LRU,0.18196614583333334
896,LRU,0.14599609375
897,LRU,0.1494140625
898,LRU,0.15266927083333334
899,LRU,0.18147786458333334
900,LRU,0.1484375
901,LRU,0.14615885416666666
902,LRU,0.15608723958333334
903,LRU,0.18310546875
904,LRU,0.15983072916666666
905,LRU,0.16048177083333334
906,LRU,0.15055338541666666
907,LRU,0.18782552083333334
908,LRU,0.14990234375
909,LRU,0.14143880208333334
910,LRU,0.14567057291666666
911,LRU,0.17594401041666666
912,LRU,0.14860026041666666
913,LRU,0.15120442708333334
914,LRU,0.1474609375
915,LRU,0.18001302083333334
916,LRU,0.15543619791666666
917,LRU,0.14453125
918,LRU,0.14680989583333334
919,LRU,0.18359375
920,LRU,0.15836588541666666
921,LRU,0.14990234375
922,LRU,0.16064453125
923,LRU,0.18098958333333334
924,LRU,0.154296875
925,LRU,0.15071614583333334
926,LRU,0.15462239583333334
927,LRU,0.1865234375
928,LRU,0.15885416666666666
929,LRU,0.16097005208333334
930,LRU,0.1435546875
931,LRU,0.18505859375
932,LRU,0.14827473958333334
933,LRU,0.14729817708333334
934,LRU,0.15104166666666666
935,LRU,0.18180338541666666
936,LRU,0.15234375
937,LRU,0.15462239583333334
938,LRU,0.16845703125
939,LRU,0.19482421875
940,LRU,0.15299479166666666
941,LRU,0.15283203125
942,LRU,0.15559895833333334
943,LRU,0.18603515625
944,LRU,0.16162109375
945,LRU,0.15625
946,LRU,0.162109375
947,LRU,0.1884765625
948,LRU,0.15380859375
949,LRU,0.15641276041666666
950,LRU,0.16796875
951,LRU,0.20345052083333334
952,LRU,0.16617838541666666
953,LRU,0.1640625
954,LRU,0.15804036458333334
955,LRU,0.18603515625
956,LRU,0.14990234375
957,LRU,0.15169270833333334
958,LRU,0.16471354166666666
959,LRU,0.1806640625
960,LRU,0.14794921875
961,LRU,0.15559895833333334
962,LRU,0.15071614583333334
963,LRU,0.18440755208333334
964,LRU,0.1494140625
965,LRU,0.13671875
966,LRU,0.14534505208333334
967,LRU,0.19498697916666666
968,LRU,0.15462239583333334
969,LRU,0.14322916666666666
970,LRU,0.14453125
971,LRU,0.19563802083333334
972,LRU,0.16292317708333334
973,LRU,0.16796875
974,LRU,0.16259765625
975,LRU,0.1806640625
976,LRU,0.15250651041666666
977,LRU,0.14876302083333334
978,LRU,0.150390625
979,LRU,0.20052083333333334
980,LRU,0.17041015625
981,LRU,0.15380859375
982,LRU,0.1689453125
983,LRU,0.19466145833333334
984,LRU,0.17268880208333334
985,LRU,0.16520182291666666
986,LRU,0.15462239583333334
987,LRU,0.19205729166666666
988,LRU,0.15462239583333334
989,LRU,0.16015625
990,LRU,0.15478515625
991,LRU,0.18229166666666666
992,LRU,0.15869140625
993,LRU,0.16243489583333334
994,LRU,0.15283203125
995,LRU,0.18961588541666666
996,LRU,0.15950520833333334
997,LRU,0.16975911458333334
998,LRU,0.15804036458333334
999,LRU,0.205078125
1000,LRU,0.16389973958333334
1001,LRU,0.16276041666666666
1002,LRU,0.17268880208333334
1003,LRU,0.1884765625
1004,LRU,0.15576171875
1005,LRU,0.14583333333333334
1006,LRU,0.15787760416666666
1007,LRU,0.18440755208333334
1008,LRU,0.15966796875
1009,LRU,0.15576171875
1010,LRU,0.15999348958333334
1011,LRU,0.1796875
1012,LRU,0.158203125
1013,LRU,0.15478515625
1014,LRU,0.15315755208333334
1015,LRU,0.1962890625
1016,LRU,0.166015625
1017,LRU,0.15869140625
1018,LRU,0.17333984375
1019,LRU,0.19563802083333334
1020,LRU,0.166015625
1021,LRU,0.17740885416666666
1022,LRU,0.16520182291666666
1023,LRU,0.18766276041666666
3,LFU,0.20751953125
4,LFU,0.18570963541666666
5,LFU,0.19287109375
6,LFU,0.17903645833333334
7,LFU,0.201171875
8,LFU,0.1865234375
9,LFU,0.18798828125
10,LFU,0.18961588541666666
11,LFU,0.20686848958333334
12,LFU,0.1875
13,LFU,0.19124348958333334
14,LFU,0.18440755208333334
15,LFU,0.19368489583333334
16,LFU,0.1748046875
17,LFU,0.18131510416666666
18,LFU,0.16731770833333334
19,LFU,0.19075520833333334
20,LFU,0.18212890625
21,LFU,0.17545572916666666
22,LFU,0.18440755208333334
23,LFU,0.20393880208333334
24,LFU,0.18717447916666666
25,LFU,0.19222005208333334
26,LFU,0.18538411458333334
27,LFU,0.20426432291666666
28,LFU,0.18147786458333334
29,LFU,0.18277994791666666
30,LFU,0.19596354166666666
31,LFU,0.212890625
32,LFU,0.20686848958333334
33,LFU,0.19287109375
34,LFU,0.17350260416666666
35,LFU,0.203125
36,LFU,0.1787109375
37,LFU,0.1943359375
38,LFU,0.18326822916666666
39,LFU,0.20003255208333334
40,LFU,0.1767578125
41,LFU,0.18489583333333334
42,LFU,0.1923828125
43,LFU,0.20149739583333334
44,LFU,0.20279947916666666
45,LFU,0.19254557291666666
46,LFU,0.17626953125
47,LFU,0.20328776041666666
48,LFU,0.18440755208333334
49,LFU,0.1826171875
50,LFU,0.19140625
51,LFU,0.19352213541666666
52,LFU,0.17594401041666666
53,LFU,0.17431640625
54,LFU,0.173828125
55,LFU,0.21809895833333334
56,LFU,0.20735677083333334
57,LFU,0.19905598958333334
58,LFU,0.21272786458333334
59,LFU,0.22802734375
60,LFU,0.19352213541666666
61,LFU,0.19645182291666666
62,LFU,0.2138671875
63,LFU,0.22819010416666666
64,LFU,0.20166015625
65,LFU,0.20930989583333334
66,LFU,0.20751953125
67,LFU,0.22819010416666666
68,LFU,0.20524088541666666
69,LFU,0.19384765625
70,LFU,0.20621744791666666
71,LFU,0.21207682291666666
72,LFU,0.19889322916666666
73,LFU,0.19759114583333334
74,LFU,0.20149739583333334
75,LFU,0.2138671875
76,LFU,0.205078125
77,LFU,0.19921875
78,LFU,0.20426432291666666
79,LFU,0.22021484375
80,LFU,0.2001953125
81,LFU,0.19108072916666666
82,LFU,0.19694010416666666
83,LFU,0.23128255208333334
84,LFU,0.21142578125
85,LFU,0.2275390625
86,LFU,0.21402994791666666
87,LFU,0.20524088541666666
88,LFU,0.19514973958333334
89,LFU,0.19840494791666666
90,LFU,0.19563802083333334
91,LFU,0.24088541666666666
92,LFU,0.21077473958333334
93,LFU,0.22493489583333334
94,LFU,0.22054036458333334
95,LFU,0.20817057291666666
96,LFU,0.1943359375
97,LFU,0.19449869791666666
98,LFU,0.19498697916666666
99,LFU,0.21533203125
100,LFU,0.19417317708333334
101,LFU,0.19108072916666666
102,LFU,0.18896484375
103,LFU,0.2138671875
104,LFU,0.19889322916666666
105,LFU,0.18489583333333334
106,LFU,0.19970703125
107,LFU,0.22526041666666666
108,LFU,0.19775390625
109,LFU,0.19449869791666666
110,LFU,0.189453125
111,LFU,0.19938151041666666
112,LFU,0.19384765625
113,LFU,0.18050130208333334
114,LFU,0.17919921875
115,LFU,0.21240234375
116,LFU,0.19661458333333334
117,LFU,0.20263671875
118,LFU,0.19173177083333334
119,LFU,0.22005208333333334
120,LFU,0.18408203125
121,LFU,0.18831380208333334
122,LFU,0.19189453125
123,LFU,0.20279947916666666
124,LFU,0.18896484375
125,LFU,0.18310546875
126,LFU,0.18196614583333334
127,LFU,0.20979817708333334
128,LFU,0.18994140625
129,LFU,0.18538411458333334
130,LFU,0.19010416666666666
131,LFU,0.20703125
132,LFU,0.18717447916666666
133,LFU,0.17757161458333334
134,LFU,0.18424479166666666
135,LFU,0.20589192708333334
136,LFU,0.19075520833333334
137,LFU,0.18717447916666666
138,LFU,0.185546875
139,LFU,0.21419270833333334
140,LFU,0.18391927083333334
141,LFU,0.18896484375
142,LFU,0.20166015625
143,LFU,0.22119140625
144,LFU,0.19401041666666666
145,LFU,0.19205729166666666
146,LFU,0.201171875
147,LFU,0.22802734375
148,LFU,0.21077473958333334
149,LFU,0.2001953125
150,LFU,0.18961588541666666
151,LFU,0.21875
152,LFU,0.18359375
153,LFU,0.17822265625
154,LFU,0.17822265625
155,LFU,0.20540364583333334
156,LFU,0.1748046875
157,LFU,0.19026692708333334
158,LFU,0.18668619791666666
159,LFU,0.21337890625
160,LFU,0.2021484375
161,LFU,0.201171875
162,LFU,0.19026692708333334
163,LFU,0.21484375
164,LFU,0.19075520833333334
165,LFU,0.17740885416666666
166,LFU,0.18896484375
167,LFU,0.21744791666666666
168,LFU,0.22688802083333334
169,LFU,0.21419270833333334
170,LFU,0.20719401041666666
171,LFU,0.23649088541666666
172,LFU,0.23258463541666666
173,LFU,0.23372395833333334
174,LFU,0.2099609375
175,LFU,0.22037760416666666
176,LFU,0.2080078125
177,LFU,0.20589192708333334
178,LFU,0.20084635416666666
179,LFU,0.20882161458333334
180,LFU,0.19938151041666666
181,LFU,0.19612630208333334
182,LFU,0.20149739583333334
183,LFU,0.22688802083333334
184,LFU,0.21126302083333334
185,LFU,0.20247395833333334
186,LFU,0.20589192708333334
187,LFU,0.23958333333333334
188,LFU,0.21858723958333334
189,LFU,0.20084635416666666
190,LFU,0.21533203125
191,LFU,0.23079427083333334
192,LFU,0.20914713541666666
193,LFU,0.220703125
194,LFU,0.20475260416666666
195,LFU,0.20247395833333334
196,LFU,0.19303385416666666
197,LFU,0.1923828125
198,LFU,0.18717447916666666
199,LFU,0.21484375
200,LFU,0.19482421875
201,LFU,0.1943359375
202,LFU,0.20735677083333334
203,LFU,0.20963541666666666
204,LFU,0.18929036458333334
205,LFU,0.1923828125
206,LFU,0.1884765625
207,LFU,0.21712239583333334
208,LFU,0.20491536458333334
209,LFU,0.19645182291666666
210,LFU,0.1943359375
211,LFU,0.22493489583333334
212,LFU,0.18912760416666666
213,LFU,0.18180338541666666
214,LFU,0.19580078125
215,LFU,0.22265625
216,LFU,0.19661458333333334
217,LFU,0.1953125
218,LFU,0.1943359375
219,LFU,0.20833333333333334
220,LFU,0.1826171875
221,LFU,0.18212890625
222,LFU,0.18782552083333334
223,LFU,0.23307291666666666
224,LFU,0.20686848958333334
225,LFU,0.19222005208333334
226,LFU,0.20068359375
227,LFU,0.20556640625
228,LFU,0.19401041666666666
229,LFU,0.20426432291666666
230,LFU,0.1884765625
231,LFU,0.22233072916666666
232,LFU,0.20052083333333334
233,LFU,0.18294270833333334
234,LFU,0.17985026041666666
235,LFU,0.20491536458333334
236,LFU,0.19173177083333334
237,LFU,0.18977864583333334
238,LFU,0.19710286458333334
239,LFU,0.212890625
240,LFU,0.19287109375
241,LFU,0.19856770833333334
242,LFU,0.189453125
243,LFU,0.21305338541666666
244,LFU,0.2060546875
245,LFU,0.19791666666666666
246,LFU,0.18961588541666666
247,LFU,0.21907552083333334
248,LFU,0.19612630208333334
249,LFU,0.2177734375
250,LFU,0.20768229166666666
251,LFU,0.21419270833333334
252,LFU,0.19807942708333334
253,LFU,0.2060546875
254,LFU,0.1884765625
255,LFU,0.21647135416666666
256,LFU,0.2080078125
257,LFU,0.19807942708333334
258,LFU,0.19173177083333334
259,LFU,0.22102864583333334
260,LFU,0.20263671875
261,LFU,0.18570963541666666
262,LFU,0.19661458333333334
263,LFU,0.21793619791666666
264,LFU,0.20035807291666666
265,LFU,0.20475260416666666
266,LFU,0.19547526041666666
267,LFU,0.20556640625
268,LFU,0.18587239583333334
269,LFU,0.18782552083333334
270,LFU,0.18603515625
271,LFU,0.22102864583333334
272,LFU,0.20947265625
273,LFU,0.19075520833333334
274,LFU,0.20556640625
275,LFU,0.21793619791666666
276,LFU,0.19222005208333334
277,LFU,0.17985026041666666
278,LFU,0.18733723958333334
279,LFU,0.21321614583333334
280,LFU,0.18880208333333334
281,LFU,0.18115234375
282,LFU,0.18603515625
283,LFU,0.21402994791666666
284,LFU,0.20198567708333334
285,LFU,0.19547526041666666
286,LFU,0.19449869791666666
287,LFU,0.20654296875
288,LFU,0.19873046875
289,LFU,0.18359375
290,LFU,0.18798828125
291,LFU,0.20491536458333334
292,LFU,0.20035807291666666
293,LFU,0.18147786458333334
294,LFU,0.181640625
295,LFU,0.22005208333333334
296,LFU,0.18961588541666666
297,LFU,0.17822265625
298,LFU,0.18701171875
299,LFU,0.212890625
300,LFU,0.18570963541666666
301,LFU,0.18815104166666666
302,LFU,0.18717447916666666
303,LFU,0.21842447916666666
304,LFU,0.20719401041666666
305,LFU,0.19840494791666666
306,LFU,0.18798828125
307,LFU,0.20865885416666666
308,LFU,0.18798828125
309,LFU,0.17887369791666666
310,LFU,0.16617838541666666
311,LFU,0.20035807291666666
312,LFU,0.17854817708333334
313,LFU,0.18131510416666666
314,LFU,0.17154947916666666
315,LFU,0.20361328125
316,LFU,0.18473307291666666
317,LFU,0.18717447916666666
318,LFU,0.18001302083333334
319,LFU,0.20475260416666666
320,LFU,0.18489583333333334
321,LFU,0.17919921875
322,LFU,0.18668619791666666
323,LFU,0.19759114583333334
324,LFU,0.18001302083333334
325,LFU,0.18098958333333334
326,LFU,0.17887369791666666
327,LFU,0.21044921875
328,LFU,0.19775390625
329,LFU,0.19970703125
330,LFU,0.2021484375
331,LFU,0.22770182291666666
332,LFU,0.19775390625
333,LFU,0.19287109375
334,LFU,0.18782552083333334
335,LFU,0.201171875
336,LFU,0.17724609375
337,LFU,0.18603515625
338,LFU,0.1796875
339,LFU,0.19612630208333334
340,LFU,0.17350260416666666
341,LFU,0.18196614583333334
342,LFU,0.1708984375
343,LFU,0.21435546875
344,LFU,0.1845703125
345,LFU,0.18733723958333334
346,LFU,0.20133463541666666
347,LFU,0.21500651041666666
348,LFU,0.19189453125
349,LFU,0.20100911458333334
350,LFU,0.20198567708333334
351,LFU,0.21712239583333334
352,LFU,0.21012369791666666
353,LFU,0.20231119791666666
354,LFU,0.1923828125
355,LFU,0.21516927083333334
356,LFU,0.19580078125
357,LFU,0.1845703125
358,LFU,0.19352213541666666
359,LFU,0.21923828125
360,LFU,0.19270833333333334
361,LFU,0.205078125
362,LFU,0.21223958333333334
363,LFU,0.2138671875
364,LFU,0.19108072916666666
365,LFU,0.19222005208333334
366,LFU,0.19596354166666666
367,LFU,0.21142578125
368,LFU,0.19417317708333334
369,LFU,0.19873046875
370,LFU,0.19677734375
371,LFU,0.22493489583333334
372,LFU,0.2060546875
373,LFU,0.20328776041666666
374,LFU,0.21223958333333334
375,LFU,0.23225911458333334
376,LFU,0.212890625
377,LFU,0.21533203125
378,LFU,0.19807942708333334
379,LFU,0.21533203125
380,LFU,0.18896484375
381,LFU,0.1826171875
382,LFU,0.20279947916666666
383,LFU,0.2041015625
384,LFU,0.18977864583333334
385,LFU,0.18798828125
386,LFU,0.1865234375
387,LFU,0.20377604166666666
388,LFU,0.19287109375
389,LFU,0.20328776041666666
390,LFU,0.1923828125
391,LFU,0.21940104166666666
392,LFU,0.20589192708333334
393,LFU,0.19742838541666666
394,LFU,0.21061197916666666
395,LFU,0.212890625
396,LFU,0.21158854166666666
397,LFU,0.2197265625
398,LFU,0.20735677083333334
399,LFU,0.20670572916666666
400,LFU,0.19873046875
401,LFU,0.19108072916666666
402,LFU,0.20182291666666666
403,LFU,0.2236328125
404,LFU,0.20703125
405,LFU,0.19661458333333334
406,LFU,0.22151692708333334
407,LFU,0.22623697916666666
408,LFU,0.19759114583333334
409,LFU,0.2001953125
410,LFU,0.20882161458333334
411,LFU,0.22347005208333334
412,LFU,0.2236328125
413,LFU,0.21565755208333334
414,LFU,0.2109375
415,LFU,0.22770182291666666
416,LFU,0.20572916666666666
417,LFU,0.20084635416666666
418,LFU,0.20393880208333334
419,LFU,0.21126302083333334
420,LFU,0.1796875
421,LFU,0.18001302083333334
422,LFU,0.18212890625
423,LFU,0.20865885416666666
424,LFU,0.18896484375
425,LFU,0.19010416666666666
426,LFU,0.18359375
427,LFU,0.22607421875
428,LFU,0.21044921875
429,LFU,0.20100911458333334
430,LFU,0.21110026041666666
431,LFU,0.21809895833333334
432,LFU,0.205078125
433,LFU,0.20670572916666666
434,LFU,0.20035807291666666
435,LFU,0.21761067708333334
436,LFU,0.19254557291666666
437,LFU,0.20914713541666666
438,LFU,0.20589192708333334
439,LFU,0.23225911458333334
440,LFU,0.21858723958333334
441,LFU,0.21044921875
442,LFU,0.20524088541666666
443,LFU,0.23681640625
444,LFU,0.20703125
445,LFU,0.20768229166666666
446,LFU,0.1884765625
447,LFU,0.21451822916666666
448,LFU,0.19514973958333334
449,LFU,0.20198567708333334
450,LFU,0.17366536458333334
451,LFU,0.23111979166666666
452,LFU,0.2080078125
453,LFU,0.20003255208333334
454,LFU,0.19580078125
455,LFU,0.216796875
456,LFU,0.20817057291666666
457,LFU,0.20198567708333334
458,LFU,0.19319661458333334
459,LFU,0.23616536458333334
460,LFU,0.21175130208333334
461,LFU,0.20768229166666666
462,LFU,0.19938151041666666
463,LFU,0.22314453125
464,LFU,0.20084635416666666
465,LFU,0.20100911458333334
466,LFU,0.19449869791666666
467,LFU,0.21842447916666666
468,LFU,0.19856770833333334
469,LFU,0.20458984375
470,LFU,0.19677734375
471,LFU,0.23079427083333334
472,LFU,0.20491536458333334
473,LFU,0.20638020833333334
474,LFU,0.20100911458333334
475,LFU,0.21712239583333334
476,LFU,0.20475260416666666
477,LFU,0.21354166666666666
478,LFU,0.19710286458333334
479,LFU,0.20865885416666666
480,LFU,0.19124348958333334
481,LFU,0.19580078125
482,LFU,0.18766276041666666
483,LFU,0.21061197916666666
484,LFU,0.19189453125
485,LFU,0.17936197916666666
486,LFU,0.19026692708333334
487,LFU,0.20686848958333334
488,LFU,0.1904296875
489,LFU,0.19384765625
490,LFU,0.19873046875
491,LFU,0.22623697916666666
492,LFU,0.20182291666666666
493,LFU,0.19970703125
494,LFU,0.19514973958333334
495,LFU,0.21240234375
496,LFU,0.19677734375
497,LFU,0.19059244791666666
498,LFU,0.18766276041666666
499,LFU,0.21044921875
500,LFU,0.18994140625
501,LFU,0.18310546875
502,LFU,0.19401041666666666
503,LFU,0.20572916666666666
504,LFU,0.18961588541666666
505,LFU,0.18489583333333334
506,LFU,0.17399088541666666
507,LFU,0.21256510416666666
508,LFU,0.19873046875
509,LFU,0.19222005208333334
510,LFU,0.19677734375
511,LFU,0.21826171875
512,LFU,0.20686848958333334
513,LFU,0.19775390625
514,LFU,0.21028645833333334
515,LFU,0.22330729166666666
516,LFU,0.21565755208333334
517,LFU,0.21207682291666666
518,LFU,0.208984375
519,LFU,0.24625651041666666
520,LFU,0.22526041666666666
521,LFU,0.21419270833333334
522,LFU,0.21761067708333334
523,LFU,0.22249348958333334
524,LFU,0.19938151041666666
525,LFU,0.19482421875
526,LFU,0.19873046875
527,LFU,0.20182291666666666
528,LFU,0.19270833333333334
529,LFU,0.19026692708333334
530,LFU,0.18896484375
531,LFU,0.21142578125
532,LFU,0.21500651041666666
533,LFU,0.20166015625
534,LFU,0.2001953125
535,LFU,0.23763020833333334
536,LFU,0.23356119791666666
537,LFU,0.21207682291666666
538,LFU,0.22184244791666666
539,LFU,0.23502604166666666
540,LFU,0.22005208333333334
541,LFU,0.21565755208333334
542,LFU,0.2099609375
543,LFU,0.228515625
544,LFU,0.19596354166666666
545,LFU,0.20296223958333334
546,LFU,0.19580078125
547,LFU,0.21728515625
548,LFU,0.1982421875
549,LFU,0.20345052083333334
550,LFU,0.20377604166666666
551,LFU,0.21305338541666666
552,LFU,0.20068359375
553,LFU,0.20345052083333334
554,LFU,0.21158854166666666
555,LFU,0.24202473958333334
556,LFU,0.20914713541666666
557,LFU,0.21728515625
558,LFU,0.2109375
559,LFU,0.23274739583333334
560,LFU,0.18505859375
561,LFU,0.20719401041666666
562,LFU,0.20979817708333334
563,LFU,0.22770182291666666
564,LFU,0.18961588541666666
565,LFU,0.1923828125
566,LFU,0.19791666666666666
567,LFU,0.20817057291666666
568,LFU,0.18684895833333334
569,LFU,0.19010416666666666
570,LFU,0.19563802083333334
571,LFU,0.22265625
572,LFU,0.19401041666666666
573,LFU,0.19954427083333334
574,LFU,0.19140625
575,LFU,0.220703125
576,LFU,0.20524088541666666
577,LFU,0.19873046875
578,LFU,0.20149739583333334
579,LFU,0.21305338541666666
580,LFU,0.18587239583333334
581,LFU,0.197265625
582,LFU,0.18684895833333334
583,LFU,0.21012369791666666
584,LFU,0.189453125
585,LFU,0.18798828125
586,LFU,0.19010416666666666
587,LFU,0.20719401041666666
588,LFU,0.17838541666666666
589,LFU,0.18326822916666666
590,LFU,0.19108072916666666
591,LFU,0.20947265625
592,LFU,0.19319661458333334
593,LFU,0.19026692708333334
594,LFU,0.18896484375
595,LFU,0.22721354166666666
596,LFU,0.20703125
597,LFU,0.17626953125
598,LFU,0.18603515625
599,LFU,0.21158854166666666
600,LFU,0.1982421875
601,LFU,0.2041015625
602,LFU,0.19710286458333334
603,LFU,0.20930989583333334
604,LFU,0.19938151041666666
605,LFU,0.19384765625
606,LFU,0.19205729166666666
607,LFU,0.22233072916666666
608,LFU,0.21142578125
609,LFU,0.20003255208333334
610,LFU,0.22119140625
611,LFU,0.21061197916666666
612,LFU,0.19059244791666666
613,LFU,0.19775390625
614,LFU,0.20963541666666666
615,LFU,0.21907552083333334
616,LFU,0.22054036458333334
617,LFU,0.2080078125
618,LFU,0.19970703125
619,LFU,0.23583984375
620,LFU,0.21337890625
621,LFU,0.20458984375
622,LFU,0.20035807291666666
623,LFU,0.21549479166666666
624,LFU,0.20068359375
625,LFU,0.20979817708333334
626,LFU,0.20003255208333334
627,LFU,0.23128255208333334
628,LFU,0.21988932291666666
629,LFU,0.21061197916666666
630,LFU,0.20735677083333334
631,LFU,0.24251302083333334
632,LFU,0.21126302083333334
633,LFU,0.19368489583333334
634,LFU,0.20930989583333334
635,LFU,0.21175130208333334
636,LFU,0.19352213541666666
637,LFU,0.20589192708333334
638,LFU,0.21207682291666666
639,LFU,0.20426432291666666
640,LFU,0.19222005208333334
641,LFU,0.19791666666666666
642,LFU,0.1943359375
643,LFU,0.21809895833333334
644,LFU,0.201171875
645,LFU,0.18408203125
646,LFU,0.19759114583333334
647,LFU,0.21158854166666666
648,LFU,0.18326822916666666
649,LFU,0.20231119791666666
650,LFU,0.1884765625
651,LFU,0.20979817708333334
652,LFU,0.19368489583333334
653,LFU,0.20068359375
654,LFU,0.18277994791666666
655,LFU,0.208984375
656,LFU,0.18115234375
657,LFU,0.18961588541666666
658,LFU,0.18489583333333334
659,LFU,0.20751953125
660,LFU,0.1904296875
661,LFU,0.18961588541666666
662,LFU,0.1904296875
663,LFU,0.232421875
664,LFU,0.2265625
665,LFU,0.20442708333333334
666,LFU,0.18863932291666666
667,LFU,0.22574869791666666
668,LFU,0.20589192708333334
669,LFU,0.19873046875
670,LFU,0.19466145833333334
671,LFU,0.21061197916666666
672,LFU,0.1875
673,LFU,0.20149739583333334
674,LFU,0.1943359375
675,LFU,0.216796875
676,LFU,0.20100911458333334
677,LFU,0.21158854166666666
678,LFU,0.21012369791666666
679,LFU,0.22135416666666666
680,LFU,0.20279947916666666
681,LFU,0.1904296875
682,LFU,0.197265625
683,LFU,0.22395833333333334
684,LFU,0.20865885416666666
685,LFU,0.19856770833333334
686,LFU,0.20393880208333334
687,LFU,0.22037760416666666
688,LFU,0.205078125
689,LFU,0.19645182291666666
690,LFU,0.1943359375
691,LFU,0.20491536458333334
692,LFU,0.19108072916666666
693,LFU,0.19970703125
694,LFU,0.20458984375
695,LFU,0.22591145833333334
696,LFU,0.21028645833333334
697,LFU,0.20589192708333334
698,LFU,0.20947265625
699,LFU,0.21484375
700,LFU,0.20947265625
701,LFU,0.2001953125
702,LFU,0.20361328125
703,LFU,0.22493489583333334
704,LFU,0.19856770833333334
705,LFU,0.20947265625
706,LFU,0.20914713541666666
707,LFU,0.21858723958333334
708,LFU,0.20621744791666666
709,LFU,0.20686848958333334
710,LFU,0.20621744791666666
711,LFU,0.21940104166666666
712,LFU,0.21305338541666666
713,LFU,0.19938151041666666
714,LFU,0.19694010416666666
715,LFU,0.23649088541666666
716,LFU,0.20442708333333334
717,LFU,0.20100911458333334
718,LFU,0.21044921875
719,LFU,0.2314453125
720,LFU,0.21842447916666666
721,LFU,0.21402994791666666
722,LFU,0.19986979166666666
723,LFU,0.23714192708333334
724,LFU,0.2314453125
725,LFU,0.205078125
726,LFU,0.21337890625
727,LFU,0.2392578125
728,LFU,0.24007161458333334
729,LFU,0.22200520833333334
730,LFU,0.23502604166666666
731,LFU,0.24951171875
732,LFU,0.20865885416666666
733,LFU,0.21598307291666666
734,LFU,0.21126302083333334
735,LFU,0.22932942708333334
736,LFU,0.21744791666666666
737,LFU,0.20377604166666666
738,LFU,0.20654296875
739,LFU,0.22591145833333334
740,LFU,0.21321614583333334
741,LFU,0.20426432291666666
742,LFU,0.21809895833333334
743,LFU,0.21337890625
744,LFU,0.20865885416666666
745,LFU,0.19498697916666666
746,LFU,0.2001953125
747,LFU,0.21956380208333334
748,LFU,0.21761067708333334
749,LFU,0.20556640625
750,LFU,0.1923828125
751,LFU,0.22867838541666666
752,LFU,0.20963541666666666
753,LFU,0.19970703125
754,LFU,0.20556640625
755,LFU,0.21988932291666666
756,LFU,0.21044921875
757,LFU,0.18929036458333334
758,LFU,0.20035807291666666
759,LFU,0.23095703125
760,LFU,0.21337890625
761,LFU,0.2109375
762,LFU,0.19759114583333334
763,LFU,0.23795572916666666
764,LFU,0.19563802083333334
765,LFU,0.20279947916666666
766,LFU,0.21061197916666666
767,LFU,0.236328125
768,LFU,0.20328776041666666
769,LFU,0.21598307291666666
770,LFU,0.20930989583333334
771,LFU,0.23193359375
772,LFU,0.21728515625
773,LFU,0.21956380208333334
774,LFU,0.216796875
775,LFU,0.22428385416666666
776,LFU,0.20084635416666666
777,LFU,0.19710286458333334
778,LFU,0.20621744791666666
779,LFU,0.22737630208333334
780,LFU,0.20882161458333334
781,LFU,0.20589192708333334
782,LFU,0.20849609375
783,LFU,0.22428385416666666
784,LFU,0.20296223958333334
785,LFU,0.20328776041666666
786,LFU,0.19775390625
787,LFU,0.23046875
788,LFU,0.19873046875
789,LFU,0.20198567708333334
790,LFU,0.21842447916666666
791,LFU,0.2138671875
792,LFU,0.18522135416666666
793,LFU,0.18880208333333334
794,LFU,0.19091796875
795,LFU,0.22184244791666666
796,LFU,0.18538411458333334
797,LFU,0.19368489583333334
798,LFU,0.185546875
799,LFU,0.21435546875
800,LFU,0.20052083333333334
801,LFU,0.19612630208333334
802,LFU,0.19010416666666666
803,LFU,0.208984375
804,LFU,0.19010416666666666
805,LFU,0.19189453125
806,LFU,0.19417317708333334
807,LFU,0.22607421875
808,LFU,0.20979817708333334
809,LFU,0.21712239583333334
810,LFU,0.2197265625
811,LFU,0.234375
812,LFU,0.20393880208333334
813,LFU,0.201171875
814,LFU,0.212890625
815,LFU,0.23942057291666666
816,LFU,0.22298177083333334
817,LFU,0.20751953125
818,LFU,0.21940104166666666
819,LFU,0.22623697916666666
820,LFU,0.220703125
821,LFU,0.21809895833333334
822,LFU,0.21565755208333334
823,LFU,0.22200520833333334
824,LFU,0.21695963541666666
825,LFU,0.21809895833333334
826,LFU,0.21793619791666666
827,LFU,0.23860677083333334
828,LFU,0.22200520833333334
829,LFU,0.22395833333333334
830,LFU,0.22998046875
831,LFU,0.21858723958333334
832,LFU,0.21240234375
833,LFU,0.22623697916666666
834,LFU,0.22119140625
835,LFU,0.22379557291666666
836,LFU,0.22721354166666666
837,LFU,0.21077473958333334
838,LFU,0.21695963541666666
839,LFU,0.21923828125
840,LFU,0.21988932291666666
841,LFU,0.21158854166666666
842,LFU,0.20166015625
843,LFU,0.2216796875
844,LFU,0.20686848958333334
845,LFU,0.20654296875
846,LFU,0.20719401041666666
847,LFU,0.23128255208333334
848,LFU,0.22998046875
849,LFU,0.21110026041666666
850,LFU,0.208984375
851,LFU,0.24348958333333334
852,LFU,0.22005208333333334
853,LFU,0.21695963541666666
854,LFU,0.21256510416666666
855,LFU,0.23828125
856,LFU,0.22151692708333334
857,LFU,0.21565755208333334
858,LFU,0.21256510416666666
859,LFU,0.22965494791666666
860,LFU,0.21175130208333334
861,LFU,0.20621744791666666
862,LFU,0.20084635416666666
863,LFU,0.23470052083333334
864,LFU,0.20947265625
865,LFU,0.21223958333333334
866,LFU,0.21175130208333334
867,LFU,0.22639973958333334
868,LFU,0.21256510416666666
869,LFU,0.20833333333333334
870,LFU,0.21240234375
871,LFU,0.24202473958333334
872,LFU,0.21533203125
873,LFU,0.22428385416666666
874,LFU,0.2119140625
875,LFU,0.24300130208333334
876,LFU,0.22916666666666666
877,LFU,0.22379557291666666
878,LFU,0.22281901041666666
879,LFU,0.23795572916666666
880,LFU,0.22151692708333334
881,LFU,0.208984375
882,LFU,0.20849609375
883,LFU,0.23209635416666666
884,LFU,0.21875
885,LFU,0.20572916666666666
886,LFU,0.19677734375
887,LFU,0.23453776041666666
888,LFU,0.20703125
889,LFU,0.21126302083333334
890,LFU,0.20735677083333334
891,LFU,0.248046875
892,LFU,0.23567708333333334
893,LFU,0.2255859375
894,LFU,0.212890625
895,LFU,0.234375
896,LFU,0.21565755208333334
897,LFU,0.21533203125
898,LFU,0.20377604166666666
899,LFU,0.2275390625
900,LFU,0.20426432291666666
901,LFU,0.20621744791666666
902,LFU,0.21533203125
903,LFU,0.22786458333333334
904,LFU,0.2158203125
905,LFU,0.22298177083333334
906,LFU,0.20768229166666666
907,LFU,0.2412109375
908,LFU,0.20377604166666666
909,LFU,0.20279947916666666
910,LFU,0.20703125
911,LFU,0.20784505208333334
912,LFU,0.20166015625
913,LFU,0.20296223958333334
914,LFU,0.19889322916666666
915,LFU,0.22965494791666666
916,LFU,0.22216796875
917,LFU,0.21354166666666666
918,LFU,0.20735677083333334
919,LFU,0.22526041666666666
920,LFU,0.21793619791666666
921,LFU,0.20133463541666666
922,LFU,0.22314453125
923,LFU,0.22444661458333334
924,LFU,0.21826171875
925,LFU,0.21533203125
926,LFU,0.22591145833333334
927,LFU,0.22867838541666666
928,LFU,0.2177734375
929,LFU,0.21321614583333334
930,LFU,0.19124348958333334
931,LFU,0.23128255208333334
932,LFU,0.20963541666666666
933,LFU,0.20263671875
934,LFU,0.20458984375
935,LFU,0.22249348958333334
936,LFU,0.20003255208333334
937,LFU,0.189453125
938,LFU,0.22265625
939,LFU,0.23421223958333334
940,LFU,0.212890625
941,LFU,0.20458984375
942,LFU,0.21826171875
943,LFU,0.22672526041666666
944,LFU,0.2119140625
945,LFU,0.205078125
946,LFU,0.21044921875
947,LFU,0.23974609375
948,LFU,0.22037760416666666
949,LFU,0.21142578125
950,LFU,0.22444661458333334
951,LFU,0.24951171875
952,LFU,0.22249348958333334
953,LFU,0.21712239583333334
954,LFU,0.21858723958333334
955,LFU,0.22819010416666666
956,LFU,0.20817057291666666
957,LFU,0.20979817708333334
958,LFU,0.21907552083333334
959,LFU,0.23030598958333334
960,LFU,0.20947265625
961,LFU,0.21516927083333334
962,LFU,0.20882161458333334
963,LFU,0.22932942708333334
964,LFU,0.20296223958333334
965,LFU,0.18375651041666666
966,LFU,0.19840494791666666
967,LFU,0.24332682291666666
968,LFU,0.20540364583333334
969,LFU,0.19759114583333334
970,LFU,0.19498697916666666
971,LFU,0.23177083333333334
972,LFU,0.20686848958333334
973,LFU,0.20914713541666666
974,LFU,0.20524088541666666
975,LFU,0.2275390625
976,LFU,0.20686848958333334
977,LFU,0.21630859375
978,LFU,0.20930989583333334
979,LFU,0.2625325520833333
980,LFU,0.23518880208333334
981,LFU,0.224609375
982,LFU,0.22347005208333334
983,LFU,0.24560546875
984,LFU,0.24690755208333334
985,LFU,0.24625651041666666
986,LFU,0.21647135416666666
987,LFU,0.2353515625
988,LFU,0.19905598958333334
989,LFU,0.21110026041666666
990,LFU,0.20817057291666666
991,LFU,0.22428385416666666
992,LFU,0.20524088541666666
993,LFU,0.22200520833333334
994,LFU,0.21516927083333334
995,LFU,0.22965494791666666
996,LFU,0.20393880208333334
997,LFU,0.21826171875
998,LFU,0.21012369791666666
999,LFU,0.24527994791666666
1000,LFU,0.2109375
1001,LFU,0.22265625
1002,LFU,0.22509765625
1003,LFU,0.23697916666666666
1004,LFU,0.20947265625
1005,LFU,0.20426432291666666
1006,LFU,0.22037760416666666
1007,LFU,0.22347005208333334
1008,LFU,0.20572916666666666
1009,LFU,0.205078125
1010,LFU,0.21321614583333334
1011,LFU,0.21549479166666666
1012,LFU,0.2158203125
1013,LFU,0.2216796875
1014,LFU,0.22281901041666666
1015,LFU,0.25439453125
1016,LFU,0.2294921875
1017,LFU,0.22819010416666666
1018,LFU,0.2532552083333333
1019,LFU,0.24674479166666666
1020,LFU,0.22574869791666666
1021,LFU,0.23372395833333334
1022,LFU,0.21044921875
1023,LFU,0.22916666666666666
3,WeightedLFU,0.3151041666666667
4,WeightedLFU,0.2939453125
5,WeightedLFU,0.2932942708333333
6,WeightedLFU,0.2596028645833333
7,WeightedLFU,0.3225911458333333
8,WeightedLFU,0.3028971354166667
9,WeightedLFU,0.30322265625
10,WeightedLFU,0.2893880208333333
11,WeightedLFU,0.2903645833333333
12,WeightedLFU,0.3048502604166667
13,WeightedLFU,0.3011067708333333
14,WeightedLFU,0.2696940104166667
15,WeightedLFU,0.2784830729166667
16,WeightedLFU,0.2648111979166667
17,WeightedLFU,0.3059895833333333
18,WeightedLFU,0.2540690104166667
19,WeightedLFU,0.28271484375
20,WeightedLFU,0.3146158854166667
21,WeightedLFU,0.2779947916666667
22,WeightedLFU,0.2916666666666667
23,WeightedLFU,0.3076171875
24,WeightedLFU,0.2858072916666667
25,WeightedLFU,0.3118489583333333
26,WeightedLFU,0.2892252604166667
27,WeightedLFU,0.31787109375
28,WeightedLFU,0.28515625
29,WeightedLFU,0.2976888020833333
30,WeightedLFU,0.3068033854166667
31,WeightedLFU,0.3009440104166667
32,WeightedLFU,0.3310546875
33,WeightedLFU,0.3134765625
34,WeightedLFU,0.2734375
35,WeightedLFU,0.2923177083333333
36,WeightedLFU,0.2693684895833333
37,WeightedLFU,0.3147786458333333
38,WeightedLFU,0.306640625
39,WeightedLFU,0.298828125
40,WeightedLFU,0.2872721354166667
41,WeightedLFU,0.31982421875
42,WeightedLFU,0.31103515625
43,WeightedLFU,0.30712890625
44,WeightedLFU,0.341796875
45,WeightedLFU,0.3113606770833333
46,WeightedLFU,0.2732747395833333
47,WeightedLFU,0.29541015625
48,WeightedLFU,0.28955078125
49,WeightedLFU,0.2530924479166667
50,WeightedLFU,0.2880859375
51,WeightedLFU,0.2755533854166667
52,WeightedLFU,0.298828125
53,WeightedLFU,0.30615234375
54,WeightedLFU,0.3302408854166667
55,WeightedLFU,0.3287760416666667
56,WeightedLFU,0.3395182291666667
57,WeightedLFU,0.3204752604166667
58,WeightedLFU,0.3273111979166667
59,WeightedLFU,0.30712890625
60,WeightedLFU,0.2957356770833333
61,WeightedLFU,0.2921549479166667
62,WeightedLFU,0.322265625
63,WeightedLFU,0.3323567708333333
64,WeightedLFU,0.2898763020833333
65,WeightedLFU,0.3050130208333333
66,WeightedLFU,0.3113606770833333
67,WeightedLFU,0.3287760416666667
68,WeightedLFU,0.3455403645833333
69,WeightedLFU,0.2955729166666667
70,WeightedLFU,0.32861328125
71,WeightedLFU,0.3238932291666667
72,WeightedLFU,0.3221028645833333
73,WeightedLFU,0.30810546875
74,WeightedLFU,0.3097330729166667
75,WeightedLFU,0.3199869791666667
76,WeightedLFU,0.3291015625
77,WeightedLFU,0.3094075520833333
78,WeightedLFU,0.3328450520833333
79,WeightedLFU,0.3064778645833333
80,WeightedLFU,0.3180338541666667
81,WeightedLFU,0.3087565104166667
82,WeightedLFU,0.3167317708333333
83,WeightedLFU,0.3273111979166667
84,WeightedLFU,0.3219401041666667
85,WeightedLFU,0.3430989583333333
86,WeightedLFU,0.3395182291666667
87,WeightedLFU,0.29150390625
88,WeightedLFU,0.31689453125
89,WeightedLFU,0.3250325520833333
90,WeightedLFU,0.3116861979166667
91,WeightedLFU,0.35400390625
92,WeightedLFU,0.3151041666666667
93,WeightedLFU,0.3284505208333333
94,WeightedLFU,0.33984375
95,WeightedLFU,0.2991536458333333
96,WeightedLFU,0.2985026041666667
97,WeightedLFU,0.3115234375
98,WeightedLFU,0.3289388020833333
99,WeightedLFU,0.3019205729166667
100,WeightedLFU,0.310546875
101,WeightedLFU,0.28515625
102,WeightedLFU,0.28759765625
103,WeightedLFU,0.3089192708333333
104,WeightedLFU,0.3043619791666667
105,WeightedLFU,0.2996419270833333
106,WeightedLFU,0.3211263020833333
107,WeightedLFU,0.3125
108,WeightedLFU,0.2976888020833333
109,WeightedLFU,0.2923177083333333
110,WeightedLFU,0.28955078125
111,WeightedLFU,0.2906901041666667
112,WeightedLFU,0.2630208333333333
113,WeightedLFU,0.28369140625
114,WeightedLFU,0.3024088541666667
115,WeightedLFU,0.3014322916666667
116,WeightedLFU,0.30029296875
117,WeightedLFU,0.3326822916666667
118,WeightedLFU,0.3020833333333333
119,WeightedLFU,0.3253580729166667
120,WeightedLFU,0.2923177083333333
121,WeightedLFU,0.3024088541666667
122,WeightedLFU,0.30859375
123,WeightedLFU,0.2838541666666667
124,WeightedLFU,0.2815755208333333
125,WeightedLFU,0.28125
126,WeightedLFU,0.3024088541666667
127,WeightedLFU,0.2980143229166667
128,WeightedLFU,0.2701822916666667
129,WeightedLFU,0.2911783854166667
130,WeightedLFU,0.2906901041666667
131,WeightedLFU,0.3180338541666667
132,WeightedLFU,0.306640625
133,WeightedLFU,0.2799479166666667
134,WeightedLFU,0.32177734375
135,WeightedLFU,0.3190104166666667
136,WeightedLFU,0.3308919270833333
137,WeightedLFU,0.3212890625
138,WeightedLFU,0.31494140625
139,WeightedLFU,0.3175455729166667
140,WeightedLFU,0.2705078125
141,WeightedLFU,0.2950846354166667
142,WeightedLFU,0.302734375
143,WeightedLFU,0.3069661458333333
144,WeightedLFU,0.294921875
145,WeightedLFU,0.2760416666666667
146,WeightedLFU,0.2970377604166667
147,WeightedLFU,0.32373046875
148,WeightedLFU,0.30224609375
149,WeightedLFU,0.3289388020833333
150,WeightedLFU,0.3116861979166667
151,WeightedLFU,0.3134765625
152,WeightedLFU,0.27734375
153,WeightedLFU,0.2809244791666667
154,WeightedLFU,0.27880859375
155,WeightedLFU,0.2840169270833333
156,WeightedLFU,0.2775065104166667
157,WeightedLFU,0.30712890625
158,WeightedLFU,0.2921549479166667
159,WeightedLFU,0.2779947916666667
160,WeightedLFU,0.2921549479166667
161,WeightedLFU,0.30322265625
162,WeightedLFU,0.2978515625
163,WeightedLFU,0.30859375
164,WeightedLFU,0.3092447916666667
165,WeightedLFU,0.3024088541666667
166,WeightedLFU,0.31103515625
167,WeightedLFU,0.30810546875
168,WeightedLFU,0.3445638020833333
169,WeightedLFU,0.3289388020833333
170,WeightedLFU,0.3460286458333333
171,WeightedLFU,0.3380533854166667
172,WeightedLFU,0.3517252604166667
173,WeightedLFU,0.3610026041666667
174,WeightedLFU,0.3406575520833333
175,WeightedLFU,0.3292643229166667
176,WeightedLFU,0.3331705729166667
177,WeightedLFU,0.33837890625
178,WeightedLFU,0.3185221354166667
179,WeightedLFU,0.2724609375
180,WeightedLFU,0.3118489583333333
181,WeightedLFU,0.3157552083333333
182,WeightedLFU,0.322265625
183,WeightedLFU,0.32080078125
184,WeightedLFU,0.32568359375
185,WeightedLFU,0.3468424479166667
186,WeightedLFU,0.3505859375
187,WeightedLFU,0.3564453125
188,WeightedLFU,0.3388671875
189,WeightedLFU,0.3251953125
190,WeightedLFU,0.36083984375
191,WeightedLFU,0.33056640625
192,WeightedLFU,0.3180338541666667
193,WeightedLFU,0.3199869791666667
194,WeightedLFU,0.2752278645833333
195,WeightedLFU,0.2864583333333333
196,WeightedLFU,0.29296875
197,WeightedLFU,0.30029296875
198,WeightedLFU,0.3269856770833333
199,WeightedLFU,0.3059895833333333
200,WeightedLFU,0.29052734375
201,WeightedLFU,0.3064778645833333
202,WeightedLFU,0.3356119791666667
203,WeightedLFU,0.3055013020833333
204,WeightedLFU,0.2867838541666667
205,WeightedLFU,0.302734375
206,WeightedLFU,0.2958984375
207,WeightedLFU,0.3115234375
208,WeightedLFU,0.3058268229166667
209,WeightedLFU,0.3134765625
210,WeightedLFU,0.2991536458333333
211,WeightedLFU,0.310546875
212,WeightedLFU,0.27587890625
213,WeightedLFU,0.279296875
214,WeightedLFU,0.29638671875
215,WeightedLFU,0.3092447916666667
216,WeightedLFU,0.2975260416666667
217,WeightedLFU,0.30859375
218,WeightedLFU,0.2960611979166667
219,WeightedLFU,0.3131510416666667
220,WeightedLFU,0.298828125
221,WeightedLFU,0.3128255208333333
222,WeightedLFU,0.3125
223,WeightedLFU,0.34619140625
224,WeightedLFU,0.32373046875
225,WeightedLFU,0.3035481770833333
226,WeightedLFU,0.3250325520833333
227,WeightedLFU,0.2840169270833333
228,WeightedLFU,0.2879231770833333
229,WeightedLFU,0.32470703125
230,WeightedLFU,0.27734375
231,WeightedLFU,0.3128255208333333
232,WeightedLFU,0.30615234375
233,WeightedLFU,0.2972005208333333
234,WeightedLFU,0.2550455729166667
235,WeightedLFU,0.2820638020833333
236,WeightedLFU,0.2972005208333333
237,WeightedLFU,0.3177083333333333
238,WeightedLFU,0.326171875
239,WeightedLFU,0.29248046875
240,WeightedLFU,0.3038736979166667
241,WeightedLFU,0.3064778645833333
242,WeightedLFU,0.2972005208333333
243,WeightedLFU,0.3323567708333333
244,WeightedLFU,0.3391927083333333
245,WeightedLFU,0.2898763020833333
246,WeightedLFU,0.30322265625
247,WeightedLFU,0.3341471354166667
248,WeightedLFU,0.3251953125
249,WeightedLFU,0.3416341145833333
250,WeightedLFU,0.3271484375
251,WeightedLFU,0.3204752604166667
252,WeightedLFU,0.3206380208333333
253,WeightedLFU,0.3263346354166667
254,WeightedLFU,0.2986653645833333
255,WeightedLFU,0.31884765625
256,WeightedLFU,0.3387044270833333
257,WeightedLFU,0.330078125
258,WeightedLFU,0.3390299479166667
259,WeightedLFU,0.3352864583333333
260,WeightedLFU,0.3248697916666667
261,WeightedLFU,0.2947591145833333
262,WeightedLFU,0.31689453125
263,WeightedLFU,0.32421875
264,WeightedLFU,0.32177734375
265,WeightedLFU,0.33935546875
266,WeightedLFU,0.30712890625
267,WeightedLFU,0.3115234375
268,WeightedLFU,0.322265625
269,WeightedLFU,0.3095703125
270,WeightedLFU,0.2970377604166667
271,WeightedLFU,0.29833984375
272,WeightedLFU,0.3118489583333333
273,WeightedLFU,0.2986653645833333
274,WeightedLFU,0.32763671875
275,WeightedLFU,0.3142903645833333
276,WeightedLFU,0.2841796875
277,WeightedLFU,0.3035481770833333
278,WeightedLFU,0.3307291666666667
279,WeightedLFU,0.3238932291666667
280,WeightedLFU,0.3186848958333333
281,WeightedLFU,0.2838541666666667
282,WeightedLFU,0.3063151041666667
283,WeightedLFU,0.3214518229166667
284,WeightedLFU,0.333984375
285,WeightedLFU,0.3260091145833333
286,WeightedLFU,0.31787109375
287,WeightedLFU,0.32373046875
288,WeightedLFU,0.3253580729166667
289,WeightedLFU,0.3048502604166667
290,WeightedLFU,0.2991536458333333
291,WeightedLFU,0.2989908854166667
292,WeightedLFU,0.3059895833333333
293,WeightedLFU,0.2942708333333333
294,WeightedLFU,0.2921549479166667
295,WeightedLFU,0.3214518229166667
296,WeightedLFU,0.2923177083333333
297,WeightedLFU,0.2994791666666667
298,WeightedLFU,0.3045247395833333
299,WeightedLFU,0.3307291666666667
300,WeightedLFU,0.3209635416666667
301,WeightedLFU,0.3011067708333333
302,WeightedLFU,0.3346354166666667
303,WeightedLFU,0.3219401041666667
304,WeightedLFU,0.3185221354166667
305,WeightedLFU,0.2998046875
306,WeightedLFU,0.2861328125
307,WeightedLFU,0.32080078125
308,WeightedLFU,0.3146158854166667
309,WeightedLFU,0.3115234375
310,WeightedLFU,0.2810872395833333
311,WeightedLFU,0.2849934895833333
312,WeightedLFU,0.28857421875
313,WeightedLFU,0.2945963541666667
314,WeightedLFU,0.2698567708333333
315,WeightedLFU,0.2887369791666667
316,WeightedLFU,0.2911783854166667
317,WeightedLFU,0.3126627604166667
318,WeightedLFU,0.3116861979166667
319,WeightedLFU,0.3116861979166667
320,WeightedLFU,0.294921875
321,WeightedLFU,0.3102213541666667
322,WeightedLFU,0.2874348958333333
323,WeightedLFU,0.3173828125
324,WeightedLFU,0.3014322916666667
325,WeightedLFU,0.3103841145833333
326,WeightedLFU,0.2931315104166667
327,WeightedLFU,0.2682291666666667
328,WeightedLFU,0.2931315104166667
329,WeightedLFU,0.2972005208333333
330,WeightedLFU,0.3387044270833333
331,WeightedLFU,0.353515625
332,WeightedLFU,0.2996419270833333
333,WeightedLFU,0.3103841145833333
334,WeightedLFU,0.2902018229166667
335,WeightedLFU,0.3098958333333333
336,WeightedLFU,0.2771809895833333
337,WeightedLFU,0.2784830729166667
338,WeightedLFU,0.2936197916666667
339,WeightedLFU,0.2744140625
340,WeightedLFU,0.2975260416666667
341,WeightedLFU,0.2921549479166667
342,WeightedLFU,0.2639973958333333
343,WeightedLFU,0.3123372395833333
344,WeightedLFU,0.2877604166666667
345,WeightedLFU,0.3079427083333333
346,WeightedLFU,0.3271484375
347,WeightedLFU,0.3154296875
348,WeightedLFU,0.2999674479166667
349,WeightedLFU,0.3375651041666667
350,WeightedLFU,0.3310546875
351,WeightedLFU,0.3113606770833333
352,WeightedLFU,0.3248697916666667
353,WeightedLFU,0.3089192708333333
354,WeightedLFU,0.29736328125
355,WeightedLFU,0.3346354166666667
356,WeightedLFU,0.3134765625
357,WeightedLFU,0.2740885416666667
358,WeightedLFU,0.3212890625
359,WeightedLFU,0.33935546875
360,WeightedLFU,0.3264973958333333
361,WeightedLFU,0.3279622395833333
362,WeightedLFU,0.3536783854166667
363,WeightedLFU,0.3082682291666667
364,WeightedLFU,0.3113606770833333
365,WeightedLFU,0.302734375
366,WeightedLFU,0.3056640625
367,WeightedLFU,0.3079427083333333
368,WeightedLFU,0.31201171875
369,WeightedLFU,0.3232421875
370,WeightedLFU,0.3126627604166667
371,WeightedLFU,0.3087565104166667
372,WeightedLFU,0.3190104166666667
373,WeightedLFU,0.3232421875
374,WeightedLFU,0.3424479166666667
375,WeightedLFU,0.3382161458333333
376,WeightedLFU,0.330078125
377,WeightedLFU,0.3219401041666667
378,WeightedLFU,0.2970377604166667
379,WeightedLFU,0.31494140625
380,WeightedLFU,0.3006184895833333
381,WeightedLFU,0.2998046875
382,WeightedLFU,0.3155924479166667
383,WeightedLFU,0.2936197916666667
384,WeightedLFU,0.30126953125
385,WeightedLFU,0.2952473958333333
386,WeightedLFU,0.3180338541666667
387,WeightedLFU,0.29931640625
388,WeightedLFU,0.3015950520833333
389,WeightedLFU,0.34765625
390,WeightedLFU,0.3190104166666667
391,WeightedLFU,0.3185221354166667
392,WeightedLFU,0.3064778645833333
393,WeightedLFU,0.29931640625
394,WeightedLFU,0.3165690104166667
395,WeightedLFU,0.30908203125
396,WeightedLFU,0.32763671875
397,WeightedLFU,0.3499348958333333
398,WeightedLFU,0.3155924479166667
399,WeightedLFU,0.3115234375
400,WeightedLFU,0.3111979166666667
401,WeightedLFU,0.3235677083333333
402,WeightedLFU,0.36572265625
403,WeightedLFU,0.3260091145833333
404,WeightedLFU,0.3141276041666667
405,WeightedLFU,0.3160807291666667
406,WeightedLFU,0.3430989583333333
407,WeightedLFU,0.33447265625
408,WeightedLFU,0.3152669270833333
409,WeightedLFU,0.3221028645833333
410,WeightedLFU,0.33544921875
411,WeightedLFU,0.3323567708333333
412,WeightedLFU,0.3489583333333333
413,WeightedLFU,0.3518880208333333
414,WeightedLFU,0.34765625
415,WeightedLFU,0.3369140625
416,WeightedLFU,0.31640625
417,WeightedLFU,0.32666015625
418,WeightedLFU,0.3006184895833333
419,WeightedLFU,0.3072916666666667
420,WeightedLFU,0.298828125
421,WeightedLFU,0.30224609375
422,WeightedLFU,0.3102213541666667
423,WeightedLFU,0.3087565104166667
424,WeightedLFU,0.3004557291666667
425,WeightedLFU,0.3056640625
426,WeightedLFU,0.30078125
427,WeightedLFU,0.3302408854166667
428,WeightedLFU,0.3180338541666667
429,WeightedLFU,0.3118489583333333
430,WeightedLFU,0.33544921875
431,WeightedLFU,0.3128255208333333
432,WeightedLFU,0.3274739583333333
433,WeightedLFU,0.3411458333333333
434,WeightedLFU,0.3136393229166667
435,WeightedLFU,0.3214518229166667
436,WeightedLFU,0.3014322916666667
437,WeightedLFU,0.3277994791666667
438,WeightedLFU,0.3212890625
439,WeightedLFU,0.3385416666666667
440,WeightedLFU,0.3551432291666667
441,WeightedLFU,0.3489583333333333
442,WeightedLFU,0.3518880208333333
443,WeightedLFU,0.3341471354166667
444,WeightedLFU,0.30078125
445,WeightedLFU,0.3165690104166667
446,WeightedLFU,0.2947591145833333
447,WeightedLFU,0.32373046875
448,WeightedLFU,0.3191731770833333
449,WeightedLFU,0.3318684895833333
450,WeightedLFU,0.3225911458333333
451,WeightedLFU,0.3191731770833333
452,WeightedLFU,0.3229166666666667
453,WeightedLFU,0.30908203125
454,WeightedLFU,0.296875
455,WeightedLFU,0.34765625
456,WeightedLFU,0.34814453125
457,WeightedLFU,0.3289388020833333
458,WeightedLFU,0.3245442708333333
459,WeightedLFU,0.3097330729166667
460,WeightedLFU,0.2916666666666667
461,WeightedLFU,0.3346354166666667
462,WeightedLFU,0.3160807291666667
463,WeightedLFU,0.31298828125
464,WeightedLFU,0.298828125
465,WeightedLFU,0.31884765625
466,WeightedLFU,0.3046875
467,WeightedLFU,0.3225911458333333
468,WeightedLFU,0.33642578125
469,WeightedLFU,0.3212890625
470,WeightedLFU,0.3116861979166667
471,WeightedLFU,0.29833984375
472,WeightedLFU,0.2820638020833333
473,WeightedLFU,0.29736328125
474,WeightedLFU,0.3058268229166667
475,WeightedLFU,0.283203125
476,WeightedLFU,0.3136393229166667
477,WeightedLFU,0.3232421875
478,WeightedLFU,0.3203125
479,WeightedLFU,0.3219401041666667
480,WeightedLFU,0.3053385416666667
481,WeightedLFU,0.3121744791666667
482,WeightedLFU,0.31396484375
483,WeightedLFU,0.3035481770833333
484,WeightedLFU,0.2928059895833333
485,WeightedLFU,0.28076171875
486,WeightedLFU,0.30224609375
487,WeightedLFU,0.3113606770833333
488,WeightedLFU,0.31396484375
489,WeightedLFU,0.33740234375
490,WeightedLFU,0.3299153645833333
491,WeightedLFU,0.3356119791666667
492,WeightedLFU,0.3369140625
493,WeightedLFU,0.3194986979166667
494,WeightedLFU,0.30322265625
495,WeightedLFU,0.3136393229166667
496,WeightedLFU,0.3113606770833333
497,WeightedLFU,0.2970377604166667
498,WeightedLFU,0.296875
499,WeightedLFU,0.3123372395833333
500,WeightedLFU,0.2967122395833333
501,WeightedLFU,0.29150390625
502,WeightedLFU,0.2976888020833333
503,WeightedLFU,0.330078125
504,WeightedLFU,0.3331705729166667
505,WeightedLFU,0.2972005208333333
506,WeightedLFU,0.302734375
507,WeightedLFU,0.3199869791666667
508,WeightedLFU,0.3400065104166667
509,WeightedLFU,0.31982421875
510,WeightedLFU,0.32421875
511,WeightedLFU,0.3102213541666667
512,WeightedLFU,0.3234049479166667
513,WeightedLFU,0.3053385416666667
514,WeightedLFU,0.3126627604166667
515,WeightedLFU,0.3328450520833333
516,WeightedLFU,0.3310546875
517,WeightedLFU,0.3238932291666667
518,WeightedLFU,0.3294270833333333
519,WeightedLFU,0.3797200520833333
520,WeightedLFU,0.3704427083333333
521,WeightedLFU,0.3416341145833333
522,WeightedLFU,0.3504231770833333
523,WeightedLFU,0.3025716145833333
524,WeightedLFU,0.2985026041666667
525,WeightedLFU,0.3056640625
526,WeightedLFU,0.3004557291666667
527,WeightedLFU,0.31201171875
528,WeightedLFU,0.3235677083333333
529,WeightedLFU,0.3336588541666667
530,WeightedLFU,0.3077799479166667
531,WeightedLFU,0.3035481770833333
532,WeightedLFU,0.3292643229166667
533,WeightedLFU,0.3359375
534,WeightedLFU,0.35546875
535,WeightedLFU,0.3473307291666667
536,WeightedLFU,0.3590494791666667
537,WeightedLFU,0.33642578125
538,WeightedLFU,0.3409830729166667
539,WeightedLFU,0.3336588541666667
540,WeightedLFU,0.3323567708333333
541,WeightedLFU,0.30859375
542,WeightedLFU,0.31640625
543,WeightedLFU,0.3343098958333333
544,WeightedLFU,0.3199869791666667
545,WeightedLFU,0.3185221354166667
546,WeightedLFU,0.28955078125
547,WeightedLFU,0.31103515625
548,WeightedLFU,0.3260091145833333
549,WeightedLFU,0.3561197916666667
550,WeightedLFU,0.33984375
551,WeightedLFU,0.3201497395833333
552,WeightedLFU,0.3077799479166667
553,WeightedLFU,0.3274739583333333
554,WeightedLFU,0.3238932291666667
555,WeightedLFU,0.34326171875
556,WeightedLFU,0.2998046875
557,WeightedLFU,0.3292643229166667
558,WeightedLFU,0.33203125
559,WeightedLFU,0.33740234375
560,WeightedLFU,0.2757161458333333
561,WeightedLFU,0.3177083333333333
562,WeightedLFU,0.3297526041666667
563,WeightedLFU,0.3359375
564,WeightedLFU,0.3011067708333333
565,WeightedLFU,0.3134765625
566,WeightedLFU,0.2872721354166667
567,WeightedLFU,0.3232421875
568,WeightedLFU,0.30224609375
569,WeightedLFU,0.3050130208333333
570,WeightedLFU,0.3282877604166667
571,WeightedLFU,0.3455403645833333
572,WeightedLFU,0.3157552083333333
573,WeightedLFU,0.3486328125
574,WeightedLFU,0.3359375
575,WeightedLFU,0.3294270833333333
576,WeightedLFU,0.3308919270833333
577,WeightedLFU,0.3229166666666667
578,WeightedLFU,0.3097330729166667
579,WeightedLFU,0.3138020833333333
580,WeightedLFU,0.3069661458333333
581,WeightedLFU,0.322265625
582,WeightedLFU,0.3040364583333333
583,WeightedLFU,0.3011067708333333
584,WeightedLFU,0.306640625
585,WeightedLFU,0.3043619791666667
586,WeightedLFU,0.3190104166666667
587,WeightedLFU,0.30517578125
588,WeightedLFU,0.2911783854166667
589,WeightedLFU,0.2845052083333333
590,WeightedLFU,0.2913411458333333
591,WeightedLFU,0.3053385416666667
592,WeightedLFU,0.3136393229166667
593,WeightedLFU,0.32373046875
594,WeightedLFU,0.33056640625
595,WeightedLFU,0.3509114583333333
596,WeightedLFU,0.3221028645833333
597,WeightedLFU,0.3053385416666667
598,WeightedLFU,0.3248697916666667
599,WeightedLFU,0.2872721354166667
600,WeightedLFU,0.3058268229166667
601,WeightedLFU,0.3232421875
602,WeightedLFU,0.30810546875
603,WeightedLFU,0.3038736979166667
604,WeightedLFU,0.3291015625
605,WeightedLFU,0.3151041666666667
606,WeightedLFU,0.33349609375
607,WeightedLFU,0.3289388020833333
608,WeightedLFU,0.3567708333333333
609,WeightedLFU,0.3328450520833333
610,WeightedLFU,0.3504231770833333
611,WeightedLFU,0.3020833333333333
612,WeightedLFU,0.2898763020833333
613,WeightedLFU,0.32568359375
614,WeightedLFU,0.3504231770833333
615,WeightedLFU,0.3128255208333333
616,WeightedLFU,0.3484700520833333
617,WeightedLFU,0.3509114583333333
618,WeightedLFU,0.3333333333333333
619,WeightedLFU,0.3253580729166667
620,WeightedLFU,0.3273111979166667
621,WeightedLFU,0.31201171875
622,WeightedLFU,0.3131510416666667
623,WeightedLFU,0.3173828125
624,WeightedLFU,0.3317057291666667
625,WeightedLFU,0.3424479166666667
626,WeightedLFU,0.3282877604166667
627,WeightedLFU,0.3421223958333333
628,WeightedLFU,0.3455403645833333
629,WeightedLFU,0.3372395833333333
630,WeightedLFU,0.3408203125
631,WeightedLFU,0.3468424479166667
632,WeightedLFU,0.3194986979166667
633,WeightedLFU,0.27880859375
634,WeightedLFU,0.3341471354166667
635,WeightedLFU,0.3038736979166667
636,WeightedLFU,0.2941080729166667
637,WeightedLFU,0.3291015625
638,WeightedLFU,0.3362630208333333
639,WeightedLFU,0.3255208333333333
640,WeightedLFU,0.3382161458333333
641,WeightedLFU,0.3382161458333333
642,WeightedLFU,0.3136393229166667
643,WeightedLFU,0.2771809895833333
644,WeightedLFU,0.2976888020833333
645,WeightedLFU,0.2688802083333333
646,WeightedLFU,0.3043619791666667
647,WeightedLFU,0.3181966145833333
648,WeightedLFU,0.2945963541666667
649,WeightedLFU,0.3367513020833333
650,WeightedLFU,0.3232421875
651,WeightedLFU,0.3046875
652,WeightedLFU,0.3020833333333333
653,WeightedLFU,0.3046875
654,WeightedLFU,0.2921549479166667
655,WeightedLFU,0.3063151041666667
656,WeightedLFU,0.2861328125
657,WeightedLFU,0.296875
658,WeightedLFU,0.2913411458333333
659,WeightedLFU,0.3095703125
660,WeightedLFU,0.3045247395833333
661,WeightedLFU,0.3006184895833333
662,WeightedLFU,0.3133138020833333
663,WeightedLFU,0.3317057291666667
664,WeightedLFU,0.3312174479166667
665,WeightedLFU,0.33349609375
666,WeightedLFU,0.29931640625
667,WeightedLFU,0.3274739583333333
668,WeightedLFU,0.3180338541666667
669,WeightedLFU,0.3219401041666667
670,WeightedLFU,0.2994791666666667
671,WeightedLFU,0.3064778645833333
672,WeightedLFU,0.3138020833333333
673,WeightedLFU,0.3616536458333333
674,WeightedLFU,0.3089192708333333
675,WeightedLFU,0.3151041666666667
676,WeightedLFU,0.3126627604166667
677,WeightedLFU,0.3343098958333333
678,WeightedLFU,0.3346354166666667
679,WeightedLFU,0.3199869791666667
680,WeightedLFU,0.3416341145833333
681,WeightedLFU,0.3411458333333333
682,WeightedLFU,0.33203125
683,WeightedLFU,0.33056640625
684,WeightedLFU,0.3190104166666667
685,WeightedLFU,0.3268229166666667
686,WeightedLFU,0.35302734375
687,WeightedLFU,0.33984375
688,WeightedLFU,0.3196614583333333
689,WeightedLFU,0.3160807291666667
690,WeightedLFU,0.3147786458333333
691,WeightedLFU,0.3011067708333333
692,WeightedLFU,0.298828125
693,WeightedLFU,0.33740234375
694,WeightedLFU,0.32763671875
695,WeightedLFU,0.3466796875
696,WeightedLFU,0.3193359375
697,WeightedLFU,0.3390299479166667
698,WeightedLFU,0.3313802083333333
699,WeightedLFU,0.3292643229166667
700,WeightedLFU,0.3448893229166667
701,WeightedLFU,0.341796875
702,WeightedLFU,0.357421875
703,WeightedLFU,0.3450520833333333
704,WeightedLFU,0.3038736979166667
705,WeightedLFU,0.3351236979166667
706,WeightedLFU,0.3219401041666667
707,WeightedLFU,0.3328450520833333
708,WeightedLFU,0.3473307291666667
709,WeightedLFU,0.3416341145833333
710,WeightedLFU,0.3194986979166667
711,WeightedLFU,0.3372395833333333
712,WeightedLFU,0.34765625
713,WeightedLFU,0.3154296875
714,WeightedLFU,0.3214518229166667
715,WeightedLFU,0.3439127604166667
716,WeightedLFU,0.33154296875
717,WeightedLFU,0.3439127604166667
718,WeightedLFU,0.35302734375
719,WeightedLFU,0.33251953125
720,WeightedLFU,0.357421875
721,WeightedLFU,0.34814453125
722,WeightedLFU,0.3268229166666667
723,WeightedLFU,0.3601888020833333
724,WeightedLFU,0.3595377604166667
725,WeightedLFU,0.3173828125
726,WeightedLFU,0.3304036458333333
727,WeightedLFU,0.3606770833333333
728,WeightedLFU,0.3611653645833333
729,WeightedLFU,0.3234049479166667
730,WeightedLFU,0.35498046875
731,WeightedLFU,0.3719075520833333
732,WeightedLFU,0.3645833333333333
733,WeightedLFU,0.3605143229166667
734,WeightedLFU,0.3492838541666667
735,WeightedLFU,0.3251953125
736,WeightedLFU,0.3427734375
737,WeightedLFU,0.3115234375
738,WeightedLFU,0.314453125
739,WeightedLFU,0.3382161458333333
740,WeightedLFU,0.33837890625
741,WeightedLFU,0.3248697916666667
742,WeightedLFU,0.3351236979166667
743,WeightedLFU,0.3230794270833333
744,WeightedLFU,0.3367513020833333
745,WeightedLFU,0.3173828125
746,WeightedLFU,0.341796875
747,WeightedLFU,0.3330078125
748,WeightedLFU,0.3636067708333333
749,WeightedLFU,0.3346354166666667
750,WeightedLFU,0.3199869791666667
751,WeightedLFU,0.3515625
752,WeightedLFU,0.33984375
753,WeightedLFU,0.3263346354166667
754,WeightedLFU,0.36865234375
755,WeightedLFU,0.3414713541666667
756,WeightedLFU,0.3326822916666667
757,WeightedLFU,0.3251953125
758,WeightedLFU,0.3245442708333333
759,WeightedLFU,0.3238932291666667
760,WeightedLFU,0.34521484375
761,WeightedLFU,0.3468424479166667
762,WeightedLFU,0.3224283854166667
763,WeightedLFU,0.35791015625
764,WeightedLFU,0.3273111979166667
765,WeightedLFU,0.3230794270833333
766,WeightedLFU,0.35107421875
767,WeightedLFU,0.3631184895833333
768,WeightedLFU,0.3346354166666667
769,WeightedLFU,0.3600260416666667
770,WeightedLFU,0.34375
771,WeightedLFU,0.3427734375
772,WeightedLFU,0.3351236979166667
773,WeightedLFU,0.3486328125
774,WeightedLFU,0.3385416666666667
775,WeightedLFU,0.3585611979166667
776,WeightedLFU,0.3292643229166667
777,WeightedLFU,0.3264973958333333
778,WeightedLFU,0.3541666666666667
779,WeightedLFU,0.3419596354166667
780,WeightedLFU,0.3064778645833333
781,WeightedLFU,0.3232421875
782,WeightedLFU,0.353515625
783,WeightedLFU,0.35107421875
784,WeightedLFU,0.3323567708333333
785,WeightedLFU,0.3351236979166667
786,WeightedLFU,0.3216145833333333
787,WeightedLFU,0.3312174479166667
788,WeightedLFU,0.3019205729166667
789,WeightedLFU,0.3224283854166667
790,WeightedLFU,0.3445638020833333
791,WeightedLFU,0.3097330729166667
792,WeightedLFU,0.2986653645833333
793,WeightedLFU,0.3172200520833333
794,WeightedLFU,0.322265625
795,WeightedLFU,0.3248697916666667
796,WeightedLFU,0.2960611979166667
797,WeightedLFU,0.3087565104166667
798,WeightedLFU,0.30517578125
799,WeightedLFU,0.3307291666666667
800,WeightedLFU,0.3234049479166667
801,WeightedLFU,0.3056640625
802,WeightedLFU,0.2999674479166667
803,WeightedLFU,0.3009440104166667
804,WeightedLFU,0.3209635416666667
805,WeightedLFU,0.3154296875
806,WeightedLFU,0.3250325520833333
807,WeightedLFU,0.35205078125
808,WeightedLFU,0.34521484375
809,WeightedLFU,0.3439127604166667
810,WeightedLFU,0.3349609375
811,WeightedLFU,0.34375
812,WeightedLFU,0.3419596354166667
813,WeightedLFU,0.32666015625
814,WeightedLFU,0.3357747395833333
815,WeightedLFU,0.3515625
816,WeightedLFU,0.3284505208333333
817,WeightedLFU,0.3260091145833333
818,WeightedLFU,0.35791015625
819,WeightedLFU,0.3336588541666667
820,WeightedLFU,0.3572591145833333
821,WeightedLFU,0.3474934895833333
822,WeightedLFU,0.3414713541666667
823,WeightedLFU,0.34033203125
824,WeightedLFU,0.3445638020833333
825,WeightedLFU,0.3556315104166667
826,WeightedLFU,0.35791015625
827,WeightedLFU,0.3263346354166667
828,WeightedLFU,0.3419596354166667
829,WeightedLFU,0.34423828125
830,WeightedLFU,0.3387044270833333
831,WeightedLFU,0.3076171875
832,WeightedLFU,0.3369140625
833,WeightedLFU,0.3614908854166667
834,WeightedLFU,0.3313802083333333
835,WeightedLFU,0.3255208333333333
836,WeightedLFU,0.3483072916666667
837,WeightedLFU,0.3302408854166667
838,WeightedLFU,0.3629557291666667
839,WeightedLFU,0.328125
840,WeightedLFU,0.3533528645833333
841,WeightedLFU,0.35009765625
842,WeightedLFU,0.3323567708333333
843,WeightedLFU,0.32568359375
844,WeightedLFU,0.3380533854166667
845,WeightedLFU,0.3419596354166667
846,WeightedLFU,0.34033203125
847,WeightedLFU,0.3250325520833333
848,WeightedLFU,0.35888671875
849,WeightedLFU,0.32373046875
850,WeightedLFU,0.3251953125
851,WeightedLFU,0.3458658854166667
852,WeightedLFU,0.32470703125
853,WeightedLFU,0.3307291666666667
854,WeightedLFU,0.3439127604166667
855,WeightedLFU,0.349609375
856,WeightedLFU,0.3351236979166667
857,WeightedLFU,0.34033203125
858,WeightedLFU,0.3292643229166667
859,WeightedLFU,0.3444010416666667
860,WeightedLFU,0.3515625
861,WeightedLFU,0.3611653645833333
862,WeightedLFU,0.3338216145833333
863,WeightedLFU,0.3416341145833333
864,WeightedLFU,0.3312174479166667
865,WeightedLFU,0.3287760416666667
866,WeightedLFU,0.3304036458333333
867,WeightedLFU,0.3294270833333333
868,WeightedLFU,0.3460286458333333
869,WeightedLFU,0.3504231770833333
870,WeightedLFU,0.373046875
871,WeightedLFU,0.353515625
872,WeightedLFU,0.32568359375
873,WeightedLFU,0.35107421875
874,WeightedLFU,0.3268229166666667
875,WeightedLFU,0.3279622395833333
876,WeightedLFU,0.3561197916666667
877,WeightedLFU,0.3409830729166667
878,WeightedLFU,0.3343098958333333
879,WeightedLFU,0.3556315104166667
880,WeightedLFU,0.3564453125
881,WeightedLFU,0.3509114583333333
882,WeightedLFU,0.3255208333333333
883,WeightedLFU,0.3346354166666667
884,WeightedLFU,0.3486328125
885,WeightedLFU,0.3610026041666667
886,WeightedLFU,0.32958984375
887,WeightedLFU,0.3416341145833333
888,WeightedLFU,0.3271484375
889,WeightedLFU,0.3453776041666667
890,WeightedLFU,0.3343098958333333
891,WeightedLFU,0.3590494791666667
892,WeightedLFU,0.3600260416666667
893,WeightedLFU,0.3566080729166667
894,WeightedLFU,0.3277994791666667
895,WeightedLFU,0.3317057291666667
896,WeightedLFU,0.3253580729166667
897,WeightedLFU,0.33056640625
898,WeightedLFU,0.3107096354166667
899,WeightedLFU,0.3282877604166667
900,WeightedLFU,0.3214518229166667
901,WeightedLFU,0.3308919270833333
902,WeightedLFU,0.3151041666666667
903,WeightedLFU,0.3258463541666667
904,WeightedLFU,0.3356119791666667
905,WeightedLFU,0.3538411458333333
906,WeightedLFU,0.3504231770833333
907,WeightedLFU,0.3546549479166667
908,WeightedLFU,0.3019205729166667
909,WeightedLFU,0.3160807291666667
910,WeightedLFU,0.3238932291666667
911,WeightedLFU,0.3289388020833333
912,WeightedLFU,0.328125
913,WeightedLFU,0.3375651041666667
914,WeightedLFU,0.34716796875
915,WeightedLFU,0.3251953125
916,WeightedLFU,0.3419596354166667
917,WeightedLFU,0.3336588541666667
918,WeightedLFU,0.3162434895833333
919,WeightedLFU,0.3372395833333333
920,WeightedLFU,0.3352864583333333
921,WeightedLFU,0.3194986979166667
922,WeightedLFU,0.3299153645833333
923,WeightedLFU,0.3297526041666667
924,WeightedLFU,0.3299153645833333
925,WeightedLFU,0.3483072916666667
926,WeightedLFU,0.3543294270833333
927,WeightedLFU,0.3587239583333333
928,WeightedLFU,0.3546549479166667
929,WeightedLFU,0.33447265625
930,WeightedLFU,0.31201171875
931,WeightedLFU,0.3361002604166667
932,WeightedLFU,0.3499348958333333
933,WeightedLFU,0.3289388020833333
934,WeightedLFU,0.3248697916666667
935,WeightedLFU,0.3416341145833333
936,WeightedLFU,0.3370768229166667
937,WeightedLFU,0.3214518229166667
938,WeightedLFU,0.3694661458333333
939,WeightedLFU,0.3507486979166667
940,WeightedLFU,0.3499348958333333
941,WeightedLFU,0.3098958333333333
942,WeightedLFU,0.3543294270833333
943,WeightedLFU,0.3570963541666667
944,WeightedLFU,0.3595377604166667
945,WeightedLFU,0.3564453125
946,WeightedLFU,0.3439127604166667
947,WeightedLFU,0.34423828125
948,WeightedLFU,0.34619140625
949,WeightedLFU,0.3138020833333333
950,WeightedLFU,0.3499348958333333
951,WeightedLFU,0.3585611979166667
952,WeightedLFU,0.3357747395833333
953,WeightedLFU,0.32763671875
954,WeightedLFU,0.3426106770833333
955,WeightedLFU,0.3419596354166667
956,WeightedLFU,0.3299153645833333
957,WeightedLFU,0.34375
958,WeightedLFU,0.34375
959,WeightedLFU,0.3351236979166667
960,WeightedLFU,0.3557942708333333
961,WeightedLFU,0.35546875
962,WeightedLFU,0.3527018229166667
963,WeightedLFU,0.345703125
964,WeightedLFU,0.3391927083333333
965,WeightedLFU,0.30859375
966,WeightedLFU,0.3248697916666667
967,WeightedLFU,0.3614908854166667
968,WeightedLFU,0.3440755208333333
969,WeightedLFU,0.33642578125
970,WeightedLFU,0.3136393229166667
971,WeightedLFU,0.3336588541666667
972,WeightedLFU,0.3356119791666667
973,WeightedLFU,0.3341471354166667
974,WeightedLFU,0.3346354166666667
975,WeightedLFU,0.3341471354166667
976,WeightedLFU,0.3406575520833333
977,WeightedLFU,0.36181640625
978,WeightedLFU,0.3631184895833333
979,WeightedLFU,0.3780924479166667
980,WeightedLFU,0.37255859375
981,WeightedLFU,0.3562825520833333
982,WeightedLFU,0.3528645833333333
983,WeightedLFU,0.369140625
984,WeightedLFU,0.3707682291666667
985,WeightedLFU,0.3719075520833333
986,WeightedLFU,0.3419596354166667
987,WeightedLFU,0.3544921875
988,WeightedLFU,0.3367513020833333
989,WeightedLFU,0.3349609375
990,WeightedLFU,0.3312174479166667
991,WeightedLFU,0.3396809895833333
992,WeightedLFU,0.3219401041666667
993,WeightedLFU,0.3499348958333333
994,WeightedLFU,0.3375651041666667
995,WeightedLFU,0.3582356770833333
996,WeightedLFU,0.3328450520833333
997,WeightedLFU,0.3430989583333333
998,WeightedLFU,0.36279296875
999,WeightedLFU,0.3782552083333333
1000,WeightedLFU,0.3444010416666667
1001,WeightedLFU,0.3566080729166667
1002,WeightedLFU,0.3509114583333333
1003,WeightedLFU,0.353515625
1004,WeightedLFU,0.32275390625
1005,WeightedLFU,0.3287760416666667
1006,WeightedLFU,0.3492838541666667
1007,WeightedLFU,0.3395182291666667
1008,WeightedLFU,0.3404947916666667
1009,WeightedLFU,0.3474934895833333
1010,WeightedLFU,0.3517252604166667
1011,WeightedLFU,0.3408203125
1012,WeightedLFU,0.3562825520833333
1013,WeightedLFU,0.369140625
1014,WeightedLFU,0.3723958333333333
1015,WeightedLFU,0.3779296875
1016,WeightedLFU,0.3649088541666667
1017,WeightedLFU,0.3460286458333333
1018,WeightedLFU,0.35888671875
1019,WeightedLFU,0.36669921875
1020,WeightedLFU,0.3561197916666667
1021,WeightedLFU,0.36279296875
1022,WeightedLFU,0.345703125
1023,WeightedLFU,0.34033203125
3,THER,0.3151041666666667
4,THER,0.2939453125
5,THER,0.2932942708333333
6,THER,0.2596028645833333
7,THER,0.3225911458333333
8,THER,0.3028971354166667
9,THER,0.30322265625
10,THER,0.2893880208333333
11,THER,0.29052734375
12,THER,0.3017578125
13,THER,0.30029296875
14,THER,0.2708333333333333
15,THER,0.2809244791666667
16,THER,0.2569986979166667
17,THER,0.2991536458333333
18,THER,0.2545572916666667
19,THER,0.2805989583333333
20,THER,0.3033854166666667
21,THER,0.2659505208333333
22,THER,0.2843424479166667
23,THER,0.3165690104166667
24,THER,0.2815755208333333
25,THER,0.3037109375
26,THER,0.2841796875
27,THER,0.3204752604166667
28,THER,0.2802734375
29,THER,0.2975260416666667
30,THER,0.3053385416666667
31,THER,0.3108723958333333
32,THER,0.33251953125
33,THER,0.314453125
34,THER,0.26953125
35,THER,0.2937825520833333
36,THER,0.2625325520833333
37,THER,0.3055013020833333
38,THER,0.2952473958333333
39,THER,0.3053385416666667
40,THER,0.2804361979166667
41,THER,0.3123372395833333
42,THER,0.3030598958333333
43,THER,0.31982421875
44,THER,0.3317057291666667
45,THER,0.3076171875
46,THER,0.2667643229166667
47,THER,0.2975260416666667
48,THER,0.2762044270833333
49,THER,0.24658203125
50,THER,0.28125
51,THER,0.2815755208333333
52,THER,0.2939453125
53,THER,0.29833984375
54,THER,0.30322265625
55,THER,0.3396809895833333
56,THER,0.3330078125
57,THER,0.3147786458333333
58,THER,0.32861328125
59,THER,0.3123372395833333
60,THER,0.28125
61,THER,0.28759765625
62,THER,0.3191731770833333
63,THER,0.3429361979166667
64,THER,0.2928059895833333
65,THER,0.2965494791666667
66,THER,0.30419921875
67,THER,0.3367513020833333
68,THER,0.3375651041666667
69,THER,0.2932942708333333
70,THER,0.3232421875
71,THER,0.3251953125
72,THER,0.3121744791666667
73,THER,0.30615234375
74,THER,0.3055013020833333
75,THER,0.3279622395833333
76,THER,0.3331705729166667
77,THER,0.3108723958333333
78,THER,0.3248697916666667
79,THER,0.3177083333333333
80,THER,0.3098958333333333
81,THER,0.291015625
82,THER,0.3064778645833333
83,THER,0.3396809895833333
84,THER,0.3141276041666667
85,THER,0.3388671875
86,THER,0.33203125
87,THER,0.3038736979166667
88,THER,0.3165690104166667
89,THER,0.32080078125
90,THER,0.30419921875
91,THER,0.369140625
92,THER,0.3157552083333333
93,THER,0.3370768229166667
94,THER,0.3356119791666667
95,THER,0.3141276041666667
96,THER,0.29248046875
97,THER,0.2952473958333333
98,THER,0.3128255208333333
99,THER,0.3033854166666667
100,THER,0.3095703125
101,THER,0.2880859375
102,THER,0.28759765625
103,THER,0.3310546875
104,THER,0.3072916666666667
105,THER,0.2967122395833333
106,THER,0.3170572916666667
107,THER,0.3245442708333333
108,THER,0.3055013020833333
109,THER,0.2882486979166667
110,THER,0.3011067708333333
111,THER,0.3126627604166667
112,THER,0.2766927083333333
113,THER,0.2877604166666667
114,THER,0.30029296875
115,THER,0.3014322916666667
116,THER,0.2893880208333333
117,THER,0.30322265625
118,THER,0.29443359375
119,THER,0.3391927083333333
120,THER,0.2972005208333333
121,THER,0.2989908854166667
122,THER,0.3165690104166667
123,THER,0.2996419270833333
124,THER,0.2897135416666667
125,THER,0.2872721354166667
126,THER,0.30419921875
127,THER,0.3113606770833333
128,THER,0.2830403645833333
129,THER,0.2879231770833333
130,THER,0.2958984375
131,THER,0.33203125
132,THER,0.2947591145833333
133,THER,0.2649739583333333
134,THER,0.2926432291666667
135,THER,0.32421875
136,THER,0.3162434895833333
137,THER,0.3017578125
138,THER,0.2996419270833333
139,THER,0.32470703125
140,THER,0.27099609375
141,THER,0.29150390625
142,THER,0.3033854166666667
143,THER,0.3212890625
144,THER,0.2985026041666667
145,THER,0.2890625
146,THER,0.3074544270833333
147,THER,0.3312174479166667
148,THER,0.3121744791666667
149,THER,0.3121744791666667
150,THER,0.3014322916666667
151,THER,0.3245442708333333
152,THER,0.27880859375
153,THER,0.2765299479166667
154,THER,0.2734375
155,THER,0.3004557291666667
156,THER,0.2545572916666667
157,THER,0.29443359375
158,THER,0.283203125
159,THER,0.30859375
160,THER,0.2928059895833333
161,THER,0.29541015625
162,THER,0.2752278645833333
163,THER,0.3221028645833333
164,THER,0.2994791666666667
165,THER,0.30419921875
166,THER,0.2958984375
167,THER,0.3138020833333333
168,THER,0.3396809895833333
169,THER,0.31982421875
170,THER,0.3419596354166667
171,THER,0.3486328125
172,THER,0.3505859375
173,THER,0.3624674479166667
174,THER,0.3370768229166667
175,THER,0.3370768229166667
176,THER,0.3388671875
177,THER,0.33154296875
178,THER,0.3155924479166667
179,THER,0.2913411458333333
180,THER,0.31640625
181,THER,0.3157552083333333
182,THER,0.3258463541666667
183,THER,0.3312174479166667
184,THER,0.3201497395833333
185,THER,0.3268229166666667
186,THER,0.3421223958333333
187,THER,0.3658854166666667
188,THER,0.3347981770833333
189,THER,0.3180338541666667
190,THER,0.36279296875
191,THER,0.3408203125
192,THER,0.30810546875
193,THER,0.3141276041666667
194,THER,0.2760416666666667
195,THER,0.2952473958333333
196,THER,0.294921875
197,THER,0.294921875
198,THER,0.31982421875
199,THER,0.3196614583333333
200,THER,0.2854817708333333
201,THER,0.287109375
202,THER,0.3118489583333333
203,THER,0.3185221354166667
204,THER,0.27685546875
205,THER,0.2967122395833333
206,THER,0.2794596354166667
207,THER,0.3196614583333333
208,THER,0.2981770833333333
209,THER,0.3111979166666667
210,THER,0.2902018229166667
211,THER,0.3273111979166667
212,THER,0.283203125
213,THER,0.2845052083333333
214,THER,0.29150390625
215,THER,0.3255208333333333
216,THER,0.29296875
217,THER,0.30810546875
218,THER,0.29345703125
219,THER,0.3186848958333333
220,THER,0.2931315104166667
221,THER,0.3020833333333333
222,THER,0.29833984375
223,THER,0.3531901041666667
224,THER,0.3191731770833333
225,THER,0.2981770833333333
226,THER,0.3154296875
227,THER,0.2939453125
228,THER,0.2841796875
229,THER,0.32177734375
230,THER,0.2779947916666667
231,THER,0.3203125
232,THER,0.30908203125
233,THER,0.2962239583333333
234,THER,0.2586263020833333
235,THER,0.2972005208333333
236,THER,0.29931640625
237,THER,0.3033854166666667
238,THER,0.3235677083333333
239,THER,0.3125
240,THER,0.3001302083333333
241,THER,0.31591796875
242,THER,0.3048502604166667
243,THER,0.3380533854166667
244,THER,0.3264973958333333
245,THER,0.291015625
246,THER,0.2965494791666667
247,THER,0.34619140625
248,THER,0.3138020833333333
249,THER,0.3209635416666667
250,THER,0.3194986979166667
251,THER,0.3317057291666667
252,THER,0.31884765625
253,THER,0.3258463541666667
254,THER,0.2916666666666667
255,THER,0.3251953125
256,THER,0.3351236979166667
257,THER,0.3175455729166667
258,THER,0.3251953125
259,THER,0.3427734375
260,THER,0.31884765625
261,THER,0.29736328125
262,THER,0.3181966145833333
263,THER,0.3434244791666667
264,THER,0.3157552083333333
265,THER,0.33251953125
266,THER,0.30517578125
267,THER,0.3177083333333333
268,THER,0.3069661458333333
269,THER,0.3043619791666667
270,THER,0.29296875
271,THER,0.3089192708333333
272,THER,0.3138020833333333
273,THER,0.2980143229166667
274,THER,0.3191731770833333
275,THER,0.3263346354166667
276,THER,0.2770182291666667
277,THER,0.3019205729166667
278,THER,0.310546875
279,THER,0.3326822916666667
280,THER,0.3146158854166667
281,THER,0.2897135416666667
282,THER,0.30859375
283,THER,0.328125
284,THER,0.33740234375
285,THER,0.32421875
286,THER,0.3211263020833333
287,THER,0.3387044270833333
288,THER,0.33349609375
289,THER,0.3089192708333333
290,THER,0.30126953125
291,THER,0.3076171875
292,THER,0.2996419270833333
293,THER,0.2859700520833333
294,THER,0.294921875
295,THER,0.32958984375
296,THER,0.2972005208333333
297,THER,0.28369140625
298,THER,0.2877604166666667
299,THER,0.3333333333333333
300,THER,0.3125
301,THER,0.3001302083333333
302,THER,0.3255208333333333
303,THER,0.3346354166666667
304,THER,0.3186848958333333
305,THER,0.3001302083333333
306,THER,0.2848307291666667
307,THER,0.3277994791666667
308,THER,0.3126627604166667
309,THER,0.3050130208333333
310,THER,0.2688802083333333
311,THER,0.2975260416666667
312,THER,0.2879231770833333
313,THER,0.2991536458333333
314,THER,0.25537109375
315,THER,0.2998046875
316,THER,0.2779947916666667
317,THER,0.3011067708333333
318,THER,0.302734375
319,THER,0.3131510416666667
320,THER,0.2916666666666667
321,THER,0.298828125
322,THER,0.279296875
323,THER,0.3279622395833333
324,THER,0.3025716145833333
325,THER,0.31494140625
326,THER,0.2928059895833333
327,THER,0.3058268229166667
328,THER,0.2923177083333333
329,THER,0.3015950520833333
330,THER,0.3313802083333333
331,THER,0.3575846354166667
332,THER,0.3025716145833333
333,THER,0.3133138020833333
334,THER,0.3028971354166667
335,THER,0.3388671875
336,THER,0.2900390625
337,THER,0.2898763020833333
338,THER,0.3077799479166667
339,THER,0.30029296875
340,THER,0.302734375
341,THER,0.296875
342,THER,0.2752278645833333
343,THER,0.33935546875
344,THER,0.3011067708333333
345,THER,0.30224609375
346,THER,0.3263346354166667
347,THER,0.3361002604166667
348,THER,0.2999674479166667
349,THER,0.3307291666666667
350,THER,0.3357747395833333
351,THER,0.3347981770833333
352,THER,0.314453125
353,THER,0.30908203125
354,THER,0.2928059895833333
355,THER,0.33740234375
356,THER,0.32421875
357,THER,0.275390625
358,THER,0.3141276041666667
359,THER,0.3473307291666667
360,THER,0.31591796875
361,THER,0.3064778645833333
362,THER,0.3406575520833333
363,THER,0.328125
364,THER,0.3108723958333333
365,THER,0.3028971354166667
366,THER,0.30322265625
367,THER,0.3181966145833333
368,THER,0.31396484375
369,THER,0.33056640625
370,THER,0.3219401041666667
371,THER,0.3357747395833333
372,THER,0.32421875
373,THER,0.3321940104166667
374,THER,0.3492838541666667
375,THER,0.3426106770833333
376,THER,0.31884765625
377,THER,0.3264973958333333
378,THER,0.306640625
379,THER,0.3444010416666667
380,THER,0.30322265625
381,THER,0.3001302083333333
382,THER,0.3167317708333333
383,THER,0.3141276041666667
384,THER,0.30029296875
385,THER,0.3024088541666667
386,THER,0.3069661458333333
387,THER,0.30859375
388,THER,0.2916666666666667
389,THER,0.34130859375
390,THER,0.3133138020833333
391,THER,0.33251953125
392,THER,0.3190104166666667
393,THER,0.31396484375
394,THER,0.3151041666666667
395,THER,0.3235677083333333
396,THER,0.3225911458333333
397,THER,0.35009765625
398,THER,0.3214518229166667
399,THER,0.3216145833333333
400,THER,0.3160807291666667
401,THER,0.3294270833333333
402,THER,0.3544921875
403,THER,0.3367513020833333
404,THER,0.3102213541666667
405,THER,0.3175455729166667
406,THER,0.3347981770833333
407,THER,0.3458658854166667
408,THER,0.3287760416666667
409,THER,0.3277994791666667
410,THER,0.3352864583333333
411,THER,0.34765625
412,THER,0.3566080729166667
413,THER,0.34716796875
414,THER,0.3382161458333333
415,THER,0.3356119791666667
416,THER,0.3224283854166667
417,THER,0.3307291666666667
418,THER,0.2975260416666667
419,THER,0.3194986979166667
420,THER,0.3015950520833333
421,THER,0.3037109375
422,THER,0.30810546875
423,THER,0.3370768229166667
424,THER,0.2976888020833333
425,THER,0.3095703125
426,THER,0.2890625
427,THER,0.3380533854166667
428,THER,0.3245442708333333
429,THER,0.30859375
430,THER,0.3527018229166667
431,THER,0.3253580729166667
432,THER,0.3250325520833333
433,THER,0.3221028645833333
434,THER,0.3040364583333333
435,THER,0.3365885416666667
436,THER,0.3068033854166667
437,THER,0.3347981770833333
438,THER,0.3336588541666667
439,THER,0.3546549479166667
440,THER,0.357421875
441,THER,0.357421875
442,THER,0.3450520833333333
443,THER,0.3522135416666667
444,THER,0.3116861979166667
445,THER,0.32177734375
446,THER,0.2939453125
447,THER,0.3416341145833333
448,THER,0.3170572916666667
449,THER,0.3466796875
450,THER,0.3170572916666667
451,THER,0.328125
452,THER,0.3264973958333333
453,THER,0.3238932291666667
454,THER,0.2906901041666667
455,THER,0.3538411458333333
456,THER,0.3590494791666667
457,THER,0.3263346354166667
458,THER,0.3330078125
459,THER,0.3409830729166667
460,THER,0.2911783854166667
461,THER,0.3263346354166667
462,THER,0.3074544270833333
463,THER,0.31689453125
464,THER,0.2965494791666667
465,THER,0.3131510416666667
466,THER,0.3028971354166667
467,THER,0.33984375
468,THER,0.3419596354166667
469,THER,0.3260091145833333
470,THER,0.3191731770833333
471,THER,0.34326171875
472,THER,0.3136393229166667
473,THER,0.3037109375
474,THER,0.3177083333333333
475,THER,0.32373046875
476,THER,0.3125
477,THER,0.3470052083333333
478,THER,0.3193359375
479,THER,0.3263346354166667
480,THER,0.31982421875
481,THER,0.3212890625
482,THER,0.322265625
483,THER,0.3284505208333333
484,THER,0.2926432291666667
485,THER,0.2750651041666667
486,THER,0.29541015625
487,THER,0.3310546875
488,THER,0.3177083333333333
489,THER,0.3323567708333333
490,THER,0.3216145833333333
491,THER,0.34814453125
492,THER,0.3351236979166667
493,THER,0.3243815104166667
494,THER,0.3046875
495,THER,0.3391927083333333
496,THER,0.31591796875
497,THER,0.3045247395833333
498,THER,0.3001302083333333
499,THER,0.33056640625
500,THER,0.30419921875
501,THER,0.2986653645833333
502,THER,0.3009440104166667
503,THER,0.3357747395833333
504,THER,0.32568359375
505,THER,0.2893880208333333
506,THER,0.3009440104166667
507,THER,0.3369140625
508,THER,0.3404947916666667
509,THER,0.31884765625
510,THER,0.3269856770833333
511,THER,0.3253580729166667
512,THER,0.32568359375
513,THER,0.3092447916666667
514,THER,0.3048502604166667
515,THER,0.337890625
516,THER,0.3336588541666667
517,THER,0.3121744791666667
518,THER,0.3232421875
519,THER,0.3924153645833333
520,THER,0.3720703125
521,THER,0.3377278645833333
522,THER,0.3512369791666667
523,THER,0.30859375
524,THER,0.2965494791666667
525,THER,0.2991536458333333
526,THER,0.2932942708333333
527,THER,0.3268229166666667
528,THER,0.32421875
529,THER,0.3333333333333333
530,THER,0.3035481770833333
531,THER,0.3173828125
532,THER,0.3269856770833333
533,THER,0.32666015625
534,THER,0.3416341145833333
535,THER,0.3538411458333333
536,THER,0.35400390625
537,THER,0.3352864583333333
538,THER,0.3416341145833333
539,THER,0.33935546875
540,THER,0.3323567708333333
541,THER,0.3063151041666667
542,THER,0.3063151041666667
543,THER,0.34814453125
544,THER,0.3186848958333333
545,THER,0.3160807291666667
546,THER,0.2978515625
547,THER,0.33935546875
548,THER,0.3362630208333333
549,THER,0.3513997395833333
550,THER,0.3357747395833333
551,THER,0.3375651041666667
552,THER,0.30712890625
553,THER,0.34423828125
554,THER,0.33154296875
555,THER,0.3670247395833333
556,THER,0.3006184895833333
557,THER,0.3346354166666667
558,THER,0.3341471354166667
559,THER,0.3670247395833333
560,THER,0.2887369791666667
561,THER,0.3221028645833333
562,THER,0.3440755208333333
563,THER,0.3688151041666667
564,THER,0.3014322916666667
565,THER,0.29541015625
566,THER,0.2760416666666667
567,THER,0.33251953125
568,THER,0.3107096354166667
569,THER,0.3077799479166667
570,THER,0.31298828125
571,THER,0.35498046875
572,THER,0.3138020833333333
573,THER,0.3426106770833333
574,THER,0.3308919270833333
575,THER,0.3513997395833333
576,THER,0.3357747395833333
577,THER,0.322265625
578,THER,0.3230794270833333
579,THER,0.33251953125
580,THER,0.302734375
581,THER,0.3323567708333333
582,THER,0.3131510416666667
583,THER,0.32275390625
584,THER,0.3113606770833333
585,THER,0.3068033854166667
586,THER,0.30712890625
587,THER,0.3152669270833333
588,THER,0.2937825520833333
589,THER,0.2887369791666667
590,THER,0.2967122395833333
591,THER,0.3191731770833333
592,THER,0.3055013020833333
593,THER,0.3128255208333333
594,THER,0.3234049479166667
595,THER,0.3583984375
596,THER,0.3136393229166667
597,THER,0.2972005208333333
598,THER,0.333984375
599,THER,0.3048502604166667
600,THER,0.3111979166666667
601,THER,0.32275390625
602,THER,0.3157552083333333
603,THER,0.3235677083333333
604,THER,0.34375
605,THER,0.32568359375
606,THER,0.3370768229166667
607,THER,0.3400065104166667
608,THER,0.3470052083333333
609,THER,0.31982421875
610,THER,0.33251953125
611,THER,0.3147786458333333
612,THER,0.2958984375
613,THER,0.3263346354166667
614,THER,0.34765625
615,THER,0.3269856770833333
616,THER,0.3453776041666667
617,THER,0.3445638020833333
618,THER,0.3317057291666667
619,THER,0.3440755208333333
620,THER,0.3282877604166667
621,THER,0.3224283854166667
622,THER,0.3097330729166667
623,THER,0.3291015625
624,THER,0.3313802083333333
625,THER,0.3538411458333333
626,THER,0.3307291666666667
627,THER,0.35400390625
628,THER,0.353515625
629,THER,0.33056640625
630,THER,0.33544921875
631,THER,0.3597005208333333
632,THER,0.3190104166666667
633,THER,0.28076171875
634,THER,0.3277994791666667
635,THER,0.3193359375
636,THER,0.2916666666666667
637,THER,0.3245442708333333
638,THER,0.3289388020833333
639,THER,0.3387044270833333
640,THER,0.3517252604166667
641,THER,0.3421223958333333
642,THER,0.3160807291666667
643,THER,0.3113606770833333
644,THER,0.30908203125
645,THER,0.2835286458333333
646,THER,0.3020833333333333
647,THER,0.32373046875
648,THER,0.3020833333333333
649,THER,0.3268229166666667
650,THER,0.3074544270833333
651,THER,0.30615234375
652,THER,0.2996419270833333
653,THER,0.3138020833333333
654,THER,0.2926432291666667
655,THER,0.3255208333333333
656,THER,0.2908528645833333
657,THER,0.3048502604166667
658,THER,0.29833984375
659,THER,0.3133138020833333
660,THER,0.3069661458333333
661,THER,0.2947591145833333
662,THER,0.3095703125
663,THER,0.3365885416666667
664,THER,0.3328450520833333
665,THER,0.3268229166666667
666,THER,0.2955729166666667
667,THER,0.3352864583333333
668,THER,0.3108723958333333
669,THER,0.31591796875
670,THER,0.2978515625
671,THER,0.3328450520833333
672,THER,0.3097330729166667
673,THER,0.3450520833333333
674,THER,0.3059895833333333
675,THER,0.3212890625
676,THER,0.3056640625
677,THER,0.326171875
678,THER,0.3225911458333333
679,THER,0.32861328125
680,THER,0.33984375
681,THER,0.333984375
682,THER,0.3359375
683,THER,0.3448893229166667
684,THER,0.3238932291666667
685,THER,0.3203125
686,THER,0.3401692708333333
687,THER,0.35400390625
688,THER,0.3193359375
689,THER,0.3043619791666667
690,THER,0.3089192708333333
691,THER,0.3221028645833333
692,THER,0.3028971354166667
693,THER,0.330078125
694,THER,0.3387044270833333
695,THER,0.36083984375
696,THER,0.3323567708333333
697,THER,0.3308919270833333
698,THER,0.33154296875
699,THER,0.3430989583333333
700,THER,0.3465169270833333
701,THER,0.34423828125
702,THER,0.3494466145833333
703,THER,0.3562825520833333
704,THER,0.3121744791666667
705,THER,0.33935546875
706,THER,0.3216145833333333
707,THER,0.3455403645833333
708,THER,0.3382161458333333
709,THER,0.3351236979166667
710,THER,0.3177083333333333
711,THER,0.3518880208333333
712,THER,0.3479817708333333
713,THER,0.3240559895833333
714,THER,0.32373046875
715,THER,0.3670247395833333
716,THER,0.3365885416666667
717,THER,0.3369140625
718,THER,0.35009765625
719,THER,0.34716796875
720,THER,0.3649088541666667
721,THER,0.33740234375
722,THER,0.32568359375
723,THER,0.3702799479166667
724,THER,0.3548177083333333
725,THER,0.3199869791666667
726,THER,0.3338216145833333
727,THER,0.3675130208333333
728,THER,0.37060546875
729,THER,0.3318684895833333
730,THER,0.3585611979166667
731,THER,0.3870442708333333
732,THER,0.3483072916666667
733,THER,0.3538411458333333
734,THER,0.3465169270833333
735,THER,0.3328450520833333
736,THER,0.3361002604166667
737,THER,0.3152669270833333
738,THER,0.3103841145833333
739,THER,0.3391927083333333
740,THER,0.3414713541666667
741,THER,0.3351236979166667
742,THER,0.3408203125
743,THER,0.33447265625
744,THER,0.3404947916666667
745,THER,0.3193359375
746,THER,0.3404947916666667
747,THER,0.3424479166666667
748,THER,0.3533528645833333
749,THER,0.3328450520833333
750,THER,0.3199869791666667
751,THER,0.3688151041666667
752,THER,0.34375
753,THER,0.32421875
754,THER,0.3561197916666667
755,THER,0.3505859375
756,THER,0.3421223958333333
757,THER,0.328125
758,THER,0.3313802083333333
759,THER,0.3387044270833333
760,THER,0.34228515625
761,THER,0.3390299479166667
762,THER,0.31494140625
763,THER,0.3759765625
764,THER,0.33154296875
765,THER,0.3356119791666667
766,THER,0.3502604166666667
767,THER,0.3824869791666667
768,THER,0.3356119791666667
769,THER,0.3585611979166667
770,THER,0.33203125
771,THER,0.3483072916666667
772,THER,0.3263346354166667
773,THER,0.34716796875
774,THER,0.3302408854166667
775,THER,0.3697916666666667
776,THER,0.3347981770833333
777,THER,0.3310546875
778,THER,0.3570963541666667
779,THER,0.3553059895833333
780,THER,0.3165690104166667
781,THER,0.31884765625
782,THER,0.3597005208333333
783,THER,0.35986328125
784,THER,0.3214518229166667
785,THER,0.3302408854166667
786,THER,0.3232421875
787,THER,0.3474934895833333
788,THER,0.3131510416666667
789,THER,0.3289388020833333
790,THER,0.3473307291666667
791,THER,0.3387044270833333
792,THER,0.2840169270833333
793,THER,0.2841796875
794,THER,0.2996419270833333
795,THER,0.3430989583333333
796,THER,0.3019205729166667
797,THER,0.3206380208333333
798,THER,0.30615234375
799,THER,0.34375
800,THER,0.3317057291666667
801,THER,0.3142903645833333
802,THER,0.314453125
803,THER,0.3277994791666667
804,THER,0.3160807291666667
805,THER,0.314453125
806,THER,0.326171875
807,THER,0.3592122395833333
808,THER,0.3421223958333333
809,THER,0.3466796875
810,THER,0.3513997395833333
811,THER,0.3636067708333333
812,THER,0.3439127604166667
813,THER,0.3263346354166667
814,THER,0.3385416666666667
815,THER,0.373046875
816,THER,0.3326822916666667
817,THER,0.3251953125
818,THER,0.361328125
819,THER,0.3478190104166667
820,THER,0.3396809895833333
821,THER,0.3411458333333333
822,THER,0.3377278645833333
823,THER,0.3509114583333333
824,THER,0.3468424479166667
825,THER,0.3556315104166667
826,THER,0.3566080729166667
827,THER,0.3356119791666667
828,THER,0.34716796875
829,THER,0.3470052083333333
830,THER,0.3370768229166667
831,THER,0.3274739583333333
832,THER,0.3336588541666667
833,THER,0.3758138020833333
834,THER,0.35009765625
835,THER,0.3367513020833333
836,THER,0.3484700520833333
837,THER,0.3323567708333333
838,THER,0.35009765625
839,THER,0.3372395833333333
840,THER,0.3509114583333333
841,THER,0.3444010416666667
842,THER,0.3302408854166667
843,THER,0.3390299479166667
844,THER,0.33447265625
845,THER,0.3375651041666667
846,THER,0.3408203125
847,THER,0.3357747395833333
848,THER,0.35546875
849,THER,0.3292643229166667
850,THER,0.3160807291666667
851,THER,0.3681640625
852,THER,0.3409830729166667
853,THER,0.33935546875
854,THER,0.34521484375
855,THER,0.3746744791666667
856,THER,0.3416341145833333
857,THER,0.33935546875
858,THER,0.3357747395833333
859,THER,0.36279296875
860,THER,0.3577473958333333
861,THER,0.3567708333333333
862,THER,0.3330078125
863,THER,0.35595703125
864,THER,0.3302408854166667
865,THER,0.3232421875
866,THER,0.3146158854166667
867,THER,0.34375
868,THER,0.3416341145833333
869,THER,0.35302734375
870,THER,0.3720703125
871,THER,0.3655598958333333
872,THER,0.3269856770833333
873,THER,0.3515625
874,THER,0.3323567708333333
875,THER,0.3533528645833333
876,THER,0.34521484375
877,THER,0.3478190104166667
878,THER,0.3409830729166667
879,THER,0.365234375
880,THER,0.3517252604166667
881,THER,0.35546875
882,THER,0.3292643229166667
883,THER,0.3489583333333333
884,THER,0.3546549479166667
885,THER,0.3640950520833333
886,THER,0.3221028645833333
887,THER,0.3572591145833333
888,THER,0.3282877604166667
889,THER,0.3466796875
890,THER,0.32421875
891,THER,0.3712565104166667
892,THER,0.3566080729166667
893,THER,0.35986328125
894,THER,0.3310546875
895,THER,0.3479817708333333
896,THER,0.3219401041666667
897,THER,0.3382161458333333
898,THER,0.3116861979166667
899,THER,0.3453776041666667
900,THER,0.318359375
901,THER,0.33056640625
902,THER,0.3214518229166667
903,THER,0.3434244791666667
904,THER,0.3357747395833333
905,THER,0.3523763020833333
906,THER,0.349609375
907,THER,0.361328125
908,THER,0.3046875
909,THER,0.30810546875
910,THER,0.3180338541666667
911,THER,0.3369140625
912,THER,0.32568359375
913,THER,0.3318684895833333
914,THER,0.34423828125
915,THER,0.337890625
916,THER,0.3395182291666667
917,THER,0.3347981770833333
918,THER,0.3141276041666667
919,THER,0.3385416666666667
920,THER,0.3391927083333333
921,THER,0.31494140625
922,THER,0.3328450520833333
923,THER,0.3427734375
924,THER,0.3430989583333333
925,THER,0.3445638020833333
926,THER,0.3587239583333333
927,THER,0.3758138020833333
928,THER,0.3567708333333333
929,THER,0.3282877604166667
930,THER,0.3082682291666667
931,THER,0.36279296875
932,THER,0.3430989583333333
933,THER,0.3401692708333333
934,THER,0.3299153645833333
935,THER,0.3577473958333333
936,THER,0.34228515625
937,THER,0.3151041666666667
938,THER,0.36376953125
939,THER,0.3763020833333333
940,THER,0.3522135416666667
941,THER,0.3181966145833333
942,THER,0.3497721354166667
943,THER,0.3616536458333333
944,THER,0.3527018229166667
945,THER,0.359375
946,THER,0.345703125
947,THER,0.3601888020833333
948,THER,0.3525390625
949,THER,0.3185221354166667
950,THER,0.3492838541666667
951,THER,0.3779296875
952,THER,0.3297526041666667
953,THER,0.33154296875
954,THER,0.34326171875
955,THER,0.35302734375
956,THER,0.3302408854166667
957,THER,0.3369140625
958,THER,0.3430989583333333
959,THER,0.3444010416666667
960,THER,0.3504231770833333
961,THER,0.3562825520833333
962,THER,0.3466796875
963,THER,0.3572591145833333
964,THER,0.33349609375
965,THER,0.3089192708333333
966,THER,0.3214518229166667
967,THER,0.3763020833333333
968,THER,0.3430989583333333
969,THER,0.3351236979166667
970,THER,0.3098958333333333
971,THER,0.3429361979166667
972,THER,0.3250325520833333
973,THER,0.3284505208333333
974,THER,0.32080078125
975,THER,0.35205078125
976,THER,0.337890625
977,THER,0.35595703125
978,THER,0.35791015625
979,THER,0.3976236979166667
980,THER,0.3653971354166667
981,THER,0.3523763020833333
982,THER,0.3466796875
983,THER,0.3863932291666667
984,THER,0.3850911458333333
985,THER,0.38037109375
986,THER,0.3416341145833333
987,THER,0.3583984375
988,THER,0.318359375
989,THER,0.33642578125
990,THER,0.310546875
991,THER,0.3444010416666667
992,THER,0.3154296875
993,THER,0.3597005208333333
994,THER,0.3369140625
995,THER,0.3616536458333333
996,THER,0.3338216145833333
997,THER,0.34375
998,THER,0.3583984375
999,THER,0.3937174479166667
1000,THER,0.3421223958333333
1001,THER,0.3536783854166667
1002,THER,0.3494466145833333
1003,THER,0.3693033854166667
1004,THER,0.3269856770833333
1005,THER,0.3199869791666667
1006,THER,0.34716796875
1007,THER,0.35302734375
1008,THER,0.33447265625
1009,THER,0.3458658854166667
1010,THER,0.3473307291666667
1011,THER,0.3509114583333333
1012,THER,0.3538411458333333
1013,THER,0.3636067708333333
1014,THER,0.3639322916666667
1015,THER,0.3857421875
1016,THER,0.3644205729166667
1017,THER,0.3396809895833333
1018,THER,0.36328125
1019,THER,0.3855794270833333
1020,THER,0.3533528645833333
1021,THER,0.3645833333333333
1022,THER,0.3382161458333333
1023,THER,0.3570963541666667
3,Oracle,0.3273111979166667
4,Oracle,0.3253580729166667
5,Oracle,0.3094075520833333
6,Oracle,0.2822265625
7,Oracle,0.3173828125
8,Oracle,0.3284505208333333
9,Oracle,0.3450520833333333
10,Oracle,0.3203125
11,Oracle,0.2923177083333333
12,Oracle,0.3211263020833333
13,Oracle,0.3219401041666667
14,Oracle,0.2928059895833333
15,Oracle,0.2942708333333333
16,Oracle,0.2867838541666667
17,Oracle,0.3356119791666667
18,Oracle,0.2786458333333333
19,Oracle,0.3053385416666667
20,Oracle,0.3323567708333333
21,Oracle,0.3050130208333333
22,Oracle,0.3128255208333333
23,Oracle,0.3177083333333333
24,Oracle,0.3028971354166667
25,Oracle,0.3310546875
26,Oracle,0.3094075520833333
27,Oracle,0.3230794270833333
28,Oracle,0.3108723958333333
29,Oracle,0.3204752604166667
30,Oracle,0.3238932291666667
31,Oracle,0.3194986979166667
32,Oracle,0.3517252604166667
33,Oracle,0.3421223958333333
34,Oracle,0.2975260416666667
35,Oracle,0.3040364583333333
36,Oracle,0.2918294270833333
37,Oracle,0.3404947916666667
38,Oracle,0.3284505208333333
39,Oracle,0.3245442708333333
40,Oracle,0.2998046875
41,Oracle,0.3263346354166667
42,Oracle,0.3343098958333333
43,Oracle,0.32763671875
44,Oracle,0.3494466145833333
45,Oracle,0.3318684895833333
46,Oracle,0.29052734375
47,Oracle,0.3232421875
48,Oracle,0.3155924479166667
49,Oracle,0.2740885416666667
50,Oracle,0.29931640625
51,Oracle,0.28857421875
52,Oracle,0.3219401041666667
53,Oracle,0.333984375
54,Oracle,0.35595703125
55,Oracle,0.35595703125
56,Oracle,0.3621419270833333
57,Oracle,0.3497721354166667
58,Oracle,0.3689778645833333
59,Oracle,0.3365885416666667
60,Oracle,0.3121744791666667
61,Oracle,0.3146158854166667
62,Oracle,0.3409830729166667
63,Oracle,0.3439127604166667
64,Oracle,0.3136393229166667
65,Oracle,0.3273111979166667
66,Oracle,0.3387044270833333
67,Oracle,0.34912109375
68,Oracle,0.36328125
69,Oracle,0.3108723958333333
70,Oracle,0.3515625
71,Oracle,0.3387044270833333
72,Oracle,0.3409830729166667
73,Oracle,0.3347981770833333
74,Oracle,0.3271484375
75,Oracle,0.3414713541666667
76,Oracle,0.3564453125
77,Oracle,0.33447265625
78,Oracle,0.3468424479166667
79,Oracle,0.3181966145833333
80,Oracle,0.34716796875
81,Oracle,0.32177734375
82,Oracle,0.33837890625
83,Oracle,0.3447265625
84,Oracle,0.3513997395833333
85,Oracle,0.3597005208333333
86,Oracle,0.3522135416666667
87,Oracle,0.3079427083333333
88,Oracle,0.3352864583333333
89,Oracle,0.3455403645833333
90,Oracle,0.3414713541666667
91,Oracle,0.3806966145833333
92,Oracle,0.3328450520833333
93,Oracle,0.3623046875
94,Oracle,0.3733723958333333
95,Oracle,0.3201497395833333
96,Oracle,0.3199869791666667
97,Oracle,0.3277994791666667
98,Oracle,0.35205078125
99,Oracle,0.32373046875
100,Oracle,0.3343098958333333
101,Oracle,0.3157552083333333
102,Oracle,0.3108723958333333
103,Oracle,0.33642578125
104,Oracle,0.3331705729166667
105,Oracle,0.32373046875
106,Oracle,0.3463541666666667
107,Oracle,0.3243815104166667
108,Oracle,0.33056640625
109,Oracle,0.3098958333333333
110,Oracle,0.32763671875
111,Oracle,0.32421875
112,Oracle,0.3064778645833333
113,Oracle,0.30712890625
114,Oracle,0.3292643229166667
115,Oracle,0.3191731770833333
116,Oracle,0.3243815104166667
117,Oracle,0.3525390625
118,Oracle,0.3282877604166667
119,Oracle,0.34521484375
120,Oracle,0.3152669270833333
121,Oracle,0.3240559895833333
122,Oracle,0.3326822916666667
123,Oracle,0.3004557291666667
124,Oracle,0.3250325520833333
125,Oracle,0.3024088541666667
126,Oracle,0.3390299479166667
127,Oracle,0.3175455729166667
128,Oracle,0.31005859375
129,Oracle,0.31396484375
130,Oracle,0.3160807291666667
131,Oracle,0.33544921875
132,Oracle,0.3225911458333333
133,Oracle,0.29541015625
134,Oracle,0.3406575520833333
135,Oracle,0.3297526041666667
136,Oracle,0.35888671875
137,Oracle,0.3430989583333333
138,Oracle,0.32666015625
139,Oracle,0.3318684895833333
140,Oracle,0.2908528645833333
141,Oracle,0.3263346354166667
142,Oracle,0.3260091145833333
143,Oracle,0.32861328125
144,Oracle,0.3180338541666667
145,Oracle,0.3123372395833333
146,Oracle,0.3234049479166667
147,Oracle,0.3396809895833333
148,Oracle,0.3260091145833333
149,Oracle,0.3494466145833333
150,Oracle,0.3343098958333333
151,Oracle,0.3299153645833333
152,Oracle,0.32421875
153,Oracle,0.33056640625
154,Oracle,0.3136393229166667
155,Oracle,0.3074544270833333
156,Oracle,0.29833984375
157,Oracle,0.3251953125
158,Oracle,0.3173828125
159,Oracle,0.3221028645833333
160,Oracle,0.326171875
161,Oracle,0.3499348958333333
162,Oracle,0.3134765625
163,Oracle,0.3253580729166667
164,Oracle,0.33056640625
165,Oracle,0.3271484375
166,Oracle,0.3287760416666667
167,Oracle,0.3216145833333333
168,Oracle,0.3693033854166667
169,Oracle,0.34912109375
170,Oracle,0.36083984375
171,Oracle,0.3595377604166667
172,Oracle,0.37646484375
173,Oracle,0.3815104166666667
174,Oracle,0.3483072916666667
175,Oracle,0.3429361979166667
176,Oracle,0.353515625
177,Oracle,0.3499348958333333
178,Oracle,0.3390299479166667
179,Oracle,0.3069661458333333
180,Oracle,0.3444010416666667
181,Oracle,0.3388671875
182,Oracle,0.3416341145833333
183,Oracle,0.3347981770833333
184,Oracle,0.3473307291666667
185,Oracle,0.3603515625
186,Oracle,0.3640950520833333
187,Oracle,0.3673502604166667
188,Oracle,0.3548177083333333
189,Oracle,0.34619140625
190,Oracle,0.3751627604166667
191,Oracle,0.33984375
192,Oracle,0.3380533854166667
193,Oracle,0.3411458333333333
194,Oracle,0.3092447916666667
195,Oracle,0.3224283854166667
196,Oracle,0.31689453125
197,Oracle,0.3248697916666667
198,Oracle,0.34521484375
199,Oracle,0.3232421875
200,Oracle,0.3162434895833333
201,Oracle,0.3427734375
202,Oracle,0.3644205729166667
203,Oracle,0.3219401041666667
204,Oracle,0.3126627604166667
205,Oracle,0.3219401041666667
206,Oracle,0.3201497395833333
207,Oracle,0.3260091145833333
208,Oracle,0.3307291666666667
209,Oracle,0.3427734375
210,Oracle,0.3289388020833333
211,Oracle,0.3323567708333333
212,Oracle,0.31494140625
213,Oracle,0.3076171875
214,Oracle,0.3123372395833333
215,Oracle,0.3333333333333333
216,Oracle,0.3204752604166667
217,Oracle,0.3273111979166667
218,Oracle,0.3113606770833333
219,Oracle,0.3291015625
220,Oracle,0.3102213541666667
221,Oracle,0.3304036458333333
222,Oracle,0.3253580729166667
223,Oracle,0.3616536458333333
224,Oracle,0.3404947916666667
225,Oracle,0.31396484375
226,Oracle,0.3385416666666667
227,Oracle,0.3229166666666667
228,Oracle,0.3076171875
229,Oracle,0.3343098958333333
230,Oracle,0.3180338541666667
231,Oracle,0.3238932291666667
232,Oracle,0.3440755208333333
233,Oracle,0.3307291666666667
234,Oracle,0.2822265625
235,Oracle,0.3107096354166667
236,Oracle,0.3175455729166667
237,Oracle,0.330078125
238,Oracle,0.3380533854166667
239,Oracle,0.3273111979166667
240,Oracle,0.3172200520833333
241,Oracle,0.3349609375
242,Oracle,0.3230794270833333
243,Oracle,0.3497721354166667
244,Oracle,0.3557942708333333
245,Oracle,0.3142903645833333
246,Oracle,0.3219401041666667
247,Oracle,0.3430989583333333
248,Oracle,0.341796875
249,Oracle,0.3592122395833333
250,Oracle,0.3391927083333333
251,Oracle,0.3435872395833333
252,Oracle,0.3401692708333333
253,Oracle,0.3450520833333333
254,Oracle,0.31298828125
255,Oracle,0.3338216145833333
256,Oracle,0.35205078125
257,Oracle,0.3497721354166667
258,Oracle,0.3583984375
259,Oracle,0.357421875
260,Oracle,0.33447265625
261,Oracle,0.3186848958333333
262,Oracle,0.3448893229166667
263,Oracle,0.34521484375
264,Oracle,0.3395182291666667
265,Oracle,0.3553059895833333
266,Oracle,0.3243815104166667
267,Oracle,0.33642578125
268,Oracle,0.3486328125
269,Oracle,0.33203125
270,Oracle,0.30810546875
271,Oracle,0.3170572916666667
272,Oracle,0.3419596354166667
273,Oracle,0.3116861979166667
274,Oracle,0.3351236979166667
275,Oracle,0.3289388020833333
276,Oracle,0.2985026041666667
277,Oracle,0.3204752604166667
278,Oracle,0.34912109375
279,Oracle,0.3447265625
280,Oracle,0.3380533854166667
281,Oracle,0.3025716145833333
282,Oracle,0.3352864583333333
283,Oracle,0.33544921875
284,Oracle,0.3531901041666667
285,Oracle,0.3426106770833333
286,Oracle,0.3341471354166667
287,Oracle,0.3427734375
288,Oracle,0.3543294270833333
289,Oracle,0.3382161458333333
290,Oracle,0.3194986979166667
291,Oracle,0.3180338541666667
292,Oracle,0.3318684895833333
293,Oracle,0.3118489583333333
294,Oracle,0.3040364583333333
295,Oracle,0.3357747395833333
296,Oracle,0.3116861979166667
297,Oracle,0.31689453125
298,Oracle,0.3221028645833333
299,Oracle,0.3416341145833333
300,Oracle,0.3321940104166667
301,Oracle,0.31591796875
302,Oracle,0.35498046875
303,Oracle,0.3460286458333333
304,Oracle,0.3426106770833333
305,Oracle,0.3204752604166667
306,Oracle,0.3068033854166667
307,Oracle,0.33447265625
308,Oracle,0.3338216145833333
309,Oracle,0.3224283854166667
310,Oracle,0.2962239583333333
311,Oracle,0.3074544270833333
312,Oracle,0.3225911458333333
313,Oracle,0.330078125
314,Oracle,0.2776692708333333
315,Oracle,0.3126627604166667
316,Oracle,0.3175455729166667
317,Oracle,0.32421875
318,Oracle,0.328125
319,Oracle,0.3260091145833333
320,Oracle,0.3186848958333333
321,Oracle,0.32568359375
322,Oracle,0.3056640625
323,Oracle,0.3328450520833333
324,Oracle,0.3287760416666667
325,Oracle,0.3318684895833333
326,Oracle,0.3253580729166667
327,Oracle,0.3203125
328,Oracle,0.31689453125
329,Oracle,0.3253580729166667
330,Oracle,0.3439127604166667
331,Oracle,0.3572591145833333
332,Oracle,0.3212890625
333,Oracle,0.3362630208333333
334,Oracle,0.3229166666666667
335,Oracle,0.3483072916666667
336,Oracle,0.31689453125
337,Oracle,0.3033854166666667
338,Oracle,0.3318684895833333
339,Oracle,0.3141276041666667
340,Oracle,0.3133138020833333
341,Oracle,0.32470703125
342,Oracle,0.2989908854166667
343,Oracle,0.3447265625
344,Oracle,0.3172200520833333
345,Oracle,0.3165690104166667
346,Oracle,0.3470052083333333
347,Oracle,0.3401692708333333
348,Oracle,0.3251953125
349,Oracle,0.36865234375
350,Oracle,0.3592122395833333
351,Oracle,0.3382161458333333
352,Oracle,0.3416341145833333
353,Oracle,0.33056640625
354,Oracle,0.3154296875
355,Oracle,0.34423828125
356,Oracle,0.3421223958333333
357,Oracle,0.29736328125
358,Oracle,0.33984375
359,Oracle,0.3564453125
360,Oracle,0.3424479166666667
361,Oracle,0.3382161458333333
362,Oracle,0.3694661458333333
363,Oracle,0.34326171875
364,Oracle,0.34814453125
365,Oracle,0.3343098958333333
366,Oracle,0.3118489583333333
367,Oracle,0.3203125
368,Oracle,0.33642578125
369,Oracle,0.3470052083333333
370,Oracle,0.3531901041666667
371,Oracle,0.3434244791666667
372,Oracle,0.34228515625
373,Oracle,0.34765625
374,Oracle,0.3678385416666667
375,Oracle,0.3522135416666667
376,Oracle,0.3484700520833333
377,Oracle,0.3470052083333333
378,Oracle,0.3273111979166667
379,Oracle,0.3487955729166667
380,Oracle,0.32470703125
381,Oracle,0.3204752604166667
382,Oracle,0.3312174479166667
383,Oracle,0.3248697916666667
384,Oracle,0.3141276041666667
385,Oracle,0.3147786458333333
386,Oracle,0.345703125
387,Oracle,0.3190104166666667
388,Oracle,0.3212890625
389,Oracle,0.3623046875
390,Oracle,0.3388671875
391,Oracle,0.3409830729166667
392,Oracle,0.3434244791666667
393,Oracle,0.3388671875
394,Oracle,0.33349609375
395,Oracle,0.33154296875
396,Oracle,0.3531901041666667
397,Oracle,0.3678385416666667
398,Oracle,0.3356119791666667
399,Oracle,0.3279622395833333
400,Oracle,0.33349609375
401,Oracle,0.3421223958333333
402,Oracle,0.3736979166666667
403,Oracle,0.3453776041666667
404,Oracle,0.3271484375
405,Oracle,0.3377278645833333
406,Oracle,0.3634440104166667
407,Oracle,0.3525390625
408,Oracle,0.3499348958333333
409,Oracle,0.341796875
410,Oracle,0.3515625
411,Oracle,0.3523763020833333
412,Oracle,0.3723958333333333
413,Oracle,0.375
414,Oracle,0.3668619791666667
415,Oracle,0.3518880208333333
416,Oracle,0.3494466145833333
417,Oracle,0.3619791666666667
418,Oracle,0.3204752604166667
419,Oracle,0.3318684895833333
420,Oracle,0.3196614583333333
421,Oracle,0.3216145833333333
422,Oracle,0.3284505208333333
423,Oracle,0.33544921875
424,Oracle,0.32568359375
425,Oracle,0.3400065104166667
426,Oracle,0.3229166666666667
427,Oracle,0.3439127604166667
428,Oracle,0.3390299479166667
429,Oracle,0.3321940104166667
430,Oracle,0.369140625
431,Oracle,0.3336588541666667
432,Oracle,0.3533528645833333
433,Oracle,0.3561197916666667
434,Oracle,0.3328450520833333
435,Oracle,0.3453776041666667
436,Oracle,0.3268229166666667
437,Oracle,0.3644205729166667
438,Oracle,0.36474609375
439,Oracle,0.3631184895833333
440,Oracle,0.3790690104166667
441,Oracle,0.3850911458333333
442,Oracle,0.36376953125
443,Oracle,0.3512369791666667
444,Oracle,0.3426106770833333
445,Oracle,0.3629557291666667
446,Oracle,0.3216145833333333
447,Oracle,0.3448893229166667
448,Oracle,0.3390299479166667
449,Oracle,0.3680013020833333
450,Oracle,0.3385416666666667
451,Oracle,0.3341471354166667
452,Oracle,0.3497721354166667
453,Oracle,0.345703125
454,Oracle,0.3136393229166667
455,Oracle,0.36328125
456,Oracle,0.3751627604166667
457,Oracle,0.35498046875
458,Oracle,0.3640950520833333
459,Oracle,0.35107421875
460,Oracle,0.3211263020833333
461,Oracle,0.349609375
462,Oracle,0.33349609375
463,Oracle,0.33544921875
464,Oracle,0.3209635416666667
465,Oracle,0.3361002604166667
466,Oracle,0.3206380208333333
467,Oracle,0.34033203125
468,Oracle,0.3592122395833333
469,Oracle,0.3463541666666667
470,Oracle,0.35498046875
471,Oracle,0.36279296875
472,Oracle,0.3409830729166667
473,Oracle,0.3326822916666667
474,Oracle,0.3317057291666667
475,Oracle,0.3346354166666667
476,Oracle,0.333984375
477,Oracle,0.3624674479166667
478,Oracle,0.330078125
479,Oracle,0.3349609375
480,Oracle,0.34033203125
481,Oracle,0.3359375
482,Oracle,0.3396809895833333
483,Oracle,0.34130859375
484,Oracle,0.30908203125
485,Oracle,0.3046875
486,Oracle,0.3206380208333333
487,Oracle,0.3330078125
488,Oracle,0.34033203125
489,Oracle,0.3570963541666667
490,Oracle,0.3486328125
491,Oracle,0.3611653645833333
492,Oracle,0.3517252604166667
493,Oracle,0.3401692708333333
494,Oracle,0.326171875
495,Oracle,0.3512369791666667
496,Oracle,0.3361002604166667
497,Oracle,0.3284505208333333
498,Oracle,0.322265625
499,Oracle,0.3401692708333333
500,Oracle,0.3235677083333333
501,Oracle,0.3181966145833333
502,Oracle,0.3224283854166667
503,Oracle,0.3416341145833333
504,Oracle,0.3455403645833333
505,Oracle,0.3170572916666667
506,Oracle,0.3292643229166667
507,Oracle,0.3321940104166667
508,Oracle,0.3605143229166667
509,Oracle,0.35302734375
510,Oracle,0.3709309895833333
511,Oracle,0.3349609375
512,Oracle,0.353515625
513,Oracle,0.3330078125
514,Oracle,0.32568359375
515,Oracle,0.3447265625
516,Oracle,0.3505859375
517,Oracle,0.34326171875
518,Oracle,0.3509114583333333
519,Oracle,0.4055989583333333
520,Oracle,0.3938802083333333
521,Oracle,0.3611653645833333
522,Oracle,0.3658854166666667
523,Oracle,0.3230794270833333
524,Oracle,0.33349609375
525,Oracle,0.3361002604166667
526,Oracle,0.326171875
527,Oracle,0.330078125
528,Oracle,0.3468424479166667
529,Oracle,0.3623046875
530,Oracle,0.3255208333333333
531,Oracle,0.3238932291666667
532,Oracle,0.34716796875
533,Oracle,0.35009765625
534,Oracle,0.3689778645833333
535,Oracle,0.3665364583333333
536,Oracle,0.3924153645833333
537,Oracle,0.3561197916666667
538,Oracle,0.3655598958333333
539,Oracle,0.3583984375
540,Oracle,0.3525390625
541,Oracle,0.32373046875
542,Oracle,0.3391927083333333
543,Oracle,0.3585611979166667
544,Oracle,0.3369140625
545,Oracle,0.3411458333333333
546,Oracle,0.3406575520833333
547,Oracle,0.3400065104166667
548,Oracle,0.3538411458333333
549,Oracle,0.3844401041666667
550,Oracle,0.3603515625
551,Oracle,0.3424479166666667
552,Oracle,0.3221028645833333
553,Oracle,0.3623046875
554,Oracle,0.3557942708333333
555,Oracle,0.3678385416666667
556,Oracle,0.328125
557,Oracle,0.36572265625
558,Oracle,0.3693033854166667
559,Oracle,0.3766276041666667
560,Oracle,0.3180338541666667
561,Oracle,0.3401692708333333
562,Oracle,0.3610026041666667
563,Oracle,0.3701171875
564,Oracle,0.33984375
565,Oracle,0.3292643229166667
566,Oracle,0.31298828125
567,Oracle,0.3426106770833333
568,Oracle,0.3328450520833333
569,Oracle,0.3258463541666667
570,Oracle,0.33935546875
571,Oracle,0.36083984375
572,Oracle,0.3372395833333333
573,Oracle,0.3722330729166667
574,Oracle,0.3553059895833333
575,Oracle,0.3639322916666667
576,Oracle,0.3587239583333333
577,Oracle,0.34716796875
578,Oracle,0.3463541666666667
579,Oracle,0.3388671875
580,Oracle,0.318359375
581,Oracle,0.35888671875
582,Oracle,0.34033203125
583,Oracle,0.3225911458333333
584,Oracle,0.3336588541666667
585,Oracle,0.3297526041666667
586,Oracle,0.3336588541666667
587,Oracle,0.3194986979166667
588,Oracle,0.3177083333333333
589,Oracle,0.3133138020833333
590,Oracle,0.3299153645833333
591,Oracle,0.3279622395833333
592,Oracle,0.3400065104166667
593,Oracle,0.341796875
594,Oracle,0.34814453125
595,Oracle,0.3660481770833333
596,Oracle,0.345703125
597,Oracle,0.32470703125
598,Oracle,0.36474609375
599,Oracle,0.322265625
600,Oracle,0.3338216145833333
601,Oracle,0.3375651041666667
602,Oracle,0.3455403645833333
603,Oracle,0.3359375
604,Oracle,0.3564453125
605,Oracle,0.3387044270833333
606,Oracle,0.35107421875
607,Oracle,0.34521484375
608,Oracle,0.37841796875
609,Oracle,0.3479817708333333
610,Oracle,0.365234375
611,Oracle,0.3216145833333333
612,Oracle,0.3098958333333333
613,Oracle,0.3468424479166667
614,Oracle,0.3717447916666667
615,Oracle,0.3336588541666667
616,Oracle,0.3639322916666667
617,Oracle,0.3601888020833333
618,Oracle,0.3515625
619,Oracle,0.3623046875
620,Oracle,0.3429361979166667
621,Oracle,0.3416341145833333
622,Oracle,0.3307291666666667
623,Oracle,0.33349609375
624,Oracle,0.3460286458333333
625,Oracle,0.3699544270833333
626,Oracle,0.3528645833333333
627,Oracle,0.359375
628,Oracle,0.365234375
629,Oracle,0.35986328125
630,Oracle,0.3722330729166667
631,Oracle,0.3702799479166667
632,Oracle,0.3447265625
633,Oracle,0.3059895833333333
634,Oracle,0.3523763020833333
635,Oracle,0.3299153645833333
636,Oracle,0.3121744791666667
637,Oracle,0.35693359375
638,Oracle,0.3531901041666667
639,Oracle,0.3404947916666667
640,Oracle,0.3671875
641,Oracle,0.3683268229166667
642,Oracle,0.3435872395833333
643,Oracle,0.3273111979166667
644,Oracle,0.3294270833333333
645,Oracle,0.3235677083333333
646,Oracle,0.3243815104166667
647,Oracle,0.3375651041666667
648,Oracle,0.32373046875
649,Oracle,0.36279296875
650,Oracle,0.3330078125
651,Oracle,0.3219401041666667
652,Oracle,0.3194986979166667
653,Oracle,0.3302408854166667
654,Oracle,0.3167317708333333
655,Oracle,0.3343098958333333
656,Oracle,0.3141276041666667
657,Oracle,0.32421875
658,Oracle,0.3211263020833333
659,Oracle,0.330078125
660,Oracle,0.3312174479166667
661,Oracle,0.32275390625
662,Oracle,0.3372395833333333
663,Oracle,0.3541666666666667
664,Oracle,0.3619791666666667
665,Oracle,0.359375
666,Oracle,0.3173828125
667,Oracle,0.3489583333333333
668,Oracle,0.3387044270833333
669,Oracle,0.3395182291666667
670,Oracle,0.31640625
671,Oracle,0.3292643229166667
672,Oracle,0.3341471354166667
673,Oracle,0.3798828125
674,Oracle,0.3318684895833333
675,Oracle,0.3284505208333333
676,Oracle,0.3304036458333333
677,Oracle,0.3582356770833333
678,Oracle,0.35107421875
679,Oracle,0.3352864583333333
680,Oracle,0.3658854166666667
681,Oracle,0.3543294270833333
682,Oracle,0.35546875
683,Oracle,0.3487955729166667
684,Oracle,0.3528645833333333
685,Oracle,0.34228515625
686,Oracle,0.3688151041666667
687,Oracle,0.361328125
688,Oracle,0.3478190104166667
689,Oracle,0.3333333333333333
690,Oracle,0.34814453125
691,Oracle,0.337890625
692,Oracle,0.322265625
693,Oracle,0.3517252604166667
694,Oracle,0.3600260416666667
695,Oracle,0.3670247395833333
696,Oracle,0.35888671875
697,Oracle,0.3624674479166667
698,Oracle,0.35546875
699,Oracle,0.3533528645833333
700,Oracle,0.36669921875
701,Oracle,0.3614908854166667
702,Oracle,0.3712565104166667
703,Oracle,0.3640950520833333
704,Oracle,0.3240559895833333
705,Oracle,0.3577473958333333
706,Oracle,0.3414713541666667
707,Oracle,0.3561197916666667
708,Oracle,0.3636067708333333
709,Oracle,0.3649088541666667
710,Oracle,0.3447265625
711,Oracle,0.3577473958333333
712,Oracle,0.3733723958333333
713,Oracle,0.3435872395833333
714,Oracle,0.3575846354166667
715,Oracle,0.3697916666666667
716,Oracle,0.3531901041666667
717,Oracle,0.3671875
718,Oracle,0.3650716145833333
719,Oracle,0.359375
720,Oracle,0.37548828125
721,Oracle,0.3610026041666667
722,Oracle,0.3566080729166667
723,Oracle,0.3798828125
724,Oracle,0.3697916666666667
725,Oracle,0.33740234375
726,Oracle,0.3645833333333333
727,Oracle,0.3671875
728,Oracle,0.3948567708333333
729,Oracle,0.35302734375
730,Oracle,0.3767903645833333
731,Oracle,0.3971354166666667
732,Oracle,0.3746744791666667
733,Oracle,0.3792317708333333
734,Oracle,0.3759765625
735,Oracle,0.3590494791666667
736,Oracle,0.3772786458333333
737,Oracle,0.3395182291666667
738,Oracle,0.3292643229166667
739,Oracle,0.3463541666666667
740,Oracle,0.3606770833333333
741,Oracle,0.3499348958333333
742,Oracle,0.3642578125
743,Oracle,0.33984375
744,Oracle,0.3665364583333333
745,Oracle,0.3385416666666667
746,Oracle,0.3623046875
747,Oracle,0.3507486979166667
748,Oracle,0.3748372395833333
749,Oracle,0.3528645833333333
750,Oracle,0.3408203125
751,Oracle,0.37158203125
752,Oracle,0.3556315104166667
753,Oracle,0.3527018229166667
754,Oracle,0.38623046875
755,Oracle,0.3587239583333333
756,Oracle,0.3634440104166667
757,Oracle,0.34814453125
758,Oracle,0.3502604166666667
759,Oracle,0.3429361979166667
760,Oracle,0.3605143229166667
761,Oracle,0.3694661458333333
762,Oracle,0.33154296875
763,Oracle,0.3787434895833333
764,Oracle,0.3544921875
765,Oracle,0.3517252604166667
766,Oracle,0.3805338541666667
767,Oracle,0.3924153645833333
768,Oracle,0.3473307291666667
769,Oracle,0.3860677083333333
770,Oracle,0.3561197916666667
771,Oracle,0.3616536458333333
772,Oracle,0.3478190104166667
773,Oracle,0.3694661458333333
774,Oracle,0.3582356770833333
775,Oracle,0.38134765625
776,Oracle,0.3561197916666667
777,Oracle,0.3499348958333333
778,Oracle,0.3815104166666667
779,Oracle,0.36328125
780,Oracle,0.3362630208333333
781,Oracle,0.3361002604166667
782,Oracle,0.3751627604166667
783,Oracle,0.3629557291666667
784,Oracle,0.3515625
785,Oracle,0.3639322916666667
786,Oracle,0.35498046875
787,Oracle,0.3761393229166667
788,Oracle,0.3515625
789,Oracle,0.3582356770833333
790,Oracle,0.3821614583333333
791,Oracle,0.3313802083333333
792,Oracle,0.3291015625
793,Oracle,0.3369140625
794,Oracle,0.3365885416666667
795,Oracle,0.34912109375
796,Oracle,0.3250325520833333
797,Oracle,0.3435872395833333
798,Oracle,0.3310546875
799,Oracle,0.3548177083333333
800,Oracle,0.3605143229166667
801,Oracle,0.3421223958333333
802,Oracle,0.3434244791666667
803,Oracle,0.3347981770833333
804,Oracle,0.3453776041666667
805,Oracle,0.3416341145833333
806,Oracle,0.365234375
807,Oracle,0.37109375
808,Oracle,0.3575846354166667
809,Oracle,0.3767903645833333
810,Oracle,0.37158203125
811,Oracle,0.3771158854166667
812,Oracle,0.3681640625
813,Oracle,0.345703125
814,Oracle,0.3658854166666667
815,Oracle,0.37890625
816,Oracle,0.3497721354166667
817,Oracle,0.3497721354166667
818,Oracle,0.38671875
819,Oracle,0.357421875
820,Oracle,0.376953125
821,Oracle,0.36083984375
822,Oracle,0.3531901041666667
823,Oracle,0.3533528645833333
824,Oracle,0.3702799479166667
825,Oracle,0.3795572916666667
826,Oracle,0.3816731770833333
827,Oracle,0.3385416666666667
828,Oracle,0.3639322916666667
829,Oracle,0.36962890625
830,Oracle,0.3653971354166667
831,Oracle,0.3388671875
832,Oracle,0.3522135416666667
833,Oracle,0.390625
834,Oracle,0.3707682291666667
835,Oracle,0.3372395833333333
836,Oracle,0.3792317708333333
837,Oracle,0.3528645833333333
838,Oracle,0.37841796875
839,Oracle,0.3395182291666667
840,Oracle,0.3723958333333333
841,Oracle,0.37109375
842,Oracle,0.3509114583333333
843,Oracle,0.3445638020833333
844,Oracle,0.35498046875
845,Oracle,0.3566080729166667
846,Oracle,0.357421875
847,Oracle,0.34326171875
848,Oracle,0.3738606770833333
849,Oracle,0.35009765625
850,Oracle,0.33447265625
851,Oracle,0.3797200520833333
852,Oracle,0.3634440104166667
853,Oracle,0.3502604166666667
854,Oracle,0.3566080729166667
855,Oracle,0.3811848958333333
856,Oracle,0.3592122395833333
857,Oracle,0.3583984375
858,Oracle,0.3567708333333333
859,Oracle,0.3663736979166667
860,Oracle,0.37255859375
861,Oracle,0.3898111979166667
862,Oracle,0.3624674479166667
863,Oracle,0.37548828125
864,Oracle,0.3623046875
865,Oracle,0.3450520833333333
866,Oracle,0.3380533854166667
867,Oracle,0.35400390625
868,Oracle,0.3523763020833333
869,Oracle,0.3693033854166667
870,Oracle,0.3948567708333333
871,Oracle,0.3741861979166667
872,Oracle,0.3513997395833333
873,Oracle,0.37255859375
874,Oracle,0.3509114583333333
875,Oracle,0.3653971354166667
876,Oracle,0.3644205729166667
877,Oracle,0.3597005208333333
878,Oracle,0.3567708333333333
879,Oracle,0.37109375
880,Oracle,0.3736979166666667
881,Oracle,0.36865234375
882,Oracle,0.34716796875
883,Oracle,0.3580729166666667
884,Oracle,0.3614908854166667
885,Oracle,0.3888346354166667
886,Oracle,0.3479817708333333
887,Oracle,0.3639322916666667
888,Oracle,0.34765625
889,Oracle,0.3678385416666667
890,Oracle,0.3419596354166667
891,Oracle,0.3821614583333333
892,Oracle,0.3777669270833333
893,Oracle,0.3732096354166667
894,Oracle,0.3466796875
895,Oracle,0.3583984375
896,Oracle,0.3388671875
897,Oracle,0.3592122395833333
898,Oracle,0.3302408854166667
899,Oracle,0.35009765625
900,Oracle,0.3447265625
901,Oracle,0.3525390625
902,Oracle,0.34619140625
903,Oracle,0.34814453125
904,Oracle,0.3600260416666667
905,Oracle,0.3756510416666667
906,Oracle,0.3689778645833333
907,Oracle,0.3702799479166667
908,Oracle,0.3323567708333333
909,Oracle,0.3359375
910,Oracle,0.3408203125
911,Oracle,0.3401692708333333
912,Oracle,0.3450520833333333
913,Oracle,0.357421875
914,Oracle,0.3868815104166667
915,Oracle,0.3409830729166667
916,Oracle,0.3798828125
917,Oracle,0.3642578125
918,Oracle,0.3375651041666667
919,Oracle,0.3502604166666667
920,Oracle,0.3634440104166667
921,Oracle,0.3605143229166667
922,Oracle,0.3605143229166667
923,Oracle,0.3489583333333333
924,Oracle,0.36376953125
925,Oracle,0.37109375
926,Oracle,0.3756510416666667
927,Oracle,0.38134765625
928,Oracle,0.3763020833333333
929,Oracle,0.36181640625
930,Oracle,0.3299153645833333
931,Oracle,0.3733723958333333
932,Oracle,0.3689778645833333
933,Oracle,0.3660481770833333
934,Oracle,0.34765625
935,Oracle,0.3606770833333333
936,Oracle,0.3650716145833333
937,Oracle,0.34765625
938,Oracle,0.3860677083333333
939,Oracle,0.3787434895833333
940,Oracle,0.3753255208333333
941,Oracle,0.3390299479166667
942,Oracle,0.3675130208333333
943,Oracle,0.380859375
944,Oracle,0.38330078125
945,Oracle,0.37255859375
946,Oracle,0.3616536458333333
947,Oracle,0.3681640625
948,Oracle,0.3681640625
949,Oracle,0.3380533854166667
950,Oracle,0.3722330729166667
951,Oracle,0.3912760416666667
952,Oracle,0.3489583333333333
953,Oracle,0.3494466145833333
954,Oracle,0.3551432291666667
955,Oracle,0.3707682291666667
956,Oracle,0.3515625
957,Oracle,0.3640950520833333
958,Oracle,0.3645833333333333
959,Oracle,0.3492838541666667
960,Oracle,0.37841796875
961,Oracle,0.3681640625
962,Oracle,0.3605143229166667
963,Oracle,0.35888671875
964,Oracle,0.3548177083333333
965,Oracle,0.3279622395833333
966,Oracle,0.34326171875
967,Oracle,0.380859375
968,Oracle,0.36962890625
969,Oracle,0.3614908854166667
970,Oracle,0.3268229166666667
971,Oracle,0.3502604166666667
972,Oracle,0.35546875
973,Oracle,0.3470052083333333
974,Oracle,0.3499348958333333
975,Oracle,0.3505859375
976,Oracle,0.3629557291666667
977,Oracle,0.3766276041666667
978,Oracle,0.3955078125
979,Oracle,0.4103190104166667
980,Oracle,0.41162109375
981,Oracle,0.3763020833333333
982,Oracle,0.3673502604166667
983,Oracle,0.3888346354166667
984,Oracle,0.39794921875
985,Oracle,0.3966471354166667
986,Oracle,0.3575846354166667
987,Oracle,0.3738606770833333
988,Oracle,0.3400065104166667
989,Oracle,0.36083984375
990,Oracle,0.3577473958333333
991,Oracle,0.359375
992,Oracle,0.3349609375
993,Oracle,0.3743489583333333
994,Oracle,0.3585611979166667
995,Oracle,0.3728841145833333
996,Oracle,0.35107421875
997,Oracle,0.3658854166666667
998,Oracle,0.37890625
999,Oracle,0.39697265625
1000,Oracle,0.3590494791666667
1001,Oracle,0.3826497395833333
1002,Oracle,0.3702799479166667
1003,Oracle,0.3761393229166667
1004,Oracle,0.34765625
1005,Oracle,0.3430989583333333
1006,Oracle,0.3675130208333333
1007,Oracle,0.35400390625
1008,Oracle,0.3583984375
1009,Oracle,0.36962890625
1010,Oracle,0.3660481770833333
1011,Oracle,0.34765625
1012,Oracle,0.3779296875
1013,Oracle,0.3966471354166667
1014,Oracle,0.39013671875
1015,Oracle,0.3987630208333333
1016,Oracle,0.3850911458333333
1017,Oracle,0.3626302083333333
1018,Oracle,0.3859049479166667
1019,Oracle,0.3878580729166667
1020,Oracle,0.3831380208333333
1021,Oracle,0.4013671875
1022,Oracle,0.37939453125
1023,Oracle,0.3984375
