decode_step,policy,gpu_routed_token_coverage
3,Static,0.08642578125
4,Static,0.09830729166666667
5,Static,0.0869140625
6,Static,0.08837890625
7,Static,0.09098307291666667
8,Static,0.0888671875
9,Static,0.08740234375
10,Static,0.0908203125
11,Static,0.09000651041666667
12,Static,0.09391276041666667
13,Static,0.09586588541666667
14,Static,0.09944661458333333
15,Static,0.09912109375
16,Static,0.1015625
17,Static,0.09635416666666667
18,Static,0.09391276041666667
19,Static,0.09765625
20,Static,0.09635416666666667
21,Static,0.09619140625
22,Static,0.09423828125
23,Static,0.09602864583333333
24,Static,0.091796875
25,Static,0.10026041666666667
26,Static,0.09684244791666667
27,Static,0.0986328125
28,Static,0.10009765625
29,Static,0.09391276041666667
30,Static,0.09358723958333333
31,Static,0.09700520833333333
32,Static,0.0966796875
33,Static,0.09635416666666667
34,Static,0.091796875
35,Static,0.09098307291666667
36,Static,0.09114583333333333
37,Static,0.09879557291666667
38,Static,0.09586588541666667
39,Static,0.09342447916666667
40,Static,0.09488932291666667
41,Static,0.087890625
42,Static,0.09521484375
43,Static,0.09456380208333333
44,Static,0.09716796875
45,Static,0.10514322916666667
46,Static,0.10319010416666667
47,Static,0.09879557291666667
48,Static,0.0888671875
49,Static,0.09358723958333333
50,Static,0.09440104166666667
51,Static,0.09505208333333333
52,Static,0.09830729166666667
53,Static,0.09407552083333333
54,Static,0.09733072916666667
55,Static,0.09716796875
56,Static,0.10026041666666667
57,Static,0.1005859375
58,Static,0.10123697916666667
59,Static,0.10074869791666667
60,Static,0.09928385416666667
61,Static,0.10009765625
62,Static,0.09130859375
63,Static,0.10172526041666667
64,Static,0.09423828125
65,Static,0.09440104166666667
66,Static,0.09847005208333333
67,Static,0.09847005208333333
68,Static,0.09375
69,Static,0.09684244791666667
70,Static,0.09016927083333333
71,Static,0.0908203125
72,Static,0.09326171875
73,Static,0.09684244791666667
74,Static,0.09065755208333333
75,Static,0.09195963541666667
76,Static,0.09537760416666667
77,Static,0.09456380208333333
78,Static,0.09635416666666667
79,Static,0.09716796875
80,Static,0.09033203125
81,Static,0.09456380208333333
82,Static,0.09505208333333333
83,Static,0.08870442708333333
84,Static,0.08951822916666667
85,Static,0.09847005208333333
86,Static,0.09391276041666667
87,Static,0.09830729166666667
88,Static,0.09358723958333333
89,Static,0.09326171875
90,Static,0.09163411458333333
91,Static,0.09895833333333333
92,Static,0.09716796875
93,Static,0.09309895833333333
94,Static,0.08805338541666667
95,Static,0.09765625
96,Static,0.09423828125
97,Static,0.09912109375
98,Static,0.09847005208333333
99,Static,0.09423828125
100,Static,0.09814453125
101,Static,0.095703125
102,Static,0.10237630208333333
103,Static,0.09830729166666667
104,Static,0.09781901041666667
105,Static,0.09781901041666667
106,Static,0.09505208333333333
107,Static,0.10205078125
108,Static,0.09684244791666667
109,Static,0.09440104166666667
110,Static,0.09261067708333333
111,Static,0.09309895833333333
112,Static,0.09814453125
113,Static,0.09309895833333333
114,Static,0.09000651041666667
115,Static,0.09309895833333333
116,Static,0.09440104166666667
117,Static,0.09293619791666667
118,Static,0.09147135416666667
119,Static,0.09130859375
120,Static,0.09000651041666667
121,Static,0.09635416666666667
122,Static,0.08984375
123,Static,0.09326171875
124,Static,0.09228515625
125,Static,0.09651692708333333
126,Static,0.09228515625
127,Static,0.08902994791666667
128,Static,0.09554036458333333
129,Static,0.09944661458333333
130,Static,0.0947265625
131,Static,0.09993489583333333
132,Static,0.09130859375
133,Static,0.09733072916666667
134,Static,0.09326171875
135,Static,0.09033203125
136,Static,0.09065755208333333
137,Static,0.09521484375
138,Static,0.09554036458333333
139,Static,0.0966796875
140,Static,0.09521484375
141,Static,0.09358723958333333
142,Static,0.08951822916666667
143,Static,0.09326171875
144,Static,0.09619140625
145,Static,0.09407552083333333
146,Static,0.09309895833333333
147,Static,0.09749348958333333
148,Static,0.09716796875
149,Static,0.09651692708333333
150,Static,0.09781901041666667
151,Static,0.09733072916666667
152,Static,0.09049479166666667
153,Static,0.09456380208333333
154,Static,0.0927734375
155,Static,0.09456380208333333
156,Static,0.099609375
157,Static,0.0947265625
158,Static,0.10237630208333333
159,Static,0.09000651041666667
160,Static,0.09163411458333333
161,Static,0.09423828125
162,Static,0.09912109375
163,Static,0.08919270833333333
164,Static,0.09716796875
165,Static,0.09195963541666667
166,Static,0.09847005208333333
167,Static,0.095703125
168,Static,0.09781901041666667
169,Static,0.08935546875
170,Static,0.10188802083333333
171,Static,0.09554036458333333
172,Static,0.09309895833333333
173,Static,0.09212239583333333
174,Static,0.09619140625
175,Static,0.09391276041666667
176,Static,0.09749348958333333
177,Static,0.09586588541666667
178,Static,0.09440104166666667
179,Static,0.09261067708333333
180,Static,0.10188802083333333
181,Static,0.09391276041666667
182,Static,0.09195963541666667
183,Static,0.09391276041666667
184,Static,0.09244791666666667
185,Static,0.10791015625
186,Static,0.09326171875
187,Static,0.09358723958333333
188,Static,0.08984375
189,Static,0.09602864583333333
190,Static,0.09065755208333333
191,Static,0.08984375
192,Static,0.09342447916666667
193,Static,0.09244791666666667
194,Static,0.08984375
195,Static,0.09049479166666667
196,Static,0.09765625
197,Static,0.09700520833333333
198,Static,0.09602864583333333
199,Static,0.09016927083333333
200,Static,0.09537760416666667
201,Static,0.09537760416666667
202,Static,0.09375
203,Static,0.091796875
204,Static,0.09798177083333333
205,Static,0.1005859375
206,Static,0.09407552083333333
207,Static,0.09375
208,Static,0.09147135416666667
209,Static,0.08837890625
210,Static,0.09733072916666667
211,Static,0.09098307291666667
212,Static,0.09993489583333333
213,Static,0.09977213541666667
214,Static,0.09716796875
215,Static,0.09195963541666667
216,Static,0.09309895833333333
217,Static,0.09977213541666667
218,Static,0.09358723958333333
219,Static,0.08854166666666667
220,Static,0.09407552083333333
221,Static,0.09488932291666667
222,Static,0.09521484375
223,Static,0.09505208333333333
224,Static,0.09309895833333333
225,Static,0.09228515625
226,Static,0.09684244791666667
227,Static,0.09635416666666667
228,Static,0.10237630208333333
229,Static,0.0986328125
230,Static,0.09635416666666667
231,Static,0.09375
232,Static,0.10335286458333333
233,Static,0.0947265625
234,Static,0.09749348958333333
235,Static,0.10188802083333333
236,Static,0.09895833333333333
237,Static,0.1005859375
238,Static,0.08854166666666667
239,Static,0.0947265625
240,Static,0.091796875
241,Static,0.09440104166666667
242,Static,0.09521484375
243,Static,0.09765625
244,Static,0.0947265625
245,Static,0.09130859375
246,Static,0.10009765625
247,Static,0.0927734375
248,Static,0.09684244791666667
249,Static,0.09765625
250,Static,0.09554036458333333
251,Static,0.099609375
252,Static,0.09781901041666667
253,Static,0.09537760416666667
254,Static,0.09944661458333333
255,Static,0.09651692708333333
256,Static,0.09212239583333333
257,Static,0.09830729166666667
258,Static,0.10498046875
259,Static,0.10400390625
260,Static,0.09977213541666667
261,Static,0.09195963541666667
262,Static,0.09602864583333333
263,Static,0.09602864583333333
264,Static,0.10432942708333333
265,Static,0.09602864583333333
266,Static,0.09440104166666667
267,Static,0.09586588541666667
268,Static,0.09716796875
269,Static,0.09993489583333333
270,Static,0.09423828125
271,Static,0.09342447916666667
272,Static,0.09977213541666667
273,Static,0.10026041666666667
274,Static,0.09195963541666667
275,Static,0.09554036458333333
276,Static,0.09619140625
277,Static,0.09765625
278,Static,0.09716796875
279,Static,0.09700520833333333
280,Static,0.10139973958333333
281,Static,0.09781901041666667
282,Static,0.095703125
283,Static,0.10319010416666667
284,Static,0.0966796875
285,Static,0.09765625
286,Static,0.10107421875
287,Static,0.09814453125
288,Static,0.09830729166666667
289,Static,0.09847005208333333
290,Static,0.10139973958333333
291,Static,0.1005859375
292,Static,0.09765625
293,Static,0.09423828125
294,Static,0.10205078125
295,Static,0.09554036458333333
296,Static,0.09847005208333333
297,Static,0.091796875
298,Static,0.09261067708333333
299,Static,0.09505208333333333
300,Static,0.0986328125
301,Static,0.09635416666666667
302,Static,0.10384114583333333
303,Static,0.0966796875
304,Static,0.09928385416666667
305,Static,0.09016927083333333
306,Static,0.09684244791666667
307,Static,0.09554036458333333
308,Static,0.09684244791666667
309,Static,0.09977213541666667
310,Static,0.091796875
311,Static,0.09309895833333333
312,Static,0.09358723958333333
313,Static,0.09212239583333333
314,Static,0.09700520833333333
315,Static,0.09309895833333333
316,Static,0.09847005208333333
317,Static,0.09716796875
318,Static,0.09651692708333333
319,Static,0.099609375
320,Static,0.09733072916666667
321,Static,0.09814453125
322,Static,0.09619140625
323,Static,0.09928385416666667
324,Static,0.09928385416666667
325,Static,0.10481770833333333
326,Static,0.09423828125
327,Static,0.09505208333333333
328,Static,0.0986328125
329,Static,0.09895833333333333
330,Static,0.09440104166666667
331,Static,0.10026041666666667
332,Static,0.10091145833333333
333,Static,0.09944661458333333
334,Static,0.09407552083333333
335,Static,0.09505208333333333
336,Static,0.09977213541666667
337,Static,0.10009765625
338,Static,0.09879557291666667
339,Static,0.10139973958333333
340,Static,0.099609375
341,Static,0.09781901041666667
342,Static,0.09847005208333333
343,Static,0.09928385416666667
344,Static,0.09602864583333333
345,Static,0.10384114583333333
346,Static,0.10091145833333333
347,Static,0.10335286458333333
348,Static,0.0927734375
349,Static,0.09716796875
350,Static,0.099609375
351,Static,0.09537760416666667
352,Static,0.09912109375
353,Static,0.09700520833333333
354,Static,0.103515625
355,Static,0.10530598958333333
356,Static,0.10237630208333333
357,Static,0.0947265625
358,Static,0.1015625
359,Static,0.10009765625
360,Static,0.09814453125
361,Static,0.09798177083333333
362,Static,0.09944661458333333
363,Static,0.10009765625
364,Static,0.09716796875
365,Static,0.09733072916666667
366,Static,0.10221354166666667
367,Static,0.10465494791666667
368,Static,0.09749348958333333
369,Static,0.1015625
370,Static,0.1015625
371,Static,0.10123697916666667
372,Static,0.10107421875
373,Static,0.10530598958333333
374,Static,0.10709635416666667
375,Static,0.10205078125
376,Static,0.10432942708333333
377,Static,0.107421875
378,Static,0.10042317708333333
379,Static,0.103515625
380,Static,0.09635416666666667
381,Static,0.10432942708333333
382,Static,0.10091145833333333
383,Static,0.10205078125
384,Static,0.09830729166666667
385,Static,0.09521484375
386,Static,0.09977213541666667
387,Static,0.09716796875
388,Static,0.0986328125
389,Static,0.10335286458333333
390,Static,0.10774739583333333
391,Static,0.10139973958333333
392,Static,0.09716796875
393,Static,0.1005859375
394,Static,0.10091145833333333
395,Static,0.099609375
396,Static,0.10009765625
397,Static,0.09944661458333333
398,Static,0.10221354166666667
399,Static,0.09488932291666667
400,Static,0.10319010416666667
401,Static,0.09879557291666667
402,Static,0.09847005208333333
403,Static,0.10530598958333333
404,Static,0.09716796875
405,Static,0.10221354166666667
406,Static,0.09928385416666667
407,Static,0.09586588541666667
408,Static,0.10367838541666667
409,Static,0.10481770833333333
410,Static,0.099609375
411,Static,0.10286458333333333
412,Static,0.09684244791666667
413,Static,0.10319010416666667
414,Static,0.095703125
415,Static,0.09602864583333333
416,Static,0.09765625
417,Static,0.09765625
418,Static,0.09781901041666667
419,Static,0.09733072916666667
420,Static,0.10009765625
421,Static,0.1015625
422,Static,0.09847005208333333
423,Static,0.10416666666666667
424,Static,0.09342447916666667
425,Static,0.10221354166666667
426,Static,0.10237630208333333
427,Static,0.10091145833333333
428,Static,0.09781901041666667
429,Static,0.10498046875
430,Static,0.10074869791666667
431,Static,0.10026041666666667
432,Static,0.10188802083333333
433,Static,0.10335286458333333
434,Static,0.1015625
435,Static,0.09651692708333333
436,Static,0.10416666666666667
437,Static,0.10465494791666667
438,Static,0.10693359375
439,Static,0.10432942708333333
440,Static,0.10514322916666667
441,Static,0.107421875
442,Static,0.10611979166666667
443,Static,0.09912109375
444,Static,0.10221354166666667
445,Static,0.10042317708333333
446,Static,0.09830729166666667
447,Static,0.09700520833333333
448,Static,0.09733072916666667
449,Static,0.09749348958333333
450,Static,0.10123697916666667
451,Static,0.10416666666666667
452,Static,0.1083984375
453,Static,0.10270182291666667
454,Static,0.09928385416666667
455,Static,0.10221354166666667
456,Static,0.10188802083333333
457,Static,0.09716796875
458,Static,0.0986328125
459,Static,0.10139973958333333
460,Static,0.10416666666666667
461,Static,0.1015625
462,Static,0.10530598958333333
463,Static,0.10530598958333333
464,Static,0.09781901041666667
465,Static,0.09977213541666667
466,Static,0.11311848958333333
467,Static,0.10107421875
468,Static,0.10498046875
469,Static,0.10904947916666667
470,Static,0.10579427083333333
471,Static,0.10319010416666667
472,Static,0.10498046875
473,Static,0.09651692708333333
474,Static,0.10107421875
475,Static,0.10400390625
476,Static,0.10319010416666667
477,Static,0.10286458333333333
478,Static,0.10628255208333333
479,Static,0.1064453125
480,Static,0.11018880208333333
481,Static,0.11083984375
482,Static,0.10921223958333333
483,Static,0.11214192708333333
484,Static,0.10709635416666667
485,Static,0.10595703125
486,Static,0.1064453125
487,Static,0.10563151041666667
488,Static,0.10693359375
489,Static,0.103515625
490,Static,0.10432942708333333
491,Static,0.10205078125
492,Static,0.10709635416666667
493,Static,0.10074869791666667
494,Static,0.1025390625
495,Static,0.1005859375
496,Static,0.10009765625
497,Static,0.09781901041666667
498,Static,0.09977213541666667
499,Static,0.09912109375
500,Static,0.10367838541666667
501,Static,0.10546875
502,Static,0.10725911458333333
503,Static,0.10286458333333333
504,Static,0.10660807291666667
505,Static,0.10595703125
506,Static,0.10921223958333333
507,Static,0.10270182291666667
508,Static,0.09847005208333333
509,Static,0.10530598958333333
510,Static,0.10074869791666667
511,Static,0.1005859375
512,Static,0.10221354166666667
513,Static,0.10074869791666667
514,Static,0.10270182291666667
515,Static,0.10139973958333333
516,Static,0.107421875
517,Static,0.10465494791666667
518,Static,0.10009765625
519,Static,0.1064453125
520,Static,0.10823567708333333
521,Static,0.10384114583333333
522,Static,0.10416666666666667
523,Static,0.10628255208333333
524,Static,0.1044921875
525,Static,0.10205078125
526,Static,0.10595703125
527,Static,0.103515625
528,Static,0.1064453125
529,Static,0.10009765625
530,Static,0.11149088541666667
531,Static,0.10904947916666667
532,Static,0.10725911458333333
533,Static,0.103515625
534,Static,0.09716796875
535,Static,0.10188802083333333
536,Static,0.10416666666666667
537,Static,0.09912109375
538,Static,0.10188802083333333
539,Static,0.10693359375
540,Static,0.10237630208333333
541,Static,0.10498046875
542,Static,0.10693359375
543,Static,0.10677083333333333
544,Static,0.111328125
545,Static,0.10221354166666667
546,Static,0.10611979166666667
547,Static,0.10481770833333333
548,Static,0.10823567708333333
549,Static,0.11002604166666667
550,Static,0.10530598958333333
551,Static,0.10367838541666667
552,Static,0.1083984375
553,Static,0.10709635416666667
554,Static,0.103515625
555,Static,0.10400390625
556,Static,0.10221354166666667
557,Static,0.10139973958333333
558,Static,0.10514322916666667
559,Static,0.10123697916666667
560,Static,0.10286458333333333
561,Static,0.10514322916666667
562,Static,0.10367838541666667
563,Static,0.10286458333333333
564,Static,0.10335286458333333
565,Static,0.10432942708333333
566,Static,0.111328125
567,Static,0.10823567708333333
568,Static,0.10416666666666667
569,Static,0.10172526041666667
570,Static,0.10367838541666667
571,Static,0.10856119791666667
572,Static,0.10660807291666667
573,Static,0.10953776041666667
574,Static,0.10465494791666667
575,Static,0.10416666666666667
576,Static,0.10123697916666667
577,Static,0.09977213541666667
578,Static,0.09798177083333333
579,Static,0.10221354166666667
580,Static,0.10579427083333333
581,Static,0.10042317708333333
582,Static,0.10465494791666667
583,Static,0.0986328125
584,Static,0.10237630208333333
585,Static,0.10091145833333333
586,Static,0.10725911458333333
587,Static,0.10188802083333333
588,Static,0.09749348958333333
589,Static,0.10693359375
590,Static,0.10302734375
591,Static,0.09993489583333333
592,Static,0.10237630208333333
593,Static,0.10091145833333333
594,Static,0.10172526041666667
595,Static,0.10416666666666667
596,Static,0.10807291666666667
597,Static,0.10221354166666667
598,Static,0.10677083333333333
599,Static,0.10188802083333333
600,Static,0.09928385416666667
601,Static,0.1083984375
602,Static,0.10530598958333333
603,Static,0.10091145833333333
604,Static,0.09895833333333333
605,Static,0.10188802083333333
606,Static,0.1083984375
607,Static,0.10286458333333333
608,Static,0.1064453125
609,Static,0.10579427083333333
610,Static,0.10481770833333333
611,Static,0.10579427083333333
612,Static,0.1044921875
613,Static,0.10286458333333333
614,Static,0.1083984375
615,Static,0.10074869791666667
616,Static,0.10319010416666667
617,Static,0.10481770833333333
618,Static,0.10286458333333333
619,Static,0.10628255208333333
620,Static,0.10628255208333333
621,Static,0.10172526041666667
622,Static,0.10465494791666667
623,Static,0.0986328125
624,Static,0.1015625
625,Static,0.0966796875
626,Static,0.10205078125
627,Static,0.10384114583333333
628,Static,0.10319010416666667
629,Static,0.11051432291666667
630,Static,0.10758463541666667
631,Static,0.10660807291666667
632,Static,0.10384114583333333
633,Static,0.10302734375
634,Static,0.09944661458333333
635,Static,0.10286458333333333
636,Static,0.1064453125
637,Static,0.10677083333333333
638,Static,0.103515625
639,Static,0.11051432291666667
640,Static,0.10286458333333333
641,Static,0.11197916666666667
642,Static,0.10530598958333333
643,Static,0.10123697916666667
644,Static,0.10302734375
645,Static,0.10986328125
646,Static,0.10384114583333333
647,Static,0.1015625
648,Static,0.10384114583333333
649,Static,0.10807291666666667
650,Static,0.10595703125
651,Static,0.10872395833333333
652,Static,0.11328125
653,Static,0.107421875
654,Static,0.10498046875
655,Static,0.10530598958333333
656,Static,0.09830729166666667
657,Static,0.10091145833333333
658,Static,0.1044921875
659,Static,0.10123697916666667
660,Static,0.10970052083333333
661,Static,0.10270182291666667
662,Static,0.10872395833333333
663,Static,0.10856119791666667
664,Static,0.09765625
665,Static,0.10709635416666667
666,Static,0.09944661458333333
667,Static,0.1044921875
668,Static,0.10205078125
669,Static,0.1015625
670,Static,0.10709635416666667
671,Static,0.10725911458333333
672,Static,0.10432942708333333
673,Static,0.10791015625
674,Static,0.10758463541666667
675,Static,0.10546875
676,Static,0.10205078125
677,Static,0.1064453125
678,Static,0.10416666666666667
679,Static,0.10774739583333333
680,Static,0.10465494791666667
681,Static,0.09993489583333333
682,Static,0.10172526041666667
683,Static,0.10042317708333333
684,Static,0.10611979166666667
685,Static,0.10677083333333333
686,Static,0.10091145833333333
687,Static,0.10205078125
688,Static,0.10514322916666667
689,Static,0.10026041666666667
690,Static,0.10009765625
691,Static,0.095703125
692,Static,0.10074869791666667
693,Static,0.10026041666666667
694,Static,0.10514322916666667
695,Static,0.09554036458333333
696,Static,0.09830729166666667
697,Static,0.1064453125
698,Static,0.10791015625
699,Static,0.10384114583333333
700,Static,0.10335286458333333
701,Static,0.10384114583333333
702,Static,0.10237630208333333
703,Static,0.10302734375
704,Static,0.11116536458333333
705,Static,0.10221354166666667
706,Static,0.10709635416666667
707,Static,0.10677083333333333
708,Static,0.10595703125
709,Static,0.10139973958333333
710,Static,0.10693359375
711,Static,0.10123697916666667
712,Static,0.1015625
713,Static,0.1005859375
714,Static,0.10611979166666667
715,Static,0.10595703125
716,Static,0.10335286458333333
717,Static,0.10074869791666667
718,Static,0.10611979166666667
719,Static,0.10514322916666667
720,Static,0.10335286458333333
721,Static,0.10188802083333333
722,Static,0.10286458333333333
723,Static,0.10188802083333333
724,Static,0.10888671875
725,Static,0.11197916666666667
726,Static,0.10286458333333333
727,Static,0.10807291666666667
728,Static,0.10107421875
729,Static,0.10237630208333333
730,Static,0.10432942708333333
731,Static,0.10595703125
732,Static,0.10302734375
733,Static,0.10302734375
734,Static,0.10400390625
735,Static,0.11214192708333333
736,Static,0.1103515625
737,Static,0.10026041666666667
738,Static,0.10188802083333333
739,Static,0.10481770833333333
740,Static,0.10432942708333333
741,Static,0.10432942708333333
742,Static,0.103515625
743,Static,0.10628255208333333
744,Static,0.09993489583333333
745,Static,0.10546875
746,Static,0.10367838541666667
747,Static,0.10481770833333333
748,Static,0.09977213541666667
749,Static,0.10302734375
750,Static,0.10823567708333333
751,Static,0.10823567708333333
752,Static,0.10416666666666667
753,Static,0.10514322916666667
754,Static,0.10872395833333333
755,Static,0.10823567708333333
756,Static,0.1064453125
757,Static,0.095703125
758,Static,0.10221354166666667
759,Static,0.10205078125
760,Static,0.0947265625
761,Static,0.10498046875
762,Static,0.11018880208333333
763,Static,0.1064453125
764,Static,0.10986328125
765,Static,0.11116536458333333
766,Static,0.10188802083333333
767,Static,0.11197916666666667
768,Static,0.10563151041666667
769,Static,0.10221354166666667
770,Static,0.10498046875
771,Static,0.09847005208333333
772,Static,0.09814453125
773,Static,0.10563151041666667
774,Static,0.10302734375
775,Static,0.10139973958333333
776,Static,0.10530598958333333
777,Static,0.10139973958333333
778,Static,0.10888671875
779,Static,0.10823567708333333
780,Static,0.0986328125
781,Static,0.09456380208333333
782,Static,0.10774739583333333
783,Static,0.10384114583333333
784,Static,0.11100260416666667
785,Static,0.10872395833333333
786,Static,0.10693359375
787,Static,0.103515625
788,Static,0.10205078125
789,Static,0.099609375
790,Static,0.10432942708333333
791,Static,0.10367838541666667
792,Static,0.10188802083333333
793,Static,0.10042317708333333
794,Static,0.09993489583333333
795,Static,0.10986328125
796,Static,0.10400390625
797,Static,0.11116536458333333
798,Static,0.10579427083333333
799,Static,0.09977213541666667
800,Static,0.09423828125
801,Static,0.11165364583333333
802,Static,0.10270182291666667
803,Static,0.10628255208333333
804,Static,0.10758463541666667
805,Static,0.10530598958333333
806,Static,0.10579427083333333
807,Static,0.10823567708333333
808,Static,0.10481770833333333
809,Static,0.10335286458333333
810,Static,0.10237630208333333
811,Static,0.10498046875
812,Static,0.10416666666666667
813,Static,0.10416666666666667
814,Static,0.10319010416666667
815,Static,0.10042317708333333
816,Static,0.10009765625
817,Static,0.10335286458333333
818,Static,0.11067708333333333
819,Static,0.10074869791666667
820,Static,0.10123697916666667
821,Static,0.1123046875
822,Static,0.10563151041666667
823,Static,0.10172526041666667
824,Static,0.10286458333333333
825,Static,0.10563151041666667
826,Static,0.10302734375
827,Static,0.10286458333333333
828,Static,0.1005859375
829,Static,0.10725911458333333
830,Static,0.10921223958333333
831,Static,0.10319010416666667
832,Static,0.10286458333333333
833,Static,0.10319010416666667
834,Static,0.11409505208333333
835,Static,0.10628255208333333
836,Static,0.10400390625
837,Static,0.11376953125
838,Static,0.10237630208333333
839,Static,0.107421875
840,Static,0.10611979166666667
841,Static,0.10400390625
842,Static,0.10221354166666667
843,Static,0.10221354166666667
844,Static,0.107421875
845,Static,0.099609375
846,Static,0.10725911458333333
847,Static,0.10530598958333333
848,Static,0.10888671875
849,Static,0.109375
850,Static,0.10498046875
851,Static,0.0986328125
852,Static,0.10172526041666667
853,Static,0.09944661458333333
854,Static,0.09781901041666667
855,Static,0.10465494791666667
856,Static,0.10188802083333333
857,Static,0.10888671875
858,Static,0.10074869791666667
859,Static,0.10205078125
860,Static,0.10335286458333333
861,Static,0.1064453125
862,Static,0.10904947916666667
863,Static,0.10595703125
864,Static,0.10856119791666667
865,Static,0.10677083333333333
866,Static,0.10856119791666667
867,Static,0.10774739583333333
868,Static,0.11197916666666667
869,Static,0.10546875
870,Static,0.1064453125
871,Static,0.10563151041666667
872,Static,0.10221354166666667
873,Static,0.10807291666666667
874,Static,0.10400390625
875,Static,0.10384114583333333
876,Static,0.10514322916666667
877,Static,0.10416666666666667
878,Static,0.11263020833333333
879,Static,0.10546875
880,Static,0.11246744791666667
881,Static,0.10026041666666667
882,Static,0.1083984375
883,Static,0.10970052083333333
884,Static,0.10611979166666667
885,Static,0.10823567708333333
886,Static,0.10872395833333333
887,Static,0.11002604166666667
888,Static,0.10563151041666667
889,Static,0.10579427083333333
890,Static,0.10465494791666667
891,Static,0.10904947916666667
892,Static,0.115234375
893,Static,0.10270182291666667
894,Static,0.10205078125
895,Static,0.10660807291666667
896,Static,0.11393229166666667
897,Static,0.10286458333333333
898,Static,0.10611979166666667
899,Static,0.09928385416666667
900,Static,0.10546875
901,Static,0.11051432291666667
902,Static,0.09912109375
903,Static,0.10611979166666667
904,Static,0.10514322916666667
905,Static,0.10465494791666667
906,Static,0.10693359375
907,Static,0.1025390625
908,Static,0.1103515625
909,Static,0.11393229166666667
910,Static,0.107421875
911,Static,0.10514322916666667
912,Static,0.10709635416666667
913,Static,0.10530598958333333
914,Static,0.10400390625
915,Static,0.10693359375
916,Static,0.10725911458333333
917,Static,0.10091145833333333
918,Static,0.10530598958333333
919,Static,0.10139973958333333
920,Static,0.10888671875
921,Static,0.10774739583333333
922,Static,0.11197916666666667
923,Static,0.11214192708333333
924,Static,0.11263020833333333
925,Static,0.109375
926,Static,0.11100260416666667
927,Static,0.10904947916666667
928,Static,0.10677083333333333
929,Static,0.1025390625
930,Static,0.1044921875
931,Static,0.10465494791666667
932,Static,0.10139973958333333
933,Static,0.10693359375
934,Static,0.10921223958333333
935,Static,0.10498046875
936,Static,0.10432942708333333
937,Static,0.10432942708333333
938,Static,0.10758463541666667
939,Static,0.10628255208333333
940,Static,0.10172526041666667
941,Static,0.10660807291666667
942,Static,0.10400390625
943,Static,0.11181640625
944,Static,0.11311848958333333
945,Static,0.10416666666666667
946,Static,0.107421875
947,Static,0.1064453125
948,Static,0.109375
949,Static,0.10123697916666667
950,Static,0.10823567708333333
951,Static,0.1083984375
952,Static,0.10677083333333333
953,Static,0.10823567708333333
954,Static,0.10530598958333333
955,Static,0.10595703125
956,Static,0.10904947916666667
957,Static,0.1044921875
958,Static,0.10579427083333333
959,Static,0.10856119791666667
960,Static,0.10791015625
961,Static,0.103515625
962,Static,0.10579427083333333
963,Static,0.1162109375
964,Static,0.10107421875
965,Static,0.11442057291666667
966,Static,0.10237630208333333
967,Static,0.1123046875
968,Static,0.10628255208333333
969,Static,0.10872395833333333
970,Static,0.10579427083333333
971,Static,0.11116536458333333
972,Static,0.1064453125
973,Static,0.10367838541666667
974,Static,0.1015625
975,Static,0.1044921875
976,Static,0.1015625
977,Static,0.10498046875
978,Static,0.10921223958333333
979,Static,0.10498046875
980,Static,0.10221354166666667
981,Static,0.10384114583333333
982,Static,0.10725911458333333
983,Static,0.1025390625
984,Static,0.1025390625
985,Static,0.10221354166666667
986,Static,0.10823567708333333
987,Static,0.10677083333333333
988,Static,0.10709635416666667
989,Static,0.10660807291666667
990,Static,0.10807291666666667
991,Static,0.11002604166666667
992,Static,0.10660807291666667
993,Static,0.11328125
994,Static,0.10384114583333333
995,Static,0.10188802083333333
996,Static,0.09521484375
997,Static,0.09895833333333333
998,Static,0.09814453125
999,Static,0.10026041666666667
1000,Static,0.10579427083333333
1001,Static,0.1083984375
1002,Static,0.10530598958333333
1003,Static,0.10628255208333333
1004,Static,0.11165364583333333
1005,Static,0.11263020833333333
1006,Static,0.10205078125
1007,Static,0.10139973958333333
1008,Static,0.1044921875
1009,Static,0.10579427083333333
1010,Static,0.109375
1011,Static,0.10400390625
1012,Static,0.10205078125
1013,Static,0.10856119791666667
1014,Static,0.1064453125
1015,Static,0.11344401041666667
1016,Static,0.10660807291666667
1017,Static,0.10286458333333333
1018,Static,0.0966796875
1019,Static,0.09651692708333333
1020,Static,0.10107421875
1021,Static,0.09342447916666667
1022,Static,0.109375
1023,Static,0.10302734375
3,LRU,0.15413411458333334
4,LRU,0.14322916666666666
5,LRU,0.12451171875
6,LRU,0.12532552083333334
7,LRU,0.15901692708333334
8,LRU,0.13004557291666666
9,LRU,0.12255859375
10,LRU,0.12418619791666667
11,LRU,0.15380859375
12,LRU,0.12744140625
13,LRU,0.12711588541666666
14,LRU,0.12939453125
15,LRU,0.15266927083333334
16,LRU,0.1318359375
17,LRU,0.1318359375
18,LRU,0.12483723958333333
19,LRU,0.17106119791666666
20,LRU,0.14453125
21,LRU,0.13541666666666666
22,LRU,0.13313802083333334
23,LRU,0.16569010416666666
24,LRU,0.13346354166666666
25,LRU,0.13932291666666666
26,LRU,0.13069661458333334
27,LRU,0.17626953125
28,LRU,0.13997395833333334
29,LRU,0.13069661458333334
30,LRU,0.12320963541666667
31,LRU,0.15852864583333334
32,LRU,0.13557942708333334
33,LRU,0.13248697916666666
34,LRU,0.126953125
35,LRU,0.15625
36,LRU,0.13899739583333334
37,LRU,0.13557942708333334
38,LRU,0.12467447916666667
39,LRU,0.16129557291666666
40,LRU,0.13216145833333334
41,LRU,0.11653645833333333
42,LRU,0.12516276041666666
43,LRU,0.1611328125
44,LRU,0.134765625
45,LRU,0.13704427083333334
46,LRU,0.13069661458333334
47,LRU,0.15494791666666666
48,LRU,0.12174479166666667
49,LRU,0.12418619791666667
50,LRU,0.12076822916666667
51,LRU,0.16064453125
52,LRU,0.14274088541666666
53,LRU,0.12906901041666666
54,LRU,0.13509114583333334
55,LRU,0.16943359375
56,LRU,0.14176432291666666
57,LRU,0.13981119791666666
58,LRU,0.13639322916666666
59,LRU,0.15869140625
60,LRU,0.13362630208333334
61,LRU,0.130859375
62,LRU,0.12434895833333333
63,LRU,0.15348307291666666
64,LRU,0.12565104166666666
65,LRU,0.123046875
66,LRU,0.12906901041666666
67,LRU,0.16276041666666666
68,LRU,0.1337890625
69,LRU,0.12581380208333334
70,LRU,0.12272135416666667
71,LRU,0.16162109375
72,LRU,0.13411458333333334
73,LRU,0.12858072916666666
74,LRU,0.12727864583333334
75,LRU,0.16276041666666666
76,LRU,0.13802083333333334
77,LRU,0.13688151041666666
78,LRU,0.13362630208333334
79,LRU,0.17024739583333334
80,LRU,0.1396484375
81,LRU,0.14111328125
82,LRU,0.13688151041666666
83,LRU,0.16178385416666666
84,LRU,0.13411458333333334
85,LRU,0.13916015625
86,LRU,0.13264973958333334
87,LRU,0.15641276041666666
88,LRU,0.1357421875
89,LRU,0.12874348958333334
90,LRU,0.12451171875
91,LRU,0.1630859375
92,LRU,0.13037109375
93,LRU,0.12858072916666666
94,LRU,0.12711588541666666
95,LRU,0.17578125
96,LRU,0.13362630208333334
97,LRU,0.13444010416666666
98,LRU,0.13509114583333334
99,LRU,0.15755208333333334
100,LRU,0.13395182291666666
101,LRU,0.12662760416666666
102,LRU,0.13102213541666666
103,LRU,0.16682942708333334
104,LRU,0.13427734375
105,LRU,0.13102213541666666
106,LRU,0.13216145833333334
107,LRU,0.15836588541666666
108,LRU,0.13151041666666666
109,LRU,0.13655598958333334
110,LRU,0.12662760416666666
111,LRU,0.15966796875
112,LRU,0.14290364583333334
113,LRU,0.1318359375
114,LRU,0.12027994791666667
115,LRU,0.16748046875
116,LRU,0.14534505208333334
117,LRU,0.14225260416666666
118,LRU,0.14322916666666666
119,LRU,0.17252604166666666
120,LRU,0.13997395833333334
121,LRU,0.14306640625
122,LRU,0.140625
123,LRU,0.17057291666666666
124,LRU,0.14143880208333334
125,LRU,0.13606770833333334
126,LRU,0.13427734375
127,LRU,0.16357421875
128,LRU,0.14664713541666666
129,LRU,0.14599609375
130,LRU,0.13671875
131,LRU,0.1669921875
132,LRU,0.13427734375
133,LRU,0.13948567708333334
134,LRU,0.12565104166666666
135,LRU,0.16536458333333334
136,LRU,0.13639322916666666
137,LRU,0.1357421875
138,LRU,0.13818359375
139,LRU,0.16780598958333334
140,LRU,0.1416015625
141,LRU,0.13134765625
142,LRU,0.12662760416666666
143,LRU,0.16569010416666666
144,LRU,0.142578125
145,LRU,0.12955729166666666
146,LRU,0.12255859375
147,LRU,0.162109375
148,LRU,0.1337890625
149,LRU,0.14241536458333334
150,LRU,0.13134765625
151,LRU,0.16031901041666666
152,LRU,0.13134765625
153,LRU,0.1318359375
154,LRU,0.12613932291666666
155,LRU,0.16796875
156,LRU,0.14225260416666666
157,LRU,0.13118489583333334
158,LRU,0.13069661458333334
159,LRU,0.16292317708333334
160,LRU,0.13720703125
161,LRU,0.12418619791666667
162,LRU,0.13655598958333334
163,LRU,0.16341145833333334
164,LRU,0.13916015625
165,LRU,0.12141927083333333
166,LRU,0.13297526041666666
167,LRU,0.15413411458333334
168,LRU,0.13753255208333334
169,LRU,0.12353515625
170,LRU,0.12711588541666666
171,LRU,0.15690104166666666
172,LRU,0.13639322916666666
173,LRU,0.13037109375
174,LRU,0.13411458333333334
175,LRU,0.16227213541666666
176,LRU,0.14274088541666666
177,LRU,0.13134765625
178,LRU,0.1337890625
179,LRU,0.16666666666666666
180,LRU,0.138671875
181,LRU,0.13427734375
182,LRU,0.130859375
183,LRU,0.16194661458333334
184,LRU,0.13557942708333334
185,LRU,0.134765625
186,LRU,0.13118489583333334
187,LRU,0.15934244791666666
188,LRU,0.1259765625
189,LRU,0.12841796875
190,LRU,0.12255859375
191,LRU,0.15641276041666666
192,LRU,0.13118489583333334
193,LRU,0.12874348958333334
194,LRU,0.12744140625
195,LRU,0.15885416666666666
196,LRU,0.12955729166666666
197,LRU,0.13037109375
198,LRU,0.13297526041666666
199,LRU,0.15592447916666666
200,LRU,0.1337890625
201,LRU,0.13053385416666666
202,LRU,0.12890625
203,LRU,0.16178385416666666
204,LRU,0.1474609375
205,LRU,0.14322916666666666
206,LRU,0.14143880208333334
207,LRU,0.16097005208333334
208,LRU,0.140625
209,LRU,0.12939453125
210,LRU,0.1357421875
211,LRU,0.15234375
212,LRU,0.13834635416666666
213,LRU,0.13346354166666666
214,LRU,0.1298828125
215,LRU,0.16666666666666666
216,LRU,0.1337890625
217,LRU,0.13216145833333334
218,LRU,0.12776692708333334
219,LRU,0.16731770833333334
220,LRU,0.13297526041666666
221,LRU,0.13037109375
222,LRU,0.12955729166666666
223,LRU,0.16682942708333334
224,LRU,0.13916015625
225,LRU,0.13020833333333334
226,LRU,0.12516276041666666
227,LRU,0.1533203125
228,LRU,0.13639322916666666
229,LRU,0.13346354166666666
230,LRU,0.12516276041666666
231,LRU,0.16080729166666666
232,LRU,0.14046223958333334
233,LRU,0.13460286458333334
234,LRU,0.12662760416666666
235,LRU,0.15966796875
236,LRU,0.13037109375
237,LRU,0.12516276041666666
238,LRU,0.11832682291666667
239,LRU,0.17415364583333334
240,LRU,0.13199869791666666
241,LRU,0.1328125
242,LRU,0.1396484375
243,LRU,0.162109375
244,LRU,0.13916015625
245,LRU,0.13346354166666666
246,LRU,0.1201171875
247,LRU,0.15364583333333334
248,LRU,0.13020833333333334
249,LRU,0.13134765625
250,LRU,0.11507161458333333
251,LRU,0.15999348958333334
252,LRU,0.13509114583333334
253,LRU,0.12679036458333334
254,LRU,0.13655598958333334
255,LRU,0.16438802083333334
256,LRU,0.13264973958333334
257,LRU,0.13606770833333334
258,LRU,0.13671875
259,LRU,0.18587239583333334
260,LRU,0.14420572916666666
261,LRU,0.12939453125
262,LRU,0.13916015625
263,LRU,0.16617838541666666
264,LRU,0.14778645833333334
265,LRU,0.13020833333333334
266,LRU,0.11930338541666667
267,LRU,0.1689453125
268,LRU,0.1328125
269,LRU,0.13460286458333334
270,LRU,0.12906901041666666
271,LRU,0.1640625
272,LRU,0.14290364583333334
273,LRU,0.12679036458333334
274,LRU,0.1240234375
275,LRU,0.16259765625
276,LRU,0.13248697916666666
277,LRU,0.13004557291666666
278,LRU,0.12874348958333334
279,LRU,0.16455078125
280,LRU,0.14713541666666666
281,LRU,0.13444010416666666
282,LRU,0.12841796875
283,LRU,0.16927083333333334
284,LRU,0.13541666666666666
285,LRU,0.13671875
286,LRU,0.13037109375
287,LRU,0.16861979166666666
288,LRU,0.13834635416666666
289,LRU,0.13720703125
290,LRU,0.13232421875
291,LRU,0.16129557291666666
292,LRU,0.12809244791666666
293,LRU,0.12630208333333334
294,LRU,0.13264973958333334
295,LRU,0.15608723958333334
296,LRU,0.12841796875
297,LRU,0.12516276041666666
298,LRU,0.12581380208333334
299,LRU,0.16715494791666666
300,LRU,0.13785807291666666
301,LRU,0.13444010416666666
302,LRU,0.13655598958333334
303,LRU,0.17757161458333334
304,LRU,0.13606770833333334
305,LRU,0.1318359375
306,LRU,0.13525390625
307,LRU,0.16178385416666666
308,LRU,0.13395182291666666
309,LRU,0.14176432291666666
310,LRU,0.12418619791666667
311,LRU,0.16048177083333334
312,LRU,0.13248697916666666
313,LRU,0.12760416666666666
314,LRU,0.13297526041666666
315,LRU,0.16227213541666666
316,LRU,0.1328125
317,LRU,0.12858072916666666
318,LRU,0.13248697916666666
319,LRU,0.169921875
320,LRU,0.12841796875
321,LRU,0.12858072916666666
322,LRU,0.12239583333333333
323,LRU,0.15852864583333334
324,LRU,0.13606770833333334
325,LRU,0.13948567708333334
326,LRU,0.13216145833333334
327,LRU,0.1669921875
328,LRU,0.13818359375
329,LRU,0.13492838541666666
330,LRU,0.13346354166666666
331,LRU,0.17252604166666666
332,LRU,0.13590494791666666
333,LRU,0.134765625
334,LRU,0.125
335,LRU,0.15869140625
336,LRU,0.13916015625
337,LRU,0.1337890625
338,LRU,0.12939453125
339,LRU,0.15657552083333334
340,LRU,0.12955729166666666
341,LRU,0.12727864583333334
342,LRU,0.13037109375
343,LRU,0.16764322916666666
344,LRU,0.13623046875
345,LRU,0.14290364583333334
346,LRU,0.13948567708333334
347,LRU,0.16943359375
348,LRU,0.13492838541666666
349,LRU,0.13753255208333334
350,LRU,0.13655598958333334
351,LRU,0.158203125
352,LRU,0.13216145833333334
353,LRU,0.1298828125
354,LRU,0.13020833333333334
355,LRU,0.16780598958333334
356,LRU,0.13850911458333334
357,LRU,0.1318359375
358,LRU,0.13704427083333334
359,LRU,0.15787760416666666
360,LRU,0.13720703125
361,LRU,0.13020833333333334
362,LRU,0.13118489583333334
363,LRU,0.17122395833333334
364,LRU,0.14078776041666666
365,LRU,0.13232421875
366,LRU,0.14322916666666666
367,LRU,0.16666666666666666
368,LRU,0.12809244791666666
369,LRU,0.13395182291666666
370,LRU,0.13362630208333334
371,LRU,0.16487630208333334
372,LRU,0.14029947916666666
373,LRU,0.1435546875
374,LRU,0.13753255208333334
375,LRU,0.15852864583333334
376,LRU,0.13736979166666666
377,LRU,0.13460286458333334
378,LRU,0.1259765625
379,LRU,0.16162109375
380,LRU,0.1240234375
381,LRU,0.13069661458333334
382,LRU,0.12548828125
383,LRU,0.17317708333333334
384,LRU,0.13346354166666666
385,LRU,0.11979166666666667
386,LRU,0.12679036458333334
387,LRU,0.16731770833333334
388,LRU,0.13932291666666666
389,LRU,0.13802083333333334
390,LRU,0.13330078125
391,LRU,0.16243489583333334
392,LRU,0.14567057291666666
393,LRU,0.13590494791666666
394,LRU,0.13492838541666666
395,LRU,0.16552734375
396,LRU,0.1376953125
397,LRU,0.13850911458333334
398,LRU,0.13639322916666666
399,LRU,0.15494791666666666
400,LRU,0.13606770833333334
401,LRU,0.13069661458333334
402,LRU,0.12874348958333334
403,LRU,0.16796875
404,LRU,0.13199869791666666
405,LRU,0.13899739583333334
406,LRU,0.13053385416666666
407,LRU,0.1591796875
408,LRU,0.14078776041666666
409,LRU,0.1376953125
410,LRU,0.13248697916666666
411,LRU,0.17919921875
412,LRU,0.14860026041666666
413,LRU,0.14029947916666666
414,LRU,0.13313802083333334
415,LRU,0.16796875
416,LRU,0.13932291666666666
417,LRU,0.13557942708333334
418,LRU,0.13671875
419,LRU,0.15885416666666666
420,LRU,0.13427734375
421,LRU,0.13346354166666666
422,LRU,0.12955729166666666
423,LRU,0.17252604166666666
424,LRU,0.12679036458333334
425,LRU,0.13151041666666666
426,LRU,0.13053385416666666
427,LRU,0.16227213541666666
428,LRU,0.13883463541666666
429,LRU,0.13297526041666666
430,LRU,0.13785807291666666
431,LRU,0.16666666666666666
432,LRU,0.13753255208333334
433,LRU,0.13997395833333334
434,LRU,0.1298828125
435,LRU,0.16813151041666666
436,LRU,0.14990234375
437,LRU,0.13834635416666666
438,LRU,0.13932291666666666
439,LRU,0.16829427083333334
440,LRU,0.14339192708333334
441,LRU,0.13932291666666666
442,LRU,0.13883463541666666
443,LRU,0.17171223958333334
444,LRU,0.14680989583333334
445,LRU,0.13688151041666666
446,LRU,0.13655598958333334
447,LRU,0.1669921875
448,LRU,0.13753255208333334
449,LRU,0.13492838541666666
450,LRU,0.13704427083333334
451,LRU,0.17333984375
452,LRU,0.15462239583333334
453,LRU,0.13606770833333334
454,LRU,0.14078776041666666
455,LRU,0.17822265625
456,LRU,0.154296875
457,LRU,0.13753255208333334
458,LRU,0.14192708333333334
459,LRU,0.17838541666666666
460,LRU,0.13997395833333334
461,LRU,0.14290364583333334
462,LRU,0.14339192708333334
463,LRU,0.1708984375
464,LRU,0.13444010416666666
465,LRU,0.138671875
466,LRU,0.14957682291666666
467,LRU,0.17789713541666666
468,LRU,0.14306640625
469,LRU,0.14599609375
470,LRU,0.14957682291666666
471,LRU,0.17220052083333334
472,LRU,0.15185546875
473,LRU,0.14192708333333334
474,LRU,0.14095052083333334
475,LRU,0.177734375
476,LRU,0.14680989583333334
477,LRU,0.14453125
478,LRU,0.138671875
479,LRU,0.17708333333333334
480,LRU,0.15804036458333334
481,LRU,0.14713541666666666
482,LRU,0.14973958333333334
483,LRU,0.17024739583333334
484,LRU,0.14013671875
485,LRU,0.13834635416666666
486,LRU,0.12874348958333334
487,LRU,0.1728515625
488,LRU,0.14680989583333334
489,LRU,0.14436848958333334
490,LRU,0.14534505208333334
491,LRU,0.17317708333333334
492,LRU,0.14811197916666666
493,LRU,0.14192708333333334
494,LRU,0.14436848958333334
495,LRU,0.16959635416666666
496,LRU,0.138671875
497,LRU,0.13004557291666666
498,LRU,0.1357421875
499,LRU,0.1640625
500,LRU,0.13932291666666666
501,LRU,0.12727864583333334
502,LRU,0.13395182291666666
503,LRU,0.16129557291666666
504,LRU,0.13509114583333334
505,LRU,0.13883463541666666
506,LRU,0.13802083333333334
507,LRU,0.16634114583333334
508,LRU,0.13232421875
509,LRU,0.13899739583333334
510,LRU,0.13346354166666666
511,LRU,0.16357421875
512,LRU,0.13688151041666666
513,LRU,0.13948567708333334
514,LRU,0.13948567708333334
515,LRU,0.17122395833333334
516,LRU,0.14453125
517,LRU,0.13802083333333334
518,LRU,0.13395182291666666
519,LRU,0.16536458333333334
520,LRU,0.13557942708333334
521,LRU,0.1279296875
522,LRU,0.13411458333333334
523,LRU,0.16471354166666666
524,LRU,0.13688151041666666
525,LRU,0.13199869791666666
526,LRU,0.1435546875
527,LRU,0.16455078125
528,LRU,0.14127604166666666
529,LRU,0.13736979166666666
530,LRU,0.13948567708333334
531,LRU,0.171875
532,LRU,0.14518229166666666
533,LRU,0.13216145833333334
534,LRU,0.12906901041666666
535,LRU,0.17024739583333334
536,LRU,0.13818359375
537,LRU,0.12955729166666666
538,LRU,0.1376953125
539,LRU,0.1669921875
540,LRU,0.13541666666666666
541,LRU,0.13916015625
542,LRU,0.14143880208333334
543,LRU,0.17154947916666666
544,LRU,0.1484375
545,LRU,0.13736979166666666
546,LRU,0.13932291666666666
547,LRU,0.16943359375
548,LRU,0.1533203125
549,LRU,0.14811197916666666
550,LRU,0.14420572916666666
551,LRU,0.17887369791666666
552,LRU,0.14192708333333334
553,LRU,0.14013671875
554,LRU,0.13802083333333334
555,LRU,0.17301432291666666
556,LRU,0.13883463541666666
557,LRU,0.13590494791666666
558,LRU,0.1328125
559,LRU,0.16943359375
560,LRU,0.14388020833333334
561,LRU,0.14274088541666666
562,LRU,0.13362630208333334
563,LRU,0.16520182291666666
564,LRU,0.13444010416666666
565,LRU,0.12744140625
566,LRU,0.1357421875
567,LRU,0.16487630208333334
568,LRU,0.14078776041666666
569,LRU,0.1318359375
570,LRU,0.13395182291666666
571,LRU,0.16975911458333334
572,LRU,0.14208984375
573,LRU,0.13785807291666666
574,LRU,0.13167317708333334
575,LRU,0.16927083333333334
576,LRU,0.13850911458333334
577,LRU,0.13427734375
578,LRU,0.12646484375
579,LRU,0.16731770833333334
580,LRU,0.142578125
581,LRU,0.13606770833333334
582,LRU,0.13932291666666666
583,LRU,0.17008463541666666
584,LRU,0.14583333333333334
585,LRU,0.13802083333333334
586,LRU,0.14176432291666666
587,LRU,0.17447916666666666
588,LRU,0.13720703125
589,LRU,0.13704427083333334
590,LRU,0.13069661458333334
591,LRU,0.17171223958333334
592,LRU,0.14713541666666666
593,LRU,0.13346354166666666
594,LRU,0.13541666666666666
595,LRU,0.169921875
596,LRU,0.14925130208333334
597,LRU,0.13899739583333334
598,LRU,0.14127604166666666
599,LRU,0.16536458333333334
600,LRU,0.1357421875
601,LRU,0.13850911458333334
602,LRU,0.13736979166666666
603,LRU,0.16097005208333334
604,LRU,0.13248697916666666
605,LRU,0.13362630208333334
606,LRU,0.1318359375
607,LRU,0.1650390625
608,LRU,0.1416015625
609,LRU,0.13118489583333334
610,LRU,0.12841796875
611,LRU,0.16666666666666666
612,LRU,0.14469401041666666
613,LRU,0.13362630208333334
614,LRU,0.14046223958333334
615,LRU,0.171875
616,LRU,0.1455078125
617,LRU,0.14501953125
618,LRU,0.13736979166666666
619,LRU,0.17789713541666666
620,LRU,0.14664713541666666
621,LRU,0.14501953125
622,LRU,0.13444010416666666
623,LRU,0.17008463541666666
624,LRU,0.13997395833333334
625,LRU,0.12906901041666666
626,LRU,0.13427734375
627,LRU,0.1669921875
628,LRU,0.14029947916666666
629,LRU,0.1484375
630,LRU,0.14143880208333334
631,LRU,0.17041015625
632,LRU,0.14453125
633,LRU,0.142578125
634,LRU,0.14290364583333334
635,LRU,0.17610677083333334
636,LRU,0.14485677083333334
637,LRU,0.14095052083333334
638,LRU,0.14632161458333334
639,LRU,0.17854817708333334
640,LRU,0.13330078125
641,LRU,0.14485677083333334
642,LRU,0.13427734375
643,LRU,0.17154947916666666
644,LRU,0.14208984375
645,LRU,0.1396484375
646,LRU,0.12939453125
647,LRU,0.1748046875
648,LRU,0.14469401041666666
649,LRU,0.14697265625
650,LRU,0.14290364583333334
651,LRU,0.18098958333333334
652,LRU,0.15087890625
653,LRU,0.14322916666666666
654,LRU,0.13883463541666666
655,LRU,0.18033854166666666
656,LRU,0.14420572916666666
657,LRU,0.13623046875
658,LRU,0.13623046875
659,LRU,0.17220052083333334
660,LRU,0.15120442708333334
661,LRU,0.140625
662,LRU,0.14404296875
663,LRU,0.1796875
664,LRU,0.13623046875
665,LRU,0.14583333333333334
666,LRU,0.12776692708333334
667,LRU,0.16438802083333334
668,LRU,0.13492838541666666
669,LRU,0.13639322916666666
670,LRU,0.14306640625
671,LRU,0.18050130208333334
672,LRU,0.14664713541666666
673,LRU,0.14485677083333334
674,LRU,0.14046223958333334
675,LRU,0.16682942708333334
676,LRU,0.13850911458333334
677,LRU,0.13736979166666666
678,LRU,0.14241536458333334
679,LRU,0.17561848958333334
680,LRU,0.14729817708333334
681,LRU,0.13850911458333334
682,LRU,0.13395182291666666
683,LRU,0.1669921875
684,LRU,0.13899739583333334
685,LRU,0.14143880208333334
686,LRU,0.13216145833333334
687,LRU,0.16422526041666666
688,LRU,0.146484375
689,LRU,0.13525390625
690,LRU,0.13216145833333334
691,LRU,0.16975911458333334
692,LRU,0.14371744791666666
693,LRU,0.13199869791666666
694,LRU,0.1357421875
695,LRU,0.1708984375
696,LRU,0.14225260416666666
697,LRU,0.14241536458333334
698,LRU,0.14908854166666666
699,LRU,0.16748046875
700,LRU,0.13916015625
701,LRU,0.13850911458333334
702,LRU,0.1328125
703,LRU,0.1630859375
704,LRU,0.13997395833333334
705,LRU,0.13916015625
706,LRU,0.13362630208333334
707,LRU,0.171875
708,LRU,0.14225260416666666
709,LRU,0.13264973958333334
710,LRU,0.13899739583333334
711,LRU,0.1708984375
712,LRU,0.14111328125
713,LRU,0.1279296875
714,LRU,0.12825520833333334
715,LRU,0.1767578125
716,LRU,0.1484375
717,LRU,0.13362630208333334
718,LRU,0.14208984375
719,LRU,0.17366536458333334
720,LRU,0.13916015625
721,LRU,0.13736979166666666
722,LRU,0.13655598958333334
723,LRU,0.16813151041666666
724,LRU,0.14485677083333334
725,LRU,0.14860026041666666
726,LRU,0.13671875
727,LRU,0.16861979166666666
728,LRU,0.13639322916666666
729,LRU,0.13053385416666666
730,LRU,0.1328125
731,LRU,0.16943359375
732,LRU,0.13753255208333334
733,LRU,0.1435546875
734,LRU,0.14078776041666666
735,LRU,0.17138671875
736,LRU,0.14534505208333334
737,LRU,0.13623046875
738,LRU,0.14469401041666666
739,LRU,0.17708333333333334
740,LRU,0.13541666666666666
741,LRU,0.14241536458333334
742,LRU,0.13834635416666666
743,LRU,0.16194661458333334
744,LRU,0.134765625
745,LRU,0.13736979166666666
746,LRU,0.13330078125
747,LRU,0.16943359375
748,LRU,0.13118489583333334
749,LRU,0.13411458333333334
750,LRU,0.12727864583333334
751,LRU,0.17220052083333334
752,LRU,0.14208984375
753,LRU,0.14322916666666666
754,LRU,0.14143880208333334
755,LRU,0.16682942708333334
756,LRU,0.13932291666666666
757,LRU,0.12727864583333334
758,LRU,0.13525390625
759,LRU,0.17610677083333334
760,LRU,0.126953125
761,LRU,0.13671875
762,LRU,0.13037109375
763,LRU,0.16422526041666666
764,LRU,0.14501953125
765,LRU,0.13395182291666666
766,LRU,0.1318359375
767,LRU,0.17919921875
768,LRU,0.14046223958333334
769,LRU,0.14095052083333334
770,LRU,0.13102213541666666
771,LRU,0.16748046875
772,LRU,0.13606770833333334
773,LRU,0.1455078125
774,LRU,0.14388020833333334
775,LRU,0.17236328125
776,LRU,0.14176432291666666
777,LRU,0.14225260416666666
778,LRU,0.14436848958333334
779,LRU,0.17919921875
780,LRU,0.1435546875
781,LRU,0.1376953125
782,LRU,0.14306640625
783,LRU,0.17740885416666666
784,LRU,0.14420572916666666
785,LRU,0.14208984375
786,LRU,0.14143880208333334
787,LRU,0.18912760416666666
788,LRU,0.15152994791666666
789,LRU,0.14697265625
790,LRU,0.14892578125
791,LRU,0.17692057291666666
792,LRU,0.14713541666666666
793,LRU,0.13460286458333334
794,LRU,0.12858072916666666
795,LRU,0.18343098958333334
796,LRU,0.14290364583333334
797,LRU,0.1435546875
798,LRU,0.14143880208333334
799,LRU,0.17106119791666666
800,LRU,0.13997395833333334
801,LRU,0.14143880208333334
802,LRU,0.14192708333333334
803,LRU,0.17724609375
804,LRU,0.15690104166666666
805,LRU,0.14876302083333334
806,LRU,0.14095052083333334
807,LRU,0.17805989583333334
808,LRU,0.14420572916666666
809,LRU,0.13736979166666666
810,LRU,0.13004557291666666
811,LRU,0.18294270833333334
812,LRU,0.13997395833333334
813,LRU,0.14095052083333334
814,LRU,0.13411458333333334
815,LRU,0.17919921875
816,LRU,0.14143880208333334
817,LRU,0.14436848958333334
818,LRU,0.15071614583333334
819,LRU,0.16861979166666666
820,LRU,0.13850911458333334
821,LRU,0.14762369791666666
822,LRU,0.14095052083333334
823,LRU,0.16861979166666666
824,LRU,0.14241536458333334
825,LRU,0.13981119791666666
826,LRU,0.13981119791666666
827,LRU,0.17447916666666666
828,LRU,0.1416015625
829,LRU,0.142578125
830,LRU,0.15071614583333334
831,LRU,0.16422526041666666
832,LRU,0.14420572916666666
833,LRU,0.13557942708333334
834,LRU,0.13590494791666666
835,LRU,0.17220052083333334
836,LRU,0.1435546875
837,LRU,0.15152994791666666
838,LRU,0.13753255208333334
839,LRU,0.1669921875
840,LRU,0.13671875
841,LRU,0.13427734375
842,LRU,0.1318359375
843,LRU,0.16617838541666666
844,LRU,0.14111328125
845,LRU,0.13037109375
846,LRU,0.13802083333333334
847,LRU,0.17919921875
848,LRU,0.15641276041666666
849,LRU,0.150390625
850,LRU,0.14241536458333334
851,LRU,0.16162109375
852,LRU,0.14241536458333334
853,LRU,0.1357421875
854,LRU,0.13671875
855,LRU,0.16617838541666666
856,LRU,0.14013671875
857,LRU,0.13948567708333334
858,LRU,0.13655598958333334
859,LRU,0.17122395833333334
860,LRU,0.1396484375
861,LRU,0.13834635416666666
862,LRU,0.140625
863,LRU,0.1796875
864,LRU,0.14339192708333334
865,LRU,0.13151041666666666
866,LRU,0.13834635416666666
867,LRU,0.17399088541666666
868,LRU,0.154296875
869,LRU,0.14567057291666666
870,LRU,0.14632161458333334
871,LRU,0.17317708333333334
872,LRU,0.13509114583333334
873,LRU,0.14518229166666666
874,LRU,0.13557942708333334
875,LRU,0.16731770833333334
876,LRU,0.14583333333333334
877,LRU,0.13623046875
878,LRU,0.14876302083333334
879,LRU,0.16796875
880,LRU,0.15348307291666666
881,LRU,0.13623046875
882,LRU,0.1376953125
883,LRU,0.17041015625
884,LRU,0.14436848958333334
885,LRU,0.14973958333333334
886,LRU,0.14388020833333334
887,LRU,0.17041015625
888,LRU,0.140625
889,LRU,0.13850911458333334
890,LRU,0.13704427083333334
891,LRU,0.16959635416666666
892,LRU,0.14811197916666666
893,LRU,0.13151041666666666
894,LRU,0.12125651041666667
895,LRU,0.17317708333333334
896,LRU,0.15934244791666666
897,LRU,0.14388020833333334
898,LRU,0.140625
899,LRU,0.17903645833333334
900,LRU,0.1484375
901,LRU,0.15348307291666666
902,LRU,0.134765625
903,LRU,0.19091796875
904,LRU,0.1494140625
905,LRU,0.13688151041666666
906,LRU,0.13932291666666666
907,LRU,0.18489583333333334
908,LRU,0.15706380208333334
909,LRU,0.15673828125
910,LRU,0.15836588541666666
911,LRU,0.17057291666666666
912,LRU,0.14778645833333334
913,LRU,0.14192708333333334
914,LRU,0.13623046875
915,LRU,0.16975911458333334
916,LRU,0.14078776041666666
917,LRU,0.13802083333333334
918,LRU,0.138671875
919,LRU,0.16650390625
920,LRU,0.15152994791666666
921,LRU,0.1416015625
922,LRU,0.13704427083333334
923,LRU,0.18343098958333334
924,LRU,0.15641276041666666
925,LRU,0.150390625
926,LRU,0.15576171875
927,LRU,0.17317708333333334
928,LRU,0.14860026041666666
929,LRU,0.14485677083333334
930,LRU,0.12613932291666666
931,LRU,0.17041015625
932,LRU,0.13444010416666666
933,LRU,0.13541666666666666
934,LRU,0.13802083333333334
935,LRU,0.1904296875
936,LRU,0.1552734375
937,LRU,0.14371744791666666
938,LRU,0.14371744791666666
939,LRU,0.18180338541666666
940,LRU,0.13590494791666666
941,LRU,0.14680989583333334
942,LRU,0.14436848958333334
943,LRU,0.19873046875
944,LRU,0.16097005208333334
945,LRU,0.15690104166666666
946,LRU,0.1552734375
947,LRU,0.17529296875
948,LRU,0.14973958333333334
949,LRU,0.14095052083333334
950,LRU,0.14290364583333334
951,LRU,0.17513020833333334
952,LRU,0.15055338541666666
953,LRU,0.14029947916666666
954,LRU,0.14225260416666666
955,LRU,0.16829427083333334
956,LRU,0.14615885416666666
957,LRU,0.14208984375
958,LRU,0.13704427083333334
959,LRU,0.18098958333333334
960,LRU,0.14632161458333334
961,LRU,0.14469401041666666
962,LRU,0.14404296875
963,LRU,0.18277994791666666
964,LRU,0.14046223958333334
965,LRU,0.14485677083333334
966,LRU,0.13899739583333334
967,LRU,0.19807942708333334
968,LRU,0.14697265625
969,LRU,0.15299479166666666
970,LRU,0.146484375
971,LRU,0.17708333333333334
972,LRU,0.14111328125
973,LRU,0.13541666666666666
974,LRU,0.14501953125
975,LRU,0.17415364583333334
976,LRU,0.14274088541666666
977,LRU,0.13606770833333334
978,LRU,0.14192708333333334
979,LRU,0.17333984375
980,LRU,0.13395182291666666
981,LRU,0.13688151041666666
982,LRU,0.14453125
983,LRU,0.177734375
984,LRU,0.14339192708333334
985,LRU,0.13037109375
986,LRU,0.14615885416666666
987,LRU,0.1689453125
988,LRU,0.13883463541666666
989,LRU,0.14046223958333334
990,LRU,0.13688151041666666
991,LRU,0.17708333333333334
992,LRU,0.14143880208333334
993,LRU,0.14713541666666666
994,LRU,0.13069661458333334
995,LRU,0.17366536458333334
996,LRU,0.14485677083333334
997,LRU,0.13557942708333334
998,LRU,0.138671875
999,LRU,0.16471354166666666
1000,LRU,0.14664713541666666
1001,LRU,0.1474609375
1002,LRU,0.14567057291666666
1003,LRU,0.17545572916666666
1004,LRU,0.14860026041666666
1005,LRU,0.15022786458333334
1006,LRU,0.13020833333333334
1007,LRU,0.18391927083333334
1008,LRU,0.14876302083333334
1009,LRU,0.15234375
1010,LRU,0.15787760416666666
1011,LRU,0.17529296875
1012,LRU,0.14599609375
1013,LRU,0.14453125
1014,LRU,0.13916015625
1015,LRU,0.17008463541666666
1016,LRU,0.13948567708333334
1017,LRU,0.13248697916666666
1018,LRU,0.13069661458333334
1019,LRU,0.17431640625
1020,LRU,0.14306640625
1021,LRU,0.12923177083333334
1022,LRU,0.14029947916666666
1023,LRU,0.17431640625
3,LFU,0.17366536458333334
4,LFU,0.16048177083333334
5,LFU,0.1611328125
6,LFU,0.16129557291666666
7,LFU,0.177734375
8,LFU,0.15966796875
9,LFU,0.16341145833333334
10,LFU,0.16178385416666666
11,LFU,0.18636067708333334
12,LFU,0.171875
13,LFU,0.16276041666666666
14,LFU,0.15983072916666666
15,LFU,0.17301432291666666
16,LFU,0.16422526041666666
17,LFU,0.16520182291666666
18,LFU,0.1630859375
19,LFU,0.19563802083333334
20,LFU,0.1669921875
21,LFU,0.15950520833333334
22,LFU,0.1669921875
23,LFU,0.19091796875
24,LFU,0.17333984375
25,LFU,0.16080729166666666
26,LFU,0.17431640625
27,LFU,0.20100911458333334
28,LFU,0.17301432291666666
29,LFU,0.1689453125
30,LFU,0.15625
31,LFU,0.17854817708333334
32,LFU,0.162109375
33,LFU,0.15494791666666666
34,LFU,0.15543619791666666
35,LFU,0.17822265625
36,LFU,0.16764322916666666
37,LFU,0.15934244791666666
38,LFU,0.14957682291666666
39,LFU,0.18570963541666666
40,LFU,0.16243489583333334
41,LFU,0.15283203125
42,LFU,0.1572265625
43,LFU,0.18733723958333334
44,LFU,0.16878255208333334
45,LFU,0.16617838541666666
46,LFU,0.15104166666666666
47,LFU,0.17220052083333334
48,LFU,0.15738932291666666
49,LFU,0.1650390625
50,LFU,0.15690104166666666
51,LFU,0.18668619791666666
52,LFU,0.17057291666666666
53,LFU,0.16780598958333334
54,LFU,0.17578125
55,LFU,0.19986979166666666
56,LFU,0.17578125
57,LFU,0.16731770833333334
58,LFU,0.16569010416666666
59,LFU,0.18375651041666666
60,LFU,0.16341145833333334
61,LFU,0.16357421875
62,LFU,0.15999348958333334
63,LFU,0.17626953125
64,LFU,0.16666666666666666
65,LFU,0.16552734375
66,LFU,0.1708984375
67,LFU,0.18098958333333334
68,LFU,0.16666666666666666
69,LFU,0.16227213541666666
70,LFU,0.1611328125
71,LFU,0.18505859375
72,LFU,0.17154947916666666
73,LFU,0.1611328125
74,LFU,0.158203125
75,LFU,0.19417317708333334
76,LFU,0.1767578125
77,LFU,0.18180338541666666
78,LFU,0.17594401041666666
79,LFU,0.21712239583333334
80,LFU,0.20133463541666666
81,LFU,0.19091796875
82,LFU,0.18668619791666666
83,LFU,0.1943359375
84,LFU,0.19449869791666666
85,LFU,0.17887369791666666
86,LFU,0.17236328125
87,LFU,0.19222005208333334
88,LFU,0.17887369791666666
89,LFU,0.17236328125
90,LFU,0.16243489583333334
91,LFU,0.18375651041666666
92,LFU,0.17171223958333334
93,LFU,0.16764322916666666
94,LFU,0.17659505208333334
95,LFU,0.20133463541666666
96,LFU,0.16292317708333334
97,LFU,0.16064453125
98,LFU,0.16520182291666666
99,LFU,0.18489583333333334
100,LFU,0.16569010416666666
101,LFU,0.16373697916666666
102,LFU,0.16731770833333334
103,LFU,0.18815104166666666
104,LFU,0.15234375
105,LFU,0.15885416666666666
106,LFU,0.158203125
107,LFU,0.18912760416666666
108,LFU,0.16764322916666666
109,LFU,0.18359375
110,LFU,0.16829427083333334
111,LFU,0.18440755208333334
112,LFU,0.16861979166666666
113,LFU,0.16259765625
114,LFU,0.16162109375
115,LFU,0.18343098958333334
116,LFU,0.17024739583333334
117,LFU,0.1796875
118,LFU,0.18131510416666666
119,LFU,0.20133463541666666
120,LFU,0.17985026041666666
121,LFU,0.18001302083333334
122,LFU,0.17496744791666666
123,LFU,0.19677734375
124,LFU,0.19482421875
125,LFU,0.17057291666666666
126,LFU,0.169921875
127,LFU,0.193359375
128,LFU,0.18017578125
129,LFU,0.1640625
130,LFU,0.16878255208333334
131,LFU,0.19091796875
132,LFU,0.18294270833333334
133,LFU,0.18277994791666666
134,LFU,0.17415364583333334
135,LFU,0.18912760416666666
136,LFU,0.16748046875
137,LFU,0.16927083333333334
138,LFU,0.17805989583333334
139,LFU,0.20149739583333334
140,LFU,0.1796875
141,LFU,0.17317708333333334
142,LFU,0.17220052083333334
143,LFU,0.19514973958333334
144,LFU,0.177734375
145,LFU,0.17903645833333334
146,LFU,0.16715494791666666
147,LFU,0.19856770833333334
148,LFU,0.18326822916666666
149,LFU,0.19417317708333334
150,LFU,0.17301432291666666
151,LFU,0.18375651041666666
152,LFU,0.15706380208333334
153,LFU,0.16764322916666666
154,LFU,0.15462239583333334
155,LFU,0.19970703125
156,LFU,0.18001302083333334
157,LFU,0.16487630208333334
158,LFU,0.15201822916666666
159,LFU,0.19498697916666666
160,LFU,0.171875
161,LFU,0.16455078125
162,LFU,0.17138671875
163,LFU,0.18994140625
164,LFU,0.18098958333333334
165,LFU,0.15592447916666666
166,LFU,0.15413411458333334
167,LFU,0.1689453125
168,LFU,0.15852864583333334
169,LFU,0.15055338541666666
170,LFU,0.15185546875
171,LFU,0.17952473958333334
172,LFU,0.17529296875
173,LFU,0.16455078125
174,LFU,0.16682942708333334
175,LFU,0.19384765625
176,LFU,0.18717447916666666
177,LFU,0.17350260416666666
178,LFU,0.17561848958333334
179,LFU,0.20198567708333334
180,LFU,0.16520182291666666
181,LFU,0.16796875
182,LFU,0.16259765625
183,LFU,0.19124348958333334
184,LFU,0.15104166666666666
185,LFU,0.14860026041666666
186,LFU,0.16162109375
187,LFU,0.18684895833333334
188,LFU,0.17919921875
189,LFU,0.16650390625
190,LFU,0.15755208333333334
191,LFU,0.18619791666666666
192,LFU,0.1728515625
193,LFU,0.16227213541666666
194,LFU,0.15218098958333334
195,LFU,0.18131510416666666
196,LFU,0.1591796875
197,LFU,0.17350260416666666
198,LFU,0.17626953125
199,LFU,0.18668619791666666
200,LFU,0.18229166666666666
201,LFU,0.16829427083333334
202,LFU,0.17154947916666666
203,LFU,0.19384765625
204,LFU,0.18880208333333334
205,LFU,0.17854817708333334
206,LFU,0.17903645833333334
207,LFU,0.18815104166666666
208,LFU,0.17529296875
209,LFU,0.15983072916666666
210,LFU,0.16536458333333334
211,LFU,0.17757161458333334
212,LFU,0.15983072916666666
213,LFU,0.15592447916666666
214,LFU,0.16080729166666666
215,LFU,0.19401041666666666
216,LFU,0.16471354166666666
217,LFU,0.15836588541666666
218,LFU,0.15934244791666666
219,LFU,0.18359375
220,LFU,0.15559895833333334
221,LFU,0.16927083333333334
222,LFU,0.16943359375
223,LFU,0.18570963541666666
224,LFU,0.16748046875
225,LFU,0.16227213541666666
226,LFU,0.15901692708333334
227,LFU,0.17936197916666666
228,LFU,0.17692057291666666
229,LFU,0.17708333333333334
230,LFU,0.16162109375
231,LFU,0.17529296875
232,LFU,0.16438802083333334
233,LFU,0.14811197916666666
234,LFU,0.13671875
235,LFU,0.18619791666666666
236,LFU,0.158203125
237,LFU,0.15413411458333334
238,LFU,0.15201822916666666
239,LFU,0.19547526041666666
240,LFU,0.16389973958333334
241,LFU,0.16975911458333334
242,LFU,0.17431640625
243,LFU,0.18212890625
244,LFU,0.16796875
245,LFU,0.16617838541666666
246,LFU,0.1533203125
247,LFU,0.17203776041666666
248,LFU,0.16731770833333334
249,LFU,0.1640625
250,LFU,0.15071614583333334
251,LFU,0.17854817708333334
252,LFU,0.17024739583333334
253,LFU,0.1669921875
254,LFU,0.16861979166666666
255,LFU,0.19596354166666666
256,LFU,0.17333984375
257,LFU,0.16878255208333334
258,LFU,0.16455078125
259,LFU,0.1923828125
260,LFU,0.17008463541666666
261,LFU,0.15869140625
262,LFU,0.16943359375
263,LFU,0.19026692708333334
264,LFU,0.17154947916666666
265,LFU,0.16227213541666666
266,LFU,0.15559895833333334
267,LFU,0.18733723958333334
268,LFU,0.16927083333333334
269,LFU,0.16162109375
270,LFU,0.16097005208333334
271,LFU,0.19124348958333334
272,LFU,0.16975911458333334
273,LFU,0.1474609375
274,LFU,0.14192708333333334
275,LFU,0.18603515625
276,LFU,0.15690104166666666
277,LFU,0.15804036458333334
278,LFU,0.16080729166666666
279,LFU,0.19124348958333334
280,LFU,0.1767578125
281,LFU,0.15787760416666666
282,LFU,0.17594401041666666
283,LFU,0.19661458333333334
284,LFU,0.17008463541666666
285,LFU,0.17822265625
286,LFU,0.17236328125
287,LFU,0.20279947916666666
288,LFU,0.17106119791666666
289,LFU,0.162109375
290,LFU,0.16097005208333334
291,LFU,0.17903645833333334
292,LFU,0.15966796875
293,LFU,0.15071614583333334
294,LFU,0.16064453125
295,LFU,0.17578125
296,LFU,0.1572265625
297,LFU,0.15185546875
298,LFU,0.15364583333333334
299,LFU,0.18815104166666666
300,LFU,0.17578125
301,LFU,0.1611328125
302,LFU,0.17203776041666666
303,LFU,0.19108072916666666
304,LFU,0.17333984375
305,LFU,0.16780598958333334
306,LFU,0.17268880208333334
307,LFU,0.19026692708333334
308,LFU,0.17252604166666666
309,LFU,0.18359375
310,LFU,0.17805989583333334
311,LFU,0.19694010416666666
312,LFU,0.1767578125
313,LFU,0.17431640625
314,LFU,0.17887369791666666
315,LFU,0.18929036458333334
316,LFU,0.16650390625
317,LFU,0.15397135416666666
318,LFU,0.16796875
319,LFU,0.193359375
320,LFU,0.15804036458333334
321,LFU,0.15804036458333334
322,LFU,0.14778645833333334
323,LFU,0.18994140625
324,LFU,0.17529296875
325,LFU,0.17903645833333334
326,LFU,0.17545572916666666
327,LFU,0.19970703125
328,LFU,0.18424479166666666
329,LFU,0.18082682291666666
330,LFU,0.18115234375
331,LFU,0.20231119791666666
332,LFU,0.16731770833333334
333,LFU,0.177734375
334,LFU,0.17220052083333334
335,LFU,0.18343098958333334
336,LFU,0.16455078125
337,LFU,0.15999348958333334
338,LFU,0.15706380208333334
339,LFU,0.18636067708333334
340,LFU,0.171875
341,LFU,0.16731770833333334
342,LFU,0.16780598958333334
343,LFU,0.19547526041666666
344,LFU,0.17447916666666666
345,LFU,0.17415364583333334
346,LFU,0.17138671875
347,LFU,0.19205729166666666
348,LFU,0.16178385416666666
349,LFU,0.171875
350,LFU,0.16650390625
351,LFU,0.18440755208333334
352,LFU,0.16975911458333334
353,LFU,0.16324869791666666
354,LFU,0.16552734375
355,LFU,0.19156901041666666
356,LFU,0.16829427083333334
357,LFU,0.16373697916666666
358,LFU,0.17138671875
359,LFU,0.17854817708333334
360,LFU,0.16324869791666666
361,LFU,0.16943359375
362,LFU,0.158203125
363,LFU,0.19791666666666666
364,LFU,0.17350260416666666
365,LFU,0.17268880208333334
366,LFU,0.17203776041666666
367,LFU,0.19287109375
368,LFU,0.16552734375
369,LFU,0.1708984375
370,LFU,0.17057291666666666
371,LFU,0.19563802083333334
372,LFU,0.173828125
373,LFU,0.17106119791666666
374,LFU,0.17252604166666666
375,LFU,0.18033854166666666
376,LFU,0.17041015625
377,LFU,0.16666666666666666
378,LFU,0.15299479166666666
379,LFU,0.18668619791666666
380,LFU,0.15608723958333334
381,LFU,0.16227213541666666
382,LFU,0.15478515625
383,LFU,0.185546875
384,LFU,0.1689453125
385,LFU,0.15592447916666666
386,LFU,0.15559895833333334
387,LFU,0.18570963541666666
388,LFU,0.16097005208333334
389,LFU,0.15462239583333334
390,LFU,0.16048177083333334
391,LFU,0.18701171875
392,LFU,0.18245442708333334
393,LFU,0.1640625
394,LFU,0.16389973958333334
395,LFU,0.18619791666666666
396,LFU,0.15999348958333334
397,LFU,0.15169270833333334
398,LFU,0.15380859375
399,LFU,0.1748046875
400,LFU,0.15706380208333334
401,LFU,0.15283203125
402,LFU,0.15804036458333334
403,LFU,0.18636067708333334
404,LFU,0.15771484375
405,LFU,0.16715494791666666
406,LFU,0.16129557291666666
407,LFU,0.19205729166666666
408,LFU,0.18098958333333334
409,LFU,0.17122395833333334
410,LFU,0.16471354166666666
411,LFU,0.20703125
412,LFU,0.19417317708333334
413,LFU,0.18050130208333334
414,LFU,0.16748046875
415,LFU,0.19205729166666666
416,LFU,0.17529296875
417,LFU,0.16764322916666666
418,LFU,0.17496744791666666
419,LFU,0.18245442708333334
420,LFU,0.15771484375
421,LFU,0.154296875
422,LFU,0.158203125
423,LFU,0.20035807291666666
424,LFU,0.16959635416666666
425,LFU,0.16520182291666666
426,LFU,0.166015625
427,LFU,0.19156901041666666
428,LFU,0.18098958333333334
429,LFU,0.17740885416666666
430,LFU,0.17952473958333334
431,LFU,0.189453125
432,LFU,0.17333984375
433,LFU,0.18522135416666666
434,LFU,0.1748046875
435,LFU,0.20182291666666666
436,LFU,0.1767578125
437,LFU,0.17008463541666666
438,LFU,0.17513020833333334
439,LFU,0.19498697916666666
440,LFU,0.17789713541666666
441,LFU,0.17154947916666666
442,LFU,0.16536458333333334
443,LFU,0.19205729166666666
444,LFU,0.177734375
445,LFU,0.1630859375
446,LFU,0.16064453125
447,LFU,0.19156901041666666
448,LFU,0.17024739583333334
449,LFU,0.17496744791666666
450,LFU,0.18408203125
451,LFU,0.19401041666666666
452,LFU,0.18424479166666666
453,LFU,0.18619791666666666
454,LFU,0.17154947916666666
455,LFU,0.20638020833333334
456,LFU,0.1875
457,LFU,0.17496744791666666
458,LFU,0.171875
459,LFU,0.20882161458333334
460,LFU,0.17887369791666666
461,LFU,0.17887369791666666
462,LFU,0.17073567708333334
463,LFU,0.19889322916666666
464,LFU,0.16373697916666666
465,LFU,0.17789713541666666
466,LFU,0.16650390625
467,LFU,0.20768229166666666
468,LFU,0.18489583333333334
469,LFU,0.18391927083333334
470,LFU,0.18522135416666666
471,LFU,0.20166015625
472,LFU,0.17496744791666666
473,LFU,0.17610677083333334
474,LFU,0.17236328125
475,LFU,0.20198567708333334
476,LFU,0.18766276041666666
477,LFU,0.1865234375
478,LFU,0.17496744791666666
479,LFU,0.20198567708333334
480,LFU,0.18180338541666666
481,LFU,0.16552734375
482,LFU,0.16259765625
483,LFU,0.19140625
484,LFU,0.16731770833333334
485,LFU,0.16796875
486,LFU,0.15641276041666666
487,LFU,0.20035807291666666
488,LFU,0.19124348958333334
489,LFU,0.18277994791666666
490,LFU,0.18131510416666666
491,LFU,0.1962890625
492,LFU,0.1826171875
493,LFU,0.17317708333333334
494,LFU,0.18343098958333334
495,LFU,0.193359375
496,LFU,0.1767578125
497,LFU,0.17333984375
498,LFU,0.16943359375
499,LFU,0.201171875
500,LFU,0.1865234375
501,LFU,0.15673828125
502,LFU,0.15201822916666666
503,LFU,0.18229166666666666
504,LFU,0.169921875
505,LFU,0.17447916666666666
506,LFU,0.16682942708333334
507,LFU,0.19156901041666666
508,LFU,0.17154947916666666
509,LFU,0.1787109375
510,LFU,0.1689453125
511,LFU,0.18245442708333334
512,LFU,0.17301432291666666
513,LFU,0.17171223958333334
514,LFU,0.1728515625
515,LFU,0.19677734375
516,LFU,0.18033854166666666
517,LFU,0.17561848958333334
518,LFU,0.162109375
519,LFU,0.205078125
520,LFU,0.1845703125
521,LFU,0.17268880208333334
522,LFU,0.1845703125
523,LFU,0.18245442708333334
524,LFU,0.16796875
525,LFU,0.16292317708333334
526,LFU,0.1669921875
527,LFU,0.19091796875
528,LFU,0.1787109375
529,LFU,0.17594401041666666
530,LFU,0.17366536458333334
531,LFU,0.20621744791666666
532,LFU,0.18863932291666666
533,LFU,0.1806640625
534,LFU,0.18229166666666666
535,LFU,0.19905598958333334
536,LFU,0.1748046875
537,LFU,0.16455078125
538,LFU,0.17936197916666666
539,LFU,0.18489583333333334
540,LFU,0.16975911458333334
541,LFU,0.17333984375
542,LFU,0.16666666666666666
543,LFU,0.1962890625
544,LFU,0.18912760416666666
545,LFU,0.17008463541666666
546,LFU,0.17203776041666666
547,LFU,0.19368489583333334
548,LFU,0.189453125
549,LFU,0.177734375
550,LFU,0.1748046875
551,LFU,0.20703125
552,LFU,0.16813151041666666
553,LFU,0.1884765625
554,LFU,0.17268880208333334
555,LFU,0.20247395833333334
556,LFU,0.1767578125
557,LFU,0.17301432291666666
558,LFU,0.1689453125
559,LFU,0.197265625
560,LFU,0.17724609375
561,LFU,0.18082682291666666
562,LFU,0.1630859375
563,LFU,0.18538411458333334
564,LFU,0.16048177083333334
565,LFU,0.15738932291666666
566,LFU,0.1630859375
567,LFU,0.1845703125
568,LFU,0.16959635416666666
569,LFU,0.15771484375
570,LFU,0.15494791666666666
571,LFU,0.19156901041666666
572,LFU,0.17008463541666666
573,LFU,0.16552734375
574,LFU,0.15462239583333334
575,LFU,0.19384765625
576,LFU,0.16617838541666666
577,LFU,0.17415364583333334
578,LFU,0.16682942708333334
579,LFU,0.19921875
580,LFU,0.17724609375
581,LFU,0.17936197916666666
582,LFU,0.17887369791666666
583,LFU,0.18961588541666666
584,LFU,0.18277994791666666
585,LFU,0.1728515625
586,LFU,0.17740885416666666
587,LFU,0.205078125
588,LFU,0.17903645833333334
589,LFU,0.17268880208333334
590,LFU,0.17399088541666666
591,LFU,0.1953125
592,LFU,0.1708984375
593,LFU,0.17317708333333334
594,LFU,0.16731770833333334
595,LFU,0.19514973958333334
596,LFU,0.18277994791666666
597,LFU,0.17415364583333334
598,LFU,0.18082682291666666
599,LFU,0.19026692708333334
600,LFU,0.1689453125
601,LFU,0.17154947916666666
602,LFU,0.16569010416666666
603,LFU,0.19075520833333334
604,LFU,0.17415364583333334
605,LFU,0.17399088541666666
606,LFU,0.17122395833333334
607,LFU,0.19319661458333334
608,LFU,0.17952473958333334
609,LFU,0.16422526041666666
610,LFU,0.162109375
611,LFU,0.19287109375
612,LFU,0.17008463541666666
613,LFU,0.1728515625
614,LFU,0.18717447916666666
615,LFU,0.19986979166666666
616,LFU,0.18473307291666666
617,LFU,0.18538411458333334
618,LFU,0.18180338541666666
619,LFU,0.19710286458333334
620,LFU,0.18017578125
621,LFU,0.17626953125
622,LFU,0.16829427083333334
623,LFU,0.19449869791666666
624,LFU,0.17789713541666666
625,LFU,0.16292317708333334
626,LFU,0.16292317708333334
627,LFU,0.18538411458333334
628,LFU,0.16764322916666666
629,LFU,0.17317708333333334
630,LFU,0.16145833333333334
631,LFU,0.1982421875
632,LFU,0.18815104166666666
633,LFU,0.17805989583333334
634,LFU,0.1845703125
635,LFU,0.20914713541666666
636,LFU,0.18196614583333334
637,LFU,0.1875
638,LFU,0.19287109375
639,LFU,0.20133463541666666
640,LFU,0.17138671875
641,LFU,0.17740885416666666
642,LFU,0.18131510416666666
643,LFU,0.19173177083333334
644,LFU,0.16276041666666666
645,LFU,0.15478515625
646,LFU,0.16780598958333334
647,LFU,0.19742838541666666
648,LFU,0.173828125
649,LFU,0.18180338541666666
650,LFU,0.18098958333333334
651,LFU,0.21158854166666666
652,LFU,0.18717447916666666
653,LFU,0.18359375
654,LFU,0.17952473958333334
655,LFU,0.21077473958333334
656,LFU,0.17936197916666666
657,LFU,0.17513020833333334
658,LFU,0.17529296875
659,LFU,0.19596354166666666
660,LFU,0.18180338541666666
661,LFU,0.1826171875
662,LFU,0.18229166666666666
663,LFU,0.20572916666666666
664,LFU,0.1669921875
665,LFU,0.18147786458333334
666,LFU,0.158203125
667,LFU,0.19156901041666666
668,LFU,0.16585286458333334
669,LFU,0.16552734375
670,LFU,0.16927083333333334
671,LFU,0.20361328125
672,LFU,0.17708333333333334
673,LFU,0.16796875
674,LFU,0.16585286458333334
675,LFU,0.19401041666666666
676,LFU,0.18196614583333334
677,LFU,0.17724609375
678,LFU,0.17252604166666666
679,LFU,0.197265625
680,LFU,0.17545572916666666
681,LFU,0.17822265625
682,LFU,0.166015625
683,LFU,0.19791666666666666
684,LFU,0.17659505208333334
685,LFU,0.17610677083333334
686,LFU,0.17366536458333334
687,LFU,0.19140625
688,LFU,0.17952473958333334
689,LFU,0.17301432291666666
690,LFU,0.16780598958333334
691,LFU,0.19368489583333334
692,LFU,0.18098958333333334
693,LFU,0.17854817708333334
694,LFU,0.17496744791666666
695,LFU,0.20231119791666666
696,LFU,0.17985026041666666
697,LFU,0.18212890625
698,LFU,0.1806640625
699,LFU,0.1953125
700,LFU,0.17659505208333334
701,LFU,0.18098958333333334
702,LFU,0.16682942708333334
703,LFU,0.19270833333333334
704,LFU,0.171875
705,LFU,0.1708984375
706,LFU,0.16585286458333334
707,LFU,0.20393880208333334
708,LFU,0.17985026041666666
709,LFU,0.1669921875
710,LFU,0.16878255208333334
711,LFU,0.20393880208333334
712,LFU,0.17724609375
713,LFU,0.16585286458333334
714,LFU,0.162109375
715,LFU,0.201171875
716,LFU,0.16845703125
717,LFU,0.16520182291666666
718,LFU,0.17171223958333334
719,LFU,0.20377604166666666
720,LFU,0.17333984375
721,LFU,0.17073567708333334
722,LFU,0.17171223958333334
723,LFU,0.1962890625
724,LFU,0.17561848958333334
725,LFU,0.18115234375
726,LFU,0.16748046875
727,LFU,0.19596354166666666
728,LFU,0.16861979166666666
729,LFU,0.16650390625
730,LFU,0.16959635416666666
731,LFU,0.19124348958333334
732,LFU,0.16292317708333334
733,LFU,0.16796875
734,LFU,0.16813151041666666
735,LFU,0.19547526041666666
736,LFU,0.185546875
737,LFU,0.17561848958333334
738,LFU,0.18131510416666666
739,LFU,0.19612630208333334
740,LFU,0.16520182291666666
741,LFU,0.17203776041666666
742,LFU,0.1748046875
743,LFU,0.18977864583333334
744,LFU,0.18131510416666666
745,LFU,0.17496744791666666
746,LFU,0.18229166666666666
747,LFU,0.19889322916666666
748,LFU,0.17057291666666666
749,LFU,0.17008463541666666
750,LFU,0.162109375
751,LFU,0.19775390625
752,LFU,0.17903645833333334
753,LFU,0.17805989583333334
754,LFU,0.17024739583333334
755,LFU,0.19401041666666666
756,LFU,0.17805989583333334
757,LFU,0.15901692708333334
758,LFU,0.17008463541666666
759,LFU,0.2041015625
760,LFU,0.17171223958333334
761,LFU,0.17203776041666666
762,LFU,0.15690104166666666
763,LFU,0.18522135416666666
764,LFU,0.17122395833333334
765,LFU,0.16878255208333334
766,LFU,0.18619791666666666
767,LFU,0.20345052083333334
768,LFU,0.17545572916666666
769,LFU,0.18815104166666666
770,LFU,0.16276041666666666
771,LFU,0.20166015625
772,LFU,0.16520182291666666
773,LFU,0.17578125
774,LFU,0.17903645833333334
775,LFU,0.19791666666666666
776,LFU,0.17936197916666666
777,LFU,0.18229166666666666
778,LFU,0.1884765625
779,LFU,0.20947265625
780,LFU,0.18440755208333334
781,LFU,0.1796875
782,LFU,0.17919921875
783,LFU,0.20768229166666666
784,LFU,0.17529296875
785,LFU,0.17822265625
786,LFU,0.18082682291666666
787,LFU,0.20540364583333334
788,LFU,0.18408203125
789,LFU,0.18017578125
790,LFU,0.17301432291666666
791,LFU,0.19986979166666666
792,LFU,0.18619791666666666
793,LFU,0.1669921875
794,LFU,0.17138671875
795,LFU,0.21598307291666666
796,LFU,0.18082682291666666
797,LFU,0.18636067708333334
798,LFU,0.17789713541666666
799,LFU,0.20198567708333334
800,LFU,0.1875
801,LFU,0.19140625
802,LFU,0.19287109375
803,LFU,0.20735677083333334
804,LFU,0.19287109375
805,LFU,0.19498697916666666
806,LFU,0.17724609375
807,LFU,0.19986979166666666
808,LFU,0.17529296875
809,LFU,0.17594401041666666
810,LFU,0.17643229166666666
811,LFU,0.21875
812,LFU,0.189453125
813,LFU,0.19514973958333334
814,LFU,0.18587239583333334
815,LFU,0.21516927083333334
816,LFU,0.17008463541666666
817,LFU,0.18082682291666666
818,LFU,0.18229166666666666
819,LFU,0.2001953125
820,LFU,0.18343098958333334
821,LFU,0.18196614583333334
822,LFU,0.18180338541666666
823,LFU,0.19791666666666666
824,LFU,0.17985026041666666
825,LFU,0.17952473958333334
826,LFU,0.17789713541666666
827,LFU,0.19514973958333334
828,LFU,0.18229166666666666
829,LFU,0.1796875
830,LFU,0.181640625
831,LFU,0.1953125
832,LFU,0.18131510416666666
833,LFU,0.17106119791666666
834,LFU,0.18570963541666666
835,LFU,0.2080078125
836,LFU,0.17952473958333334
837,LFU,0.19091796875
838,LFU,0.18229166666666666
839,LFU,0.20198567708333334
840,LFU,0.17220052083333334
841,LFU,0.18440755208333334
842,LFU,0.17692057291666666
843,LFU,0.19563802083333334
844,LFU,0.18033854166666666
845,LFU,0.1708984375
846,LFU,0.18277994791666666
847,LFU,0.21044921875
848,LFU,0.19254557291666666
849,LFU,0.18994140625
850,LFU,0.17805989583333334
851,LFU,0.19303385416666666
852,LFU,0.17643229166666666
853,LFU,0.17757161458333334
854,LFU,0.19124348958333334
855,LFU,0.2021484375
856,LFU,0.18294270833333334
857,LFU,0.16861979166666666
858,LFU,0.16927083333333334
859,LFU,0.20279947916666666
860,LFU,0.17610677083333334
861,LFU,0.16438802083333334
862,LFU,0.17317708333333334
863,LFU,0.21500651041666666
864,LFU,0.19205729166666666
865,LFU,0.18001302083333334
866,LFU,0.17854817708333334
867,LFU,0.20475260416666666
868,LFU,0.20247395833333334
869,LFU,0.18684895833333334
870,LFU,0.1904296875
871,LFU,0.20979817708333334
872,LFU,0.16813151041666666
873,LFU,0.18180338541666666
874,LFU,0.17415364583333334
875,LFU,0.19563802083333334
876,LFU,0.177734375
877,LFU,0.17154947916666666
878,LFU,0.18880208333333334
879,LFU,0.19417317708333334
880,LFU,0.18717447916666666
881,LFU,0.16617838541666666
882,LFU,0.16389973958333334
883,LFU,0.20133463541666666
884,LFU,0.17854817708333334
885,LFU,0.18424479166666666
886,LFU,0.18131510416666666
887,LFU,0.19352213541666666
888,LFU,0.17024739583333334
889,LFU,0.17415364583333334
890,LFU,0.17024739583333334
891,LFU,0.20182291666666666
892,LFU,0.18375651041666666
893,LFU,0.16373697916666666
894,LFU,0.15104166666666666
895,LFU,0.19677734375
896,LFU,0.17594401041666666
897,LFU,0.18017578125
898,LFU,0.16536458333333334
899,LFU,0.20865885416666666
900,LFU,0.18636067708333334
901,LFU,0.1865234375
902,LFU,0.17203776041666666
903,LFU,0.23160807291666666
904,LFU,0.197265625
905,LFU,0.18538411458333334
906,LFU,0.17041015625
907,LFU,0.20475260416666666
908,LFU,0.18310546875
909,LFU,0.18603515625
910,LFU,0.17985026041666666
911,LFU,0.19596354166666666
912,LFU,0.18701171875
913,LFU,0.17431640625
914,LFU,0.16259765625
915,LFU,0.19677734375
916,LFU,0.17724609375
917,LFU,0.17513020833333334
918,LFU,0.17138671875
919,LFU,0.19140625
920,LFU,0.18001302083333334
921,LFU,0.18147786458333334
922,LFU,0.16748046875
923,LFU,0.21044921875
924,LFU,0.19270833333333334
925,LFU,0.1923828125
926,LFU,0.189453125
927,LFU,0.20377604166666666
928,LFU,0.19352213541666666
929,LFU,0.18668619791666666
930,LFU,0.17464192708333334
931,LFU,0.21240234375
932,LFU,0.19108072916666666
933,LFU,0.20182291666666666
934,LFU,0.19921875
935,LFU,0.22395833333333334
936,LFU,0.19986979166666666
937,LFU,0.18147786458333334
938,LFU,0.18408203125
939,LFU,0.21875
940,LFU,0.18798828125
941,LFU,0.19173177083333334
942,LFU,0.19205729166666666
943,LFU,0.2314453125
944,LFU,0.20345052083333334
945,LFU,0.203125
946,LFU,0.20393880208333334
947,LFU,0.203125
948,LFU,0.18473307291666666
949,LFU,0.181640625
950,LFU,0.18017578125
951,LFU,0.19970703125
952,LFU,0.1904296875
953,LFU,0.18668619791666666
954,LFU,0.16634114583333334
955,LFU,0.205078125
956,LFU,0.18440755208333334
957,LFU,0.18684895833333334
958,LFU,0.18684895833333334
959,LFU,0.21907552083333334
960,LFU,0.18880208333333334
961,LFU,0.18277994791666666
962,LFU,0.17952473958333334
963,LFU,0.21451822916666666
964,LFU,0.1787109375
965,LFU,0.19026692708333334
966,LFU,0.189453125
967,LFU,0.2275390625
968,LFU,0.19384765625
969,LFU,0.19059244791666666
970,LFU,0.18977864583333334
971,LFU,0.21468098958333334
972,LFU,0.19645182291666666
973,LFU,0.19986979166666666
974,LFU,0.19856770833333334
975,LFU,0.20149739583333334
976,LFU,0.17594401041666666
977,LFU,0.17805989583333334
978,LFU,0.18001302083333334
979,LFU,0.2080078125
980,LFU,0.17757161458333334
981,LFU,0.18603515625
982,LFU,0.19498697916666666
983,LFU,0.21305338541666666
984,LFU,0.19173177083333334
985,LFU,0.18636067708333334
986,LFU,0.19417317708333334
987,LFU,0.19807942708333334
988,LFU,0.17740885416666666
989,LFU,0.17985026041666666
990,LFU,0.18196614583333334
991,LFU,0.20426432291666666
992,LFU,0.1884765625
993,LFU,0.18033854166666666
994,LFU,0.16780598958333334
995,LFU,0.193359375
996,LFU,0.17024739583333334
997,LFU,0.16227213541666666
998,LFU,0.16878255208333334
999,LFU,0.19791666666666666
1000,LFU,0.18147786458333334
1001,LFU,0.17545572916666666
1002,LFU,0.17659505208333334
1003,LFU,0.20442708333333334
1004,LFU,0.19205729166666666
1005,LFU,0.19222005208333334
1006,LFU,0.18701171875
1007,LFU,0.20654296875
1008,LFU,0.185546875
1009,LFU,0.18473307291666666
1010,LFU,0.19205729166666666
1011,LFU,0.20393880208333334
1012,LFU,0.18489583333333334
1013,LFU,0.18701171875
1014,LFU,0.17919921875
1015,LFU,0.20393880208333334
1016,LFU,0.17724609375
1017,LFU,0.1767578125
1018,LFU,0.17838541666666666
1019,LFU,0.20377604166666666
1020,LFU,0.1953125
1021,LFU,0.18098958333333334
1022,LFU,0.18782552083333334
1023,LFU,0.20166015625
3,WeightedLFU,0.2628580729166667
4,WeightedLFU,0.21598307291666666
5,WeightedLFU,0.23860677083333334
6,WeightedLFU,0.22298177083333334
7,WeightedLFU,0.2571614583333333
8,WeightedLFU,0.24690755208333334
9,WeightedLFU,0.2669270833333333
10,WeightedLFU,0.2550455729166667
11,WeightedLFU,0.2565104166666667
12,WeightedLFU,0.2685546875
13,WeightedLFU,0.2552083333333333
14,WeightedLFU,0.24837239583333334
15,WeightedLFU,0.2576497395833333
16,WeightedLFU,0.26123046875
17,WeightedLFU,0.2732747395833333
18,WeightedLFU,0.2755533854166667
19,WeightedLFU,0.3151041666666667
20,WeightedLFU,0.310546875
21,WeightedLFU,0.2810872395833333
22,WeightedLFU,0.2706705729166667
23,WeightedLFU,0.2830403645833333
24,WeightedLFU,0.2864583333333333
25,WeightedLFU,0.2556966145833333
26,WeightedLFU,0.2848307291666667
27,WeightedLFU,0.3133138020833333
28,WeightedLFU,0.26806640625
29,WeightedLFU,0.2711588541666667
30,WeightedLFU,0.2373046875
31,WeightedLFU,0.2236328125
32,WeightedLFU,0.23128255208333334
33,WeightedLFU,0.22314453125
34,WeightedLFU,0.24755859375
35,WeightedLFU,0.2615559895833333
36,WeightedLFU,0.27099609375
37,WeightedLFU,0.25830078125
38,WeightedLFU,0.24625651041666666
39,WeightedLFU,0.24625651041666666
40,WeightedLFU,0.2674153645833333
41,WeightedLFU,0.25146484375
42,WeightedLFU,0.24658203125
43,WeightedLFU,0.24462890625
44,WeightedLFU,0.24755859375
45,WeightedLFU,0.26220703125
46,WeightedLFU,0.2265625
47,WeightedLFU,0.2630208333333333
48,WeightedLFU,0.2552083333333333
49,WeightedLFU,0.2932942708333333
50,WeightedLFU,0.2789713541666667
51,WeightedLFU,0.2630208333333333
52,WeightedLFU,0.23274739583333334
53,WeightedLFU,0.2609049479166667
54,WeightedLFU,0.2662760416666667
55,WeightedLFU,0.2747395833333333
56,WeightedLFU,0.24837239583333334
57,WeightedLFU,0.2822265625
58,WeightedLFU,0.2623697916666667
59,WeightedLFU,0.2672526041666667
60,WeightedLFU,0.2649739583333333
61,WeightedLFU,0.2568359375
62,WeightedLFU,0.2618815104166667
63,WeightedLFU,0.2547200520833333
64,WeightedLFU,0.2596028645833333
65,WeightedLFU,0.26171875
66,WeightedLFU,0.2625325520833333
67,WeightedLFU,0.23876953125
68,WeightedLFU,0.24983723958333334
69,WeightedLFU,0.24983723958333334
70,WeightedLFU,0.28271484375
71,WeightedLFU,0.25537109375
72,WeightedLFU,0.2823893229166667
73,WeightedLFU,0.2639973958333333
74,WeightedLFU,0.28466796875
75,WeightedLFU,0.29833984375
76,WeightedLFU,0.3055013020833333
77,WeightedLFU,0.3185221354166667
78,WeightedLFU,0.33447265625
79,WeightedLFU,0.3341471354166667
80,WeightedLFU,0.31298828125
81,WeightedLFU,0.2978515625
82,WeightedLFU,0.2960611979166667
83,WeightedLFU,0.2864583333333333
84,WeightedLFU,0.3059895833333333
85,WeightedLFU,0.27392578125
86,WeightedLFU,0.2574869791666667
87,WeightedLFU,0.25390625
88,WeightedLFU,0.23893229166666666
89,WeightedLFU,0.2451171875
90,WeightedLFU,0.26025390625
91,WeightedLFU,0.27197265625
92,WeightedLFU,0.24690755208333334
93,WeightedLFU,0.24853515625
94,WeightedLFU,0.27783203125
95,WeightedLFU,0.3033854166666667
96,WeightedLFU,0.2610677083333333
97,WeightedLFU,0.24641927083333334
98,WeightedLFU,0.2666015625
99,WeightedLFU,0.2667643229166667
100,WeightedLFU,0.24755859375
101,WeightedLFU,0.23649088541666666
102,WeightedLFU,0.2501627604166667
103,WeightedLFU,0.2626953125
104,WeightedLFU,0.2579752604166667
105,WeightedLFU,0.24153645833333334
106,WeightedLFU,0.24674479166666666
107,WeightedLFU,0.2734375
108,WeightedLFU,0.24283854166666666
109,WeightedLFU,0.2820638020833333
110,WeightedLFU,0.2679036458333333
111,WeightedLFU,0.2605794270833333
112,WeightedLFU,0.275390625
113,WeightedLFU,0.2545572916666667
114,WeightedLFU,0.2576497395833333
115,WeightedLFU,0.2633463541666667
116,WeightedLFU,0.23746744791666666
117,WeightedLFU,0.2659505208333333
118,WeightedLFU,0.2962239583333333
119,WeightedLFU,0.3020833333333333
120,WeightedLFU,0.2962239583333333
121,WeightedLFU,0.2913411458333333
122,WeightedLFU,0.2939453125
123,WeightedLFU,0.2578125
124,WeightedLFU,0.2701822916666667
125,WeightedLFU,0.25390625
126,WeightedLFU,0.2511393229166667
127,WeightedLFU,0.2804361979166667
128,WeightedLFU,0.2835286458333333
129,WeightedLFU,0.2833658854166667
130,WeightedLFU,0.2711588541666667
131,WeightedLFU,0.2556966145833333
132,WeightedLFU,0.2718098958333333
133,WeightedLFU,0.2599283854166667
134,WeightedLFU,0.2511393229166667
135,WeightedLFU,0.287109375
136,WeightedLFU,0.26708984375
137,WeightedLFU,0.2731119791666667
138,WeightedLFU,0.2560221354166667
139,WeightedLFU,0.2981770833333333
140,WeightedLFU,0.2892252604166667
141,WeightedLFU,0.27685546875
142,WeightedLFU,0.24430338541666666
143,WeightedLFU,0.24869791666666666
144,WeightedLFU,0.23421223958333334
145,WeightedLFU,0.3185221354166667
146,WeightedLFU,0.2902018229166667
147,WeightedLFU,0.2823893229166667
148,WeightedLFU,0.2571614583333333
149,WeightedLFU,0.25927734375
150,WeightedLFU,0.2581380208333333
151,WeightedLFU,0.24202473958333334
152,WeightedLFU,0.2470703125
153,WeightedLFU,0.25146484375
154,WeightedLFU,0.2581380208333333
155,WeightedLFU,0.2706705729166667
156,WeightedLFU,0.2820638020833333
157,WeightedLFU,0.2587890625
158,WeightedLFU,0.2569986979166667
159,WeightedLFU,0.2999674479166667
160,WeightedLFU,0.2859700520833333
161,WeightedLFU,0.255859375
162,WeightedLFU,0.24267578125
163,WeightedLFU,0.23518880208333334
164,WeightedLFU,0.2535807291666667
165,WeightedLFU,0.21875
166,WeightedLFU,0.21126302083333334
167,WeightedLFU,0.22835286458333334
168,WeightedLFU,0.2586263020833333
169,WeightedLFU,0.2789713541666667
170,WeightedLFU,0.23567708333333334
171,WeightedLFU,0.2431640625
172,WeightedLFU,0.2822265625
173,WeightedLFU,0.30810546875
174,WeightedLFU,0.28076171875
175,WeightedLFU,0.2643229166666667
176,WeightedLFU,0.2845052083333333
177,WeightedLFU,0.2796223958333333
178,WeightedLFU,0.2724609375
179,WeightedLFU,0.29931640625
180,WeightedLFU,0.23860677083333334
181,WeightedLFU,0.24283854166666666
182,WeightedLFU,0.22444661458333334
183,WeightedLFU,0.2353515625
184,WeightedLFU,0.24072265625
185,WeightedLFU,0.22932942708333334
186,WeightedLFU,0.2599283854166667
187,WeightedLFU,0.2648111979166667
188,WeightedLFU,0.2542317708333333
189,WeightedLFU,0.2654622395833333
190,WeightedLFU,0.23453776041666666
191,WeightedLFU,0.21793619791666666
192,WeightedLFU,0.2589518229166667
193,WeightedLFU,0.24641927083333334
194,WeightedLFU,0.2849934895833333
195,WeightedLFU,0.2781575520833333
196,WeightedLFU,0.24576822916666666
197,WeightedLFU,0.2625325520833333
198,WeightedLFU,0.2732747395833333
199,WeightedLFU,0.2666015625
200,WeightedLFU,0.2677408854166667
201,WeightedLFU,0.2615559895833333
202,WeightedLFU,0.28662109375
203,WeightedLFU,0.2747395833333333
204,WeightedLFU,0.2711588541666667
205,WeightedLFU,0.30029296875
206,WeightedLFU,0.2918294270833333
207,WeightedLFU,0.2734375
208,WeightedLFU,0.26220703125
209,WeightedLFU,0.24104817708333334
210,WeightedLFU,0.2490234375
211,WeightedLFU,0.2392578125
212,WeightedLFU,0.24104817708333334
213,WeightedLFU,0.24983723958333334
214,WeightedLFU,0.2867838541666667
215,WeightedLFU,0.28955078125
216,WeightedLFU,0.2726236979166667
217,WeightedLFU,0.24055989583333334
218,WeightedLFU,0.2578125
219,WeightedLFU,0.24918619791666666
220,WeightedLFU,0.22265625
221,WeightedLFU,0.24837239583333334
222,WeightedLFU,0.22900390625
223,WeightedLFU,0.22395833333333334
224,WeightedLFU,0.23876953125
225,WeightedLFU,0.24755859375
226,WeightedLFU,0.21695963541666666
227,WeightedLFU,0.21907552083333334
228,WeightedLFU,0.2158203125
229,WeightedLFU,0.22607421875
230,WeightedLFU,0.18896484375
231,WeightedLFU,0.22216796875
232,WeightedLFU,0.24153645833333334
233,WeightedLFU,0.27734375
234,WeightedLFU,0.23193359375
235,WeightedLFU,0.23974609375
236,WeightedLFU,0.2353515625
237,WeightedLFU,0.22086588541666666
238,WeightedLFU,0.24951171875
239,WeightedLFU,0.2763671875
240,WeightedLFU,0.24446614583333334
241,WeightedLFU,0.24169921875
242,WeightedLFU,0.2610677083333333
243,WeightedLFU,0.23453776041666666
244,WeightedLFU,0.22509765625
245,WeightedLFU,0.20768229166666666
246,WeightedLFU,0.21598307291666666
247,WeightedLFU,0.20589192708333334
248,WeightedLFU,0.24479166666666666
249,WeightedLFU,0.24869791666666666
250,WeightedLFU,0.21110026041666666
251,WeightedLFU,0.20540364583333334
252,WeightedLFU,0.22200520833333334
253,WeightedLFU,0.23404947916666666
254,WeightedLFU,0.244140625
255,WeightedLFU,0.2509765625
256,WeightedLFU,0.24527994791666666
257,WeightedLFU,0.23291015625
258,WeightedLFU,0.2521158854166667
259,WeightedLFU,0.23990885416666666
260,WeightedLFU,0.2708333333333333
261,WeightedLFU,0.25537109375
262,WeightedLFU,0.2649739583333333
263,WeightedLFU,0.2679036458333333
264,WeightedLFU,0.2672526041666667
265,WeightedLFU,0.2819010416666667
266,WeightedLFU,0.2560221354166667
267,WeightedLFU,0.23844401041666666
268,WeightedLFU,0.23893229166666666
269,WeightedLFU,0.23486328125
270,WeightedLFU,0.22884114583333334
271,WeightedLFU,0.203125
272,WeightedLFU,0.22509765625
273,WeightedLFU,0.19401041666666666
274,WeightedLFU,0.18831380208333334
275,WeightedLFU,0.23600260416666666
276,WeightedLFU,0.2613932291666667
277,WeightedLFU,0.2599283854166667
278,WeightedLFU,0.2976888020833333
279,WeightedLFU,0.2571614583333333
280,WeightedLFU,0.24739583333333334
281,WeightedLFU,0.2581380208333333
282,WeightedLFU,0.2687174479166667
283,WeightedLFU,0.25537109375
284,WeightedLFU,0.2604166666666667
285,WeightedLFU,0.27978515625
286,WeightedLFU,0.2649739583333333
287,WeightedLFU,0.236328125
288,WeightedLFU,0.23079427083333334
289,WeightedLFU,0.19921875
290,WeightedLFU,0.21028645833333334
291,WeightedLFU,0.19417317708333334
292,WeightedLFU,0.2060546875
293,WeightedLFU,0.20279947916666666
294,WeightedLFU,0.23876953125
295,WeightedLFU,0.22786458333333334
296,WeightedLFU,0.22298177083333334
297,WeightedLFU,0.22802734375
298,WeightedLFU,0.224609375
299,WeightedLFU,0.20328776041666666
300,WeightedLFU,0.2177734375
301,WeightedLFU,0.193359375
302,WeightedLFU,0.24886067708333334
303,WeightedLFU,0.2392578125
304,WeightedLFU,0.22526041666666666
305,WeightedLFU,0.2626953125
306,WeightedLFU,0.25732421875
307,WeightedLFU,0.2255859375
308,WeightedLFU,0.22054036458333334
309,WeightedLFU,0.21891276041666666
310,WeightedLFU,0.23111979166666666
311,WeightedLFU,0.24137369791666666
312,WeightedLFU,0.2392578125
313,WeightedLFU,0.24951171875
314,WeightedLFU,0.22509765625
315,WeightedLFU,0.22444661458333334
316,WeightedLFU,0.20540364583333334
317,WeightedLFU,0.193359375
318,WeightedLFU,0.20149739583333334
319,WeightedLFU,0.21126302083333334
320,WeightedLFU,0.21712239583333334
321,WeightedLFU,0.20166015625
322,WeightedLFU,0.21891276041666666
323,WeightedLFU,0.24202473958333334
324,WeightedLFU,0.248046875
325,WeightedLFU,0.28759765625
326,WeightedLFU,0.28173828125
327,WeightedLFU,0.25244140625
328,WeightedLFU,0.26318359375
329,WeightedLFU,0.27099609375
330,WeightedLFU,0.2685546875
331,WeightedLFU,0.23974609375
332,WeightedLFU,0.2373046875
333,WeightedLFU,0.2392578125
334,WeightedLFU,0.22802734375
335,WeightedLFU,0.2490234375
336,WeightedLFU,0.22444661458333334
337,WeightedLFU,0.21956380208333334
338,WeightedLFU,0.19954427083333334
339,WeightedLFU,0.18684895833333334
340,WeightedLFU,0.20328776041666666
341,WeightedLFU,0.20817057291666666
342,WeightedLFU,0.22639973958333334
343,WeightedLFU,0.201171875
344,WeightedLFU,0.22102864583333334
345,WeightedLFU,0.21956380208333334
346,WeightedLFU,0.22900390625
347,WeightedLFU,0.240234375
348,WeightedLFU,0.2158203125
349,WeightedLFU,0.24055989583333334
350,WeightedLFU,0.232421875
351,WeightedLFU,0.22493489583333334
352,WeightedLFU,0.23795572916666666
353,WeightedLFU,0.21126302083333334
354,WeightedLFU,0.24593098958333334
355,WeightedLFU,0.2431640625
356,WeightedLFU,0.23209635416666666
357,WeightedLFU,0.232421875
358,WeightedLFU,0.22770182291666666
359,WeightedLFU,0.24495442708333334
360,WeightedLFU,0.23746744791666666
361,WeightedLFU,0.2275390625
362,WeightedLFU,0.2353515625
363,WeightedLFU,0.2503255208333333
364,WeightedLFU,0.23828125
365,WeightedLFU,0.24609375
366,WeightedLFU,0.2586263020833333
367,WeightedLFU,0.22770182291666666
368,WeightedLFU,0.22900390625
369,WeightedLFU,0.23600260416666666
370,WeightedLFU,0.21988932291666666
371,WeightedLFU,0.23779296875
372,WeightedLFU,0.24479166666666666
373,WeightedLFU,0.21484375
374,WeightedLFU,0.2314453125
375,WeightedLFU,0.22444661458333334
376,WeightedLFU,0.21321614583333334
377,WeightedLFU,0.22379557291666666
378,WeightedLFU,0.205078125
379,WeightedLFU,0.21207682291666666
380,WeightedLFU,0.1962890625
381,WeightedLFU,0.22395833333333334
382,WeightedLFU,0.22916666666666666
383,WeightedLFU,0.24820963541666666
384,WeightedLFU,0.24641927083333334
385,WeightedLFU,0.23177083333333334
386,WeightedLFU,0.236328125
387,WeightedLFU,0.21630859375
388,WeightedLFU,0.2060546875
389,WeightedLFU,0.20166015625
390,WeightedLFU,0.21744791666666666
391,WeightedLFU,0.23893229166666666
392,WeightedLFU,0.2600911458333333
393,WeightedLFU,0.24137369791666666
394,WeightedLFU,0.24055989583333334
395,WeightedLFU,0.22379557291666666
396,WeightedLFU,0.1982421875
397,WeightedLFU,0.19026692708333334
398,WeightedLFU,0.23177083333333334
399,WeightedLFU,0.23942057291666666
400,WeightedLFU,0.22607421875
401,WeightedLFU,0.20328776041666666
402,WeightedLFU,0.21223958333333334
403,WeightedLFU,0.1904296875
404,WeightedLFU,0.212890625
405,WeightedLFU,0.20768229166666666
406,WeightedLFU,0.22444661458333334
407,WeightedLFU,0.23160807291666666
408,WeightedLFU,0.22802734375
409,WeightedLFU,0.22916666666666666
410,WeightedLFU,0.24055989583333334
411,WeightedLFU,0.24381510416666666
412,WeightedLFU,0.2635091145833333
413,WeightedLFU,0.2565104166666667
414,WeightedLFU,0.24495442708333334
415,WeightedLFU,0.23763020833333334
416,WeightedLFU,0.22086588541666666
417,WeightedLFU,0.248046875
418,WeightedLFU,0.2532552083333333
419,WeightedLFU,0.22932942708333334
420,WeightedLFU,0.205078125
421,WeightedLFU,0.19514973958333334
422,WeightedLFU,0.220703125
423,WeightedLFU,0.23274739583333334
424,WeightedLFU,0.23958333333333334
425,WeightedLFU,0.2421875
426,WeightedLFU,0.2537434895833333
427,WeightedLFU,0.228515625
428,WeightedLFU,0.2547200520833333
429,WeightedLFU,0.27587890625
430,WeightedLFU,0.26171875
431,WeightedLFU,0.23323567708333334
432,WeightedLFU,0.212890625
433,WeightedLFU,0.2635091145833333
434,WeightedLFU,0.2760416666666667
435,WeightedLFU,0.25146484375
436,WeightedLFU,0.22509765625
437,WeightedLFU,0.20914713541666666
438,WeightedLFU,0.22623697916666666
439,WeightedLFU,0.23990885416666666
440,WeightedLFU,0.23600260416666666
441,WeightedLFU,0.23746744791666666
442,WeightedLFU,0.2542317708333333
443,WeightedLFU,0.2451171875
444,WeightedLFU,0.24576822916666666
445,WeightedLFU,0.24235026041666666
446,WeightedLFU,0.228515625
447,WeightedLFU,0.24430338541666666
448,WeightedLFU,0.24462890625
449,WeightedLFU,0.24609375
450,WeightedLFU,0.2503255208333333
451,WeightedLFU,0.24137369791666666
452,WeightedLFU,0.251953125
453,WeightedLFU,0.24251302083333334
454,WeightedLFU,0.24495442708333334
455,WeightedLFU,0.2646484375
456,WeightedLFU,0.2470703125
457,WeightedLFU,0.23974609375
458,WeightedLFU,0.22509765625
459,WeightedLFU,0.23160807291666666
460,WeightedLFU,0.22428385416666666
461,WeightedLFU,0.23356119791666666
462,WeightedLFU,0.20654296875
463,WeightedLFU,0.23014322916666666
464,WeightedLFU,0.22835286458333334
465,WeightedLFU,0.24072265625
466,WeightedLFU,0.2548828125
467,WeightedLFU,0.24267578125
468,WeightedLFU,0.23258463541666666
469,WeightedLFU,0.23502604166666666
470,WeightedLFU,0.24039713541666666
471,WeightedLFU,0.2373046875
472,WeightedLFU,0.22770182291666666
473,WeightedLFU,0.22786458333333334
474,WeightedLFU,0.22916666666666666
475,WeightedLFU,0.23958333333333334
476,WeightedLFU,0.24267578125
477,WeightedLFU,0.23974609375
478,WeightedLFU,0.2255859375
479,WeightedLFU,0.22330729166666666
480,WeightedLFU,0.23942057291666666
481,WeightedLFU,0.19173177083333334
482,WeightedLFU,0.20817057291666666
483,WeightedLFU,0.21956380208333334
484,WeightedLFU,0.21875
485,WeightedLFU,0.23893229166666666
486,WeightedLFU,0.24641927083333334
487,WeightedLFU,0.22607421875
488,WeightedLFU,0.2522786458333333
489,WeightedLFU,0.2594401041666667
490,WeightedLFU,0.23681640625
491,WeightedLFU,0.23323567708333334
492,WeightedLFU,0.2568359375
493,WeightedLFU,0.23763020833333334
494,WeightedLFU,0.23763020833333334
495,WeightedLFU,0.23160807291666666
496,WeightedLFU,0.23128255208333334
497,WeightedLFU,0.23095703125
498,WeightedLFU,0.21516927083333334
499,WeightedLFU,0.21630859375
500,WeightedLFU,0.20003255208333334
501,WeightedLFU,0.2109375
502,WeightedLFU,0.1796875
503,WeightedLFU,0.20670572916666666
504,WeightedLFU,0.20052083333333334
505,WeightedLFU,0.21712239583333334
506,WeightedLFU,0.24495442708333334
507,WeightedLFU,0.21126302083333334
508,WeightedLFU,0.2177734375
509,WeightedLFU,0.2138671875
510,WeightedLFU,0.21337890625
511,WeightedLFU,0.22672526041666666
512,WeightedLFU,0.23518880208333334
513,WeightedLFU,0.20865885416666666
514,WeightedLFU,0.24869791666666666
515,WeightedLFU,0.23046875
516,WeightedLFU,0.24332682291666666
517,WeightedLFU,0.2511393229166667
518,WeightedLFU,0.23014322916666666
519,WeightedLFU,0.23453776041666666
520,WeightedLFU,0.22623697916666666
521,WeightedLFU,0.23388671875
522,WeightedLFU,0.2560221354166667
523,WeightedLFU,0.23014322916666666
524,WeightedLFU,0.23942057291666666
525,WeightedLFU,0.22102864583333334
526,WeightedLFU,0.2197265625
527,WeightedLFU,0.23209635416666666
528,WeightedLFU,0.22737630208333334
529,WeightedLFU,0.22835286458333334
530,WeightedLFU,0.23274739583333334
531,WeightedLFU,0.22819010416666666
532,WeightedLFU,0.22900390625
533,WeightedLFU,0.23453776041666666
534,WeightedLFU,0.2314453125
535,WeightedLFU,0.23128255208333334
536,WeightedLFU,0.23486328125
537,WeightedLFU,0.21126302083333334
538,WeightedLFU,0.22786458333333334
539,WeightedLFU,0.21875
540,WeightedLFU,0.21565755208333334
541,WeightedLFU,0.24593098958333334
542,WeightedLFU,0.23356119791666666
543,WeightedLFU,0.23681640625
544,WeightedLFU,0.23616536458333334
545,WeightedLFU,0.23909505208333334
546,WeightedLFU,0.24674479166666666
547,WeightedLFU,0.24544270833333334
548,WeightedLFU,0.23567708333333334
549,WeightedLFU,0.24186197916666666
550,WeightedLFU,0.23291015625
551,WeightedLFU,0.2275390625
552,WeightedLFU,0.23942057291666666
553,WeightedLFU,0.23063151041666666
554,WeightedLFU,0.22916666666666666
555,WeightedLFU,0.224609375
556,WeightedLFU,0.22379557291666666
557,WeightedLFU,0.2158203125
558,WeightedLFU,0.224609375
559,WeightedLFU,0.21435546875
560,WeightedLFU,0.21647135416666666
561,WeightedLFU,0.24495442708333334
562,WeightedLFU,0.23681640625
563,WeightedLFU,0.23209635416666666
564,WeightedLFU,0.220703125
565,WeightedLFU,0.22119140625
566,WeightedLFU,0.23502604166666666
567,WeightedLFU,0.22574869791666666
568,WeightedLFU,0.2080078125
569,WeightedLFU,0.21110026041666666
570,WeightedLFU,0.2119140625
571,WeightedLFU,0.22721354166666666
572,WeightedLFU,0.23779296875
573,WeightedLFU,0.24007161458333334
574,WeightedLFU,0.24869791666666666
575,WeightedLFU,0.24397786458333334
576,WeightedLFU,0.2294921875
577,WeightedLFU,0.2508138020833333
578,WeightedLFU,0.23453776041666666
579,WeightedLFU,0.24169921875
580,WeightedLFU,0.2506510416666667
581,WeightedLFU,0.24658203125
582,WeightedLFU,0.255859375
583,WeightedLFU,0.22705078125
584,WeightedLFU,0.2644856770833333
585,WeightedLFU,0.23486328125
586,WeightedLFU,0.24723307291666666
587,WeightedLFU,0.25
588,WeightedLFU,0.23958333333333334
589,WeightedLFU,0.24104817708333334
590,WeightedLFU,0.2576497395833333
591,WeightedLFU,0.24837239583333334
592,WeightedLFU,0.22786458333333334
593,WeightedLFU,0.22835286458333334
594,WeightedLFU,0.24430338541666666
595,WeightedLFU,0.23356119791666666
596,WeightedLFU,0.24267578125
597,WeightedLFU,0.22591145833333334
598,WeightedLFU,0.23128255208333334
599,WeightedLFU,0.24723307291666666
600,WeightedLFU,0.2373046875
601,WeightedLFU,0.23990885416666666
602,WeightedLFU,0.24072265625
603,WeightedLFU,0.23111979166666666
604,WeightedLFU,0.2275390625
605,WeightedLFU,0.2470703125
606,WeightedLFU,0.23665364583333334
607,WeightedLFU,0.22737630208333334
608,WeightedLFU,0.2513020833333333
609,WeightedLFU,0.23421223958333334
610,WeightedLFU,0.22965494791666666
611,WeightedLFU,0.2314453125
612,WeightedLFU,0.22867838541666666
613,WeightedLFU,0.24560546875
614,WeightedLFU,0.24609375
615,WeightedLFU,0.22395833333333334
616,WeightedLFU,0.22265625
617,WeightedLFU,0.22591145833333334
618,WeightedLFU,0.22721354166666666
619,WeightedLFU,0.23518880208333334
620,WeightedLFU,0.23177083333333334
621,WeightedLFU,0.22998046875
622,WeightedLFU,0.22786458333333334
623,WeightedLFU,0.2119140625
624,WeightedLFU,0.21630859375
625,WeightedLFU,0.18896484375
626,WeightedLFU,0.20100911458333334
627,WeightedLFU,0.23079427083333334
628,WeightedLFU,0.2509765625
629,WeightedLFU,0.2571614583333333
630,WeightedLFU,0.2530924479166667
631,WeightedLFU,0.2576497395833333
632,WeightedLFU,0.255859375
633,WeightedLFU,0.2591145833333333
634,WeightedLFU,0.2625325520833333
635,WeightedLFU,0.2635091145833333
636,WeightedLFU,0.24251302083333334
637,WeightedLFU,0.22900390625
638,WeightedLFU,0.2693684895833333
639,WeightedLFU,0.24788411458333334
640,WeightedLFU,0.24055989583333334
641,WeightedLFU,0.234375
642,WeightedLFU,0.24690755208333334
643,WeightedLFU,0.23697916666666666
644,WeightedLFU,0.23128255208333334
645,WeightedLFU,0.22721354166666666
646,WeightedLFU,0.22607421875
647,WeightedLFU,0.23958333333333334
648,WeightedLFU,0.23974609375
649,WeightedLFU,0.2594401041666667
650,WeightedLFU,0.263671875
651,WeightedLFU,0.2633463541666667
652,WeightedLFU,0.2745768229166667
653,WeightedLFU,0.2657877604166667
654,WeightedLFU,0.263671875
655,WeightedLFU,0.2667643229166667
656,WeightedLFU,0.23518880208333334
657,WeightedLFU,0.240234375
658,WeightedLFU,0.23795572916666666
659,WeightedLFU,0.23990885416666666
660,WeightedLFU,0.2506510416666667
661,WeightedLFU,0.2635091145833333
662,WeightedLFU,0.24658203125
663,WeightedLFU,0.23714192708333334
664,WeightedLFU,0.20377604166666666
665,WeightedLFU,0.24267578125
666,WeightedLFU,0.23209635416666666
667,WeightedLFU,0.22184244791666666
668,WeightedLFU,0.22265625
669,WeightedLFU,0.22591145833333334
670,WeightedLFU,0.23583984375
671,WeightedLFU,0.23502604166666666
672,WeightedLFU,0.24723307291666666
673,WeightedLFU,0.2501627604166667
674,WeightedLFU,0.24055989583333334
675,WeightedLFU,0.23616536458333334
676,WeightedLFU,0.24283854166666666
677,WeightedLFU,0.24641927083333334
678,WeightedLFU,0.22184244791666666
679,WeightedLFU,0.24788411458333334
680,WeightedLFU,0.24886067708333334
681,WeightedLFU,0.24365234375
682,WeightedLFU,0.22574869791666666
683,WeightedLFU,0.20914713541666666
684,WeightedLFU,0.23502604166666666
685,WeightedLFU,0.22249348958333334
686,WeightedLFU,0.22737630208333334
687,WeightedLFU,0.2470703125
688,WeightedLFU,0.24544270833333334
689,WeightedLFU,0.23388671875
690,WeightedLFU,0.23307291666666666
691,WeightedLFU,0.23258463541666666
692,WeightedLFU,0.24495442708333334
693,WeightedLFU,0.24820963541666666
694,WeightedLFU,0.24576822916666666
695,WeightedLFU,0.2643229166666667
696,WeightedLFU,0.2571614583333333
697,WeightedLFU,0.24381510416666666
698,WeightedLFU,0.24039713541666666
699,WeightedLFU,0.23893229166666666
700,WeightedLFU,0.25341796875
701,WeightedLFU,0.25
702,WeightedLFU,0.232421875
703,WeightedLFU,0.25048828125
704,WeightedLFU,0.23714192708333334
705,WeightedLFU,0.22477213541666666
706,WeightedLFU,0.240234375
707,WeightedLFU,0.24267578125
708,WeightedLFU,0.24495442708333334
709,WeightedLFU,0.24251302083333334
710,WeightedLFU,0.24251302083333334
711,WeightedLFU,0.24934895833333334
712,WeightedLFU,0.2451171875
713,WeightedLFU,0.23893229166666666
714,WeightedLFU,0.2579752604166667
715,WeightedLFU,0.23502604166666666
716,WeightedLFU,0.26171875
717,WeightedLFU,0.26171875
718,WeightedLFU,0.2470703125
719,WeightedLFU,0.25146484375
720,WeightedLFU,0.2556966145833333
721,WeightedLFU,0.24576822916666666
722,WeightedLFU,0.24300130208333334
723,WeightedLFU,0.24462890625
724,WeightedLFU,0.24072265625
725,WeightedLFU,0.24381510416666666
726,WeightedLFU,0.224609375
727,WeightedLFU,0.22249348958333334
728,WeightedLFU,0.21468098958333334
729,WeightedLFU,0.19873046875
730,WeightedLFU,0.23518880208333334
731,WeightedLFU,0.23160807291666666
732,WeightedLFU,0.24772135416666666
733,WeightedLFU,0.23079427083333334
734,WeightedLFU,0.2529296875
735,WeightedLFU,0.24772135416666666
736,WeightedLFU,0.2643229166666667
737,WeightedLFU,0.24739583333333334
738,WeightedLFU,0.25634765625
739,WeightedLFU,0.24300130208333334
740,WeightedLFU,0.2451171875
741,WeightedLFU,0.24186197916666666
742,WeightedLFU,0.2490234375
743,WeightedLFU,0.23291015625
744,WeightedLFU,0.2685546875
745,WeightedLFU,0.23567708333333334
746,WeightedLFU,0.25048828125
747,WeightedLFU,0.23616536458333334
748,WeightedLFU,0.24625651041666666
749,WeightedLFU,0.23746744791666666
750,WeightedLFU,0.2618815104166667
751,WeightedLFU,0.2581380208333333
752,WeightedLFU,0.25048828125
753,WeightedLFU,0.27001953125
754,WeightedLFU,0.25146484375
755,WeightedLFU,0.26171875
756,WeightedLFU,0.2509765625
757,WeightedLFU,0.24300130208333334
758,WeightedLFU,0.2555338541666667
759,WeightedLFU,0.26953125
760,WeightedLFU,0.2412109375
761,WeightedLFU,0.2579752604166667
762,WeightedLFU,0.2451171875
763,WeightedLFU,0.2552083333333333
764,WeightedLFU,0.2537434895833333
765,WeightedLFU,0.24934895833333334
766,WeightedLFU,0.2705078125
767,WeightedLFU,0.2796223958333333
768,WeightedLFU,0.2825520833333333
769,WeightedLFU,0.2610677083333333
770,WeightedLFU,0.24104817708333334
771,WeightedLFU,0.2353515625
772,WeightedLFU,0.232421875
773,WeightedLFU,0.21988932291666666
774,WeightedLFU,0.2333984375
775,WeightedLFU,0.2643229166666667
776,WeightedLFU,0.22802734375
777,WeightedLFU,0.24625651041666666
778,WeightedLFU,0.2628580729166667
779,WeightedLFU,0.2609049479166667
780,WeightedLFU,0.2530924479166667
781,WeightedLFU,0.2526041666666667
782,WeightedLFU,0.2568359375
783,WeightedLFU,0.2517903645833333
784,WeightedLFU,0.23453776041666666
785,WeightedLFU,0.24283854166666666
786,WeightedLFU,0.228515625
787,WeightedLFU,0.23876953125
788,WeightedLFU,0.23111979166666666
789,WeightedLFU,0.22591145833333334
790,WeightedLFU,0.24609375
791,WeightedLFU,0.23860677083333334
792,WeightedLFU,0.24381510416666666
793,WeightedLFU,0.23714192708333334
794,WeightedLFU,0.24283854166666666
795,WeightedLFU,0.2569986979166667
796,WeightedLFU,0.24251302083333334
797,WeightedLFU,0.2679036458333333
798,WeightedLFU,0.23795572916666666
799,WeightedLFU,0.2568359375
800,WeightedLFU,0.23893229166666666
801,WeightedLFU,0.2682291666666667
802,WeightedLFU,0.2628580729166667
803,WeightedLFU,0.2610677083333333
804,WeightedLFU,0.2548828125
805,WeightedLFU,0.2677408854166667
806,WeightedLFU,0.24983723958333334
807,WeightedLFU,0.24967447916666666
808,WeightedLFU,0.24267578125
809,WeightedLFU,0.259765625
810,WeightedLFU,0.26416015625
811,WeightedLFU,0.2711588541666667
812,WeightedLFU,0.25830078125
813,WeightedLFU,0.2639973958333333
814,WeightedLFU,0.24039713541666666
815,WeightedLFU,0.2599283854166667
816,WeightedLFU,0.2516276041666667
817,WeightedLFU,0.2353515625
818,WeightedLFU,0.25244140625
819,WeightedLFU,0.24267578125
820,WeightedLFU,0.2578125
821,WeightedLFU,0.2649739583333333
822,WeightedLFU,0.26513671875
823,WeightedLFU,0.2639973958333333
824,WeightedLFU,0.24723307291666666
825,WeightedLFU,0.2635091145833333
826,WeightedLFU,0.2537434895833333
827,WeightedLFU,0.24934895833333334
828,WeightedLFU,0.2605794270833333
829,WeightedLFU,0.2648111979166667
830,WeightedLFU,0.2745768229166667
831,WeightedLFU,0.25439453125
832,WeightedLFU,0.24348958333333334
833,WeightedLFU,0.22705078125
834,WeightedLFU,0.24235026041666666
835,WeightedLFU,0.2581380208333333
836,WeightedLFU,0.2763671875
837,WeightedLFU,0.2903645833333333
838,WeightedLFU,0.2766927083333333
839,WeightedLFU,0.25830078125
840,WeightedLFU,0.23763020833333334
841,WeightedLFU,0.2571614583333333
842,WeightedLFU,0.24869791666666666
843,WeightedLFU,0.23714192708333334
844,WeightedLFU,0.24169921875
845,WeightedLFU,0.24593098958333334
846,WeightedLFU,0.2765299479166667
847,WeightedLFU,0.2662760416666667
848,WeightedLFU,0.2814127604166667
849,WeightedLFU,0.2566731770833333
850,WeightedLFU,0.2537434895833333
851,WeightedLFU,0.23763020833333334
852,WeightedLFU,0.24267578125
853,WeightedLFU,0.24527994791666666
854,WeightedLFU,0.24283854166666666
855,WeightedLFU,0.24088541666666666
856,WeightedLFU,0.24430338541666666
857,WeightedLFU,0.23274739583333334
858,WeightedLFU,0.23990885416666666
859,WeightedLFU,0.24430338541666666
860,WeightedLFU,0.2615559895833333
861,WeightedLFU,0.2578125
862,WeightedLFU,0.2630208333333333
863,WeightedLFU,0.2530924479166667
864,WeightedLFU,0.2566731770833333
865,WeightedLFU,0.2664388020833333
866,WeightedLFU,0.2596028645833333
867,WeightedLFU,0.2666015625
868,WeightedLFU,0.2737630208333333
869,WeightedLFU,0.2633463541666667
870,WeightedLFU,0.2672526041666667
871,WeightedLFU,0.2620442708333333
872,WeightedLFU,0.24576822916666666
873,WeightedLFU,0.24820963541666666
874,WeightedLFU,0.22428385416666666
875,WeightedLFU,0.22688802083333334
876,WeightedLFU,0.23958333333333334
877,WeightedLFU,0.22151692708333334
878,WeightedLFU,0.2692057291666667
879,WeightedLFU,0.25732421875
880,WeightedLFU,0.26220703125
881,WeightedLFU,0.2630208333333333
882,WeightedLFU,0.24625651041666666
883,WeightedLFU,0.2589518229166667
884,WeightedLFU,0.24576822916666666
885,WeightedLFU,0.25634765625
886,WeightedLFU,0.24918619791666666
887,WeightedLFU,0.2565104166666667
888,WeightedLFU,0.2639973958333333
889,WeightedLFU,0.2569986979166667
890,WeightedLFU,0.2607421875
891,WeightedLFU,0.25244140625
892,WeightedLFU,0.2571614583333333
893,WeightedLFU,0.23990885416666666
894,WeightedLFU,0.23063151041666666
895,WeightedLFU,0.2265625
896,WeightedLFU,0.232421875
897,WeightedLFU,0.2431640625
898,WeightedLFU,0.2527669270833333
899,WeightedLFU,0.24625651041666666
900,WeightedLFU,0.2552083333333333
901,WeightedLFU,0.25048828125
902,WeightedLFU,0.25439453125
903,WeightedLFU,0.27392578125
904,WeightedLFU,0.2604166666666667
905,WeightedLFU,0.23860677083333334
906,WeightedLFU,0.24332682291666666
907,WeightedLFU,0.2581380208333333
908,WeightedLFU,0.2566731770833333
909,WeightedLFU,0.2682291666666667
910,WeightedLFU,0.2470703125
911,WeightedLFU,0.2578125
912,WeightedLFU,0.2644856770833333
913,WeightedLFU,0.2692057291666667
914,WeightedLFU,0.2513020833333333
915,WeightedLFU,0.2550455729166667
916,WeightedLFU,0.23697916666666666
917,WeightedLFU,0.23746744791666666
918,WeightedLFU,0.24527994791666666
919,WeightedLFU,0.2692057291666667
920,WeightedLFU,0.2664388020833333
921,WeightedLFU,0.2677408854166667
922,WeightedLFU,0.248046875
923,WeightedLFU,0.2594401041666667
924,WeightedLFU,0.2783203125
925,WeightedLFU,0.2750651041666667
926,WeightedLFU,0.2576497395833333
927,WeightedLFU,0.2532552083333333
928,WeightedLFU,0.2731119791666667
929,WeightedLFU,0.2791341145833333
930,WeightedLFU,0.2786458333333333
931,WeightedLFU,0.2579752604166667
932,WeightedLFU,0.2643229166666667
933,WeightedLFU,0.2721354166666667
934,WeightedLFU,0.2540690104166667
935,WeightedLFU,0.2732747395833333
936,WeightedLFU,0.26708984375
937,WeightedLFU,0.2804361979166667
938,WeightedLFU,0.26953125
939,WeightedLFU,0.2745768229166667
940,WeightedLFU,0.2755533854166667
941,WeightedLFU,0.28076171875
942,WeightedLFU,0.28271484375
943,WeightedLFU,0.2766927083333333
944,WeightedLFU,0.287109375
945,WeightedLFU,0.2727864583333333
946,WeightedLFU,0.2708333333333333
947,WeightedLFU,0.2568359375
948,WeightedLFU,0.2708333333333333
949,WeightedLFU,0.2682291666666667
950,WeightedLFU,0.2752278645833333
951,WeightedLFU,0.2692057291666667
952,WeightedLFU,0.2747395833333333
953,WeightedLFU,0.2666015625
954,WeightedLFU,0.2609049479166667
955,WeightedLFU,0.24235026041666666
956,WeightedLFU,0.2431640625
957,WeightedLFU,0.2687174479166667
958,WeightedLFU,0.2664388020833333
959,WeightedLFU,0.27783203125
960,WeightedLFU,0.2784830729166667
961,WeightedLFU,0.2727864583333333
962,WeightedLFU,0.27490234375
963,WeightedLFU,0.2898763020833333
964,WeightedLFU,0.2726236979166667
965,WeightedLFU,0.2815755208333333
966,WeightedLFU,0.2828776041666667
967,WeightedLFU,0.275390625
968,WeightedLFU,0.2799479166666667
969,WeightedLFU,0.2638346354166667
970,WeightedLFU,0.2630208333333333
971,WeightedLFU,0.2804361979166667
972,WeightedLFU,0.2692057291666667
973,WeightedLFU,0.296875
974,WeightedLFU,0.2679036458333333
975,WeightedLFU,0.25634765625
976,WeightedLFU,0.2535807291666667
977,WeightedLFU,0.24820963541666666
978,WeightedLFU,0.2599283854166667
979,WeightedLFU,0.2706705729166667
980,WeightedLFU,0.24967447916666666
981,WeightedLFU,0.24251302083333334
982,WeightedLFU,0.2722981770833333
983,WeightedLFU,0.2548828125
984,WeightedLFU,0.2571614583333333
985,WeightedLFU,0.25244140625
986,WeightedLFU,0.26953125
987,WeightedLFU,0.26220703125
988,WeightedLFU,0.2599283854166667
989,WeightedLFU,0.2662760416666667
990,WeightedLFU,0.26416015625
991,WeightedLFU,0.2731119791666667
992,WeightedLFU,0.2552083333333333
993,WeightedLFU,0.2526041666666667
994,WeightedLFU,0.24365234375
995,WeightedLFU,0.2599283854166667
996,WeightedLFU,0.2517903645833333
997,WeightedLFU,0.2578125
998,WeightedLFU,0.2643229166666667
999,WeightedLFU,0.25634765625
1000,WeightedLFU,0.27392578125
1001,WeightedLFU,0.24820963541666666
1002,WeightedLFU,0.24658203125
1003,WeightedLFU,0.24593098958333334
1004,WeightedLFU,0.2776692708333333
1005,WeightedLFU,0.2607421875
1006,WeightedLFU,0.2604166666666667
1007,WeightedLFU,0.2736002604166667
1008,WeightedLFU,0.26416015625
1009,WeightedLFU,0.2620442708333333
1010,WeightedLFU,0.26708984375
1011,WeightedLFU,0.2649739583333333
1012,WeightedLFU,0.2669270833333333
1013,WeightedLFU,0.2605794270833333
1014,WeightedLFU,0.2703450520833333
1015,WeightedLFU,0.2503255208333333
1016,WeightedLFU,0.25
1017,WeightedLFU,0.2625325520833333
1018,WeightedLFU,0.2644856770833333
1019,WeightedLFU,0.2652994791666667
1020,WeightedLFU,0.2732747395833333
1021,WeightedLFU,0.2530924479166667
1022,WeightedLFU,0.26953125
1023,WeightedLFU,0.2705078125
3,THER,0.2628580729166667
4,THER,0.21598307291666666
5,THER,0.23860677083333334
6,THER,0.22298177083333334
7,THER,0.2571614583333333
8,THER,0.24690755208333334
9,THER,0.2669270833333333
10,THER,0.2550455729166667
11,THER,0.2692057291666667
12,THER,0.2703450520833333
13,THER,0.2552083333333333
14,THER,0.2526041666666667
15,THER,0.26416015625
16,THER,0.26611328125
17,THER,0.2726236979166667
18,THER,0.2882486979166667
19,THER,0.3216145833333333
20,THER,0.3126627604166667
21,THER,0.2757161458333333
22,THER,0.26806640625
23,THER,0.2794596354166667
24,THER,0.275390625
25,THER,0.2521158854166667
26,THER,0.2848307291666667
27,THER,0.3212890625
28,THER,0.2550455729166667
29,THER,0.2711588541666667
30,THER,0.23583984375
31,THER,0.23860677083333334
32,THER,0.22932942708333334
33,THER,0.220703125
34,THER,0.24186197916666666
35,THER,0.2716471354166667
36,THER,0.2599283854166667
37,THER,0.240234375
38,THER,0.24104817708333334
39,THER,0.25634765625
40,THER,0.2604166666666667
41,THER,0.248046875
42,THER,0.2421875
43,THER,0.2613932291666667
44,THER,0.24772135416666666
45,THER,0.263671875
46,THER,0.2216796875
47,THER,0.2760416666666667
48,THER,0.26806640625
49,THER,0.2939453125
50,THER,0.2662760416666667
51,THER,0.2736002604166667
52,THER,0.24169921875
53,THER,0.2578125
54,THER,0.2626953125
55,THER,0.30419921875
56,THER,0.2470703125
57,THER,0.2648111979166667
58,THER,0.24202473958333334
59,THER,0.28271484375
60,THER,0.27001953125
61,THER,0.2511393229166667
62,THER,0.23795572916666666
63,THER,0.26513671875
64,THER,0.2626953125
65,THER,0.2596028645833333
66,THER,0.2594401041666667
67,THER,0.2532552083333333
68,THER,0.24641927083333334
69,THER,0.24609375
70,THER,0.2713216145833333
71,THER,0.2742513020833333
72,THER,0.2809244791666667
73,THER,0.24983723958333334
74,THER,0.2654622395833333
75,THER,0.302734375
76,THER,0.2903645833333333
77,THER,0.30615234375
78,THER,0.322265625
79,THER,0.3544921875
80,THER,0.3033854166666667
81,THER,0.2892252604166667
82,THER,0.2867838541666667
83,THER,0.2898763020833333
84,THER,0.30126953125
85,THER,0.26708984375
86,THER,0.2521158854166667
87,THER,0.27783203125
88,THER,0.24593098958333334
89,THER,0.23095703125
90,THER,0.2540690104166667
91,THER,0.27197265625
92,THER,0.24495442708333334
93,THER,0.2537434895833333
94,THER,0.28564453125
95,THER,0.3248697916666667
96,THER,0.25341796875
97,THER,0.2373046875
98,THER,0.244140625
99,THER,0.27734375
100,THER,0.23779296875
101,THER,0.22998046875
102,THER,0.24462890625
103,THER,0.2858072916666667
104,THER,0.267578125
105,THER,0.2511393229166667
106,THER,0.2508138020833333
107,THER,0.2845052083333333
108,THER,0.2509765625
109,THER,0.2693684895833333
110,THER,0.2736002604166667
111,THER,0.2718098958333333
112,THER,0.25830078125
113,THER,0.24495442708333334
114,THER,0.2589518229166667
115,THER,0.2814127604166667
116,THER,0.24332682291666666
117,THER,0.2633463541666667
118,THER,0.30029296875
119,THER,0.3260091145833333
120,THER,0.2955729166666667
121,THER,0.2783203125
122,THER,0.2819010416666667
123,THER,0.2682291666666667
124,THER,0.2630208333333333
125,THER,0.23763020833333334
126,THER,0.24918619791666666
127,THER,0.302734375
128,THER,0.2967122395833333
129,THER,0.27197265625
130,THER,0.2664388020833333
131,THER,0.2744140625
132,THER,0.2652994791666667
133,THER,0.2542317708333333
134,THER,0.2526041666666667
135,THER,0.2911783854166667
136,THER,0.23990885416666666
137,THER,0.25537109375
138,THER,0.2529296875
139,THER,0.3212890625
140,THER,0.2888997395833333
141,THER,0.27197265625
142,THER,0.23795572916666666
143,THER,0.27001953125
144,THER,0.23828125
145,THER,0.29833984375
146,THER,0.2737630208333333
147,THER,0.2998046875
148,THER,0.259765625
149,THER,0.26953125
150,THER,0.2609049479166667
151,THER,0.2501627604166667
152,THER,0.23649088541666666
153,THER,0.2555338541666667
154,THER,0.24462890625
155,THER,0.2783203125
156,THER,0.265625
157,THER,0.2565104166666667
158,THER,0.2522786458333333
159,THER,0.3186848958333333
160,THER,0.2744140625
161,THER,0.22998046875
162,THER,0.22737630208333334
163,THER,0.2586263020833333
164,THER,0.2589518229166667
165,THER,0.21663411458333334
166,THER,0.21175130208333334
167,THER,0.2431640625
168,THER,0.24641927083333334
169,THER,0.2633463541666667
170,THER,0.22444661458333334
171,THER,0.2643229166666667
172,THER,0.2913411458333333
173,THER,0.2903645833333333
174,THER,0.2804361979166667
175,THER,0.2841796875
176,THER,0.3001302083333333
177,THER,0.2862955729166667
178,THER,0.2928059895833333
179,THER,0.3255208333333333
180,THER,0.23209635416666666
181,THER,0.23128255208333334
182,THER,0.20947265625
183,THER,0.2796223958333333
184,THER,0.22705078125
185,THER,0.21337890625
186,THER,0.25634765625
187,THER,0.2685546875
188,THER,0.24332682291666666
189,THER,0.24918619791666666
190,THER,0.21630859375
191,THER,0.23404947916666666
192,THER,0.267578125
193,THER,0.2353515625
194,THER,0.24739583333333334
195,THER,0.28125
196,THER,0.24104817708333334
197,THER,0.24739583333333334
198,THER,0.2587890625
199,THER,0.2744140625
200,THER,0.27001953125
201,THER,0.25537109375
202,THER,0.2722981770833333
203,THER,0.2919921875
204,THER,0.2726236979166667
205,THER,0.2923177083333333
206,THER,0.28466796875
207,THER,0.2823893229166667
208,THER,0.2623697916666667
209,THER,0.24186197916666666
210,THER,0.2547200520833333
211,THER,0.26025390625
212,THER,0.23795572916666666
213,THER,0.23225911458333334
214,THER,0.2630208333333333
215,THER,0.3035481770833333
216,THER,0.2731119791666667
217,THER,0.23844401041666666
218,THER,0.248046875
219,THER,0.2516276041666667
220,THER,0.22477213541666666
221,THER,0.24869791666666666
222,THER,0.22591145833333334
223,THER,0.25390625
224,THER,0.24609375
225,THER,0.2255859375
226,THER,0.22574869791666666
227,THER,0.24235026041666666
228,THER,0.23291015625
229,THER,0.23763020833333334
230,THER,0.18050130208333334
231,THER,0.2431640625
232,THER,0.2529296875
233,THER,0.22916666666666666
234,THER,0.17740885416666666
235,THER,0.23811848958333334
236,THER,0.23079427083333334
237,THER,0.2373046875
238,THER,0.23356119791666666
239,THER,0.29638671875
240,THER,0.21988932291666666
241,THER,0.22428385416666666
242,THER,0.2662760416666667
243,THER,0.2508138020833333
244,THER,0.23258463541666666
245,THER,0.22721354166666666
246,THER,0.2138671875
247,THER,0.22444661458333334
248,THER,0.24983723958333334
249,THER,0.24007161458333334
250,THER,0.21744791666666666
251,THER,0.23697916666666666
252,THER,0.25244140625
253,THER,0.22965494791666666
254,THER,0.2513020833333333
255,THER,0.2644856770833333
256,THER,0.22786458333333334
257,THER,0.22135416666666666
258,THER,0.2431640625
259,THER,0.2687174479166667
260,THER,0.2737630208333333
261,THER,0.255859375
262,THER,0.2560221354166667
263,THER,0.28173828125
264,THER,0.2594401041666667
265,THER,0.2579752604166667
266,THER,0.24788411458333334
267,THER,0.24169921875
268,THER,0.2265625
269,THER,0.22819010416666666
270,THER,0.23486328125
271,THER,0.2392578125
272,THER,0.24283854166666666
273,THER,0.20052083333333334
274,THER,0.19466145833333334
275,THER,0.2713216145833333
276,THER,0.23714192708333334
277,THER,0.21923828125
278,THER,0.212890625
279,THER,0.2706705729166667
280,THER,0.2532552083333333
281,THER,0.24934895833333334
282,THER,0.2586263020833333
283,THER,0.2804361979166667
284,THER,0.2508138020833333
285,THER,0.2869466145833333
286,THER,0.24886067708333334
287,THER,0.2628580729166667
288,THER,0.23356119791666666
289,THER,0.2099609375
290,THER,0.21175130208333334
291,THER,0.23274739583333334
292,THER,0.22330729166666666
293,THER,0.21175130208333334
294,THER,0.24169921875
295,THER,0.23876953125
296,THER,0.23583984375
297,THER,0.2216796875
298,THER,0.23958333333333334
299,THER,0.2516276041666667
300,THER,0.24365234375
301,THER,0.23356119791666666
302,THER,0.2625325520833333
303,THER,0.24235026041666666
304,THER,0.25146484375
305,THER,0.23079427083333334
306,THER,0.23909505208333334
307,THER,0.2529296875
308,THER,0.23209635416666666
309,THER,0.22639973958333334
310,THER,0.2265625
311,THER,0.2662760416666667
312,THER,0.24951171875
313,THER,0.24788411458333334
314,THER,0.236328125
315,THER,0.24951171875
316,THER,0.22347005208333334
317,THER,0.20182291666666666
318,THER,0.2255859375
319,THER,0.2589518229166667
320,THER,0.23714192708333334
321,THER,0.22607421875
322,THER,0.21761067708333334
323,THER,0.2693684895833333
324,THER,0.2659505208333333
325,THER,0.2638346354166667
326,THER,0.24755859375
327,THER,0.27685546875
328,THER,0.2657877604166667
329,THER,0.2737630208333333
330,THER,0.2604166666666667
331,THER,0.2736002604166667
332,THER,0.24772135416666666
333,THER,0.24674479166666666
334,THER,0.24462890625
335,THER,0.2630208333333333
336,THER,0.24576822916666666
337,THER,0.22347005208333334
338,THER,0.22639973958333334
339,THER,0.23697916666666666
340,THER,0.22542317708333334
341,THER,0.22249348958333334
342,THER,0.22916666666666666
343,THER,0.2513020833333333
344,THER,0.24674479166666666
345,THER,0.24283854166666666
346,THER,0.25732421875
347,THER,0.2596028645833333
348,THER,0.22998046875
349,THER,0.24983723958333334
350,THER,0.23356119791666666
351,THER,0.2618815104166667
352,THER,0.2604166666666667
353,THER,0.23453776041666666
354,THER,0.23453776041666666
355,THER,0.2685546875
356,THER,0.25
357,THER,0.24300130208333334
358,THER,0.24007161458333334
359,THER,0.2615559895833333
360,THER,0.234375
361,THER,0.23665364583333334
362,THER,0.22981770833333334
363,THER,0.2799479166666667
364,THER,0.2451171875
365,THER,0.2511393229166667
366,THER,0.25634765625
367,THER,0.2639973958333333
368,THER,0.23014322916666666
369,THER,0.22526041666666666
370,THER,0.22981770833333334
371,THER,0.2770182291666667
372,THER,0.24348958333333334
373,THER,0.23746744791666666
374,THER,0.24820963541666666
375,THER,0.2643229166666667
376,THER,0.22509765625
377,THER,0.23291015625
378,THER,0.2158203125
379,THER,0.2503255208333333
380,THER,0.20686848958333334
381,THER,0.22233072916666666
382,THER,0.22802734375
383,THER,0.2599283854166667
384,THER,0.23681640625
385,THER,0.21956380208333334
386,THER,0.21500651041666666
387,THER,0.2506510416666667
388,THER,0.21516927083333334
389,THER,0.21988932291666666
390,THER,0.23876953125
391,THER,0.26806640625
392,THER,0.2529296875
393,THER,0.24869791666666666
394,THER,0.23860677083333334
395,THER,0.2644856770833333
396,THER,0.21435546875
397,THER,0.21793619791666666
398,THER,0.21647135416666666
399,THER,0.2552083333333333
400,THER,0.23209635416666666
401,THER,0.21858723958333334
402,THER,0.2197265625
403,THER,0.2540690104166667
404,THER,0.24576822916666666
405,THER,0.23779296875
406,THER,0.23046875
407,THER,0.2654622395833333
408,THER,0.2722981770833333
409,THER,0.2652994791666667
410,THER,0.2552083333333333
411,THER,0.2845052083333333
412,THER,0.2841796875
413,THER,0.24137369791666666
414,THER,0.23388671875
415,THER,0.2618815104166667
416,THER,0.21988932291666666
417,THER,0.2333984375
418,THER,0.23681640625
419,THER,0.2545572916666667
420,THER,0.2109375
421,THER,0.220703125
422,THER,0.24072265625
423,THER,0.26708984375
424,THER,0.24479166666666666
425,THER,0.24674479166666666
426,THER,0.24951171875
427,THER,0.26025390625
428,THER,0.2581380208333333
429,THER,0.25732421875
430,THER,0.26708984375
431,THER,0.2587890625
432,THER,0.22965494791666666
433,THER,0.2635091145833333
434,THER,0.2703450520833333
435,THER,0.2696940104166667
436,THER,0.2522786458333333
437,THER,0.22802734375
438,THER,0.24251302083333334
439,THER,0.2802734375
440,THER,0.2540690104166667
441,THER,0.2431640625
442,THER,0.24560546875
443,THER,0.2805989583333333
444,THER,0.24967447916666666
445,THER,0.24153645833333334
446,THER,0.23291015625
447,THER,0.2745768229166667
448,THER,0.2373046875
449,THER,0.23974609375
450,THER,0.2576497395833333
451,THER,0.2779947916666667
452,THER,0.26025390625
453,THER,0.2547200520833333
454,THER,0.240234375
455,THER,0.2791341145833333
456,THER,0.2696940104166667
457,THER,0.2566731770833333
458,THER,0.24088541666666666
459,THER,0.2820638020833333
460,THER,0.23844401041666666
461,THER,0.2527669270833333
462,THER,0.23551432291666666
463,THER,0.2677408854166667
464,THER,0.21923828125
465,THER,0.2547200520833333
466,THER,0.24381510416666666
467,THER,0.2742513020833333
468,THER,0.2794596354166667
469,THER,0.27001953125
470,THER,0.2716471354166667
471,THER,0.2737630208333333
472,THER,0.25390625
473,THER,0.2542317708333333
474,THER,0.24934895833333334
475,THER,0.2763671875
476,THER,0.267578125
477,THER,0.2589518229166667
478,THER,0.2451171875
479,THER,0.2830403645833333
480,THER,0.2607421875
481,THER,0.22770182291666666
482,THER,0.23942057291666666
483,THER,0.2887369791666667
484,THER,0.26171875
485,THER,0.2654622395833333
486,THER,0.2501627604166667
487,THER,0.2779947916666667
488,THER,0.27490234375
489,THER,0.2666015625
490,THER,0.2698567708333333
491,THER,0.2721354166666667
492,THER,0.26611328125
493,THER,0.2628580729166667
494,THER,0.2635091145833333
495,THER,0.27294921875
496,THER,0.2677408854166667
497,THER,0.2693684895833333
498,THER,0.251953125
499,THER,0.2918294270833333
500,THER,0.2674153645833333
501,THER,0.2314453125
502,THER,0.21256510416666666
503,THER,0.2706705729166667
504,THER,0.23583984375
505,THER,0.25341796875
506,THER,0.25537109375
507,THER,0.27099609375
508,THER,0.25830078125
509,THER,0.2561848958333333
510,THER,0.24267578125
511,THER,0.259765625
512,THER,0.25
513,THER,0.23974609375
514,THER,0.2724609375
515,THER,0.2877604166666667
516,THER,0.2828776041666667
517,THER,0.2713216145833333
518,THER,0.24072265625
519,THER,0.2840169270833333
520,THER,0.2527669270833333
521,THER,0.23876953125
522,THER,0.2615559895833333
523,THER,0.2708333333333333
524,THER,0.26123046875
525,THER,0.23616536458333334
526,THER,0.24739583333333334
527,THER,0.2835286458333333
528,THER,0.24886067708333334
529,THER,0.2576497395833333
530,THER,0.2613932291666667
531,THER,0.2731119791666667
532,THER,0.2654622395833333
533,THER,0.2569986979166667
534,THER,0.24983723958333334
535,THER,0.2867838541666667
536,THER,0.2677408854166667
537,THER,0.24495442708333334
538,THER,0.2555338541666667
539,THER,0.2766927083333333
540,THER,0.26025390625
541,THER,0.26220703125
542,THER,0.24674479166666666
543,THER,0.2799479166666667
544,THER,0.2703450520833333
545,THER,0.2613932291666667
546,THER,0.2581380208333333
547,THER,0.29052734375
548,THER,0.2794596354166667
549,THER,0.2783203125
550,THER,0.26708984375
551,THER,0.2967122395833333
552,THER,0.2591145833333333
553,THER,0.2594401041666667
554,THER,0.26220703125
555,THER,0.2823893229166667
556,THER,0.2609049479166667
557,THER,0.24934895833333334
558,THER,0.2552083333333333
559,THER,0.2646484375
560,THER,0.2596028645833333
561,THER,0.25732421875
562,THER,0.2610677083333333
563,THER,0.2565104166666667
564,THER,0.234375
565,THER,0.24918619791666666
566,THER,0.24967447916666666
567,THER,0.27685546875
568,THER,0.24462890625
569,THER,0.24365234375
570,THER,0.24495442708333334
571,THER,0.2854817708333333
572,THER,0.24609375
573,THER,0.2579752604166667
574,THER,0.24869791666666666
575,THER,0.2810872395833333
576,THER,0.26806640625
577,THER,0.2783203125
578,THER,0.2545572916666667
579,THER,0.28173828125
580,THER,0.2814127604166667
581,THER,0.2654622395833333
582,THER,0.2648111979166667
583,THER,0.2809244791666667
584,THER,0.2840169270833333
585,THER,0.2537434895833333
586,THER,0.2701822916666667
587,THER,0.26904296875
588,THER,0.2587890625
589,THER,0.2648111979166667
590,THER,0.2630208333333333
591,THER,0.2835286458333333
592,THER,0.2513020833333333
593,THER,0.251953125
594,THER,0.24853515625
595,THER,0.2747395833333333
596,THER,0.2561848958333333
597,THER,0.24593098958333334
598,THER,0.2639973958333333
599,THER,0.2731119791666667
600,THER,0.2576497395833333
601,THER,0.22819010416666666
602,THER,0.23746744791666666
603,THER,0.2693684895833333
604,THER,0.24723307291666666
605,THER,0.2548828125
606,THER,0.2586263020833333
607,THER,0.26611328125
608,THER,0.2708333333333333
609,THER,0.2547200520833333
610,THER,0.24690755208333334
611,THER,0.2760416666666667
612,THER,0.2511393229166667
613,THER,0.2561848958333333
614,THER,0.2854817708333333
615,THER,0.2825520833333333
616,THER,0.2718098958333333
617,THER,0.2819010416666667
618,THER,0.25341796875
619,THER,0.2942708333333333
620,THER,0.2626953125
621,THER,0.2638346354166667
622,THER,0.24527994791666666
623,THER,0.279296875
624,THER,0.2581380208333333
625,THER,0.234375
626,THER,0.24055989583333334
627,THER,0.2799479166666667
628,THER,0.2560221354166667
629,THER,0.2615559895833333
630,THER,0.25146484375
631,THER,0.2902018229166667
632,THER,0.2706705729166667
633,THER,0.2542317708333333
634,THER,0.2783203125
635,THER,0.3152669270833333
636,THER,0.2724609375
637,THER,0.265625
638,THER,0.294921875
639,THER,0.2923177083333333
640,THER,0.24397786458333334
641,THER,0.2771809895833333
642,THER,0.2848307291666667
643,THER,0.2928059895833333
644,THER,0.2537434895833333
645,THER,0.24739583333333334
646,THER,0.23779296875
647,THER,0.2766927083333333
648,THER,0.2599283854166667
649,THER,0.26708984375
650,THER,0.2604166666666667
651,THER,0.3025716145833333
652,THER,0.2854817708333333
653,THER,0.27587890625
654,THER,0.2555338541666667
655,THER,0.3024088541666667
656,THER,0.251953125
657,THER,0.2669270833333333
658,THER,0.2594401041666667
659,THER,0.27197265625
660,THER,0.287109375
661,THER,0.2845052083333333
662,THER,0.2630208333333333
663,THER,0.2921549479166667
664,THER,0.24348958333333334
665,THER,0.2625325520833333
666,THER,0.2540690104166667
667,THER,0.2703450520833333
668,THER,0.24641927083333334
669,THER,0.23095703125
670,THER,0.2721354166666667
671,THER,0.283203125
672,THER,0.26171875
673,THER,0.2587890625
674,THER,0.2527669270833333
675,THER,0.2752278645833333
676,THER,0.2679036458333333
677,THER,0.2674153645833333
678,THER,0.24983723958333334
679,THER,0.2765299479166667
680,THER,0.2718098958333333
681,THER,0.27392578125
682,THER,0.2633463541666667
683,THER,0.2786458333333333
684,THER,0.2646484375
685,THER,0.2682291666666667
686,THER,0.24560546875
687,THER,0.27490234375
688,THER,0.2701822916666667
689,THER,0.23583984375
690,THER,0.25
691,THER,0.267578125
692,THER,0.2683919270833333
693,THER,0.2799479166666667
694,THER,0.2750651041666667
695,THER,0.2945963541666667
696,THER,0.2760416666666667
697,THER,0.2742513020833333
698,THER,0.2657877604166667
699,THER,0.2721354166666667
700,THER,0.2828776041666667
701,THER,0.2740885416666667
702,THER,0.2618815104166667
703,THER,0.28759765625
704,THER,0.2814127604166667
705,THER,0.2644856770833333
706,THER,0.2654622395833333
707,THER,0.29296875
708,THER,0.2835286458333333
709,THER,0.2713216145833333
710,THER,0.26611328125
711,THER,0.2849934895833333
712,THER,0.26513671875
713,THER,0.2752278645833333
714,THER,0.2657877604166667
715,THER,0.2897135416666667
716,THER,0.28857421875
717,THER,0.2722981770833333
718,THER,0.26611328125
719,THER,0.2802734375
720,THER,0.2613932291666667
721,THER,0.2672526041666667
722,THER,0.2578125
723,THER,0.29833984375
724,THER,0.2781575520833333
725,THER,0.2845052083333333
726,THER,0.24853515625
727,THER,0.2845052083333333
728,THER,0.2633463541666667
729,THER,0.24365234375
730,THER,0.2591145833333333
731,THER,0.28076171875
732,THER,0.25927734375
733,THER,0.27587890625
734,THER,0.28662109375
735,THER,0.2835286458333333
736,THER,0.2957356770833333
737,THER,0.2615559895833333
738,THER,0.2579752604166667
739,THER,0.2830403645833333
740,THER,0.251953125
741,THER,0.26513671875
742,THER,0.255859375
743,THER,0.2667643229166667
744,THER,0.2835286458333333
745,THER,0.2596028645833333
746,THER,0.2833658854166667
747,THER,0.29052734375
748,THER,0.26806640625
749,THER,0.2552083333333333
750,THER,0.2555338541666667
751,THER,0.2936197916666667
752,THER,0.2835286458333333
753,THER,0.2923177083333333
754,THER,0.27099609375
755,THER,0.2936197916666667
756,THER,0.27978515625
757,THER,0.251953125
758,THER,0.2693684895833333
759,THER,0.30224609375
760,THER,0.26513671875
761,THER,0.27294921875
762,THER,0.2532552083333333
763,THER,0.2757161458333333
764,THER,0.2732747395833333
765,THER,0.2639973958333333
766,THER,0.2999674479166667
767,THER,0.3214518229166667
768,THER,0.30029296875
769,THER,0.2919921875
770,THER,0.2610677083333333
771,THER,0.29248046875
772,THER,0.2451171875
773,THER,0.2667643229166667
774,THER,0.2679036458333333
775,THER,0.28466796875
776,THER,0.2688802083333333
777,THER,0.2698567708333333
778,THER,0.2858072916666667
779,THER,0.31884765625
780,THER,0.2815755208333333
781,THER,0.27783203125
782,THER,0.2771809895833333
783,THER,0.2981770833333333
784,THER,0.25439453125
785,THER,0.27880859375
786,THER,0.265625
787,THER,0.29638671875
788,THER,0.2853190104166667
789,THER,0.2672526041666667
790,THER,0.2820638020833333
791,THER,0.2763671875
792,THER,0.2862955729166667
793,THER,0.2537434895833333
794,THER,0.2548828125
795,THER,0.3048502604166667
796,THER,0.271484375
797,THER,0.2853190104166667
798,THER,0.26904296875
799,THER,0.2902018229166667
800,THER,0.2693684895833333
801,THER,0.2784830729166667
802,THER,0.2683919270833333
803,THER,0.3248697916666667
804,THER,0.2986653645833333
805,THER,0.2957356770833333
806,THER,0.2711588541666667
807,THER,0.3128255208333333
808,THER,0.2799479166666667
809,THER,0.28076171875
810,THER,0.2771809895833333
811,THER,0.31591796875
812,THER,0.2838541666666667
813,THER,0.2833658854166667
814,THER,0.25732421875
815,THER,0.3157552083333333
816,THER,0.25830078125
817,THER,0.2716471354166667
818,THER,0.2747395833333333
819,THER,0.2833658854166667
820,THER,0.2900390625
821,THER,0.27294921875
822,THER,0.2848307291666667
823,THER,0.2652994791666667
824,THER,0.2532552083333333
825,THER,0.2571614583333333
826,THER,0.2648111979166667
827,THER,0.2892252604166667
828,THER,0.2879231770833333
829,THER,0.28759765625
830,THER,0.2957356770833333
831,THER,0.29736328125
832,THER,0.2830403645833333
833,THER,0.2727864583333333
834,THER,0.2849934895833333
835,THER,0.3079427083333333
836,THER,0.2893880208333333
837,THER,0.2906901041666667
838,THER,0.279296875
839,THER,0.2732747395833333
840,THER,0.24169921875
841,THER,0.2752278645833333
842,THER,0.2685546875
843,THER,0.2682291666666667
844,THER,0.2638346354166667
845,THER,0.2540690104166667
846,THER,0.2926432291666667
847,THER,0.3017578125
848,THER,0.2776692708333333
849,THER,0.2799479166666667
850,THER,0.2677408854166667
851,THER,0.2698567708333333
852,THER,0.2511393229166667
853,THER,0.2731119791666667
854,THER,0.2724609375
855,THER,0.2776692708333333
856,THER,0.27294921875
857,THER,0.25341796875
858,THER,0.2537434895833333
859,THER,0.2931315104166667
860,THER,0.2545572916666667
861,THER,0.2548828125
862,THER,0.27587890625
863,THER,0.30712890625
864,THER,0.27099609375
865,THER,0.26806640625
866,THER,0.26904296875
867,THER,0.2897135416666667
868,THER,0.2902018229166667
869,THER,0.2869466145833333
870,THER,0.2976888020833333
871,THER,0.30419921875
872,THER,0.24527994791666666
873,THER,0.279296875
874,THER,0.2625325520833333
875,THER,0.2854817708333333
876,THER,0.2679036458333333
877,THER,0.2574869791666667
878,THER,0.29833984375
879,THER,0.2908528645833333
880,THER,0.2967122395833333
881,THER,0.28662109375
882,THER,0.25634765625
883,THER,0.3056640625
884,THER,0.2841796875
885,THER,0.2825520833333333
886,THER,0.3015950520833333
887,THER,0.2732747395833333
888,THER,0.27099609375
889,THER,0.2862955729166667
890,THER,0.2823893229166667
891,THER,0.30126953125
892,THER,0.298828125
893,THER,0.2721354166666667
894,THER,0.2508138020833333
895,THER,0.2906901041666667
896,THER,0.2727864583333333
897,THER,0.2853190104166667
898,THER,0.3019205729166667
899,THER,0.3219401041666667
900,THER,0.27587890625
901,THER,0.30078125
902,THER,0.2683919270833333
903,THER,0.3546549479166667
904,THER,0.29052734375
905,THER,0.2848307291666667
906,THER,0.2799479166666667
907,THER,0.2994791666666667
908,THER,0.3082682291666667
909,THER,0.30224609375
910,THER,0.2732747395833333
911,THER,0.3079427083333333
912,THER,0.3128255208333333
913,THER,0.2941080729166667
914,THER,0.2853190104166667
915,THER,0.28369140625
916,THER,0.2552083333333333
917,THER,0.2623697916666667
918,THER,0.2530924479166667
919,THER,0.3006184895833333
920,THER,0.2972005208333333
921,THER,0.30322265625
922,THER,0.28466796875
923,THER,0.2937825520833333
924,THER,0.3204752604166667
925,THER,0.3072916666666667
926,THER,0.2945963541666667
927,THER,0.3089192708333333
928,THER,0.3232421875
929,THER,0.3313802083333333
930,THER,0.3045247395833333
931,THER,0.3190104166666667
932,THER,0.3056640625
933,THER,0.2976888020833333
934,THER,0.2882486979166667
935,THER,0.3338216145833333
936,THER,0.2998046875
937,THER,0.2918294270833333
938,THER,0.3015950520833333
939,THER,0.3291015625
940,THER,0.2888997395833333
941,THER,0.298828125
942,THER,0.3131510416666667
943,THER,0.31884765625
944,THER,0.30224609375
945,THER,0.3015950520833333
946,THER,0.2805989583333333
947,THER,0.28173828125
948,THER,0.279296875
949,THER,0.2750651041666667
950,THER,0.2931315104166667
951,THER,0.31201171875
952,THER,0.3229166666666667
953,THER,0.306640625
954,THER,0.2814127604166667
955,THER,0.2783203125
956,THER,0.2745768229166667
957,THER,0.2815755208333333
958,THER,0.2952473958333333
959,THER,0.3225911458333333
960,THER,0.2843424479166667
961,THER,0.3160807291666667
962,THER,0.3028971354166667
963,THER,0.3318684895833333
964,THER,0.2926432291666667
965,THER,0.3102213541666667
966,THER,0.2937825520833333
967,THER,0.3175455729166667
968,THER,0.3196614583333333
969,THER,0.2989908854166667
970,THER,0.28564453125
971,THER,0.3151041666666667
972,THER,0.2960611979166667
973,THER,0.3108723958333333
974,THER,0.2976888020833333
975,THER,0.2955729166666667
976,THER,0.2859700520833333
977,THER,0.2666015625
978,THER,0.283203125
979,THER,0.3116861979166667
980,THER,0.2744140625
981,THER,0.2672526041666667
982,THER,0.30224609375
983,THER,0.30517578125
984,THER,0.29833984375
985,THER,0.2783203125
986,THER,0.3011067708333333
987,THER,0.29052734375
988,THER,0.28662109375
989,THER,0.29248046875
990,THER,0.27880859375
991,THER,0.31787109375
992,THER,0.2727864583333333
993,THER,0.2822265625
994,THER,0.2711588541666667
995,THER,0.2919921875
996,THER,0.2801106770833333
997,THER,0.2698567708333333
998,THER,0.2737630208333333
999,THER,0.2864583333333333
1000,THER,0.29150390625
1001,THER,0.2615559895833333
1002,THER,0.2682291666666667
1003,THER,0.2957356770833333
1004,THER,0.3006184895833333
1005,THER,0.2810872395833333
1006,THER,0.2708333333333333
1007,THER,0.3046875
1008,THER,0.2819010416666667
1009,THER,0.267578125
1010,THER,0.2900390625
1011,THER,0.3038736979166667
1012,THER,0.2999674479166667
1013,THER,0.2879231770833333
1014,THER,0.2985026041666667
1015,THER,0.29931640625
1016,THER,0.2980143229166667
1017,THER,0.28369140625
1018,THER,0.29541015625
1019,THER,0.2879231770833333
1020,THER,0.30322265625
1021,THER,0.2571614583333333
1022,THER,0.2771809895833333
1023,THER,0.3126627604166667
3,Oracle,0.2623697916666667
4,Oracle,0.2828776041666667
5,Oracle,0.28759765625
6,Oracle,0.2646484375
7,Oracle,0.2646484375
8,Oracle,0.2752278645833333
9,Oracle,0.2913411458333333
10,Oracle,0.28564453125
11,Oracle,0.27490234375
12,Oracle,0.3006184895833333
13,Oracle,0.2937825520833333
14,Oracle,0.279296875
15,Oracle,0.27392578125
16,Oracle,0.29150390625
17,Oracle,0.3118489583333333
18,Oracle,0.3308919270833333
19,Oracle,0.3287760416666667
20,Oracle,0.3424479166666667
21,Oracle,0.30517578125
22,Oracle,0.2942708333333333
23,Oracle,0.287109375
24,Oracle,0.3094075520833333
25,Oracle,0.2734375
26,Oracle,0.3142903645833333
27,Oracle,0.3274739583333333
28,Oracle,0.29638671875
29,Oracle,0.3038736979166667
30,Oracle,0.2659505208333333
31,Oracle,0.2633463541666667
32,Oracle,0.2789713541666667
33,Oracle,0.26220703125
34,Oracle,0.2727864583333333
35,Oracle,0.2763671875
36,Oracle,0.3011067708333333
37,Oracle,0.2913411458333333
38,Oracle,0.27099609375
39,Oracle,0.2734375
40,Oracle,0.2965494791666667
41,Oracle,0.2825520833333333
42,Oracle,0.26611328125
43,Oracle,0.2679036458333333
44,Oracle,0.28955078125
45,Oracle,0.29150390625
46,Oracle,0.2815755208333333
47,Oracle,0.2633463541666667
48,Oracle,0.3064778645833333
49,Oracle,0.3430989583333333
50,Oracle,0.314453125
51,Oracle,0.30419921875
52,Oracle,0.2815755208333333
53,Oracle,0.2892252604166667
54,Oracle,0.28515625
55,Oracle,0.3053385416666667
56,Oracle,0.27001953125
57,Oracle,0.3084309895833333
58,Oracle,0.28662109375
59,Oracle,0.2900390625
60,Oracle,0.3006184895833333
61,Oracle,0.28173828125
62,Oracle,0.27734375
63,Oracle,0.27392578125
64,Oracle,0.28125
65,Oracle,0.2854817708333333
66,Oracle,0.3009440104166667
67,Oracle,0.25390625
68,Oracle,0.279296875
69,Oracle,0.28564453125
70,Oracle,0.294921875
71,Oracle,0.2906901041666667
72,Oracle,0.3043619791666667
73,Oracle,0.3053385416666667
74,Oracle,0.3134765625
75,Oracle,0.31201171875
76,Oracle,0.3299153645833333
77,Oracle,0.3421223958333333
78,Oracle,0.3546549479166667
79,Oracle,0.36376953125
80,Oracle,0.3444010416666667
81,Oracle,0.3387044270833333
82,Oracle,0.3157552083333333
83,Oracle,0.314453125
84,Oracle,0.3260091145833333
85,Oracle,0.30029296875
86,Oracle,0.2755533854166667
87,Oracle,0.259765625
88,Oracle,0.2766927083333333
89,Oracle,0.2976888020833333
90,Oracle,0.2985026041666667
91,Oracle,0.3028971354166667
92,Oracle,0.2794596354166667
93,Oracle,0.2805989583333333
94,Oracle,0.3180338541666667
95,Oracle,0.32568359375
96,Oracle,0.287109375
97,Oracle,0.2840169270833333
98,Oracle,0.2874348958333333
99,Oracle,0.2815755208333333
100,Oracle,0.2841796875
101,Oracle,0.2853190104166667
102,Oracle,0.2955729166666667
103,Oracle,0.30908203125
104,Oracle,0.294921875
105,Oracle,0.2854817708333333
106,Oracle,0.3048502604166667
107,Oracle,0.2965494791666667
108,Oracle,0.28125
109,Oracle,0.3175455729166667
110,Oracle,0.3116861979166667
111,Oracle,0.2784830729166667
112,Oracle,0.30615234375
113,Oracle,0.28759765625
114,Oracle,0.2877604166666667
115,Oracle,0.2892252604166667
116,Oracle,0.26806640625
117,Oracle,0.2913411458333333
118,Oracle,0.3271484375
119,Oracle,0.32275390625
120,Oracle,0.34033203125
121,Oracle,0.337890625
122,Oracle,0.2975260416666667
123,Oracle,0.2967122395833333
124,Oracle,0.2970377604166667
125,Oracle,0.2724609375
126,Oracle,0.2937825520833333
127,Oracle,0.29638671875
128,Oracle,0.3185221354166667
129,Oracle,0.3331705729166667
130,Oracle,0.2931315104166667
131,Oracle,0.3084309895833333
132,Oracle,0.2820638020833333
133,Oracle,0.2874348958333333
134,Oracle,0.2916666666666667
135,Oracle,0.3219401041666667
136,Oracle,0.298828125
137,Oracle,0.2960611979166667
138,Oracle,0.29541015625
139,Oracle,0.3186848958333333
140,Oracle,0.3190104166666667
141,Oracle,0.3069661458333333
142,Oracle,0.2721354166666667
143,Oracle,0.2581380208333333
144,Oracle,0.2766927083333333
145,Oracle,0.3531901041666667
146,Oracle,0.3125
147,Oracle,0.3077799479166667
148,Oracle,0.2784830729166667
149,Oracle,0.310546875
150,Oracle,0.2965494791666667
151,Oracle,0.2745768229166667
152,Oracle,0.3020833333333333
153,Oracle,0.2745768229166667
154,Oracle,0.2867838541666667
155,Oracle,0.3030598958333333
156,Oracle,0.3170572916666667
157,Oracle,0.2830403645833333
158,Oracle,0.279296875
159,Oracle,0.30810546875
160,Oracle,0.328125
161,Oracle,0.27197265625
162,Oracle,0.2688802083333333
163,Oracle,0.28564453125
164,Oracle,0.2854817708333333
165,Oracle,0.2644856770833333
166,Oracle,0.255859375
167,Oracle,0.2625325520833333
168,Oracle,0.2939453125
169,Oracle,0.29931640625
170,Oracle,0.2594401041666667
171,Oracle,0.2706705729166667
172,Oracle,0.3330078125
173,Oracle,0.3404947916666667
174,Oracle,0.3194986979166667
175,Oracle,0.29541015625
176,Oracle,0.3194986979166667
177,Oracle,0.31298828125
178,Oracle,0.3219401041666667
179,Oracle,0.3264973958333333
180,Oracle,0.2840169270833333
181,Oracle,0.2985026041666667
182,Oracle,0.275390625
183,Oracle,0.2801106770833333
184,Oracle,0.3232421875
185,Oracle,0.2693684895833333
186,Oracle,0.28125
187,Oracle,0.2849934895833333
188,Oracle,0.3136393229166667
189,Oracle,0.30224609375
190,Oracle,0.2736002604166667
191,Oracle,0.2545572916666667
192,Oracle,0.3079427083333333
193,Oracle,0.2864583333333333
194,Oracle,0.3175455729166667
195,Oracle,0.3001302083333333
196,Oracle,0.271484375
197,Oracle,0.2849934895833333
198,Oracle,0.2937825520833333
199,Oracle,0.29248046875
200,Oracle,0.29638671875
201,Oracle,0.2819010416666667
202,Oracle,0.3126627604166667
203,Oracle,0.2970377604166667
204,Oracle,0.3113606770833333
205,Oracle,0.32568359375
206,Oracle,0.3053385416666667
207,Oracle,0.2932942708333333
208,Oracle,0.3056640625
209,Oracle,0.2916666666666667
210,Oracle,0.2726236979166667
211,Oracle,0.2685546875
212,Oracle,0.2884114583333333
213,Oracle,0.2991536458333333
214,Oracle,0.3113606770833333
215,Oracle,0.3190104166666667
216,Oracle,0.3263346354166667
217,Oracle,0.2882486979166667
218,Oracle,0.2799479166666667
219,Oracle,0.28515625
220,Oracle,0.2822265625
221,Oracle,0.2838541666666667
222,Oracle,0.2708333333333333
223,Oracle,0.26806640625
224,Oracle,0.2745768229166667
225,Oracle,0.2757161458333333
226,Oracle,0.27001953125
227,Oracle,0.2552083333333333
228,Oracle,0.279296875
229,Oracle,0.2766927083333333
230,Oracle,0.2771809895833333
231,Oracle,0.2879231770833333
232,Oracle,0.3370768229166667
233,Oracle,0.359375
234,Oracle,0.28271484375
235,Oracle,0.2775065104166667
236,Oracle,0.2783203125
237,Oracle,0.2667643229166667
238,Oracle,0.2801106770833333
239,Oracle,0.3028971354166667
240,Oracle,0.2745768229166667
241,Oracle,0.2755533854166667
242,Oracle,0.2967122395833333
243,Oracle,0.2649739583333333
244,Oracle,0.2677408854166667
245,Oracle,0.2654622395833333
246,Oracle,0.24755859375
247,Oracle,0.2644856770833333
248,Oracle,0.28271484375
249,Oracle,0.31298828125
250,Oracle,0.22819010416666666
251,Oracle,0.2550455729166667
252,Oracle,0.28125
253,Oracle,0.2555338541666667
254,Oracle,0.2815755208333333
255,Oracle,0.2688802083333333
256,Oracle,0.27587890625
257,Oracle,0.2755533854166667
258,Oracle,0.275390625
259,Oracle,0.3037109375
260,Oracle,0.3138020833333333
261,Oracle,0.29150390625
262,Oracle,0.2747395833333333
263,Oracle,0.28515625
264,Oracle,0.29931640625
265,Oracle,0.31591796875
266,Oracle,0.27197265625
267,Oracle,0.2862955729166667
268,Oracle,0.2892252604166667
269,Oracle,0.2877604166666667
270,Oracle,0.25830078125
271,Oracle,0.2652994791666667
272,Oracle,0.2755533854166667
273,Oracle,0.2618815104166667
274,Oracle,0.2657877604166667
275,Oracle,0.2932942708333333
276,Oracle,0.31005859375
277,Oracle,0.3313802083333333
278,Oracle,0.33203125
279,Oracle,0.2897135416666667
280,Oracle,0.3136393229166667
281,Oracle,0.2962239583333333
282,Oracle,0.2820638020833333
283,Oracle,0.2830403645833333
284,Oracle,0.2892252604166667
285,Oracle,0.314453125
286,Oracle,0.2888997395833333
287,Oracle,0.2737630208333333
288,Oracle,0.267578125
289,Oracle,0.2615559895833333
290,Oracle,0.2568359375
291,Oracle,0.2643229166666667
292,Oracle,0.2589518229166667
293,Oracle,0.2521158854166667
294,Oracle,0.2802734375
295,Oracle,0.2566731770833333
296,Oracle,0.2633463541666667
297,Oracle,0.2672526041666667
298,Oracle,0.2867838541666667
299,Oracle,0.2721354166666667
300,Oracle,0.2784830729166667
301,Oracle,0.29248046875
302,Oracle,0.2902018229166667
303,Oracle,0.2838541666666667
304,Oracle,0.2620442708333333
305,Oracle,0.29248046875
306,Oracle,0.2958984375
307,Oracle,0.2722981770833333
308,Oracle,0.2913411458333333
309,Oracle,0.2960611979166667
310,Oracle,0.2740885416666667
311,Oracle,0.2801106770833333
312,Oracle,0.3004557291666667
313,Oracle,0.2945963541666667
314,Oracle,0.26708984375
315,Oracle,0.2703450520833333
316,Oracle,0.2576497395833333
317,Oracle,0.24772135416666666
318,Oracle,0.265625
319,Oracle,0.2535807291666667
320,Oracle,0.26904296875
321,Oracle,0.2888997395833333
322,Oracle,0.2566731770833333
323,Oracle,0.2864583333333333
324,Oracle,0.2960611979166667
325,Oracle,0.33154296875
326,Oracle,0.2980143229166667
327,Oracle,0.2783203125
328,Oracle,0.3181966145833333
329,Oracle,0.32177734375
330,Oracle,0.2978515625
331,Oracle,0.2913411458333333
332,Oracle,0.27685546875
333,Oracle,0.2747395833333333
334,Oracle,0.2672526041666667
335,Oracle,0.2880859375
336,Oracle,0.29052734375
337,Oracle,0.26611328125
338,Oracle,0.2587890625
339,Oracle,0.2392578125
340,Oracle,0.27490234375
341,Oracle,0.2840169270833333
342,Oracle,0.3235677083333333
343,Oracle,0.2705078125
344,Oracle,0.2820638020833333
345,Oracle,0.2898763020833333
346,Oracle,0.2972005208333333
347,Oracle,0.2859700520833333
348,Oracle,0.2638346354166667
349,Oracle,0.2872721354166667
350,Oracle,0.271484375
351,Oracle,0.2682291666666667
352,Oracle,0.2805989583333333
353,Oracle,0.2626953125
354,Oracle,0.2677408854166667
355,Oracle,0.29248046875
356,Oracle,0.2796223958333333
357,Oracle,0.2747395833333333
358,Oracle,0.2783203125
359,Oracle,0.2693684895833333
360,Oracle,0.27001953125
361,Oracle,0.2623697916666667
362,Oracle,0.2727864583333333
363,Oracle,0.2996419270833333
364,Oracle,0.28076171875
365,Oracle,0.26806640625
366,Oracle,0.2967122395833333
367,Oracle,0.2722981770833333
368,Oracle,0.2643229166666667
369,Oracle,0.2766927083333333
370,Oracle,0.2801106770833333
371,Oracle,0.2864583333333333
372,Oracle,0.27880859375
373,Oracle,0.2833658854166667
374,Oracle,0.279296875
375,Oracle,0.2718098958333333
376,Oracle,0.2765299479166667
377,Oracle,0.2674153645833333
378,Oracle,0.2677408854166667
379,Oracle,0.2542317708333333
380,Oracle,0.2532552083333333
381,Oracle,0.2574869791666667
382,Oracle,0.2742513020833333
383,Oracle,0.294921875
384,Oracle,0.2994791666666667
385,Oracle,0.26708984375
386,Oracle,0.2635091145833333
387,Oracle,0.2789713541666667
388,Oracle,0.25146484375
389,Oracle,0.2762044270833333
390,Oracle,0.27197265625
391,Oracle,0.2770182291666667
392,Oracle,0.3063151041666667
393,Oracle,0.2942708333333333
394,Oracle,0.2791341145833333
395,Oracle,0.2732747395833333
396,Oracle,0.2805989583333333
397,Oracle,0.2744140625
398,Oracle,0.2579752604166667
399,Oracle,0.27392578125
400,Oracle,0.27197265625
401,Oracle,0.2548828125
402,Oracle,0.2732747395833333
403,Oracle,0.2822265625
404,Oracle,0.29296875
405,Oracle,0.3068033854166667
406,Oracle,0.26611328125
407,Oracle,0.2794596354166667
408,Oracle,0.3103841145833333
409,Oracle,0.31494140625
410,Oracle,0.2921549479166667
411,Oracle,0.30419921875
412,Oracle,0.3199869791666667
413,Oracle,0.2994791666666667
414,Oracle,0.29052734375
415,Oracle,0.2810872395833333
416,Oracle,0.27392578125
417,Oracle,0.2950846354166667
418,Oracle,0.2763671875
419,Oracle,0.2565104166666667
420,Oracle,0.2724609375
421,Oracle,0.2911783854166667
422,Oracle,0.2652994791666667
423,Oracle,0.2783203125
424,Oracle,0.2809244791666667
425,Oracle,0.28125
426,Oracle,0.28564453125
427,Oracle,0.2635091145833333
428,Oracle,0.2861328125
429,Oracle,0.3058268229166667
430,Oracle,0.3053385416666667
431,Oracle,0.26318359375
432,Oracle,0.2530924479166667
433,Oracle,0.3084309895833333
434,Oracle,0.3028971354166667
435,Oracle,0.27197265625
436,Oracle,0.30859375
437,Oracle,0.29150390625
438,Oracle,0.3116861979166667
439,Oracle,0.2791341145833333
440,Oracle,0.2911783854166667
441,Oracle,0.2835286458333333
442,Oracle,0.3087565104166667
443,Oracle,0.2809244791666667
444,Oracle,0.3077799479166667
445,Oracle,0.2916666666666667
446,Oracle,0.26123046875
447,Oracle,0.2666015625
448,Oracle,0.2732747395833333
449,Oracle,0.2999674479166667
450,Oracle,0.30322265625
451,Oracle,0.2879231770833333
452,Oracle,0.3063151041666667
453,Oracle,0.27783203125
454,Oracle,0.29638671875
455,Oracle,0.3048502604166667
456,Oracle,0.3072916666666667
457,Oracle,0.2955729166666667
458,Oracle,0.2823893229166667
459,Oracle,0.2945963541666667
460,Oracle,0.2859700520833333
461,Oracle,0.2919921875
462,Oracle,0.2657877604166667
463,Oracle,0.2724609375
464,Oracle,0.2867838541666667
465,Oracle,0.2998046875
466,Oracle,0.2877604166666667
467,Oracle,0.287109375
468,Oracle,0.3216145833333333
469,Oracle,0.3128255208333333
470,Oracle,0.3131510416666667
471,Oracle,0.2902018229166667
472,Oracle,0.2985026041666667
473,Oracle,0.2991536458333333
474,Oracle,0.3020833333333333
475,Oracle,0.2884114583333333
476,Oracle,0.2916666666666667
477,Oracle,0.3050130208333333
478,Oracle,0.29345703125
479,Oracle,0.2911783854166667
480,Oracle,0.3077799479166667
481,Oracle,0.2810872395833333
482,Oracle,0.2918294270833333
483,Oracle,0.29150390625
484,Oracle,0.2965494791666667
485,Oracle,0.3037109375
486,Oracle,0.29443359375
487,Oracle,0.2950846354166667
488,Oracle,0.3133138020833333
489,Oracle,0.30517578125
490,Oracle,0.2913411458333333
491,Oracle,0.2848307291666667
492,Oracle,0.3028971354166667
493,Oracle,0.2975260416666667
494,Oracle,0.29833984375
495,Oracle,0.2845052083333333
496,Oracle,0.3079427083333333
497,Oracle,0.3048502604166667
498,Oracle,0.2972005208333333
499,Oracle,0.2931315104166667
500,Oracle,0.2972005208333333
501,Oracle,0.3017578125
502,Oracle,0.26123046875
503,Oracle,0.2814127604166667
504,Oracle,0.2638346354166667
505,Oracle,0.2976888020833333
506,Oracle,0.2950846354166667
507,Oracle,0.2884114583333333
508,Oracle,0.2900390625
509,Oracle,0.2848307291666667
510,Oracle,0.2669270833333333
511,Oracle,0.2760416666666667
512,Oracle,0.2830403645833333
513,Oracle,0.2683919270833333
514,Oracle,0.30078125
515,Oracle,0.2960611979166667
516,Oracle,0.3134765625
517,Oracle,0.30810546875
518,Oracle,0.2677408854166667
519,Oracle,0.2942708333333333
520,Oracle,0.28955078125
521,Oracle,0.2752278645833333
522,Oracle,0.2859700520833333
523,Oracle,0.2955729166666667
524,Oracle,0.296875
525,Oracle,0.2775065104166667
526,Oracle,0.2942708333333333
527,Oracle,0.2942708333333333
528,Oracle,0.2840169270833333
529,Oracle,0.2919921875
530,Oracle,0.2970377604166667
531,Oracle,0.28271484375
532,Oracle,0.2958984375
533,Oracle,0.2911783854166667
534,Oracle,0.28271484375
535,Oracle,0.2942708333333333
536,Oracle,0.2903645833333333
537,Oracle,0.2794596354166667
538,Oracle,0.2970377604166667
539,Oracle,0.2757161458333333
540,Oracle,0.3015950520833333
541,Oracle,0.3087565104166667
542,Oracle,0.2840169270833333
543,Oracle,0.3020833333333333
544,Oracle,0.3040364583333333
545,Oracle,0.2879231770833333
546,Oracle,0.29248046875
547,Oracle,0.2867838541666667
548,Oracle,0.3232421875
549,Oracle,0.3190104166666667
550,Oracle,0.2970377604166667
551,Oracle,0.291015625
552,Oracle,0.326171875
553,Oracle,0.2845052083333333
554,Oracle,0.2986653645833333
555,Oracle,0.2958984375
556,Oracle,0.2898763020833333
557,Oracle,0.2877604166666667
558,Oracle,0.28759765625
559,Oracle,0.28564453125
560,Oracle,0.2923177083333333
561,Oracle,0.2848307291666667
562,Oracle,0.283203125
563,Oracle,0.2861328125
564,Oracle,0.2840169270833333
565,Oracle,0.283203125
566,Oracle,0.2716471354166667
567,Oracle,0.2874348958333333
568,Oracle,0.28955078125
569,Oracle,0.2921549479166667
570,Oracle,0.2805989583333333
571,Oracle,0.3004557291666667
572,Oracle,0.2906901041666667
573,Oracle,0.2965494791666667
574,Oracle,0.28515625
575,Oracle,0.296875
576,Oracle,0.2958984375
577,Oracle,0.3063151041666667
578,Oracle,0.28125
579,Oracle,0.2939453125
580,Oracle,0.3097330729166667
581,Oracle,0.2932942708333333
582,Oracle,0.29541015625
583,Oracle,0.28662109375
584,Oracle,0.3128255208333333
585,Oracle,0.2902018229166667
586,Oracle,0.2960611979166667
587,Oracle,0.2872721354166667
588,Oracle,0.2799479166666667
589,Oracle,0.2981770833333333
590,Oracle,0.3014322916666667
591,Oracle,0.2786458333333333
592,Oracle,0.3056640625
593,Oracle,0.291015625
594,Oracle,0.2825520833333333
595,Oracle,0.271484375
596,Oracle,0.30078125
597,Oracle,0.2810872395833333
598,Oracle,0.2955729166666667
599,Oracle,0.2819010416666667
600,Oracle,0.296875
601,Oracle,0.2747395833333333
602,Oracle,0.3115234375
603,Oracle,0.287109375
604,Oracle,0.2828776041666667
605,Oracle,0.29150390625
606,Oracle,0.3045247395833333
607,Oracle,0.2620442708333333
608,Oracle,0.3230794270833333
609,Oracle,0.27392578125
610,Oracle,0.3009440104166667
611,Oracle,0.2898763020833333
612,Oracle,0.2926432291666667
613,Oracle,0.2928059895833333
614,Oracle,0.3068033854166667
615,Oracle,0.2887369791666667
616,Oracle,0.3048502604166667
617,Oracle,0.31884765625
618,Oracle,0.2892252604166667
619,Oracle,0.3056640625
620,Oracle,0.30029296875
621,Oracle,0.31396484375
622,Oracle,0.2828776041666667
623,Oracle,0.2908528645833333
624,Oracle,0.2972005208333333
625,Oracle,0.2919921875
626,Oracle,0.2897135416666667
627,Oracle,0.28466796875
628,Oracle,0.2916666666666667
629,Oracle,0.3175455729166667
630,Oracle,0.3151041666666667
631,Oracle,0.30517578125
632,Oracle,0.32958984375
633,Oracle,0.2972005208333333
634,Oracle,0.3492838541666667
635,Oracle,0.31884765625
636,Oracle,0.3072916666666667
637,Oracle,0.310546875
638,Oracle,0.32177734375
639,Oracle,0.30078125
640,Oracle,0.2822265625
641,Oracle,0.2965494791666667
642,Oracle,0.3097330729166667
643,Oracle,0.3024088541666667
644,Oracle,0.3037109375
645,Oracle,0.29150390625
646,Oracle,0.2566731770833333
647,Oracle,0.2941080729166667
648,Oracle,0.2972005208333333
649,Oracle,0.29248046875
650,Oracle,0.2972005208333333
651,Oracle,0.3102213541666667
652,Oracle,0.3225911458333333
653,Oracle,0.32177734375
654,Oracle,0.2867838541666667
655,Oracle,0.3111979166666667
656,Oracle,0.2921549479166667
657,Oracle,0.3077799479166667
658,Oracle,0.29736328125
659,Oracle,0.27490234375
660,Oracle,0.3232421875
661,Oracle,0.3310546875
662,Oracle,0.29736328125
663,Oracle,0.3098958333333333
664,Oracle,0.2757161458333333
665,Oracle,0.3009440104166667
666,Oracle,0.2931315104166667
667,Oracle,0.2833658854166667
668,Oracle,0.2874348958333333
669,Oracle,0.2724609375
670,Oracle,0.3146158854166667
671,Oracle,0.3025716145833333
672,Oracle,0.30712890625
673,Oracle,0.3142903645833333
674,Oracle,0.294921875
675,Oracle,0.2918294270833333
676,Oracle,0.2999674479166667
677,Oracle,0.3025716145833333
678,Oracle,0.28662109375
679,Oracle,0.2874348958333333
680,Oracle,0.30810546875
681,Oracle,0.31005859375
682,Oracle,0.2999674479166667
683,Oracle,0.2853190104166667
684,Oracle,0.29638671875
685,Oracle,0.3056640625
686,Oracle,0.2747395833333333
687,Oracle,0.2931315104166667
688,Oracle,0.3004557291666667
689,Oracle,0.2711588541666667
690,Oracle,0.2802734375
691,Oracle,0.2828776041666667
692,Oracle,0.2998046875
693,Oracle,0.310546875
694,Oracle,0.3116861979166667
695,Oracle,0.3123372395833333
696,Oracle,0.3033854166666667
697,Oracle,0.3097330729166667
698,Oracle,0.29931640625
699,Oracle,0.2848307291666667
700,Oracle,0.3199869791666667
701,Oracle,0.3098958333333333
702,Oracle,0.2833658854166667
703,Oracle,0.2888997395833333
704,Oracle,0.31787109375
705,Oracle,0.3113606770833333
706,Oracle,0.3048502604166667
707,Oracle,0.296875
708,Oracle,0.3131510416666667
709,Oracle,0.30419921875
710,Oracle,0.3035481770833333
711,Oracle,0.2955729166666667
712,Oracle,0.29931640625
713,Oracle,0.3074544270833333
714,Oracle,0.3125
715,Oracle,0.3043619791666667
716,Oracle,0.3338216145833333
717,Oracle,0.3055013020833333
718,Oracle,0.2955729166666667
719,Oracle,0.294921875
720,Oracle,0.2985026041666667
721,Oracle,0.2958984375
722,Oracle,0.2861328125
723,Oracle,0.2921549479166667
724,Oracle,0.3006184895833333
725,Oracle,0.31689453125
726,Oracle,0.2880859375
727,Oracle,0.2991536458333333
728,Oracle,0.3058268229166667
729,Oracle,0.27392578125
730,Oracle,0.2918294270833333
731,Oracle,0.28759765625
732,Oracle,0.2825520833333333
733,Oracle,0.3056640625
734,Oracle,0.3204752604166667
735,Oracle,0.30126953125
736,Oracle,0.3279622395833333
737,Oracle,0.2947591145833333
738,Oracle,0.3033854166666667
739,Oracle,0.28857421875
740,Oracle,0.2815755208333333
741,Oracle,0.3001302083333333
742,Oracle,0.3020833333333333
743,Oracle,0.2805989583333333
744,Oracle,0.3123372395833333
745,Oracle,0.2858072916666667
746,Oracle,0.30859375
747,Oracle,0.2970377604166667
748,Oracle,0.30517578125
749,Oracle,0.2880859375
750,Oracle,0.2799479166666667
751,Oracle,0.3046875
752,Oracle,0.30859375
753,Oracle,0.3338216145833333
754,Oracle,0.298828125
755,Oracle,0.30322265625
756,Oracle,0.306640625
757,Oracle,0.2882486979166667
758,Oracle,0.3038736979166667
759,Oracle,0.3121744791666667
760,Oracle,0.30126953125
761,Oracle,0.3102213541666667
762,Oracle,0.28369140625
763,Oracle,0.2947591145833333
764,Oracle,0.30712890625
765,Oracle,0.2913411458333333
766,Oracle,0.3273111979166667
767,Oracle,0.3302408854166667
768,Oracle,0.3365885416666667
769,Oracle,0.330078125
770,Oracle,0.2999674479166667
771,Oracle,0.3116861979166667
772,Oracle,0.2828776041666667
773,Oracle,0.3248697916666667
774,Oracle,0.3133138020833333
775,Oracle,0.3102213541666667
776,Oracle,0.2989908854166667
777,Oracle,0.3045247395833333
778,Oracle,0.31591796875
779,Oracle,0.3312174479166667
780,Oracle,0.3151041666666667
781,Oracle,0.3138020833333333
782,Oracle,0.306640625
783,Oracle,0.3115234375
784,Oracle,0.2737630208333333
785,Oracle,0.3177083333333333
786,Oracle,0.30322265625
787,Oracle,0.3045247395833333
788,Oracle,0.31103515625
789,Oracle,0.2950846354166667
790,Oracle,0.31201171875
791,Oracle,0.3046875
792,Oracle,0.3387044270833333
793,Oracle,0.2923177083333333
794,Oracle,0.2960611979166667
795,Oracle,0.3191731770833333
796,Oracle,0.3126627604166667
797,Oracle,0.3299153645833333
798,Oracle,0.2955729166666667
799,Oracle,0.3035481770833333
800,Oracle,0.2919921875
801,Oracle,0.3170572916666667
802,Oracle,0.3098958333333333
803,Oracle,0.33447265625
804,Oracle,0.32470703125
805,Oracle,0.3253580729166667
806,Oracle,0.2937825520833333
807,Oracle,0.3196614583333333
808,Oracle,0.3151041666666667
809,Oracle,0.3165690104166667
810,Oracle,0.3092447916666667
811,Oracle,0.3234049479166667
812,Oracle,0.3050130208333333
813,Oracle,0.3030598958333333
814,Oracle,0.294921875
815,Oracle,0.3069661458333333
816,Oracle,0.3253580729166667
817,Oracle,0.2908528645833333
818,Oracle,0.3173828125
819,Oracle,0.2919921875
820,Oracle,0.3253580729166667
821,Oracle,0.3038736979166667
822,Oracle,0.3058268229166667
823,Oracle,0.2799479166666667
824,Oracle,0.2962239583333333
825,Oracle,0.3063151041666667
826,Oracle,0.2957356770833333
827,Oracle,0.2903645833333333
828,Oracle,0.3157552083333333
829,Oracle,0.3194986979166667
830,Oracle,0.3387044270833333
831,Oracle,0.3072916666666667
832,Oracle,0.3234049479166667
833,Oracle,0.3131510416666667
834,Oracle,0.3170572916666667
835,Oracle,0.3125
836,Oracle,0.3243815104166667
837,Oracle,0.3333333333333333
838,Oracle,0.3087565104166667
839,Oracle,0.2911783854166667
840,Oracle,0.2703450520833333
841,Oracle,0.3024088541666667
842,Oracle,0.3040364583333333
843,Oracle,0.28466796875
844,Oracle,0.3046875
845,Oracle,0.2802734375
846,Oracle,0.3186848958333333
847,Oracle,0.3263346354166667
848,Oracle,0.32666015625
849,Oracle,0.3284505208333333
850,Oracle,0.2967122395833333
851,Oracle,0.2843424479166667
852,Oracle,0.2936197916666667
853,Oracle,0.3072916666666667
854,Oracle,0.30224609375
855,Oracle,0.2947591145833333
856,Oracle,0.3020833333333333
857,Oracle,0.2998046875
858,Oracle,0.2919921875
859,Oracle,0.3006184895833333
860,Oracle,0.2958984375
861,Oracle,0.2981770833333333
862,Oracle,0.31884765625
863,Oracle,0.3115234375
864,Oracle,0.3162434895833333
865,Oracle,0.3172200520833333
866,Oracle,0.2996419270833333
867,Oracle,0.2999674479166667
868,Oracle,0.3279622395833333
869,Oracle,0.32421875
870,Oracle,0.3294270833333333
871,Oracle,0.3167317708333333
872,Oracle,0.3004557291666667
873,Oracle,0.32373046875
874,Oracle,0.291015625
875,Oracle,0.2975260416666667
876,Oracle,0.3111979166666667
877,Oracle,0.29248046875
878,Oracle,0.3343098958333333
879,Oracle,0.3033854166666667
880,Oracle,0.3284505208333333
881,Oracle,0.3318684895833333
882,Oracle,0.2869466145833333
883,Oracle,0.3199869791666667
884,Oracle,0.3154296875
885,Oracle,0.3142903645833333
886,Oracle,0.32470703125
887,Oracle,0.2932942708333333
888,Oracle,0.2970377604166667
889,Oracle,0.32177734375
890,Oracle,0.3165690104166667
891,Oracle,0.3069661458333333
892,Oracle,0.3221028645833333
893,Oracle,0.3020833333333333
894,Oracle,0.2985026041666667
895,Oracle,0.29345703125
896,Oracle,0.3312174479166667
897,Oracle,0.3352864583333333
898,Oracle,0.3396809895833333
899,Oracle,0.3317057291666667
900,Oracle,0.3045247395833333
901,Oracle,0.3400065104166667
902,Oracle,0.2986653645833333
903,Oracle,0.3592122395833333
904,Oracle,0.3173828125
905,Oracle,0.32275390625
906,Oracle,0.3048502604166667
907,Oracle,0.3274739583333333
908,Oracle,0.3269856770833333
909,Oracle,0.3505859375
910,Oracle,0.3193359375
911,Oracle,0.32177734375
912,Oracle,0.3292643229166667
913,Oracle,0.3238932291666667
914,Oracle,0.3167317708333333
915,Oracle,0.2989908854166667
916,Oracle,0.2985026041666667
917,Oracle,0.2926432291666667
918,Oracle,0.29296875
919,Oracle,0.3175455729166667
920,Oracle,0.3199869791666667
921,Oracle,0.3299153645833333
922,Oracle,0.3055013020833333
923,Oracle,0.3076171875
924,Oracle,0.3362630208333333
925,Oracle,0.3370768229166667
926,Oracle,0.3240559895833333
927,Oracle,0.3138020833333333
928,Oracle,0.3486328125
929,Oracle,0.3621419270833333
930,Oracle,0.3260091145833333
931,Oracle,0.3214518229166667
932,Oracle,0.31982421875
933,Oracle,0.3243815104166667
934,Oracle,0.3154296875
935,Oracle,0.3538411458333333
936,Oracle,0.3455403645833333
937,Oracle,0.31884765625
938,Oracle,0.3294270833333333
939,Oracle,0.33544921875
940,Oracle,0.3125
941,Oracle,0.3279622395833333
942,Oracle,0.3502604166666667
943,Oracle,0.32763671875
944,Oracle,0.33349609375
945,Oracle,0.3282877604166667
946,Oracle,0.31689453125
947,Oracle,0.3001302083333333
948,Oracle,0.3186848958333333
949,Oracle,0.3292643229166667
950,Oracle,0.3221028645833333
951,Oracle,0.3203125
952,Oracle,0.3621419270833333
953,Oracle,0.3328450520833333
954,Oracle,0.3098958333333333
955,Oracle,0.283203125
956,Oracle,0.31689453125
957,Oracle,0.3369140625
958,Oracle,0.32958984375
959,Oracle,0.3282877604166667
960,Oracle,0.3162434895833333
961,Oracle,0.3489583333333333
962,Oracle,0.3448893229166667
963,Oracle,0.3382161458333333
964,Oracle,0.3235677083333333
965,Oracle,0.3351236979166667
966,Oracle,0.3234049479166667
967,Oracle,0.328125
968,Oracle,0.3494466145833333
969,Oracle,0.3289388020833333
970,Oracle,0.3141276041666667
971,Oracle,0.32470703125
972,Oracle,0.3214518229166667
973,Oracle,0.3447265625
974,Oracle,0.32177734375
975,Oracle,0.2994791666666667
976,Oracle,0.3151041666666667
977,Oracle,0.3037109375
978,Oracle,0.3033854166666667
979,Oracle,0.3230794270833333
980,Oracle,0.2950846354166667
981,Oracle,0.2859700520833333
982,Oracle,0.328125
983,Oracle,0.3089192708333333
984,Oracle,0.3260091145833333
985,Oracle,0.298828125
986,Oracle,0.31591796875
987,Oracle,0.2911783854166667
988,Oracle,0.3173828125
989,Oracle,0.3289388020833333
990,Oracle,0.3251953125
991,Oracle,0.3263346354166667
992,Oracle,0.2998046875
993,Oracle,0.31591796875
994,Oracle,0.2965494791666667
995,Oracle,0.3056640625
996,Oracle,0.3115234375
997,Oracle,0.3053385416666667
998,Oracle,0.298828125
999,Oracle,0.2975260416666667
1000,Oracle,0.3357747395833333
1001,Oracle,0.3077799479166667
1002,Oracle,0.2967122395833333
1003,Oracle,0.30712890625
1004,Oracle,0.3361002604166667
1005,Oracle,0.3211263020833333
1006,Oracle,0.2936197916666667
1007,Oracle,0.3377278645833333
1008,Oracle,0.3165690104166667
1009,Oracle,0.30322265625
1010,Oracle,0.3323567708333333
1011,Oracle,0.3214518229166667
1012,Oracle,0.32373046875
1013,Oracle,0.31494140625
1014,Oracle,0.3141276041666667
1015,Oracle,0.3133138020833333
1016,Oracle,0.3304036458333333
1017,Oracle,0.3097330729166667
1018,Oracle,0.33349609375
1019,Oracle,0.3028971354166667
1020,Oracle,0.3434244791666667
1021,Oracle,0.3082682291666667
1022,Oracle,0.3147786458333333
1023,Oracle,0.3665364583333333
