decode_step,policy,gpu_routed_token_coverage
3,Static,0.09293619791666667
4,Static,0.09147135416666667
5,Static,0.09358723958333333
6,Static,0.08805338541666667
7,Static,0.09440104166666667
8,Static,0.09716796875
9,Static,0.09244791666666667
10,Static,0.09586588541666667
11,Static,0.09228515625
12,Static,0.0908203125
13,Static,0.09114583333333333
14,Static,0.10123697916666667
15,Static,0.09733072916666667
16,Static,0.09700520833333333
17,Static,0.09195963541666667
18,Static,0.09847005208333333
19,Static,0.09993489583333333
20,Static,0.09261067708333333
21,Static,0.08902994791666667
22,Static,0.09635416666666667
23,Static,0.09635416666666667
24,Static,0.09065755208333333
25,Static,0.09554036458333333
26,Static,0.09163411458333333
27,Static,0.08870442708333333
28,Static,0.09326171875
29,Static,0.09602864583333333
30,Static,0.09781901041666667
31,Static,0.09505208333333333
32,Static,0.0947265625
33,Static,0.09830729166666667
34,Static,0.09798177083333333
35,Static,0.10042317708333333
36,Static,0.09847005208333333
37,Static,0.0986328125
38,Static,0.09700520833333333
39,Static,0.103515625
40,Static,0.09895833333333333
41,Static,0.09521484375
42,Static,0.10270182291666667
43,Static,0.09537760416666667
44,Static,0.10221354166666667
45,Static,0.09716796875
46,Static,0.09391276041666667
47,Static,0.10009765625
48,Static,0.09944661458333333
49,Static,0.10286458333333333
50,Static,0.10107421875
51,Static,0.09586588541666667
52,Static,0.09765625
53,Static,0.09716796875
54,Static,0.10302734375
55,Static,0.09293619791666667
56,Static,0.09879557291666667
57,Static,0.09879557291666667
58,Static,0.10107421875
59,Static,0.10237630208333333
60,Static,0.099609375
61,Static,0.0947265625
62,Static,0.09749348958333333
63,Static,0.09130859375
64,Static,0.09798177083333333
65,Static,0.1005859375
66,Static,0.09554036458333333
67,Static,0.09765625
68,Static,0.10172526041666667
69,Static,0.09505208333333333
70,Static,0.09309895833333333
71,Static,0.10319010416666667
72,Static,0.10221354166666667
73,Static,0.095703125
74,Static,0.09700520833333333
75,Static,0.09749348958333333
76,Static,0.09602864583333333
77,Static,0.09521484375
78,Static,0.09928385416666667
79,Static,0.09814453125
80,Static,0.09228515625
81,Static,0.09537760416666667
82,Static,0.09602864583333333
83,Static,0.10286458333333333
84,Static,0.09456380208333333
85,Static,0.09521484375
86,Static,0.09195963541666667
87,Static,0.09684244791666667
88,Static,0.09147135416666667
89,Static,0.10188802083333333
90,Static,0.09781901041666667
91,Static,0.09928385416666667
92,Static,0.09293619791666667
93,Static,0.0986328125
94,Static,0.10009765625
95,Static,0.10319010416666667
96,Static,0.09602864583333333
97,Static,0.10221354166666667
98,Static,0.09830729166666667
99,Static,0.10107421875
100,Static,0.09895833333333333
101,Static,0.09114583333333333
102,Static,0.09261067708333333
103,Static,0.09488932291666667
104,Static,0.09391276041666667
105,Static,0.09521484375
106,Static,0.09716796875
107,Static,0.10611979166666667
108,Static,0.0986328125
109,Static,0.10221354166666667
110,Static,0.09765625
111,Static,0.09912109375
112,Static,0.09602864583333333
113,Static,0.08984375
114,Static,0.09358723958333333
115,Static,0.09147135416666667
116,Static,0.09847005208333333
117,Static,0.09391276041666667
118,Static,0.09830729166666667
119,Static,0.09391276041666667
120,Static,0.09830729166666667
121,Static,0.09716796875
122,Static,0.0947265625
123,Static,0.09928385416666667
124,Static,0.09733072916666667
125,Static,0.09798177083333333
126,Static,0.09586588541666667
127,Static,0.08919270833333333
128,Static,0.0966796875
129,Static,0.09765625
130,Static,0.09554036458333333
131,Static,0.10335286458333333
132,Static,0.09895833333333333
133,Static,0.10416666666666667
134,Static,0.10384114583333333
135,Static,0.09977213541666667
136,Static,0.1025390625
137,Static,0.10042317708333333
138,Static,0.09261067708333333
139,Static,0.09586588541666667
140,Static,0.08723958333333333
141,Static,0.095703125
142,Static,0.09765625
143,Static,0.09440104166666667
144,Static,0.08772786458333333
145,Static,0.09375
146,Static,0.09537760416666667
147,Static,0.09944661458333333
148,Static,0.09765625
149,Static,0.09407552083333333
150,Static,0.09456380208333333
151,Static,0.09993489583333333
152,Static,0.095703125
153,Static,0.1015625
154,Static,0.0947265625
155,Static,0.09261067708333333
156,Static,0.10009765625
157,Static,0.09912109375
158,Static,0.0966796875
159,Static,0.09944661458333333
160,Static,0.10009765625
161,Static,0.0888671875
162,Static,0.09163411458333333
163,Static,0.09765625
164,Static,0.10026041666666667
165,Static,0.09407552083333333
166,Static,0.09309895833333333
167,Static,0.09554036458333333
168,Static,0.09456380208333333
169,Static,0.09733072916666667
170,Static,0.09440104166666667
171,Static,0.095703125
172,Static,0.09895833333333333
173,Static,0.09847005208333333
174,Static,0.10367838541666667
175,Static,0.09993489583333333
176,Static,0.09733072916666667
177,Static,0.09977213541666667
178,Static,0.10091145833333333
179,Static,0.09684244791666667
180,Static,0.0947265625
181,Static,0.099609375
182,Static,0.09879557291666667
183,Static,0.0947265625
184,Static,0.10107421875
185,Static,0.103515625
186,Static,0.09716796875
187,Static,0.09505208333333333
188,Static,0.09586588541666667
189,Static,0.09944661458333333
190,Static,0.09651692708333333
191,Static,0.09163411458333333
192,Static,0.09147135416666667
193,Static,0.08854166666666667
194,Static,0.0927734375
195,Static,0.09488932291666667
196,Static,0.09537760416666667
197,Static,0.09440104166666667
198,Static,0.09700520833333333
199,Static,0.10139973958333333
200,Static,0.09488932291666667
201,Static,0.09114583333333333
202,Static,0.09993489583333333
203,Static,0.09228515625
204,Static,0.0947265625
205,Static,0.09895833333333333
206,Static,0.09814453125
207,Static,0.09928385416666667
208,Static,0.09309895833333333
209,Static,0.099609375
210,Static,0.0966796875
211,Static,0.09879557291666667
212,Static,0.09440104166666667
213,Static,0.09147135416666667
214,Static,0.09781901041666667
215,Static,0.09147135416666667
216,Static,0.09895833333333333
217,Static,0.10367838541666667
218,Static,0.09635416666666667
219,Static,0.10091145833333333
220,Static,0.10205078125
221,Static,0.09716796875
222,Static,0.09651692708333333
223,Static,0.09586588541666667
224,Static,0.09602864583333333
225,Static,0.0966796875
226,Static,0.09554036458333333
227,Static,0.09716796875
228,Static,0.09912109375
229,Static,0.0966796875
230,Static,0.10237630208333333
231,Static,0.09635416666666667
232,Static,0.09993489583333333
233,Static,0.09977213541666667
234,Static,0.10091145833333333
235,Static,0.103515625
236,Static,0.09847005208333333
237,Static,0.09407552083333333
238,Static,0.0986328125
239,Static,0.09619140625
240,Static,0.09895833333333333
241,Static,0.10107421875
242,Static,0.09619140625
243,Static,0.10335286458333333
244,Static,0.09554036458333333
245,Static,0.10172526041666667
246,Static,0.09488932291666667
247,Static,0.10416666666666667
248,Static,0.09114583333333333
249,Static,0.09488932291666667
250,Static,0.09391276041666667
251,Static,0.08919270833333333
252,Static,0.0986328125
253,Static,0.09814453125
254,Static,0.09261067708333333
255,Static,0.09781901041666667
256,Static,0.10302734375
257,Static,0.09326171875
258,Static,0.09765625
259,Static,0.09375
260,Static,0.10432942708333333
261,Static,0.09928385416666667
262,Static,0.09554036458333333
263,Static,0.09993489583333333
264,Static,0.09977213541666667
265,Static,0.10237630208333333
266,Static,0.09895833333333333
267,Static,0.09798177083333333
268,Static,0.10009765625
269,Static,0.1005859375
270,Static,0.09521484375
271,Static,0.09212239583333333
272,Static,0.09765625
273,Static,0.09944661458333333
274,Static,0.10514322916666667
275,Static,0.10188802083333333
276,Static,0.09521484375
277,Static,0.10188802083333333
278,Static,0.0986328125
279,Static,0.10091145833333333
280,Static,0.10530598958333333
281,Static,0.10107421875
282,Static,0.09765625
283,Static,0.10091145833333333
284,Static,0.09651692708333333
285,Static,0.10514322916666667
286,Static,0.10302734375
287,Static,0.09488932291666667
288,Static,0.09716796875
289,Static,0.09358723958333333
290,Static,0.09814453125
291,Static,0.09977213541666667
292,Static,0.09407552083333333
293,Static,0.10335286458333333
294,Static,0.10188802083333333
295,Static,0.0986328125
296,Static,0.0986328125
297,Static,0.09684244791666667
298,Static,0.09602864583333333
299,Static,0.09733072916666667
300,Static,0.09521484375
301,Static,0.09635416666666667
302,Static,0.08837890625
303,Static,0.09684244791666667
304,Static,0.09586588541666667
305,Static,0.10205078125
306,Static,0.09326171875
307,Static,0.09375
308,Static,0.099609375
309,Static,0.10074869791666667
310,Static,0.09244791666666667
311,Static,0.09212239583333333
312,Static,0.0986328125
313,Static,0.09781901041666667
314,Static,0.09391276041666667
315,Static,0.10123697916666667
316,Static,0.09830729166666667
317,Static,0.09716796875
318,Static,0.103515625
319,Static,0.09847005208333333
320,Static,0.09700520833333333
321,Static,0.09212239583333333
322,Static,0.08984375
323,Static,0.10172526041666667
324,Static,0.103515625
325,Static,0.09440104166666667
326,Static,0.08984375
327,Static,0.095703125
328,Static,0.0947265625
329,Static,0.09619140625
330,Static,0.09765625
331,Static,0.09098307291666667
332,Static,0.09228515625
333,Static,0.095703125
334,Static,0.09781901041666667
335,Static,0.09830729166666667
336,Static,0.09993489583333333
337,Static,0.09602864583333333
338,Static,0.09456380208333333
339,Static,0.1025390625
340,Static,0.09488932291666667
341,Static,0.09537760416666667
342,Static,0.10074869791666667
343,Static,0.09830729166666667
344,Static,0.09049479166666667
345,Static,0.09554036458333333
346,Static,0.10693359375
347,Static,0.09261067708333333
348,Static,0.09488932291666667
349,Static,0.107421875
350,Static,0.10872395833333333
351,Static,0.1044921875
352,Static,0.10286458333333333
353,Static,0.09944661458333333
354,Static,0.10123697916666667
355,Static,0.10205078125
356,Static,0.09049479166666667
357,Static,0.09505208333333333
358,Static,0.09440104166666667
359,Static,0.09749348958333333
360,Static,0.09619140625
361,Static,0.10042317708333333
362,Static,0.09814453125
363,Static,0.1025390625
364,Static,0.09309895833333333
365,Static,0.09261067708333333
366,Static,0.09537760416666667
367,Static,0.09147135416666667
368,Static,0.10416666666666667
369,Static,0.1044921875
370,Static,0.10335286458333333
371,Static,0.09781901041666667
372,Static,0.10172526041666667
373,Static,0.09635416666666667
374,Static,0.08968098958333333
375,Static,0.09261067708333333
376,Static,0.10042317708333333
377,Static,0.09375
378,Static,0.0947265625
379,Static,0.09733072916666667
380,Static,0.10042317708333333
381,Static,0.09651692708333333
382,Static,0.09619140625
383,Static,0.09781901041666667
384,Static,0.1044921875
385,Static,0.09765625
386,Static,0.09684244791666667
387,Static,0.09651692708333333
388,Static,0.09309895833333333
389,Static,0.09830729166666667
390,Static,0.10221354166666667
391,Static,0.09537760416666667
392,Static,0.09651692708333333
393,Static,0.1015625
394,Static,0.1025390625
395,Static,0.10400390625
396,Static,0.10237630208333333
397,Static,0.09651692708333333
398,Static,0.09521484375
399,Static,0.09781901041666667
400,Static,0.09895833333333333
401,Static,0.09847005208333333
402,Static,0.09537760416666667
403,Static,0.09554036458333333
404,Static,0.10091145833333333
405,Static,0.09944661458333333
406,Static,0.10026041666666667
407,Static,0.10709635416666667
408,Static,0.11051432291666667
409,Static,0.10139973958333333
410,Static,0.09537760416666667
411,Static,0.10091145833333333
412,Static,0.09765625
413,Static,0.1044921875
414,Static,0.10042317708333333
415,Static,0.10172526041666667
416,Static,0.1025390625
417,Static,0.09895833333333333
418,Static,0.0947265625
419,Static,0.0947265625
420,Static,0.09684244791666667
421,Static,0.09912109375
422,Static,0.09309895833333333
423,Static,0.09163411458333333
424,Static,0.0966796875
425,Static,0.09342447916666667
426,Static,0.10123697916666667
427,Static,0.09700520833333333
428,Static,0.09635416666666667
429,Static,0.09261067708333333
430,Static,0.09114583333333333
431,Static,0.09749348958333333
432,Static,0.09895833333333333
433,Static,0.091796875
434,Static,0.10074869791666667
435,Static,0.09309895833333333
436,Static,0.09554036458333333
437,Static,0.09619140625
438,Static,0.09505208333333333
439,Static,0.09781901041666667
440,Static,0.09993489583333333
441,Static,0.09635416666666667
442,Static,0.09895833333333333
443,Static,0.09733072916666667
444,Static,0.10026041666666667
445,Static,0.10172526041666667
446,Static,0.10319010416666667
447,Static,0.10302734375
448,Static,0.10172526041666667
449,Static,0.09895833333333333
450,Static,0.10432942708333333
451,Static,0.10611979166666667
452,Static,0.10139973958333333
453,Static,0.09537760416666667
454,Static,0.0986328125
455,Static,0.09521484375
456,Static,0.09651692708333333
457,Static,0.09163411458333333
458,Static,0.09814453125
459,Static,0.09602864583333333
460,Static,0.09309895833333333
461,Static,0.099609375
462,Static,0.09814453125
463,Static,0.09847005208333333
464,Static,0.10416666666666667
465,Static,0.10481770833333333
466,Static,0.09635416666666667
467,Static,0.09830729166666667
468,Static,0.10270182291666667
469,Static,0.10302734375
470,Static,0.10091145833333333
471,Static,0.10400390625
472,Static,0.10693359375
473,Static,0.10091145833333333
474,Static,0.09830729166666667
475,Static,0.10319010416666667
476,Static,0.1015625
477,Static,0.09944661458333333
478,Static,0.10139973958333333
479,Static,0.10123697916666667
480,Static,0.0986328125
481,Static,0.09065755208333333
482,Static,0.10384114583333333
483,Static,0.10091145833333333
484,Static,0.09895833333333333
485,Static,0.09928385416666667
486,Static,0.1005859375
487,Static,0.10400390625
488,Static,0.10286458333333333
489,Static,0.10123697916666667
490,Static,0.09407552083333333
491,Static,0.10074869791666667
492,Static,0.10042317708333333
493,Static,0.10091145833333333
494,Static,0.09651692708333333
495,Static,0.10026041666666667
496,Static,0.09619140625
497,Static,0.1005859375
498,Static,0.10042317708333333
499,Static,0.10221354166666667
500,Static,0.10367838541666667
501,Static,0.10107421875
502,Static,0.10172526041666667
503,Static,0.10042317708333333
504,Static,0.0966796875
505,Static,0.09993489583333333
506,Static,0.10009765625
507,Static,0.09830729166666667
508,Static,0.10400390625
509,Static,0.10026041666666667
510,Static,0.10188802083333333
511,Static,0.09391276041666667
512,Static,0.09847005208333333
513,Static,0.09651692708333333
514,Static,0.09488932291666667
515,Static,0.09635416666666667
516,Static,0.099609375
517,Static,0.09814453125
518,Static,0.10416666666666667
519,Static,0.09716796875
520,Static,0.09716796875
521,Static,0.09700520833333333
522,Static,0.09635416666666667
523,Static,0.10123697916666667
524,Static,0.09700520833333333
525,Static,0.10009765625
526,Static,0.09847005208333333
527,Static,0.09944661458333333
528,Static,0.09440104166666667
529,Static,0.09602864583333333
530,Static,0.1005859375
531,Static,0.09440104166666667
532,Static,0.091796875
533,Static,0.10953776041666667
534,Static,0.09635416666666667
535,Static,0.10432942708333333
536,Static,0.09879557291666667
537,Static,0.09798177083333333
538,Static,0.09065755208333333
539,Static,0.09602864583333333
540,Static,0.099609375
541,Static,0.09700520833333333
542,Static,0.09391276041666667
543,Static,0.08837890625
544,Static,0.08968098958333333
545,Static,0.0966796875
546,Static,0.09456380208333333
547,Static,0.0927734375
548,Static,0.09244791666666667
549,Static,0.09928385416666667
550,Static,0.10660807291666667
551,Static,0.09684244791666667
552,Static,0.10514322916666667
553,Static,0.09830729166666667
554,Static,0.09521484375
555,Static,0.08902994791666667
556,Static,0.0966796875
557,Static,0.09521484375
558,Static,0.09358723958333333
559,Static,0.0966796875
560,Static,0.10481770833333333
561,Static,0.09847005208333333
562,Static,0.10237630208333333
563,Static,0.0986328125
564,Static,0.09700520833333333
565,Static,0.1005859375
566,Static,0.09505208333333333
567,Static,0.09912109375
568,Static,0.09765625
569,Static,0.10074869791666667
570,Static,0.10221354166666667
571,Static,0.10188802083333333
572,Static,0.11328125
573,Static,0.09781901041666667
574,Static,0.10416666666666667
575,Static,0.1044921875
576,Static,0.10270182291666667
577,Static,0.10677083333333333
578,Static,0.095703125
579,Static,0.099609375
580,Static,0.09716796875
581,Static,0.10139973958333333
582,Static,0.09554036458333333
583,Static,0.10416666666666667
584,Static,0.09944661458333333
585,Static,0.09765625
586,Static,0.09635416666666667
587,Static,0.10042317708333333
588,Static,0.107421875
589,Static,0.1025390625
590,Static,0.10465494791666667
591,Static,0.10302734375
592,Static,0.09391276041666667
593,Static,0.09765625
594,Static,0.09879557291666667
595,Static,0.1015625
596,Static,0.09879557291666667
597,Static,0.09879557291666667
598,Static,0.09798177083333333
599,Static,0.09586588541666667
600,Static,0.0986328125
601,Static,0.10465494791666667
602,Static,0.09830729166666667
603,Static,0.10465494791666667
604,Static,0.10416666666666667
605,Static,0.10123697916666667
606,Static,0.09993489583333333
607,Static,0.09928385416666667
608,Static,0.09830729166666667
609,Static,0.10416666666666667
610,Static,0.09912109375
611,Static,0.10074869791666667
612,Static,0.09163411458333333
613,Static,0.09651692708333333
614,Static,0.09977213541666667
615,Static,0.10709635416666667
616,Static,0.10172526041666667
617,Static,0.09586588541666667
618,Static,0.10205078125
619,Static,0.10042317708333333
620,Static,0.09781901041666667
621,Static,0.09521484375
622,Static,0.10416666666666667
623,Static,0.09912109375
624,Static,0.099609375
625,Static,0.09830729166666667
626,Static,0.10123697916666667
627,Static,0.0986328125
628,Static,0.10009765625
629,Static,0.09814453125
630,Static,0.09879557291666667
631,Static,0.10009765625
632,Static,0.1025390625
633,Static,0.10221354166666667
634,Static,0.09407552083333333
635,Static,0.10139973958333333
636,Static,0.09781901041666667
637,Static,0.10026041666666667
638,Static,0.09749348958333333
639,Static,0.10042317708333333
640,Static,0.10400390625
641,Static,0.09993489583333333
642,Static,0.10400390625
643,Static,0.09847005208333333
644,Static,0.10416666666666667
645,Static,0.10172526041666667
646,Static,0.10091145833333333
647,Static,0.10498046875
648,Static,0.10514322916666667
649,Static,0.10237630208333333
650,Static,0.09944661458333333
651,Static,0.10319010416666667
652,Static,0.09830729166666667
653,Static,0.10432942708333333
654,Static,0.1015625
655,Static,0.10709635416666667
656,Static,0.10611979166666667
657,Static,0.1064453125
658,Static,0.10677083333333333
659,Static,0.10270182291666667
660,Static,0.10221354166666667
661,Static,0.09944661458333333
662,Static,0.10091145833333333
663,Static,0.09879557291666667
664,Static,0.1005859375
665,Static,0.10091145833333333
666,Static,0.10091145833333333
667,Static,0.10432942708333333
668,Static,0.1015625
669,Static,0.10074869791666667
670,Static,0.10693359375
671,Static,0.10286458333333333
672,Static,0.09928385416666667
673,Static,0.09733072916666667
674,Static,0.10172526041666667
675,Static,0.10009765625
676,Static,0.11083984375
677,Static,0.10563151041666667
678,Static,0.109375
679,Static,0.10758463541666667
680,Static,0.1025390625
681,Static,0.10139973958333333
682,Static,0.10139973958333333
683,Static,0.09847005208333333
684,Static,0.09993489583333333
685,Static,0.10026041666666667
686,Static,0.10091145833333333
687,Static,0.10725911458333333
688,Static,0.09879557291666667
689,Static,0.09602864583333333
690,Static,0.10270182291666667
691,Static,0.103515625
692,Static,0.0986328125
693,Static,0.09586588541666667
694,Static,0.10074869791666667
695,Static,0.09554036458333333
696,Static,0.10123697916666667
697,Static,0.10400390625
698,Static,0.10188802083333333
699,Static,0.10009765625
700,Static,0.10172526041666667
701,Static,0.10139973958333333
702,Static,0.1103515625
703,Static,0.10237630208333333
704,Static,0.099609375
705,Static,0.09847005208333333
706,Static,0.10758463541666667
707,Static,0.10465494791666667
708,Static,0.1005859375
709,Static,0.09781901041666667
710,Static,0.09781901041666667
711,Static,0.09977213541666667
712,Static,0.09944661458333333
713,Static,0.10123697916666667
714,Static,0.103515625
715,Static,0.10270182291666667
716,Static,0.1015625
717,Static,0.10514322916666667
718,Static,0.1005859375
719,Static,0.10009765625
720,Static,0.10205078125
721,Static,0.10237630208333333
722,Static,0.09733072916666667
723,Static,0.10514322916666667
724,Static,0.10400390625
725,Static,0.10139973958333333
726,Static,0.10904947916666667
727,Static,0.0986328125
728,Static,0.10026041666666667
729,Static,0.09537760416666667
730,Static,0.1083984375
731,Static,0.09700520833333333
732,Static,0.10026041666666667
733,Static,0.09602864583333333
734,Static,0.099609375
735,Static,0.10481770833333333
736,Static,0.10042317708333333
737,Static,0.09358723958333333
738,Static,0.09537760416666667
739,Static,0.09912109375
740,Static,0.09814453125
741,Static,0.10172526041666667
742,Static,0.10595703125
743,Static,0.10188802083333333
744,Static,0.1015625
745,Static,0.10139973958333333
746,Static,0.10384114583333333
747,Static,0.09830729166666667
748,Static,0.10286458333333333
749,Static,0.10367838541666667
750,Static,0.10286458333333333
751,Static,0.10237630208333333
752,Static,0.10367838541666667
753,Static,0.10091145833333333
754,Static,0.10579427083333333
755,Static,0.10595703125
756,Static,0.11067708333333333
757,Static,0.10872395833333333
758,Static,0.10514322916666667
759,Static,0.10807291666666667
760,Static,0.10465494791666667
761,Static,0.1044921875
762,Static,0.10302734375
763,Static,0.10611979166666667
764,Static,0.10042317708333333
765,Static,0.1025390625
766,Static,0.10188802083333333
767,Static,0.09716796875
768,Static,0.1005859375
769,Static,0.1025390625
770,Static,0.10123697916666667
771,Static,0.10563151041666667
772,Static,0.10563151041666667
773,Static,0.09798177083333333
774,Static,0.11051432291666667
775,Static,0.09830729166666667
776,Static,0.10611979166666667
777,Static,0.11083984375
778,Static,0.10432942708333333
779,Static,0.10546875
780,Static,0.10791015625
781,Static,0.10530598958333333
782,Static,0.1025390625
783,Static,0.09814453125
784,Static,0.10074869791666667
785,Static,0.10563151041666667
786,Static,0.10465494791666667
787,Static,0.11197916666666667
788,Static,0.10758463541666667
789,Static,0.10709635416666667
790,Static,0.10807291666666667
791,Static,0.10188802083333333
792,Static,0.10660807291666667
793,Static,0.10530598958333333
794,Static,0.10286458333333333
795,Static,0.10888671875
796,Static,0.09977213541666667
797,Static,0.10986328125
798,Static,0.10498046875
799,Static,0.10205078125
800,Static,0.10628255208333333
801,Static,0.10367838541666667
802,Static,0.10563151041666667
803,Static,0.1015625
804,Static,0.10123697916666667
805,Static,0.09879557291666667
806,Static,0.1083984375
807,Static,0.1083984375
808,Static,0.109375
809,Static,0.10807291666666667
810,Static,0.10677083333333333
811,Static,0.10009765625
812,Static,0.09830729166666667
813,Static,0.10660807291666667
814,Static,0.10628255208333333
815,Static,0.11018880208333333
816,Static,0.10823567708333333
817,Static,0.10465494791666667
818,Static,0.10758463541666667
819,Static,0.10139973958333333
820,Static,0.10432942708333333
821,Static,0.1005859375
822,Static,0.1005859375
823,Static,0.10205078125
824,Static,0.10026041666666667
825,Static,0.10481770833333333
826,Static,0.10091145833333333
827,Static,0.1005859375
828,Static,0.10677083333333333
829,Static,0.10465494791666667
830,Static,0.10693359375
831,Static,0.1015625
832,Static,0.10237630208333333
833,Static,0.0986328125
834,Static,0.09895833333333333
835,Static,0.10205078125
836,Static,0.09521484375
837,Static,0.10123697916666667
838,Static,0.09781901041666667
839,Static,0.10139973958333333
840,Static,0.10319010416666667
841,Static,0.10514322916666667
842,Static,0.09830729166666667
843,Static,0.10791015625
844,Static,0.10302734375
845,Static,0.10481770833333333
846,Static,0.1015625
847,Static,0.10074869791666667
848,Static,0.10237630208333333
849,Static,0.10091145833333333
850,Static,0.1044921875
851,Static,0.10563151041666667
852,Static,0.1044921875
853,Static,0.10172526041666667
854,Static,0.09342447916666667
855,Static,0.10009765625
856,Static,0.09733072916666667
857,Static,0.103515625
858,Static,0.10807291666666667
859,Static,0.09554036458333333
860,Static,0.10123697916666667
861,Static,0.09505208333333333
862,Static,0.09602864583333333
863,Static,0.09554036458333333
864,Static,0.09586588541666667
865,Static,0.09635416666666667
866,Static,0.099609375
867,Static,0.1064453125
868,Static,0.1025390625
869,Static,0.09651692708333333
870,Static,0.1005859375
871,Static,0.103515625
872,Static,0.10481770833333333
873,Static,0.09912109375
874,Static,0.10139973958333333
875,Static,0.10302734375
876,Static,0.10432942708333333
877,Static,0.10628255208333333
878,Static,0.10709635416666667
879,Static,0.09944661458333333
880,Static,0.09879557291666667
881,Static,0.099609375
882,Static,0.09798177083333333
883,Static,0.09977213541666667
884,Static,0.103515625
885,Static,0.10302734375
886,Static,0.10123697916666667
887,Static,0.10384114583333333
888,Static,0.10481770833333333
889,Static,0.10026041666666667
890,Static,0.09781901041666667
891,Static,0.09912109375
892,Static,0.09765625
893,Static,0.09765625
894,Static,0.10205078125
895,Static,0.10660807291666667
896,Static,0.10188802083333333
897,Static,0.1025390625
898,Static,0.09814453125
899,Static,0.09765625
900,Static,0.09993489583333333
901,Static,0.103515625
902,Static,0.10481770833333333
903,Static,0.10302734375
904,Static,0.10693359375
905,Static,0.1025390625
906,Static,0.10595703125
907,Static,0.10042317708333333
908,Static,0.10514322916666667
909,Static,0.09798177083333333
910,Static,0.10465494791666667
911,Static,0.10579427083333333
912,Static,0.09358723958333333
913,Static,0.10384114583333333
914,Static,0.10432942708333333
915,Static,0.09879557291666667
916,Static,0.10221354166666667
917,Static,0.10091145833333333
918,Static,0.10481770833333333
919,Static,0.10319010416666667
920,Static,0.10465494791666667
921,Static,0.09912109375
922,Static,0.10335286458333333
923,Static,0.10677083333333333
924,Static,0.10302734375
925,Static,0.10693359375
926,Static,0.10611979166666667
927,Static,0.10595703125
928,Static,0.10481770833333333
929,Static,0.10579427083333333
930,Static,0.10335286458333333
931,Static,0.1083984375
932,Static,0.10286458333333333
933,Static,0.10823567708333333
934,Static,0.10970052083333333
935,Static,0.10563151041666667
936,Static,0.10514322916666667
937,Static,0.10367838541666667
938,Static,0.1044921875
939,Static,0.10465494791666667
940,Static,0.10660807291666667
941,Static,0.10791015625
942,Static,0.11083984375
943,Static,0.10302734375
944,Static,0.10074869791666667
945,Static,0.09684244791666667
946,Static,0.10791015625
947,Static,0.10481770833333333
948,Static,0.10172526041666667
949,Static,0.1025390625
950,Static,0.10091145833333333
951,Static,0.1025390625
952,Static,0.10514322916666667
953,Static,0.10823567708333333
954,Static,0.10107421875
955,Static,0.09944661458333333
956,Static,0.10921223958333333
957,Static,0.10123697916666667
958,Static,0.09895833333333333
959,Static,0.10579427083333333
960,Static,0.1025390625
961,Static,0.10953776041666667
962,Static,0.10481770833333333
963,Static,0.10074869791666667
964,Static,0.10123697916666667
965,Static,0.09749348958333333
966,Static,0.10758463541666667
967,Static,0.10546875
968,Static,0.09488932291666667
969,Static,0.10042317708333333
970,Static,0.10384114583333333
971,Static,0.10188802083333333
972,Static,0.11214192708333333
973,Static,0.10628255208333333
974,Static,0.10970052083333333
975,Static,0.11311848958333333
976,Static,0.11051432291666667
977,Static,0.10335286458333333
978,Static,0.10546875
979,Static,0.10595703125
980,Static,0.10725911458333333
981,Static,0.1064453125
982,Static,0.10221354166666667
983,Static,0.10286458333333333
984,Static,0.1103515625
985,Static,0.10546875
986,Static,0.10888671875
987,Static,0.1142578125
988,Static,0.10888671875
989,Static,0.11197916666666667
990,Static,0.11181640625
991,Static,0.1103515625
992,Static,0.1083984375
993,Static,0.10481770833333333
994,Static,0.10611979166666667
995,Static,0.10416666666666667
996,Static,0.10856119791666667
997,Static,0.10465494791666667
998,Static,0.10188802083333333
999,Static,0.10921223958333333
1000,Static,0.11116536458333333
1001,Static,0.09944661458333333
1002,Static,0.09716796875
1003,Static,0.1015625
1004,Static,0.10546875
1005,Static,0.10302734375
1006,Static,0.10693359375
1007,Static,0.11442057291666667
1008,Static,0.10628255208333333
1009,Static,0.09928385416666667
1010,Static,0.10042317708333333
1011,Static,0.1064453125
1012,Static,0.09749348958333333
1013,Static,0.10514322916666667
1014,Static,0.10514322916666667
1015,Static,0.10546875
1016,Static,0.10546875
1017,Static,0.1005859375
1018,Static,0.09879557291666667
1019,Static,0.109375
1020,Static,0.10986328125
1021,Static,0.10319010416666667
1022,Static,0.10335286458333333
1023,Static,0.10319010416666667
3,LRU,0.19482421875
4,LRU,0.1796875
5,LRU,0.17122395833333334
6,LRU,0.17106119791666666
7,LRU,0.21223958333333334
8,LRU,0.18017578125
9,LRU,0.17399088541666666
10,LRU,0.17106119791666666
11,LRU,0.20198567708333334
12,LRU,0.18131510416666666
13,LRU,0.17447916666666666
14,LRU,0.18229166666666666
15,LRU,0.19856770833333334
16,LRU,0.18131510416666666
17,LRU,0.17024739583333334
18,LRU,0.16520182291666666
19,LRU,0.21614583333333334
20,LRU,0.17610677083333334
21,LRU,0.17220052083333334
22,LRU,0.17822265625
23,LRU,0.201171875
24,LRU,0.16178385416666666
25,LRU,0.16438802083333334
26,LRU,0.16064453125
27,LRU,0.18440755208333334
28,LRU,0.1572265625
29,LRU,0.15869140625
30,LRU,0.15576171875
31,LRU,0.22005208333333334
32,LRU,0.1806640625
33,LRU,0.18343098958333334
34,LRU,0.17985026041666666
35,LRU,0.20768229166666666
36,LRU,0.18326822916666666
37,LRU,0.17268880208333334
38,LRU,0.16975911458333334
39,LRU,0.20833333333333334
40,LRU,0.1806640625
41,LRU,0.17301432291666666
42,LRU,0.17757161458333334
43,LRU,0.19840494791666666
44,LRU,0.17073567708333334
45,LRU,0.16455078125
46,LRU,0.15608723958333334
47,LRU,0.20328776041666666
48,LRU,0.17805989583333334
49,LRU,0.17122395833333334
50,LRU,0.17041015625
51,LRU,0.20377604166666666
52,LRU,0.17887369791666666
53,LRU,0.17366536458333334
54,LRU,0.17333984375
55,LRU,0.21077473958333334
56,LRU,0.18570963541666666
57,LRU,0.18229166666666666
58,LRU,0.17350260416666666
59,LRU,0.20638020833333334
60,LRU,0.1787109375
61,LRU,0.17171223958333334
62,LRU,0.17529296875
63,LRU,0.20345052083333334
64,LRU,0.18424479166666666
65,LRU,0.17626953125
66,LRU,0.16536458333333334
67,LRU,0.20524088541666666
68,LRU,0.17838541666666666
69,LRU,0.17236328125
70,LRU,0.17171223958333334
71,LRU,0.22574869791666666
72,LRU,0.17952473958333334
73,LRU,0.17952473958333334
74,LRU,0.17903645833333334
75,LRU,0.20003255208333334
76,LRU,0.16650390625
77,LRU,0.17366536458333334
78,LRU,0.17301432291666666
79,LRU,0.20149739583333334
80,LRU,0.1689453125
81,LRU,0.1689453125
82,LRU,0.17252604166666666
83,LRU,0.23291015625
84,LRU,0.1865234375
85,LRU,0.18359375
86,LRU,0.1689453125
87,LRU,0.20719401041666666
88,LRU,0.17692057291666666
89,LRU,0.177734375
90,LRU,0.1728515625
91,LRU,0.19840494791666666
92,LRU,0.1630859375
93,LRU,0.16178385416666666
94,LRU,0.17496744791666666
95,LRU,0.21842447916666666
96,LRU,0.177734375
97,LRU,0.18294270833333334
98,LRU,0.17447916666666666
99,LRU,0.20849609375
100,LRU,0.18424479166666666
101,LRU,0.173828125
102,LRU,0.17936197916666666
103,LRU,0.21223958333333334
104,LRU,0.18147786458333334
105,LRU,0.1796875
106,LRU,0.17594401041666666
107,LRU,0.21533203125
108,LRU,0.181640625
109,LRU,0.17789713541666666
110,LRU,0.17399088541666666
111,LRU,0.20914713541666666
112,LRU,0.17041015625
113,LRU,0.16682942708333334
114,LRU,0.166015625
115,LRU,0.2001953125
116,LRU,0.17317708333333334
117,LRU,0.16650390625
118,LRU,0.16910807291666666
119,LRU,0.20166015625
120,LRU,0.1728515625
121,LRU,0.16666666666666666
122,LRU,0.16975911458333334
123,LRU,0.2021484375
124,LRU,0.16845703125
125,LRU,0.17138671875
126,LRU,0.16731770833333334
127,LRU,0.21354166666666666
128,LRU,0.18717447916666666
129,LRU,0.18294270833333334
130,LRU,0.18294270833333334
131,LRU,0.20149739583333334
132,LRU,0.17399088541666666
133,LRU,0.1796875
134,LRU,0.17252604166666666
135,LRU,0.20751953125
136,LRU,0.1796875
137,LRU,0.17236328125
138,LRU,0.15543619791666666
139,LRU,0.22119140625
140,LRU,0.17692057291666666
141,LRU,0.17561848958333334
142,LRU,0.1826171875
143,LRU,0.20393880208333334
144,LRU,0.17268880208333334
145,LRU,0.17903645833333334
146,LRU,0.1826171875
147,LRU,0.20963541666666666
148,LRU,0.18310546875
149,LRU,0.17659505208333334
150,LRU,0.17936197916666666
151,LRU,0.20817057291666666
152,LRU,0.18424479166666666
153,LRU,0.1796875
154,LRU,0.17447916666666666
155,LRU,0.20768229166666666
156,LRU,0.18684895833333334
157,LRU,0.17578125
158,LRU,0.17659505208333334
159,LRU,0.2080078125
160,LRU,0.17740885416666666
161,LRU,0.17366536458333334
162,LRU,0.16845703125
163,LRU,0.20166015625
164,LRU,0.17936197916666666
165,LRU,0.162109375
166,LRU,0.1640625
167,LRU,0.19986979166666666
168,LRU,0.17138671875
169,LRU,0.16764322916666666
170,LRU,0.1669921875
171,LRU,0.2080078125
172,LRU,0.18896484375
173,LRU,0.18636067708333334
174,LRU,0.18570963541666666
175,LRU,0.20963541666666666
176,LRU,0.18505859375
177,LRU,0.18098958333333334
178,LRU,0.17985026041666666
179,LRU,0.21891276041666666
180,LRU,0.18424479166666666
181,LRU,0.18310546875
182,LRU,0.193359375
183,LRU,0.20540364583333334
184,LRU,0.19384765625
185,LRU,0.18391927083333334
186,LRU,0.17366536458333334
187,LRU,0.21484375
188,LRU,0.18961588541666666
189,LRU,0.18831380208333334
190,LRU,0.17610677083333334
191,LRU,0.2041015625
192,LRU,0.17399088541666666
193,LRU,0.16455078125
194,LRU,0.16878255208333334
195,LRU,0.20638020833333334
196,LRU,0.17985026041666666
197,LRU,0.16031901041666666
198,LRU,0.17333984375
199,LRU,0.20426432291666666
200,LRU,0.1640625
201,LRU,0.15934244791666666
202,LRU,0.166015625
203,LRU,0.19189453125
204,LRU,0.16650390625
205,LRU,0.17008463541666666
206,LRU,0.16731770833333334
207,LRU,0.20540364583333334
208,LRU,0.18001302083333334
209,LRU,0.17578125
210,LRU,0.17399088541666666
211,LRU,0.20963541666666666
212,LRU,0.1787109375
213,LRU,0.16845703125
214,LRU,0.16829427083333334
215,LRU,0.20833333333333334
216,LRU,0.1845703125
217,LRU,0.18212890625
218,LRU,0.17220052083333334
219,LRU,0.212890625
220,LRU,0.17740885416666666
221,LRU,0.17399088541666666
222,LRU,0.15934244791666666
223,LRU,0.19498697916666666
224,LRU,0.16650390625
225,LRU,0.15787760416666666
226,LRU,0.15966796875
227,LRU,0.197265625
228,LRU,0.16617838541666666
229,LRU,0.1650390625
230,LRU,0.17692057291666666
231,LRU,0.19921875
232,LRU,0.17399088541666666
233,LRU,0.17529296875
234,LRU,0.17610677083333334
235,LRU,0.20963541666666666
236,LRU,0.17496744791666666
237,LRU,0.16080729166666666
238,LRU,0.1640625
239,LRU,0.22493489583333334
240,LRU,0.18180338541666666
241,LRU,0.17936197916666666
242,LRU,0.19205729166666666
243,LRU,0.21614583333333334
244,LRU,0.18538411458333334
245,LRU,0.1767578125
246,LRU,0.17708333333333334
247,LRU,0.2080078125
248,LRU,0.17301432291666666
249,LRU,0.16975911458333334
250,LRU,0.16389973958333334
251,LRU,0.20296223958333334
252,LRU,0.18424479166666666
253,LRU,0.18131510416666666
254,LRU,0.1748046875
255,LRU,0.20589192708333334
256,LRU,0.18001302083333334
257,LRU,0.17431640625
258,LRU,0.17350260416666666
259,LRU,0.20296223958333334
260,LRU,0.17789713541666666
261,LRU,0.1689453125
262,LRU,0.17317708333333334
263,LRU,0.19547526041666666
264,LRU,0.1650390625
265,LRU,0.16910807291666666
266,LRU,0.16438802083333334
267,LRU,0.20670572916666666
268,LRU,0.18131510416666666
269,LRU,0.17366536458333334
270,LRU,0.177734375
271,LRU,0.21484375
272,LRU,0.18098958333333334
273,LRU,0.17496744791666666
274,LRU,0.18229166666666666
275,LRU,0.20979817708333334
276,LRU,0.18050130208333334
277,LRU,0.18343098958333334
278,LRU,0.17561848958333334
279,LRU,0.21419270833333334
280,LRU,0.177734375
281,LRU,0.17171223958333334
282,LRU,0.17692057291666666
283,LRU,0.20491536458333334
284,LRU,0.16829427083333334
285,LRU,0.16975911458333334
286,LRU,0.16617838541666666
287,LRU,0.20458984375
288,LRU,0.17431640625
289,LRU,0.16878255208333334
290,LRU,0.16927083333333334
291,LRU,0.19645182291666666
292,LRU,0.16764322916666666
293,LRU,0.17301432291666666
294,LRU,0.17252604166666666
295,LRU,0.20052083333333334
296,LRU,0.16959635416666666
297,LRU,0.162109375
298,LRU,0.1552734375
299,LRU,0.20377604166666666
300,LRU,0.16748046875
301,LRU,0.16845703125
302,LRU,0.16015625
303,LRU,0.20084635416666666
304,LRU,0.16959635416666666
305,LRU,0.17122395833333334
306,LRU,0.16780598958333334
307,LRU,0.2109375
308,LRU,0.17659505208333334
309,LRU,0.17740885416666666
310,LRU,0.17317708333333334
311,LRU,0.20393880208333334
312,LRU,0.17496744791666666
313,LRU,0.17594401041666666
314,LRU,0.1728515625
315,LRU,0.19970703125
316,LRU,0.16650390625
317,LRU,0.16617838541666666
318,LRU,0.17757161458333334
319,LRU,0.19661458333333334
320,LRU,0.17431640625
321,LRU,0.16764322916666666
322,LRU,0.16764322916666666
323,LRU,0.20963541666666666
324,LRU,0.17789713541666666
325,LRU,0.17268880208333334
326,LRU,0.17008463541666666
327,LRU,0.20654296875
328,LRU,0.17708333333333334
329,LRU,0.17789713541666666
330,LRU,0.17805989583333334
331,LRU,0.20686848958333334
332,LRU,0.18147786458333334
333,LRU,0.17789713541666666
334,LRU,0.17366536458333334
335,LRU,0.20491536458333334
336,LRU,0.18229166666666666
337,LRU,0.17529296875
338,LRU,0.16389973958333334
339,LRU,0.20198567708333334
340,LRU,0.17626953125
341,LRU,0.16438802083333334
342,LRU,0.169921875
343,LRU,0.2119140625
344,LRU,0.16927083333333334
345,LRU,0.17350260416666666
346,LRU,0.1767578125
347,LRU,0.19661458333333334
348,LRU,0.16927083333333334
349,LRU,0.17350260416666666
350,LRU,0.18033854166666666
351,LRU,0.20930989583333334
352,LRU,0.17692057291666666
353,LRU,0.17578125
354,LRU,0.1748046875
355,LRU,0.21305338541666666
356,LRU,0.16975911458333334
357,LRU,0.17138671875
358,LRU,0.16829427083333334
359,LRU,0.21305338541666666
360,LRU,0.17545572916666666
361,LRU,0.18619791666666666
362,LRU,0.17740885416666666
363,LRU,0.22477213541666666
364,LRU,0.18831380208333334
365,LRU,0.18050130208333334
366,LRU,0.18375651041666666
367,LRU,0.19563802083333334
368,LRU,0.17903645833333334
369,LRU,0.17268880208333334
370,LRU,0.17317708333333334
371,LRU,0.20166015625
372,LRU,0.17561848958333334
373,LRU,0.15885416666666666
374,LRU,0.15608723958333334
375,LRU,0.20524088541666666
376,LRU,0.18245442708333334
377,LRU,0.18294270833333334
378,LRU,0.17936197916666666
379,LRU,0.22428385416666666
380,LRU,0.20149739583333334
381,LRU,0.1826171875
382,LRU,0.16927083333333334
383,LRU,0.1982421875
384,LRU,0.17333984375
385,LRU,0.16650390625
386,LRU,0.16634114583333334
387,LRU,0.21158854166666666
388,LRU,0.1806640625
389,LRU,0.17952473958333334
390,LRU,0.17985026041666666
391,LRU,0.21891276041666666
392,LRU,0.18277994791666666
393,LRU,0.17805989583333334
394,LRU,0.18815104166666666
395,LRU,0.208984375
396,LRU,0.17513020833333334
397,LRU,0.17203776041666666
398,LRU,0.17610677083333334
399,LRU,0.20426432291666666
400,LRU,0.16943359375
401,LRU,0.16927083333333334
402,LRU,0.17041015625
403,LRU,0.20833333333333334
404,LRU,0.17431640625
405,LRU,0.17805989583333334
406,LRU,0.18001302083333334
407,LRU,0.20524088541666666
408,LRU,0.18733723958333334
409,LRU,0.17268880208333334
410,LRU,0.15706380208333334
411,LRU,0.197265625
412,LRU,0.16438802083333334
413,LRU,0.17708333333333334
414,LRU,0.16617838541666666
415,LRU,0.19889322916666666
416,LRU,0.17496744791666666
417,LRU,0.16748046875
418,LRU,0.16048177083333334
419,LRU,0.20149739583333334
420,LRU,0.17610677083333334
421,LRU,0.17008463541666666
422,LRU,0.17057291666666666
423,LRU,0.208984375
424,LRU,0.17952473958333334
425,LRU,0.17643229166666666
426,LRU,0.17952473958333334
427,LRU,0.20735677083333334
428,LRU,0.17692057291666666
429,LRU,0.17268880208333334
430,LRU,0.169921875
431,LRU,0.208984375
432,LRU,0.17952473958333334
433,LRU,0.16731770833333334
434,LRU,0.18082682291666666
435,LRU,0.20979817708333334
436,LRU,0.19205729166666666
437,LRU,0.17578125
438,LRU,0.18033854166666666
439,LRU,0.20442708333333334
440,LRU,0.17447916666666666
441,LRU,0.17545572916666666
442,LRU,0.171875
443,LRU,0.21142578125
444,LRU,0.18131510416666666
445,LRU,0.1865234375
446,LRU,0.18473307291666666
447,LRU,0.21354166666666666
448,LRU,0.18180338541666666
449,LRU,0.17366536458333334
450,LRU,0.17220052083333334
451,LRU,0.23193359375
452,LRU,0.1953125
453,LRU,0.1865234375
454,LRU,0.18050130208333334
455,LRU,0.19612630208333334
456,LRU,0.16813151041666666
457,LRU,0.17057291666666666
458,LRU,0.16813151041666666
459,LRU,0.19449869791666666
460,LRU,0.16259765625
461,LRU,0.16194661458333334
462,LRU,0.16455078125
463,LRU,0.20003255208333334
464,LRU,0.18017578125
465,LRU,0.17350260416666666
466,LRU,0.16585286458333334
467,LRU,0.21158854166666666
468,LRU,0.19140625
469,LRU,0.18440755208333334
470,LRU,0.17985026041666666
471,LRU,0.20817057291666666
472,LRU,0.17822265625
473,LRU,0.17268880208333334
474,LRU,0.16650390625
475,LRU,0.21044921875
476,LRU,0.16959635416666666
477,LRU,0.17041015625
478,LRU,0.18343098958333334
479,LRU,0.22005208333333334
480,LRU,0.18440755208333334
481,LRU,0.17350260416666666
482,LRU,0.18375651041666666
483,LRU,0.22623697916666666
484,LRU,0.18033854166666666
485,LRU,0.18098958333333334
486,LRU,0.17936197916666666
487,LRU,0.2099609375
488,LRU,0.16748046875
489,LRU,0.17073567708333334
490,LRU,0.17692057291666666
491,LRU,0.21223958333333334
492,LRU,0.18229166666666666
493,LRU,0.18522135416666666
494,LRU,0.1787109375
495,LRU,0.20328776041666666
496,LRU,0.17561848958333334
497,LRU,0.173828125
498,LRU,0.16682942708333334
499,LRU,0.19970703125
500,LRU,0.17333984375
501,LRU,0.17268880208333334
502,LRU,0.1728515625
503,LRU,0.19368489583333334
504,LRU,0.16536458333333334
505,LRU,0.16194661458333334
506,LRU,0.162109375
507,LRU,0.19759114583333334
508,LRU,0.16975911458333334
509,LRU,0.16878255208333334
510,LRU,0.16878255208333334
511,LRU,0.19189453125
512,LRU,0.17041015625
513,LRU,0.16341145833333334
514,LRU,0.15771484375
515,LRU,0.23079427083333334
516,LRU,0.18603515625
517,LRU,0.1904296875
518,LRU,0.19270833333333334
519,LRU,0.21077473958333334
520,LRU,0.18082682291666666
521,LRU,0.1689453125
522,LRU,0.16829427083333334
523,LRU,0.19466145833333334
524,LRU,0.16569010416666666
525,LRU,0.16243489583333334
526,LRU,0.16129557291666666
527,LRU,0.21923828125
528,LRU,0.18098958333333334
529,LRU,0.16861979166666666
530,LRU,0.17545572916666666
531,LRU,0.19563802083333334
532,LRU,0.1611328125
533,LRU,0.16975911458333334
534,LRU,0.16585286458333334
535,LRU,0.21175130208333334
536,LRU,0.17431640625
537,LRU,0.16487630208333334
538,LRU,0.16764322916666666
539,LRU,0.21223958333333334
540,LRU,0.17789713541666666
541,LRU,0.17252604166666666
542,LRU,0.17431640625
543,LRU,0.19791666666666666
544,LRU,0.17122395833333334
545,LRU,0.16389973958333334
546,LRU,0.15657552083333334
547,LRU,0.19954427083333334
548,LRU,0.18001302083333334
549,LRU,0.17464192708333334
550,LRU,0.18815104166666666
551,LRU,0.20638020833333334
552,LRU,0.18619791666666666
553,LRU,0.17610677083333334
554,LRU,0.17789713541666666
555,LRU,0.20979817708333334
556,LRU,0.17708333333333334
557,LRU,0.17594401041666666
558,LRU,0.17822265625
559,LRU,0.21663411458333334
560,LRU,0.19010416666666666
561,LRU,0.18180338541666666
562,LRU,0.18212890625
563,LRU,0.21728515625
564,LRU,0.17578125
565,LRU,0.18115234375
566,LRU,0.17529296875
567,LRU,0.20345052083333334
568,LRU,0.18098958333333334
569,LRU,0.18587239583333334
570,LRU,0.177734375
571,LRU,0.20491536458333334
572,LRU,0.17903645833333334
573,LRU,0.17561848958333334
574,LRU,0.17122395833333334
575,LRU,0.20052083333333334
576,LRU,0.17106119791666666
577,LRU,0.17350260416666666
578,LRU,0.16422526041666666
579,LRU,0.20361328125
580,LRU,0.171875
581,LRU,0.17106119791666666
582,LRU,0.16796875
583,LRU,0.189453125
584,LRU,0.16373697916666666
585,LRU,0.1669921875
586,LRU,0.15738932291666666
587,LRU,0.19352213541666666
588,LRU,0.17659505208333334
589,LRU,0.17154947916666666
590,LRU,0.17740885416666666
591,LRU,0.21988932291666666
592,LRU,0.17854817708333334
593,LRU,0.18098958333333334
594,LRU,0.1787109375
595,LRU,0.20263671875
596,LRU,0.17268880208333334
597,LRU,0.16748046875
598,LRU,0.15608723958333334
599,LRU,0.19368489583333334
600,LRU,0.16520182291666666
601,LRU,0.17903645833333334
602,LRU,0.16764322916666666
603,LRU,0.19514973958333334
604,LRU,0.16585286458333334
605,LRU,0.16487630208333334
606,LRU,0.169921875
607,LRU,0.216796875
608,LRU,0.18229166666666666
609,LRU,0.18538411458333334
610,LRU,0.18131510416666666
611,LRU,0.21728515625
612,LRU,0.17626953125
613,LRU,0.1689453125
614,LRU,0.17529296875
615,LRU,0.19954427083333334
616,LRU,0.17171223958333334
617,LRU,0.1650390625
618,LRU,0.16455078125
619,LRU,0.20361328125
620,LRU,0.17073567708333334
621,LRU,0.16324869791666666
622,LRU,0.16796875
623,LRU,0.20328776041666666
624,LRU,0.17041015625
625,LRU,0.17415364583333334
626,LRU,0.17708333333333334
627,LRU,0.21402994791666666
628,LRU,0.17496744791666666
629,LRU,0.17268880208333334
630,LRU,0.18310546875
631,LRU,0.20914713541666666
632,LRU,0.17415364583333334
633,LRU,0.17122395833333334
634,LRU,0.16438802083333334
635,LRU,0.212890625
636,LRU,0.18440755208333334
637,LRU,0.18636067708333334
638,LRU,0.17415364583333334
639,LRU,0.20084635416666666
640,LRU,0.17122395833333334
641,LRU,0.169921875
642,LRU,0.17496744791666666
643,LRU,0.19889322916666666
644,LRU,0.16959635416666666
645,LRU,0.16634114583333334
646,LRU,0.16341145833333334
647,LRU,0.20556640625
648,LRU,0.17708333333333334
649,LRU,0.17447916666666666
650,LRU,0.17350260416666666
651,LRU,0.1982421875
652,LRU,0.16764322916666666
653,LRU,0.17952473958333334
654,LRU,0.16959635416666666
655,LRU,0.2041015625
656,LRU,0.17724609375
657,LRU,0.17724609375
658,LRU,0.17171223958333334
659,LRU,0.21207682291666666
660,LRU,0.18538411458333334
661,LRU,0.16682942708333334
662,LRU,0.17464192708333334
663,LRU,0.21142578125
664,LRU,0.17529296875
665,LRU,0.18782552083333334
666,LRU,0.17854817708333334
667,LRU,0.21175130208333334
668,LRU,0.17919921875
669,LRU,0.18082682291666666
670,LRU,0.17578125
671,LRU,0.19417317708333334
672,LRU,0.17333984375
673,LRU,0.17024739583333334
674,LRU,0.17317708333333334
675,LRU,0.1904296875
676,LRU,0.17041015625
677,LRU,0.16796875
678,LRU,0.16715494791666666
679,LRU,0.20556640625
680,LRU,0.17626953125
681,LRU,0.16715494791666666
682,LRU,0.16569010416666666
683,LRU,0.19775390625
684,LRU,0.17757161458333334
685,LRU,0.171875
686,LRU,0.16650390625
687,LRU,0.20556640625
688,LRU,0.17350260416666666
689,LRU,0.16910807291666666
690,LRU,0.17626953125
691,LRU,0.19986979166666666
692,LRU,0.1708984375
693,LRU,0.16031901041666666
694,LRU,0.16324869791666666
695,LRU,0.19775390625
696,LRU,0.17610677083333334
697,LRU,0.17350260416666666
698,LRU,0.16650390625
699,LRU,0.19791666666666666
700,LRU,0.16910807291666666
701,LRU,0.16097005208333334
702,LRU,0.16927083333333334
703,LRU,0.21240234375
704,LRU,0.17594401041666666
705,LRU,0.17529296875
706,LRU,0.17708333333333334
707,LRU,0.19889322916666666
708,LRU,0.166015625
709,LRU,0.16715494791666666
710,LRU,0.15836588541666666
711,LRU,0.20540364583333334
712,LRU,0.17415364583333334
713,LRU,0.17464192708333334
714,LRU,0.16438802083333334
715,LRU,0.21923828125
716,LRU,0.18196614583333334
717,LRU,0.18782552083333334
718,LRU,0.18326822916666666
719,LRU,0.20621744791666666
720,LRU,0.17496744791666666
721,LRU,0.17740885416666666
722,LRU,0.16520182291666666
723,LRU,0.21468098958333334
724,LRU,0.18619791666666666
725,LRU,0.18391927083333334
726,LRU,0.19498697916666666
727,LRU,0.22721354166666666
728,LRU,0.19873046875
729,LRU,0.18375651041666666
730,LRU,0.19156901041666666
731,LRU,0.20084635416666666
732,LRU,0.17838541666666666
733,LRU,0.16845703125
734,LRU,0.16861979166666666
735,LRU,0.20589192708333334
736,LRU,0.17350260416666666
737,LRU,0.16878255208333334
738,LRU,0.16927083333333334
739,LRU,0.212890625
740,LRU,0.18343098958333334
741,LRU,0.1806640625
742,LRU,0.18294270833333334
743,LRU,0.19921875
744,LRU,0.17220052083333334
745,LRU,0.16373697916666666
746,LRU,0.16764322916666666
747,LRU,0.208984375
748,LRU,0.16715494791666666
749,LRU,0.171875
750,LRU,0.17561848958333334
751,LRU,0.193359375
752,LRU,0.16438802083333334
753,LRU,0.16552734375
754,LRU,0.17138671875
755,LRU,0.203125
756,LRU,0.17805989583333334
757,LRU,0.16959635416666666
758,LRU,0.166015625
759,LRU,0.2080078125
760,LRU,0.1748046875
761,LRU,0.17073567708333334
762,LRU,0.17024739583333334
763,LRU,0.21370442708333334
764,LRU,0.17659505208333334
765,LRU,0.17073567708333334
766,LRU,0.17236328125
767,LRU,0.20930989583333334
768,LRU,0.1806640625
769,LRU,0.17529296875
770,LRU,0.17529296875
771,LRU,0.19156901041666666
772,LRU,0.16080729166666666
773,LRU,0.15478515625
774,LRU,0.16634114583333334
775,LRU,0.18684895833333334
776,LRU,0.1650390625
777,LRU,0.16194661458333334
778,LRU,0.15934244791666666
779,LRU,0.18977864583333334
780,LRU,0.17626953125
781,LRU,0.15673828125
782,LRU,0.1533203125
783,LRU,0.21142578125
784,LRU,0.1748046875
785,LRU,0.18229166666666666
786,LRU,0.17350260416666666
787,LRU,0.20979817708333334
788,LRU,0.1767578125
789,LRU,0.17594401041666666
790,LRU,0.18391927083333334
791,LRU,0.20475260416666666
792,LRU,0.17643229166666666
793,LRU,0.16861979166666666
794,LRU,0.16878255208333334
795,LRU,0.18994140625
796,LRU,0.16276041666666666
797,LRU,0.16780598958333334
798,LRU,0.16552734375
799,LRU,0.18896484375
800,LRU,0.16813151041666666
801,LRU,0.15657552083333334
802,LRU,0.15738932291666666
803,LRU,0.19612630208333334
804,LRU,0.1806640625
805,LRU,0.16455078125
806,LRU,0.17464192708333334
807,LRU,0.19205729166666666
808,LRU,0.17236328125
809,LRU,0.16259765625
810,LRU,0.16813151041666666
811,LRU,0.20263671875
812,LRU,0.16764322916666666
813,LRU,0.17122395833333334
814,LRU,0.17057291666666666
815,LRU,0.20458984375
816,LRU,0.17171223958333334
817,LRU,0.17513020833333334
818,LRU,0.16813151041666666
819,LRU,0.19091796875
820,LRU,0.16959635416666666
821,LRU,0.16145833333333334
822,LRU,0.16650390625
823,LRU,0.21712239583333334
824,LRU,0.17789713541666666
825,LRU,0.17903645833333334
826,LRU,0.16845703125
827,LRU,0.1953125
828,LRU,0.166015625
829,LRU,0.16097005208333334
830,LRU,0.17073567708333334
831,LRU,0.1943359375
832,LRU,0.16829427083333334
833,LRU,0.16764322916666666
834,LRU,0.16178385416666666
835,LRU,0.20377604166666666
836,LRU,0.17057291666666666
837,LRU,0.17106119791666666
838,LRU,0.16764322916666666
839,LRU,0.19270833333333334
840,LRU,0.162109375
841,LRU,0.16243489583333334
842,LRU,0.16129557291666666
843,LRU,0.20703125
844,LRU,0.17561848958333334
845,LRU,0.17220052083333334
846,LRU,0.17024739583333334
847,LRU,0.19596354166666666
848,LRU,0.1689453125
849,LRU,0.16861979166666666
850,LRU,0.16878255208333334
851,LRU,0.19921875
852,LRU,0.16878255208333334
853,LRU,0.17024739583333334
854,LRU,0.1640625
855,LRU,0.20491536458333334
856,LRU,0.17692057291666666
857,LRU,0.17838541666666666
858,LRU,0.17985026041666666
859,LRU,0.203125
860,LRU,0.17561848958333334
861,LRU,0.17317708333333334
862,LRU,0.16829427083333334
863,LRU,0.212890625
864,LRU,0.17138671875
865,LRU,0.17496744791666666
866,LRU,0.17171223958333334
867,LRU,0.2001953125
868,LRU,0.16162109375
869,LRU,0.15380859375
870,LRU,0.15901692708333334
871,LRU,0.2001953125
872,LRU,0.17561848958333334
873,LRU,0.16829427083333334
874,LRU,0.17236328125
875,LRU,0.19645182291666666
876,LRU,0.17154947916666666
877,LRU,0.1591796875
878,LRU,0.15543619791666666
879,LRU,0.20084635416666666
880,LRU,0.17350260416666666
881,LRU,0.16959635416666666
882,LRU,0.17333984375
883,LRU,0.19319661458333334
884,LRU,0.17154947916666666
885,LRU,0.17154947916666666
886,LRU,0.16910807291666666
887,LRU,0.20442708333333334
888,LRU,0.18115234375
889,LRU,0.16861979166666666
890,LRU,0.16487630208333334
891,LRU,0.1982421875
892,LRU,0.16715494791666666
893,LRU,0.15836588541666666
894,LRU,0.16650390625
895,LRU,0.18522135416666666
896,LRU,0.16634114583333334
897,LRU,0.16389973958333334
898,LRU,0.15934244791666666
899,LRU,0.20198567708333334
900,LRU,0.16552734375
901,LRU,0.1630859375
902,LRU,0.1689453125
903,LRU,0.19791666666666666
904,LRU,0.17578125
905,LRU,0.16471354166666666
906,LRU,0.1708984375
907,LRU,0.18863932291666666
908,LRU,0.16861979166666666
909,LRU,0.14827473958333334
910,LRU,0.15559895833333334
911,LRU,0.19205729166666666
912,LRU,0.15608723958333334
913,LRU,0.16048177083333334
914,LRU,0.16634114583333334
915,LRU,0.19222005208333334
916,LRU,0.16861979166666666
917,LRU,0.15576171875
918,LRU,0.16389973958333334
919,LRU,0.193359375
920,LRU,0.171875
921,LRU,0.16145833333333334
922,LRU,0.16227213541666666
923,LRU,0.19986979166666666
924,LRU,0.16373697916666666
925,LRU,0.16764322916666666
926,LRU,0.16910807291666666
927,LRU,0.20930989583333334
928,LRU,0.16764322916666666
929,LRU,0.17464192708333334
930,LRU,0.17041015625
931,LRU,0.20768229166666666
932,LRU,0.16861979166666666
933,LRU,0.17626953125
934,LRU,0.17464192708333334
935,LRU,0.205078125
936,LRU,0.17122395833333334
937,LRU,0.16422526041666666
938,LRU,0.16634114583333334
939,LRU,0.18880208333333334
940,LRU,0.16373697916666666
941,LRU,0.15950520833333334
942,LRU,0.17122395833333334
943,LRU,0.193359375
944,LRU,0.16422526041666666
945,LRU,0.16227213541666666
946,LRU,0.16097005208333334
947,LRU,0.20247395833333334
948,LRU,0.17513020833333334
949,LRU,0.1748046875
950,LRU,0.16829427083333334
951,LRU,0.19970703125
952,LRU,0.177734375
953,LRU,0.16861979166666666
954,LRU,0.16927083333333334
955,LRU,0.18245442708333334
956,LRU,0.17317708333333334
957,LRU,0.15738932291666666
958,LRU,0.15494791666666666
959,LRU,0.21451822916666666
960,LRU,0.17561848958333334
961,LRU,0.17903645833333334
962,LRU,0.17399088541666666
963,LRU,0.1953125
964,LRU,0.17236328125
965,LRU,0.16536458333333334
966,LRU,0.17415364583333334
967,LRU,0.19889322916666666
968,LRU,0.16813151041666666
969,LRU,0.16650390625
970,LRU,0.16813151041666666
971,LRU,0.20735677083333334
972,LRU,0.18375651041666666
973,LRU,0.17529296875
974,LRU,0.17545572916666666
975,LRU,0.21240234375
976,LRU,0.18033854166666666
977,LRU,0.17464192708333334
978,LRU,0.17838541666666666
979,LRU,0.20361328125
980,LRU,0.18619791666666666
981,LRU,0.17626953125
982,LRU,0.17138671875
983,LRU,0.20638020833333334
984,LRU,0.18212890625
985,LRU,0.1767578125
986,LRU,0.18033854166666666
987,LRU,0.20963541666666666
988,LRU,0.17545572916666666
989,LRU,0.17154947916666666
990,LRU,0.1787109375
991,LRU,0.20100911458333334
992,LRU,0.17936197916666666
993,LRU,0.17626953125
994,LRU,0.1708984375
995,LRU,0.19840494791666666
996,LRU,0.17399088541666666
997,LRU,0.16471354166666666
998,LRU,0.16194661458333334
999,LRU,0.22037760416666666
1000,LRU,0.1962890625
1001,LRU,0.1748046875
1002,LRU,0.17268880208333334
1003,LRU,0.19889322916666666
1004,LRU,0.17496744791666666
1005,LRU,0.17496744791666666
1006,LRU,0.1728515625
1007,LRU,0.20882161458333334
1008,LRU,0.17789713541666666
1009,LRU,0.16585286458333334
1010,LRU,0.16178385416666666
1011,LRU,0.20882161458333334
1012,LRU,0.16780598958333334
1013,LRU,0.177734375
1014,LRU,0.16259765625
1015,LRU,0.21077473958333334
1016,LRU,0.17887369791666666
1017,LRU,0.17252604166666666
1018,LRU,0.17513020833333334
1019,LRU,0.21126302083333334
1020,LRU,0.18929036458333334
1021,LRU,0.17041015625
1022,LRU,0.17236328125
1023,LRU,0.20686848958333334
3,LFU,0.2506510416666667
4,LFU,0.23681640625
5,LFU,0.2333984375
6,LFU,0.21761067708333334
7,LFU,0.26025390625
8,LFU,0.2353515625
9,LFU,0.23258463541666666
10,LFU,0.23697916666666666
11,LFU,0.2530924479166667
12,LFU,0.24104817708333334
13,LFU,0.24267578125
14,LFU,0.23095703125
15,LFU,0.23291015625
16,LFU,0.23388671875
17,LFU,0.24186197916666666
18,LFU,0.23795572916666666
19,LFU,0.2688802083333333
20,LFU,0.23860677083333334
21,LFU,0.2521158854166667
22,LFU,0.23714192708333334
23,LFU,0.2609049479166667
24,LFU,0.2451171875
25,LFU,0.24381510416666666
26,LFU,0.24202473958333334
27,LFU,0.23258463541666666
28,LFU,0.21354166666666666
29,LFU,0.21875
30,LFU,0.22021484375
31,LFU,0.26513671875
32,LFU,0.234375
33,LFU,0.24153645833333334
34,LFU,0.23990885416666666
35,LFU,0.2633463541666667
36,LFU,0.24837239583333334
37,LFU,0.25048828125
38,LFU,0.24544270833333334
39,LFU,0.25537109375
40,LFU,0.2535807291666667
41,LFU,0.23763020833333334
42,LFU,0.23893229166666666
43,LFU,0.2600911458333333
44,LFU,0.24186197916666666
45,LFU,0.24967447916666666
46,LFU,0.23811848958333334
47,LFU,0.2762044270833333
48,LFU,0.24462890625
49,LFU,0.2578125
50,LFU,0.275390625
51,LFU,0.2674153645833333
52,LFU,0.24300130208333334
53,LFU,0.24039713541666666
54,LFU,0.2294921875
55,LFU,0.26416015625
56,LFU,0.2529296875
57,LFU,0.2470703125
58,LFU,0.2392578125
59,LFU,0.2763671875
60,LFU,0.2431640625
61,LFU,0.23665364583333334
62,LFU,0.251953125
63,LFU,0.2752278645833333
64,LFU,0.24055989583333334
65,LFU,0.2556966145833333
66,LFU,0.25048828125
67,LFU,0.2591145833333333
68,LFU,0.2552083333333333
69,LFU,0.2589518229166667
70,LFU,0.25537109375
71,LFU,0.3030598958333333
72,LFU,0.28466796875
73,LFU,0.2810872395833333
74,LFU,0.2775065104166667
75,LFU,0.2736002604166667
76,LFU,0.25439453125
77,LFU,0.255859375
78,LFU,0.24202473958333334
79,LFU,0.24202473958333334
80,LFU,0.23356119791666666
81,LFU,0.24072265625
82,LFU,0.24934895833333334
83,LFU,0.30419921875
84,LFU,0.2652994791666667
85,LFU,0.2696940104166667
86,LFU,0.2540690104166667
87,LFU,0.2779947916666667
88,LFU,0.26416015625
89,LFU,0.2620442708333333
90,LFU,0.2630208333333333
91,LFU,0.2820638020833333
92,LFU,0.2679036458333333
93,LFU,0.2623697916666667
94,LFU,0.26220703125
95,LFU,0.29443359375
96,LFU,0.2599283854166667
97,LFU,0.25927734375
98,LFU,0.25634765625
99,LFU,0.2638346354166667
100,LFU,0.24446614583333334
101,LFU,0.24625651041666666
102,LFU,0.24869791666666666
103,LFU,0.2849934895833333
104,LFU,0.27294921875
105,LFU,0.27392578125
106,LFU,0.28173828125
107,LFU,0.2879231770833333
108,LFU,0.2732747395833333
109,LFU,0.2576497395833333
110,LFU,0.267578125
111,LFU,0.2849934895833333
112,LFU,0.2547200520833333
113,LFU,0.2547200520833333
114,LFU,0.24446614583333334
115,LFU,0.2599283854166667
116,LFU,0.24772135416666666
117,LFU,0.2490234375
118,LFU,0.25390625
119,LFU,0.2688802083333333
120,LFU,0.2509765625
121,LFU,0.25439453125
122,LFU,0.25341796875
123,LFU,0.2613932291666667
124,LFU,0.24169921875
125,LFU,0.24658203125
126,LFU,0.2451171875
127,LFU,0.2945963541666667
128,LFU,0.2649739583333333
129,LFU,0.267578125
130,LFU,0.26708984375
131,LFU,0.2652994791666667
132,LFU,0.248046875
133,LFU,0.2451171875
134,LFU,0.23763020833333334
135,LFU,0.2565104166666667
136,LFU,0.2522786458333333
137,LFU,0.22802734375
138,LFU,0.22639973958333334
139,LFU,0.27587890625
140,LFU,0.2766927083333333
141,LFU,0.2708333333333333
142,LFU,0.2635091145833333
143,LFU,0.2644856770833333
144,LFU,0.24137369791666666
145,LFU,0.2530924479166667
146,LFU,0.2540690104166667
147,LFU,0.2770182291666667
148,LFU,0.2470703125
149,LFU,0.23763020833333334
150,LFU,0.23649088541666666
151,LFU,0.2560221354166667
152,LFU,0.24934895833333334
153,LFU,0.2547200520833333
154,LFU,0.2412109375
155,LFU,0.27197265625
156,LFU,0.2633463541666667
157,LFU,0.2643229166666667
158,LFU,0.2535807291666667
159,LFU,0.2937825520833333
160,LFU,0.2737630208333333
161,LFU,0.2716471354166667
162,LFU,0.2600911458333333
163,LFU,0.2776692708333333
164,LFU,0.2620442708333333
165,LFU,0.24430338541666666
166,LFU,0.244140625
167,LFU,0.2687174479166667
168,LFU,0.2529296875
169,LFU,0.24788411458333334
170,LFU,0.24430338541666666
171,LFU,0.2718098958333333
172,LFU,0.2584635416666667
173,LFU,0.25
174,LFU,0.24365234375
175,LFU,0.2744140625
176,LFU,0.24544270833333334
177,LFU,0.23649088541666666
178,LFU,0.248046875
179,LFU,0.2547200520833333
180,LFU,0.24072265625
181,LFU,0.23616536458333334
182,LFU,0.24739583333333334
183,LFU,0.2594401041666667
184,LFU,0.2672526041666667
185,LFU,0.25146484375
186,LFU,0.2412109375
187,LFU,0.28515625
188,LFU,0.275390625
189,LFU,0.2703450520833333
190,LFU,0.2578125
191,LFU,0.2584635416666667
192,LFU,0.2561848958333333
193,LFU,0.2522786458333333
194,LFU,0.2545572916666667
195,LFU,0.2887369791666667
196,LFU,0.2848307291666667
197,LFU,0.2932942708333333
198,LFU,0.2718098958333333
199,LFU,0.2630208333333333
200,LFU,0.24267578125
201,LFU,0.24951171875
202,LFU,0.2490234375
203,LFU,0.24788411458333334
204,LFU,0.2540690104166667
205,LFU,0.23942057291666666
206,LFU,0.244140625
207,LFU,0.2718098958333333
208,LFU,0.25732421875
209,LFU,0.24690755208333334
210,LFU,0.2535807291666667
211,LFU,0.2762044270833333
212,LFU,0.2529296875
213,LFU,0.2529296875
214,LFU,0.2516276041666667
215,LFU,0.2736002604166667
216,LFU,0.2574869791666667
217,LFU,0.2628580729166667
218,LFU,0.24983723958333334
219,LFU,0.2747395833333333
220,LFU,0.23909505208333334
221,LFU,0.23681640625
222,LFU,0.23079427083333334
223,LFU,0.23990885416666666
224,LFU,0.22688802083333334
225,LFU,0.21891276041666666
226,LFU,0.22054036458333334
227,LFU,0.23600260416666666
228,LFU,0.22721354166666666
229,LFU,0.22184244791666666
230,LFU,0.22428385416666666
231,LFU,0.2581380208333333
232,LFU,0.24462890625
233,LFU,0.24039713541666666
234,LFU,0.24007161458333334
235,LFU,0.2638346354166667
236,LFU,0.24560546875
237,LFU,0.2542317708333333
238,LFU,0.24348958333333334
239,LFU,0.2975260416666667
240,LFU,0.2644856770833333
241,LFU,0.2527669270833333
242,LFU,0.2657877604166667
243,LFU,0.27392578125
244,LFU,0.2550455729166667
245,LFU,0.24820963541666666
246,LFU,0.24560546875
247,LFU,0.2545572916666667
248,LFU,0.23990885416666666
249,LFU,0.24593098958333334
250,LFU,0.2535807291666667
251,LFU,0.2809244791666667
252,LFU,0.26806640625
253,LFU,0.279296875
254,LFU,0.2789713541666667
255,LFU,0.2991536458333333
256,LFU,0.2840169270833333
257,LFU,0.2770182291666667
258,LFU,0.2760416666666667
259,LFU,0.2799479166666667
260,LFU,0.2545572916666667
261,LFU,0.2550455729166667
262,LFU,0.25244140625
263,LFU,0.2649739583333333
264,LFU,0.2540690104166667
265,LFU,0.2643229166666667
266,LFU,0.2747395833333333
267,LFU,0.27587890625
268,LFU,0.2703450520833333
269,LFU,0.2579752604166667
270,LFU,0.24934895833333334
271,LFU,0.2815755208333333
272,LFU,0.25927734375
273,LFU,0.24886067708333334
274,LFU,0.24332682291666666
275,LFU,0.2805989583333333
276,LFU,0.24251302083333334
277,LFU,0.2511393229166667
278,LFU,0.2537434895833333
279,LFU,0.2626953125
280,LFU,0.23128255208333334
281,LFU,0.236328125
282,LFU,0.23844401041666666
283,LFU,0.2516276041666667
284,LFU,0.23111979166666666
285,LFU,0.24576822916666666
286,LFU,0.2522786458333333
287,LFU,0.26025390625
288,LFU,0.2392578125
289,LFU,0.2501627604166667
290,LFU,0.24674479166666666
291,LFU,0.2517903645833333
292,LFU,0.24381510416666666
293,LFU,0.24495442708333334
294,LFU,0.24446614583333334
295,LFU,0.2571614583333333
296,LFU,0.23616536458333334
297,LFU,0.23470052083333334
298,LFU,0.22200520833333334
299,LFU,0.2537434895833333
300,LFU,0.22444661458333334
301,LFU,0.21875
302,LFU,0.22005208333333334
303,LFU,0.2511393229166667
304,LFU,0.23079427083333334
305,LFU,0.23095703125
306,LFU,0.22639973958333334
307,LFU,0.2654622395833333
308,LFU,0.23177083333333334
309,LFU,0.23616536458333334
310,LFU,0.24072265625
311,LFU,0.2669270833333333
312,LFU,0.24381510416666666
313,LFU,0.2600911458333333
314,LFU,0.24397786458333334
315,LFU,0.2605794270833333
316,LFU,0.236328125
317,LFU,0.23307291666666666
318,LFU,0.23942057291666666
319,LFU,0.2574869791666667
320,LFU,0.24169921875
321,LFU,0.2392578125
322,LFU,0.23649088541666666
323,LFU,0.2819010416666667
324,LFU,0.2724609375
325,LFU,0.27099609375
326,LFU,0.2600911458333333
327,LFU,0.265625
328,LFU,0.25439453125
329,LFU,0.2501627604166667
330,LFU,0.25439453125
331,LFU,0.259765625
332,LFU,0.2451171875
333,LFU,0.2569986979166667
334,LFU,0.2576497395833333
335,LFU,0.2615559895833333
336,LFU,0.2517903645833333
337,LFU,0.2526041666666667
338,LFU,0.2392578125
339,LFU,0.2516276041666667
340,LFU,0.23453776041666666
341,LFU,0.23551432291666666
342,LFU,0.22249348958333334
343,LFU,0.2688802083333333
344,LFU,0.2431640625
345,LFU,0.22688802083333334
346,LFU,0.24235026041666666
347,LFU,0.2522786458333333
348,LFU,0.23600260416666666
349,LFU,0.2265625
350,LFU,0.2333984375
351,LFU,0.2693684895833333
352,LFU,0.24820963541666666
353,LFU,0.244140625
354,LFU,0.23502604166666666
355,LFU,0.2599283854166667
356,LFU,0.24072265625
357,LFU,0.25439453125
358,LFU,0.24609375
359,LFU,0.2838541666666667
360,LFU,0.26025390625
361,LFU,0.2731119791666667
362,LFU,0.2659505208333333
363,LFU,0.2916666666666667
364,LFU,0.2596028645833333
365,LFU,0.2569986979166667
366,LFU,0.2722981770833333
367,LFU,0.2623697916666667
368,LFU,0.25390625
369,LFU,0.2529296875
370,LFU,0.2548828125
371,LFU,0.25439453125
372,LFU,0.22477213541666666
373,LFU,0.22412109375
374,LFU,0.2158203125
375,LFU,0.2516276041666667
376,LFU,0.23763020833333334
377,LFU,0.24283854166666666
378,LFU,0.23714192708333334
379,LFU,0.2727864583333333
380,LFU,0.2654622395833333
381,LFU,0.23486328125
382,LFU,0.2275390625
383,LFU,0.26171875
384,LFU,0.23909505208333334
385,LFU,0.2529296875
386,LFU,0.23388671875
387,LFU,0.26513671875
388,LFU,0.24332682291666666
389,LFU,0.24690755208333334
390,LFU,0.24674479166666666
391,LFU,0.29052734375
392,LFU,0.2674153645833333
393,LFU,0.2654622395833333
394,LFU,0.2685546875
395,LFU,0.27294921875
396,LFU,0.2516276041666667
397,LFU,0.2412109375
398,LFU,0.25830078125
399,LFU,0.2726236979166667
400,LFU,0.22542317708333334
401,LFU,0.24235026041666666
402,LFU,0.2581380208333333
403,LFU,0.2688802083333333
404,LFU,0.236328125
405,LFU,0.24039713541666666
406,LFU,0.23616536458333334
407,LFU,0.2605794270833333
408,LFU,0.2421875
409,LFU,0.23128255208333334
410,LFU,0.22591145833333334
411,LFU,0.24560546875
412,LFU,0.2353515625
413,LFU,0.23486328125
414,LFU,0.22216796875
415,LFU,0.2623697916666667
416,LFU,0.23518880208333334
417,LFU,0.24674479166666666
418,LFU,0.24235026041666666
419,LFU,0.2527669270833333
420,LFU,0.23942057291666666
421,LFU,0.220703125
422,LFU,0.23225911458333334
423,LFU,0.2662760416666667
424,LFU,0.25244140625
425,LFU,0.2490234375
426,LFU,0.23583984375
427,LFU,0.2718098958333333
428,LFU,0.24820963541666666
429,LFU,0.2530924479166667
430,LFU,0.24560546875
431,LFU,0.2830403645833333
432,LFU,0.26904296875
433,LFU,0.2571614583333333
434,LFU,0.26904296875
435,LFU,0.2706705729166667
436,LFU,0.2568359375
437,LFU,0.24951171875
438,LFU,0.2545572916666667
439,LFU,0.2698567708333333
440,LFU,0.23486328125
441,LFU,0.2511393229166667
442,LFU,0.2530924479166667
443,LFU,0.2701822916666667
444,LFU,0.24788411458333334
445,LFU,0.265625
446,LFU,0.2584635416666667
447,LFU,0.2698567708333333
448,LFU,0.2628580729166667
449,LFU,0.2635091145833333
450,LFU,0.2576497395833333
451,LFU,0.30517578125
452,LFU,0.2701822916666667
453,LFU,0.27197265625
454,LFU,0.2853190104166667
455,LFU,0.2607421875
456,LFU,0.2392578125
457,LFU,0.24332682291666666
458,LFU,0.24674479166666666
459,LFU,0.2509765625
460,LFU,0.22770182291666666
461,LFU,0.24202473958333334
462,LFU,0.22688802083333334
463,LFU,0.24853515625
464,LFU,0.23372395833333334
465,LFU,0.22542317708333334
466,LFU,0.23225911458333334
467,LFU,0.27001953125
468,LFU,0.2556966145833333
469,LFU,0.23860677083333334
470,LFU,0.236328125
471,LFU,0.2547200520833333
472,LFU,0.2501627604166667
473,LFU,0.23974609375
474,LFU,0.23958333333333334
475,LFU,0.2677408854166667
476,LFU,0.22932942708333334
477,LFU,0.23046875
478,LFU,0.24641927083333334
479,LFU,0.28857421875
480,LFU,0.25341796875
481,LFU,0.24397786458333334
482,LFU,0.259765625
483,LFU,0.2786458333333333
484,LFU,0.2470703125
485,LFU,0.2576497395833333
486,LFU,0.24723307291666666
487,LFU,0.2770182291666667
488,LFU,0.2431640625
489,LFU,0.25048828125
490,LFU,0.2545572916666667
491,LFU,0.25537109375
492,LFU,0.2527669270833333
493,LFU,0.24772135416666666
494,LFU,0.23323567708333334
495,LFU,0.25634765625
496,LFU,0.2545572916666667
497,LFU,0.2373046875
498,LFU,0.2501627604166667
499,LFU,0.2579752604166667
500,LFU,0.23681640625
501,LFU,0.23990885416666666
502,LFU,0.24137369791666666
503,LFU,0.23779296875
504,LFU,0.224609375
505,LFU,0.22395833333333334
506,LFU,0.2275390625
507,LFU,0.2501627604166667
508,LFU,0.22802734375
509,LFU,0.23323567708333334
510,LFU,0.21988932291666666
511,LFU,0.25
512,LFU,0.24641927083333334
513,LFU,0.23486328125
514,LFU,0.23079427083333334
515,LFU,0.2976888020833333
516,LFU,0.2556966145833333
517,LFU,0.2628580729166667
518,LFU,0.2667643229166667
519,LFU,0.3024088541666667
520,LFU,0.2698567708333333
521,LFU,0.2555338541666667
522,LFU,0.23974609375
523,LFU,0.2615559895833333
524,LFU,0.2517903645833333
525,LFU,0.2392578125
526,LFU,0.23274739583333334
527,LFU,0.2652994791666667
528,LFU,0.24674479166666666
529,LFU,0.23697916666666666
530,LFU,0.23779296875
531,LFU,0.2537434895833333
532,LFU,0.248046875
533,LFU,0.2633463541666667
534,LFU,0.24576822916666666
535,LFU,0.2578125
536,LFU,0.24609375
537,LFU,0.23714192708333334
538,LFU,0.23502604166666666
539,LFU,0.2801106770833333
540,LFU,0.2470703125
541,LFU,0.2451171875
542,LFU,0.24527994791666666
543,LFU,0.2605794270833333
544,LFU,0.2503255208333333
545,LFU,0.24348958333333334
546,LFU,0.24153645833333334
547,LFU,0.25537109375
548,LFU,0.2506510416666667
549,LFU,0.24283854166666666
550,LFU,0.25244140625
551,LFU,0.2667643229166667
552,LFU,0.24934895833333334
553,LFU,0.24235026041666666
554,LFU,0.25390625
555,LFU,0.2705078125
556,LFU,0.2530924479166667
557,LFU,0.24820963541666666
558,LFU,0.2579752604166667
559,LFU,0.2545572916666667
560,LFU,0.23811848958333334
561,LFU,0.2275390625
562,LFU,0.23844401041666666
563,LFU,0.2615559895833333
564,LFU,0.2275390625
565,LFU,0.24446614583333334
566,LFU,0.24267578125
567,LFU,0.2591145833333333
568,LFU,0.23388671875
569,LFU,0.2503255208333333
570,LFU,0.23779296875
571,LFU,0.2620442708333333
572,LFU,0.244140625
573,LFU,0.23616536458333334
574,LFU,0.23616536458333334
575,LFU,0.24886067708333334
576,LFU,0.236328125
577,LFU,0.23404947916666666
578,LFU,0.2255859375
579,LFU,0.26025390625
580,LFU,0.24462890625
581,LFU,0.23893229166666666
582,LFU,0.23225911458333334
583,LFU,0.22591145833333334
584,LFU,0.22054036458333334
585,LFU,0.22965494791666666
586,LFU,0.21500651041666666
587,LFU,0.23193359375
588,LFU,0.21598307291666666
589,LFU,0.205078125
590,LFU,0.22281901041666666
591,LFU,0.2561848958333333
592,LFU,0.25
593,LFU,0.24202473958333334
594,LFU,0.23860677083333334
595,LFU,0.24983723958333334
596,LFU,0.23551432291666666
597,LFU,0.23470052083333334
598,LFU,0.21826171875
599,LFU,0.23600260416666666
600,LFU,0.2275390625
601,LFU,0.22705078125
602,LFU,0.220703125
603,LFU,0.23795572916666666
604,LFU,0.22314453125
605,LFU,0.21891276041666666
606,LFU,0.23160807291666666
607,LFU,0.26806640625
608,LFU,0.248046875
609,LFU,0.24641927083333334
610,LFU,0.23909505208333334
611,LFU,0.2506510416666667
612,LFU,0.21647135416666666
613,LFU,0.22005208333333334
614,LFU,0.22395833333333334
615,LFU,0.2517903645833333
616,LFU,0.23893229166666666
617,LFU,0.23665364583333334
618,LFU,0.23209635416666666
619,LFU,0.2545572916666667
620,LFU,0.2294921875
621,LFU,0.23372395833333334
622,LFU,0.23046875
623,LFU,0.2568359375
624,LFU,0.22981770833333334
625,LFU,0.23518880208333334
626,LFU,0.23746744791666666
627,LFU,0.2576497395833333
628,LFU,0.23388671875
629,LFU,0.23063151041666666
630,LFU,0.24235026041666666
631,LFU,0.24576822916666666
632,LFU,0.22054036458333334
633,LFU,0.2216796875
634,LFU,0.21614583333333334
635,LFU,0.2560221354166667
636,LFU,0.23307291666666666
637,LFU,0.24007161458333334
638,LFU,0.23388671875
639,LFU,0.2568359375
640,LFU,0.234375
641,LFU,0.22314453125
642,LFU,0.23714192708333334
643,LFU,0.24365234375
644,LFU,0.22021484375
645,LFU,0.21614583333333334
646,LFU,0.21256510416666666
647,LFU,0.2630208333333333
648,LFU,0.2431640625
649,LFU,0.23958333333333334
650,LFU,0.2516276041666667
651,LFU,0.24267578125
652,LFU,0.22233072916666666
653,LFU,0.22314453125
654,LFU,0.2177734375
655,LFU,0.24755859375
656,LFU,0.23209635416666666
657,LFU,0.22119140625
658,LFU,0.22493489583333334
659,LFU,0.259765625
660,LFU,0.244140625
661,LFU,0.2119140625
662,LFU,0.22867838541666666
663,LFU,0.2537434895833333
664,LFU,0.23372395833333334
665,LFU,0.24918619791666666
666,LFU,0.2373046875
667,LFU,0.2722981770833333
668,LFU,0.236328125
669,LFU,0.2236328125
670,LFU,0.23193359375
671,LFU,0.23828125
672,LFU,0.22542317708333334
673,LFU,0.23567708333333334
674,LFU,0.23486328125
675,LFU,0.24560546875
676,LFU,0.23404947916666666
677,LFU,0.23177083333333334
678,LFU,0.23421223958333334
679,LFU,0.24820963541666666
680,LFU,0.23518880208333334
681,LFU,0.22347005208333334
682,LFU,0.22265625
683,LFU,0.25244140625
684,LFU,0.23372395833333334
685,LFU,0.23063151041666666
686,LFU,0.22835286458333334
687,LFU,0.24820963541666666
688,LFU,0.23111979166666666
689,LFU,0.2314453125
690,LFU,0.2373046875
691,LFU,0.24104817708333334
692,LFU,0.22395833333333334
693,LFU,0.22216796875
694,LFU,0.22542317708333334
695,LFU,0.24690755208333334
696,LFU,0.2294921875
697,LFU,0.23177083333333334
698,LFU,0.23404947916666666
699,LFU,0.23893229166666666
700,LFU,0.22786458333333334
701,LFU,0.21663411458333334
702,LFU,0.2255859375
703,LFU,0.2623697916666667
704,LFU,0.22932942708333334
705,LFU,0.22916666666666666
706,LFU,0.23649088541666666
707,LFU,0.2600911458333333
708,LFU,0.24153645833333334
709,LFU,0.24348958333333334
710,LFU,0.23486328125
711,LFU,0.2594401041666667
712,LFU,0.2431640625
713,LFU,0.24251302083333334
714,LFU,0.22281901041666666
715,LFU,0.2565104166666667
716,LFU,0.23942057291666666
717,LFU,0.24088541666666666
718,LFU,0.23828125
719,LFU,0.2527669270833333
720,LFU,0.23844401041666666
721,LFU,0.23828125
722,LFU,0.24332682291666666
723,LFU,0.2530924479166667
724,LFU,0.24088541666666666
725,LFU,0.234375
726,LFU,0.24348958333333334
727,LFU,0.25830078125
728,LFU,0.2392578125
729,LFU,0.23388671875
730,LFU,0.23942057291666666
731,LFU,0.2569986979166667
732,LFU,0.24886067708333334
733,LFU,0.23811848958333334
734,LFU,0.24088541666666666
735,LFU,0.26123046875
736,LFU,0.24251302083333334
737,LFU,0.23421223958333334
738,LFU,0.23649088541666666
739,LFU,0.2669270833333333
740,LFU,0.23958333333333334
741,LFU,0.24267578125
742,LFU,0.23893229166666666
743,LFU,0.2373046875
744,LFU,0.21988932291666666
745,LFU,0.21272786458333334
746,LFU,0.21923828125
747,LFU,0.2470703125
748,LFU,0.22200520833333334
749,LFU,0.2255859375
750,LFU,0.22412109375
751,LFU,0.24332682291666666
752,LFU,0.23063151041666666
753,LFU,0.22965494791666666
754,LFU,0.240234375
755,LFU,0.24283854166666666
756,LFU,0.21907552083333334
757,LFU,0.21500651041666666
758,LFU,0.21240234375
759,LFU,0.23811848958333334
760,LFU,0.21923828125
761,LFU,0.21077473958333334
762,LFU,0.2119140625
763,LFU,0.2552083333333333
764,LFU,0.21500651041666666
765,LFU,0.19889322916666666
766,LFU,0.208984375
767,LFU,0.25830078125
768,LFU,0.24039713541666666
769,LFU,0.22591145833333334
770,LFU,0.22981770833333334
771,LFU,0.2314453125
772,LFU,0.21516927083333334
773,LFU,0.20426432291666666
774,LFU,0.21370442708333334
775,LFU,0.22347005208333334
776,LFU,0.2138671875
777,LFU,0.20735677083333334
778,LFU,0.21028645833333334
779,LFU,0.22526041666666666
780,LFU,0.22119140625
781,LFU,0.2021484375
782,LFU,0.20751953125
783,LFU,0.2630208333333333
784,LFU,0.2275390625
785,LFU,0.2392578125
786,LFU,0.2275390625
787,LFU,0.24462890625
788,LFU,0.22867838541666666
789,LFU,0.232421875
790,LFU,0.22998046875
791,LFU,0.24381510416666666
792,LFU,0.22428385416666666
793,LFU,0.2099609375
794,LFU,0.21630859375
795,LFU,0.22884114583333334
796,LFU,0.212890625
797,LFU,0.21842447916666666
798,LFU,0.22444661458333334
799,LFU,0.23404947916666666
800,LFU,0.22477213541666666
801,LFU,0.21484375
802,LFU,0.2158203125
803,LFU,0.24169921875
804,LFU,0.2314453125
805,LFU,0.22200520833333334
806,LFU,0.22314453125
807,LFU,0.22965494791666666
808,LFU,0.21988932291666666
809,LFU,0.21744791666666666
810,LFU,0.21647135416666666
811,LFU,0.24186197916666666
812,LFU,0.22770182291666666
813,LFU,0.22705078125
814,LFU,0.22835286458333334
815,LFU,0.2421875
816,LFU,0.21923828125
817,LFU,0.22102864583333334
818,LFU,0.22119140625
819,LFU,0.23421223958333334
820,LFU,0.2412109375
821,LFU,0.2255859375
822,LFU,0.2333984375
823,LFU,0.26513671875
824,LFU,0.23551432291666666
825,LFU,0.23876953125
826,LFU,0.23404947916666666
827,LFU,0.23860677083333334
828,LFU,0.22200520833333334
829,LFU,0.22981770833333334
830,LFU,0.22819010416666666
831,LFU,0.24625651041666666
832,LFU,0.22932942708333334
833,LFU,0.2255859375
834,LFU,0.22932942708333334
835,LFU,0.25341796875
836,LFU,0.23779296875
837,LFU,0.22916666666666666
838,LFU,0.22705078125
839,LFU,0.24186197916666666
840,LFU,0.22705078125
841,LFU,0.22526041666666666
842,LFU,0.2333984375
843,LFU,0.2659505208333333
844,LFU,0.2599283854166667
845,LFU,0.24527994791666666
846,LFU,0.25048828125
847,LFU,0.24658203125
848,LFU,0.23942057291666666
849,LFU,0.23665364583333334
850,LFU,0.2392578125
851,LFU,0.23502604166666666
852,LFU,0.21549479166666666
853,LFU,0.22037760416666666
854,LFU,0.22330729166666666
855,LFU,0.25048828125
856,LFU,0.22705078125
857,LFU,0.22054036458333334
858,LFU,0.23063151041666666
859,LFU,0.24951171875
860,LFU,0.23209635416666666
861,LFU,0.23177083333333334
862,LFU,0.22477213541666666
863,LFU,0.27001953125
864,LFU,0.23111979166666666
865,LFU,0.23502604166666666
866,LFU,0.22981770833333334
867,LFU,0.2529296875
868,LFU,0.23811848958333334
869,LFU,0.23990885416666666
870,LFU,0.24820963541666666
871,LFU,0.24755859375
872,LFU,0.23551432291666666
873,LFU,0.23307291666666666
874,LFU,0.23600260416666666
875,LFU,0.248046875
876,LFU,0.23600260416666666
877,LFU,0.21614583333333334
878,LFU,0.21712239583333334
879,LFU,0.2526041666666667
880,LFU,0.2333984375
881,LFU,0.234375
882,LFU,0.24153645833333334
883,LFU,0.24300130208333334
884,LFU,0.24723307291666666
885,LFU,0.24381510416666666
886,LFU,0.24365234375
887,LFU,0.2687174479166667
888,LFU,0.2578125
889,LFU,0.23990885416666666
890,LFU,0.23811848958333334
891,LFU,0.24723307291666666
892,LFU,0.23681640625
893,LFU,0.22526041666666666
894,LFU,0.22835286458333334
895,LFU,0.22265625
896,LFU,0.2080078125
897,LFU,0.21158854166666666
898,LFU,0.20817057291666666
899,LFU,0.24690755208333334
900,LFU,0.2314453125
901,LFU,0.22200520833333334
902,LFU,0.22249348958333334
903,LFU,0.251953125
904,LFU,0.23958333333333334
905,LFU,0.22981770833333334
906,LFU,0.24088541666666666
907,LFU,0.23404947916666666
908,LFU,0.21663411458333334
909,LFU,0.20247395833333334
910,LFU,0.20833333333333334
911,LFU,0.23990885416666666
912,LFU,0.22884114583333334
913,LFU,0.2314453125
914,LFU,0.2236328125
915,LFU,0.24397786458333334
916,LFU,0.23649088541666666
917,LFU,0.21809895833333334
918,LFU,0.22347005208333334
919,LFU,0.22802734375
920,LFU,0.21858723958333334
921,LFU,0.20719401041666666
922,LFU,0.2255859375
923,LFU,0.24186197916666666
924,LFU,0.22281901041666666
925,LFU,0.21272786458333334
926,LFU,0.22233072916666666
927,LFU,0.2421875
928,LFU,0.2294921875
929,LFU,0.23258463541666666
930,LFU,0.22574869791666666
931,LFU,0.2548828125
932,LFU,0.24397786458333334
933,LFU,0.24820963541666666
934,LFU,0.2571614583333333
935,LFU,0.25537109375
936,LFU,0.22135416666666666
937,LFU,0.21435546875
938,LFU,0.22526041666666666
939,LFU,0.23583984375
940,LFU,0.21630859375
941,LFU,0.20719401041666666
942,LFU,0.22298177083333334
943,LFU,0.24104817708333334
944,LFU,0.22607421875
945,LFU,0.22819010416666666
946,LFU,0.21940104166666666
947,LFU,0.2613932291666667
948,LFU,0.23860677083333334
949,LFU,0.23209635416666666
950,LFU,0.23160807291666666
951,LFU,0.23274739583333334
952,LFU,0.22005208333333334
953,LFU,0.2080078125
954,LFU,0.21012369791666666
955,LFU,0.22998046875
956,LFU,0.22412109375
957,LFU,0.21565755208333334
958,LFU,0.22281901041666666
959,LFU,0.2503255208333333
960,LFU,0.22639973958333334
961,LFU,0.23160807291666666
962,LFU,0.22981770833333334
963,LFU,0.2513020833333333
964,LFU,0.2353515625
965,LFU,0.23030598958333334
966,LFU,0.22737630208333334
967,LFU,0.25634765625
968,LFU,0.23111979166666666
969,LFU,0.22932942708333334
970,LFU,0.24820963541666666
971,LFU,0.2596028645833333
972,LFU,0.2431640625
973,LFU,0.23665364583333334
974,LFU,0.23258463541666666
975,LFU,0.2626953125
976,LFU,0.2547200520833333
977,LFU,0.23681640625
978,LFU,0.2547200520833333
979,LFU,0.2610677083333333
980,LFU,0.25146484375
981,LFU,0.23274739583333334
982,LFU,0.23356119791666666
983,LFU,0.2532552083333333
984,LFU,0.2392578125
985,LFU,0.23518880208333334
986,LFU,0.23177083333333334
987,LFU,0.2517903645833333
988,LFU,0.23291015625
989,LFU,0.2236328125
990,LFU,0.23811848958333334
991,LFU,0.2517903645833333
992,LFU,0.23811848958333334
993,LFU,0.2294921875
994,LFU,0.23307291666666666
995,LFU,0.24088541666666666
996,LFU,0.2314453125
997,LFU,0.22054036458333334
998,LFU,0.22395833333333334
999,LFU,0.2638346354166667
1000,LFU,0.2566731770833333
1001,LFU,0.23307291666666666
1002,LFU,0.23177083333333334
1003,LFU,0.24462890625
1004,LFU,0.23063151041666666
1005,LFU,0.2265625
1006,LFU,0.21484375
1007,LFU,0.2542317708333333
1008,LFU,0.23583984375
1009,LFU,0.2275390625
1010,LFU,0.2353515625
1011,LFU,0.24967447916666666
1012,LFU,0.20963541666666666
1013,LFU,0.2275390625
1014,LFU,0.21077473958333334
1015,LFU,0.2568359375
1016,LFU,0.24348958333333334
1017,LFU,0.24153645833333334
1018,LFU,0.24381510416666666
1019,LFU,0.25537109375
1020,LFU,0.24772135416666666
1021,LFU,0.2431640625
1022,LFU,0.24137369791666666
1023,LFU,0.25
3,WeightedLFU,0.4054361979166667
4,WeightedLFU,0.3680013020833333
5,WeightedLFU,0.3697916666666667
6,WeightedLFU,0.3372395833333333
7,WeightedLFU,0.3649088541666667
8,WeightedLFU,0.3557942708333333
9,WeightedLFU,0.34765625
10,WeightedLFU,0.3577473958333333
11,WeightedLFU,0.38037109375
12,WeightedLFU,0.38037109375
13,WeightedLFU,0.3707682291666667
14,WeightedLFU,0.3653971354166667
15,WeightedLFU,0.3582356770833333
16,WeightedLFU,0.3753255208333333
17,WeightedLFU,0.3876953125
18,WeightedLFU,0.3780924479166667
19,WeightedLFU,0.3894856770833333
20,WeightedLFU,0.3704427083333333
21,WeightedLFU,0.3935546875
22,WeightedLFU,0.373046875
23,WeightedLFU,0.36083984375
24,WeightedLFU,0.3694661458333333
25,WeightedLFU,0.36181640625
26,WeightedLFU,0.3634440104166667
27,WeightedLFU,0.3439127604166667
28,WeightedLFU,0.33984375
29,WeightedLFU,0.3639322916666667
30,WeightedLFU,0.3855794270833333
31,WeightedLFU,0.3955078125
32,WeightedLFU,0.3850911458333333
33,WeightedLFU,0.3859049479166667
34,WeightedLFU,0.4085286458333333
35,WeightedLFU,0.375
36,WeightedLFU,0.3836263020833333
37,WeightedLFU,0.3914388020833333
38,WeightedLFU,0.39990234375
39,WeightedLFU,0.3894856770833333
40,WeightedLFU,0.4095052083333333
41,WeightedLFU,0.4041341145833333
42,WeightedLFU,0.3839518229166667
43,WeightedLFU,0.3802083333333333
44,WeightedLFU,0.3896484375
45,WeightedLFU,0.4235026041666667
46,WeightedLFU,0.4051106770833333
47,WeightedLFU,0.38818359375
48,WeightedLFU,0.3802083333333333
49,WeightedLFU,0.40234375
50,WeightedLFU,0.4318033854166667
51,WeightedLFU,0.4124348958333333
52,WeightedLFU,0.3955078125
53,WeightedLFU,0.3956705729166667
54,WeightedLFU,0.380859375
55,WeightedLFU,0.4046223958333333
56,WeightedLFU,0.4034830729166667
57,WeightedLFU,0.4104817708333333
58,WeightedLFU,0.4171549479166667
59,WeightedLFU,0.4212239583333333
60,WeightedLFU,0.4104817708333333
61,WeightedLFU,0.4005533854166667
62,WeightedLFU,0.4143880208333333
63,WeightedLFU,0.43017578125
64,WeightedLFU,0.3924153645833333
65,WeightedLFU,0.4026692708333333
66,WeightedLFU,0.39794921875
67,WeightedLFU,0.3870442708333333
68,WeightedLFU,0.39501953125
69,WeightedLFU,0.4236653645833333
70,WeightedLFU,0.4215494791666667
71,WeightedLFU,0.4200846354166667
72,WeightedLFU,0.4329427083333333
73,WeightedLFU,0.4225260416666667
74,WeightedLFU,0.41796875
75,WeightedLFU,0.42236328125
76,WeightedLFU,0.4169921875
77,WeightedLFU,0.3955078125
78,WeightedLFU,0.3821614583333333
79,WeightedLFU,0.3341471354166667
80,WeightedLFU,0.3751627604166667
81,WeightedLFU,0.373046875
82,WeightedLFU,0.4051106770833333
83,WeightedLFU,0.4547526041666667
84,WeightedLFU,0.4342447916666667
85,WeightedLFU,0.4625651041666667
86,WeightedLFU,0.43310546875
87,WeightedLFU,0.4358723958333333
88,WeightedLFU,0.4347330729166667
89,WeightedLFU,0.43359375
90,WeightedLFU,0.447265625
91,WeightedLFU,0.42626953125
92,WeightedLFU,0.4241536458333333
93,WeightedLFU,0.4134114583333333
94,WeightedLFU,0.4134114583333333
95,WeightedLFU,0.4386393229166667
96,WeightedLFU,0.4114583333333333
97,WeightedLFU,0.3997395833333333
98,WeightedLFU,0.39208984375
99,WeightedLFU,0.4205729166666667
100,WeightedLFU,0.42578125
101,WeightedLFU,0.4519856770833333
102,WeightedLFU,0.43359375
103,WeightedLFU,0.458984375
104,WeightedLFU,0.4650065104166667
105,WeightedLFU,0.44970703125
106,WeightedLFU,0.4791666666666667
107,WeightedLFU,0.4332682291666667
108,WeightedLFU,0.4401041666666667
109,WeightedLFU,0.4080403645833333
110,WeightedLFU,0.4295247395833333
111,WeightedLFU,0.439453125
112,WeightedLFU,0.4103190104166667
113,WeightedLFU,0.4222005208333333
114,WeightedLFU,0.3904622395833333
115,WeightedLFU,0.3904622395833333
116,WeightedLFU,0.4021809895833333
117,WeightedLFU,0.43017578125
118,WeightedLFU,0.42578125
119,WeightedLFU,0.4200846354166667
120,WeightedLFU,0.4345703125
121,WeightedLFU,0.4248046875
122,WeightedLFU,0.4326171875
123,WeightedLFU,0.4025065104166667
124,WeightedLFU,0.4244791666666667
125,WeightedLFU,0.4453125
126,WeightedLFU,0.4388020833333333
127,WeightedLFU,0.4641927083333333
128,WeightedLFU,0.4278971354166667
129,WeightedLFU,0.4440104166666667
130,WeightedLFU,0.4384765625
131,WeightedLFU,0.3639322916666667
132,WeightedLFU,0.3785807291666667
133,WeightedLFU,0.3826497395833333
134,WeightedLFU,0.3857421875
135,WeightedLFU,0.3758138020833333
136,WeightedLFU,0.4034830729166667
137,WeightedLFU,0.3976236979166667
138,WeightedLFU,0.4171549479166667
139,WeightedLFU,0.4064127604166667
140,WeightedLFU,0.4345703125
141,WeightedLFU,0.41357421875
142,WeightedLFU,0.412109375
143,WeightedLFU,0.435546875
144,WeightedLFU,0.4267578125
145,WeightedLFU,0.4210611979166667
146,WeightedLFU,0.4329427083333333
147,WeightedLFU,0.4137369791666667
148,WeightedLFU,0.3919270833333333
149,WeightedLFU,0.3697916666666667
150,WeightedLFU,0.33740234375
151,WeightedLFU,0.3810221354166667
152,WeightedLFU,0.40478515625
153,WeightedLFU,0.4026692708333333
154,WeightedLFU,0.4137369791666667
155,WeightedLFU,0.4187825520833333
156,WeightedLFU,0.43017578125
157,WeightedLFU,0.4386393229166667
158,WeightedLFU,0.4308268229166667
159,WeightedLFU,0.4485677083333333
160,WeightedLFU,0.42041015625
161,WeightedLFU,0.4534505208333333
162,WeightedLFU,0.4283854166666667
163,WeightedLFU,0.4138997395833333
164,WeightedLFU,0.39453125
165,WeightedLFU,0.3849283854166667
166,WeightedLFU,0.4093424479166667
167,WeightedLFU,0.40576171875
168,WeightedLFU,0.3898111979166667
169,WeightedLFU,0.4163411458333333
170,WeightedLFU,0.42138671875
171,WeightedLFU,0.4083658854166667
172,WeightedLFU,0.3795572916666667
173,WeightedLFU,0.3601888020833333
174,WeightedLFU,0.3779296875
175,WeightedLFU,0.4114583333333333
176,WeightedLFU,0.3681640625
177,WeightedLFU,0.3522135416666667
178,WeightedLFU,0.3841145833333333
179,WeightedLFU,0.36279296875
180,WeightedLFU,0.36962890625
181,WeightedLFU,0.35302734375
182,WeightedLFU,0.3470052083333333
183,WeightedLFU,0.3802083333333333
184,WeightedLFU,0.4397786458333333
185,WeightedLFU,0.45947265625
186,WeightedLFU,0.4348958333333333
187,WeightedLFU,0.42626953125
188,WeightedLFU,0.40234375
189,WeightedLFU,0.4129231770833333
190,WeightedLFU,0.4002278645833333
191,WeightedLFU,0.4122721354166667
192,WeightedLFU,0.4191080729166667
193,WeightedLFU,0.4283854166666667
194,WeightedLFU,0.4357096354166667
195,WeightedLFU,0.3938802083333333
196,WeightedLFU,0.4178059895833333
197,WeightedLFU,0.43017578125
198,WeightedLFU,0.40869140625
199,WeightedLFU,0.3888346354166667
200,WeightedLFU,0.3727213541666667
201,WeightedLFU,0.419921875
202,WeightedLFU,0.3958333333333333
203,WeightedLFU,0.3370768229166667
204,WeightedLFU,0.4124348958333333
205,WeightedLFU,0.39013671875
206,WeightedLFU,0.4142252604166667
207,WeightedLFU,0.4510091145833333
208,WeightedLFU,0.4358723958333333
209,WeightedLFU,0.41943359375
210,WeightedLFU,0.4405924479166667
211,WeightedLFU,0.4147135416666667
212,WeightedLFU,0.4036458333333333
213,WeightedLFU,0.4021809895833333
214,WeightedLFU,0.40283203125
215,WeightedLFU,0.4191080729166667
216,WeightedLFU,0.3922526041666667
217,WeightedLFU,0.3972981770833333
218,WeightedLFU,0.3792317708333333
219,WeightedLFU,0.36767578125
220,WeightedLFU,0.3601888020833333
221,WeightedLFU,0.3860677083333333
222,WeightedLFU,0.3806966145833333
223,WeightedLFU,0.3357747395833333
224,WeightedLFU,0.37548828125
225,WeightedLFU,0.3642578125
226,WeightedLFU,0.3600260416666667
227,WeightedLFU,0.3689778645833333
228,WeightedLFU,0.388671875
229,WeightedLFU,0.3859049479166667
230,WeightedLFU,0.3839518229166667
231,WeightedLFU,0.3665364583333333
232,WeightedLFU,0.3816731770833333
233,WeightedLFU,0.37841796875
234,WeightedLFU,0.3912760416666667
235,WeightedLFU,0.3968098958333333
236,WeightedLFU,0.40625
237,WeightedLFU,0.4348958333333333
238,WeightedLFU,0.4200846354166667
239,WeightedLFU,0.4444986979166667
240,WeightedLFU,0.4103190104166667
241,WeightedLFU,0.3663736979166667
242,WeightedLFU,0.39697265625
243,WeightedLFU,0.4138997395833333
244,WeightedLFU,0.4070638020833333
245,WeightedLFU,0.3899739583333333
246,WeightedLFU,0.4153645833333333
247,WeightedLFU,0.3894856770833333
248,WeightedLFU,0.40234375
249,WeightedLFU,0.4464518229166667
250,WeightedLFU,0.4700520833333333
251,WeightedLFU,0.43017578125
252,WeightedLFU,0.4181315104166667
253,WeightedLFU,0.4264322916666667
254,WeightedLFU,0.4373372395833333
255,WeightedLFU,0.4521484375
256,WeightedLFU,0.4324544270833333
257,WeightedLFU,0.4295247395833333
258,WeightedLFU,0.41748046875
259,WeightedLFU,0.4228515625
260,WeightedLFU,0.3870442708333333
261,WeightedLFU,0.3873697916666667
262,WeightedLFU,0.3763020833333333
263,WeightedLFU,0.3429361979166667
264,WeightedLFU,0.3663736979166667
265,WeightedLFU,0.3780924479166667
266,WeightedLFU,0.4358723958333333
267,WeightedLFU,0.4080403645833333
268,WeightedLFU,0.4500325520833333
269,WeightedLFU,0.45166015625
270,WeightedLFU,0.37646484375
271,WeightedLFU,0.4049479166666667
272,WeightedLFU,0.4031575520833333
273,WeightedLFU,0.41943359375
274,WeightedLFU,0.3899739583333333
275,WeightedLFU,0.37890625
276,WeightedLFU,0.3566080729166667
277,WeightedLFU,0.3875325520833333
278,WeightedLFU,0.3743489583333333
279,WeightedLFU,0.33837890625
280,WeightedLFU,0.37060546875
281,WeightedLFU,0.3678385416666667
282,WeightedLFU,0.3863932291666667
283,WeightedLFU,0.3600260416666667
284,WeightedLFU,0.3758138020833333
285,WeightedLFU,0.4156901041666667
286,WeightedLFU,0.41943359375
287,WeightedLFU,0.3982747395833333
288,WeightedLFU,0.3896484375
289,WeightedLFU,0.4383138020833333
290,WeightedLFU,0.40625
291,WeightedLFU,0.38818359375
292,WeightedLFU,0.4069010416666667
293,WeightedLFU,0.40087890625
294,WeightedLFU,0.3854166666666667
295,WeightedLFU,0.3707682291666667
296,WeightedLFU,0.3611653645833333
297,WeightedLFU,0.3902994791666667
298,WeightedLFU,0.36572265625
299,WeightedLFU,0.3971354166666667
300,WeightedLFU,0.3927408854166667
301,WeightedLFU,0.3541666666666667
302,WeightedLFU,0.35546875
303,WeightedLFU,0.3870442708333333
304,WeightedLFU,0.3640950520833333
305,WeightedLFU,0.35791015625
306,WeightedLFU,0.3614908854166667
307,WeightedLFU,0.3673502604166667
308,WeightedLFU,0.3831380208333333
309,WeightedLFU,0.396484375
310,WeightedLFU,0.4152018229166667
311,WeightedLFU,0.412109375
312,WeightedLFU,0.3831380208333333
313,WeightedLFU,0.4181315104166667
314,WeightedLFU,0.3811848958333333
315,WeightedLFU,0.3868815104166667
316,WeightedLFU,0.3704427083333333
317,WeightedLFU,0.373046875
318,WeightedLFU,0.3551432291666667
319,WeightedLFU,0.3727213541666667
320,WeightedLFU,0.4085286458333333
321,WeightedLFU,0.427734375
322,WeightedLFU,0.4129231770833333
323,WeightedLFU,0.39453125
324,WeightedLFU,0.4205729166666667
325,WeightedLFU,0.4034830729166667
326,WeightedLFU,0.40478515625
327,WeightedLFU,0.380859375
328,WeightedLFU,0.38427734375
329,WeightedLFU,0.396484375
330,WeightedLFU,0.3984375
331,WeightedLFU,0.3502604166666667
332,WeightedLFU,0.3805338541666667
333,WeightedLFU,0.3916015625
334,WeightedLFU,0.3992513020833333
335,WeightedLFU,0.37841796875
336,WeightedLFU,0.36865234375
337,WeightedLFU,0.4075520833333333
338,WeightedLFU,0.3653971354166667
339,WeightedLFU,0.3658854166666667
340,WeightedLFU,0.3440755208333333
341,WeightedLFU,0.3694661458333333
342,WeightedLFU,0.3740234375
343,WeightedLFU,0.3829752604166667
344,WeightedLFU,0.4069010416666667
345,WeightedLFU,0.3665364583333333
346,WeightedLFU,0.3816731770833333
347,WeightedLFU,0.3841145833333333
348,WeightedLFU,0.3499348958333333
349,WeightedLFU,0.3356119791666667
350,WeightedLFU,0.3483072916666667
351,WeightedLFU,0.3548177083333333
352,WeightedLFU,0.3172200520833333
353,WeightedLFU,0.35205078125
354,WeightedLFU,0.3370768229166667
355,WeightedLFU,0.3396809895833333
356,WeightedLFU,0.34228515625
357,WeightedLFU,0.3162434895833333
358,WeightedLFU,0.38671875
359,WeightedLFU,0.3938802083333333
360,WeightedLFU,0.3902994791666667
361,WeightedLFU,0.4000651041666667
362,WeightedLFU,0.4036458333333333
363,WeightedLFU,0.3824869791666667
364,WeightedLFU,0.3543294270833333
365,WeightedLFU,0.3723958333333333
366,WeightedLFU,0.3777669270833333
367,WeightedLFU,0.3515625
368,WeightedLFU,0.3434244791666667
369,WeightedLFU,0.3277994791666667
370,WeightedLFU,0.3478190104166667
371,WeightedLFU,0.3294270833333333
372,WeightedLFU,0.3248697916666667
373,WeightedLFU,0.34423828125
374,WeightedLFU,0.33984375
375,WeightedLFU,0.3603515625
376,WeightedLFU,0.3473307291666667
377,WeightedLFU,0.3717447916666667
378,WeightedLFU,0.3818359375
379,WeightedLFU,0.37109375
380,WeightedLFU,0.38818359375
381,WeightedLFU,0.3826497395833333
382,WeightedLFU,0.3610026041666667
383,WeightedLFU,0.3465169270833333
384,WeightedLFU,0.3536783854166667
385,WeightedLFU,0.3694661458333333
386,WeightedLFU,0.3712565104166667
387,WeightedLFU,0.3694661458333333
388,WeightedLFU,0.37158203125
389,WeightedLFU,0.396484375
390,WeightedLFU,0.3876953125
391,WeightedLFU,0.4168294270833333
392,WeightedLFU,0.3736979166666667
393,WeightedLFU,0.4191080729166667
394,WeightedLFU,0.3929036458333333
395,WeightedLFU,0.3660481770833333
396,WeightedLFU,0.33935546875
397,WeightedLFU,0.3829752604166667
398,WeightedLFU,0.4005533854166667
399,WeightedLFU,0.3776041666666667
400,WeightedLFU,0.3367513020833333
401,WeightedLFU,0.3631184895833333
402,WeightedLFU,0.3663736979166667
403,WeightedLFU,0.3834635416666667
404,WeightedLFU,0.3564453125
405,WeightedLFU,0.3551432291666667
406,WeightedLFU,0.3331705729166667
407,WeightedLFU,0.3269856770833333
408,WeightedLFU,0.3486328125
409,WeightedLFU,0.34521484375
410,WeightedLFU,0.3499348958333333
411,WeightedLFU,0.33349609375
412,WeightedLFU,0.361328125
413,WeightedLFU,0.34765625
414,WeightedLFU,0.3728841145833333
415,WeightedLFU,0.3416341145833333
416,WeightedLFU,0.35009765625
417,WeightedLFU,0.3639322916666667
418,WeightedLFU,0.3728841145833333
419,WeightedLFU,0.375
420,WeightedLFU,0.40185546875
421,WeightedLFU,0.3956705729166667
422,WeightedLFU,0.4049479166666667
423,WeightedLFU,0.3763020833333333
424,WeightedLFU,0.38525390625
425,WeightedLFU,0.3819986979166667
426,WeightedLFU,0.3478190104166667
427,WeightedLFU,0.36279296875
428,WeightedLFU,0.3614908854166667
429,WeightedLFU,0.3629557291666667
430,WeightedLFU,0.3463541666666667
431,WeightedLFU,0.3761393229166667
432,WeightedLFU,0.3678385416666667
433,WeightedLFU,0.3585611979166667
434,WeightedLFU,0.3505859375
435,WeightedLFU,0.36962890625
436,WeightedLFU,0.3806966145833333
437,WeightedLFU,0.3850911458333333
438,WeightedLFU,0.3997395833333333
439,WeightedLFU,0.3904622395833333
440,WeightedLFU,0.33447265625
441,WeightedLFU,0.3859049479166667
442,WeightedLFU,0.3974609375
443,WeightedLFU,0.3712565104166667
444,WeightedLFU,0.3859049479166667
445,WeightedLFU,0.4021809895833333
446,WeightedLFU,0.3787434895833333
447,WeightedLFU,0.3597005208333333
448,WeightedLFU,0.4195963541666667
449,WeightedLFU,0.42626953125
450,WeightedLFU,0.4189453125
451,WeightedLFU,0.3893229166666667
452,WeightedLFU,0.3509114583333333
453,WeightedLFU,0.3525390625
454,WeightedLFU,0.3870442708333333
455,WeightedLFU,0.37841796875
456,WeightedLFU,0.35302734375
457,WeightedLFU,0.37744140625
458,WeightedLFU,0.37744140625
459,WeightedLFU,0.3611653645833333
460,WeightedLFU,0.3492838541666667
461,WeightedLFU,0.3624674479166667
462,WeightedLFU,0.3614908854166667
463,WeightedLFU,0.33447265625
464,WeightedLFU,0.34375
465,WeightedLFU,0.3717447916666667
466,WeightedLFU,0.4026692708333333
467,WeightedLFU,0.3948567708333333
468,WeightedLFU,0.4353841145833333
469,WeightedLFU,0.3787434895833333
470,WeightedLFU,0.37744140625
471,WeightedLFU,0.3497721354166667
472,WeightedLFU,0.3932291666666667
473,WeightedLFU,0.3567708333333333
474,WeightedLFU,0.3671875
475,WeightedLFU,0.3670247395833333
476,WeightedLFU,0.3440755208333333
477,WeightedLFU,0.3504231770833333
478,WeightedLFU,0.3668619791666667
479,WeightedLFU,0.3859049479166667
480,WeightedLFU,0.3536783854166667
481,WeightedLFU,0.3797200520833333
482,WeightedLFU,0.3963216145833333
483,WeightedLFU,0.3587239583333333
484,WeightedLFU,0.32861328125
485,WeightedLFU,0.38671875
486,WeightedLFU,0.3821614583333333
487,WeightedLFU,0.3653971354166667
488,WeightedLFU,0.3623046875
489,WeightedLFU,0.3709309895833333
490,WeightedLFU,0.36474609375
491,WeightedLFU,0.3763020833333333
492,WeightedLFU,0.39990234375
493,WeightedLFU,0.390625
494,WeightedLFU,0.36474609375
495,WeightedLFU,0.3321940104166667
496,WeightedLFU,0.37744140625
497,WeightedLFU,0.3551432291666667
498,WeightedLFU,0.36083984375
499,WeightedLFU,0.3693033854166667
500,WeightedLFU,0.3810221354166667
501,WeightedLFU,0.3795572916666667
502,WeightedLFU,0.38623046875
503,WeightedLFU,0.35546875
504,WeightedLFU,0.3655598958333333
505,WeightedLFU,0.3782552083333333
506,WeightedLFU,0.361328125
507,WeightedLFU,0.3772786458333333
508,WeightedLFU,0.3697916666666667
509,WeightedLFU,0.39111328125
510,WeightedLFU,0.3619791666666667
511,WeightedLFU,0.37890625
512,WeightedLFU,0.39453125
513,WeightedLFU,0.3802083333333333
514,WeightedLFU,0.3800455729166667
515,WeightedLFU,0.41162109375
516,WeightedLFU,0.39794921875
517,WeightedLFU,0.41943359375
518,WeightedLFU,0.41845703125
519,WeightedLFU,0.4440104166666667
520,WeightedLFU,0.4075520833333333
521,WeightedLFU,0.3912760416666667
522,WeightedLFU,0.3899739583333333
523,WeightedLFU,0.3741861979166667
524,WeightedLFU,0.39990234375
525,WeightedLFU,0.40087890625
526,WeightedLFU,0.3889973958333333
527,WeightedLFU,0.3792317708333333
528,WeightedLFU,0.3551432291666667
529,WeightedLFU,0.36376953125
530,WeightedLFU,0.3650716145833333
531,WeightedLFU,0.35205078125
532,WeightedLFU,0.3933919270833333
533,WeightedLFU,0.3875325520833333
534,WeightedLFU,0.39306640625
535,WeightedLFU,0.3802083333333333
536,WeightedLFU,0.39306640625
537,WeightedLFU,0.396484375
538,WeightedLFU,0.3748372395833333
539,WeightedLFU,0.3805338541666667
540,WeightedLFU,0.3644205729166667
541,WeightedLFU,0.3670247395833333
542,WeightedLFU,0.3717447916666667
543,WeightedLFU,0.3740234375
544,WeightedLFU,0.37939453125
545,WeightedLFU,0.376953125
546,WeightedLFU,0.3592122395833333
547,WeightedLFU,0.3512369791666667
548,WeightedLFU,0.3771158854166667
549,WeightedLFU,0.3704427083333333
550,WeightedLFU,0.3736979166666667
551,WeightedLFU,0.3831380208333333
552,WeightedLFU,0.3776041666666667
553,WeightedLFU,0.3898111979166667
554,WeightedLFU,0.3914388020833333
555,WeightedLFU,0.375
556,WeightedLFU,0.3787434895833333
557,WeightedLFU,0.3797200520833333
558,WeightedLFU,0.3932291666666667
559,WeightedLFU,0.3541666666666667
560,WeightedLFU,0.3133138020833333
561,WeightedLFU,0.31494140625
562,WeightedLFU,0.3466796875
563,WeightedLFU,0.3644205729166667
564,WeightedLFU,0.33740234375
565,WeightedLFU,0.3590494791666667
566,WeightedLFU,0.3758138020833333
567,WeightedLFU,0.3963216145833333
568,WeightedLFU,0.3645833333333333
569,WeightedLFU,0.376953125
570,WeightedLFU,0.37548828125
571,WeightedLFU,0.4013671875
572,WeightedLFU,0.38134765625
573,WeightedLFU,0.3889973958333333
574,WeightedLFU,0.3958333333333333
575,WeightedLFU,0.3619791666666667
576,WeightedLFU,0.3479817708333333
577,WeightedLFU,0.3684895833333333
578,WeightedLFU,0.3668619791666667
579,WeightedLFU,0.3595377604166667
580,WeightedLFU,0.3828125
581,WeightedLFU,0.3839518229166667
582,WeightedLFU,0.37255859375
583,WeightedLFU,0.3479817708333333
584,WeightedLFU,0.3406575520833333
585,WeightedLFU,0.35546875
586,WeightedLFU,0.341796875
587,WeightedLFU,0.3419596354166667
588,WeightedLFU,0.32666015625
589,WeightedLFU,0.330078125
590,WeightedLFU,0.33837890625
591,WeightedLFU,0.3458658854166667
592,WeightedLFU,0.3416341145833333
593,WeightedLFU,0.3408203125
594,WeightedLFU,0.3317057291666667
595,WeightedLFU,0.36376953125
596,WeightedLFU,0.3338216145833333
597,WeightedLFU,0.376953125
598,WeightedLFU,0.3570963541666667
599,WeightedLFU,0.349609375
600,WeightedLFU,0.35009765625
601,WeightedLFU,0.3307291666666667
602,WeightedLFU,0.3304036458333333
603,WeightedLFU,0.3351236979166667
604,WeightedLFU,0.3419596354166667
605,WeightedLFU,0.337890625
606,WeightedLFU,0.3484700520833333
607,WeightedLFU,0.3308919270833333
608,WeightedLFU,0.3299153645833333
609,WeightedLFU,0.33056640625
610,WeightedLFU,0.3268229166666667
611,WeightedLFU,0.3463541666666667
612,WeightedLFU,0.3507486979166667
613,WeightedLFU,0.36279296875
614,WeightedLFU,0.3411458333333333
615,WeightedLFU,0.3274739583333333
616,WeightedLFU,0.3356119791666667
617,WeightedLFU,0.3655598958333333
618,WeightedLFU,0.3528645833333333
619,WeightedLFU,0.36865234375
620,WeightedLFU,0.3474934895833333
621,WeightedLFU,0.3668619791666667
622,WeightedLFU,0.3287760416666667
623,WeightedLFU,0.3513997395833333
624,WeightedLFU,0.3429361979166667
625,WeightedLFU,0.365234375
626,WeightedLFU,0.3450520833333333
627,WeightedLFU,0.3564453125
628,WeightedLFU,0.3478190104166667
629,WeightedLFU,0.34912109375
630,WeightedLFU,0.3439127604166667
631,WeightedLFU,0.33349609375
632,WeightedLFU,0.3292643229166667
633,WeightedLFU,0.34228515625
634,WeightedLFU,0.3562825520833333
635,WeightedLFU,0.3564453125
636,WeightedLFU,0.35302734375
637,WeightedLFU,0.3484700520833333
638,WeightedLFU,0.3644205729166667
639,WeightedLFU,0.37451171875
640,WeightedLFU,0.3297526041666667
641,WeightedLFU,0.3351236979166667
642,WeightedLFU,0.34716796875
643,WeightedLFU,0.3523763020833333
644,WeightedLFU,0.3483072916666667
645,WeightedLFU,0.3603515625
646,WeightedLFU,0.34765625
647,WeightedLFU,0.35888671875
648,WeightedLFU,0.337890625
649,WeightedLFU,0.3260091145833333
650,WeightedLFU,0.36865234375
651,WeightedLFU,0.3507486979166667
652,WeightedLFU,0.3483072916666667
653,WeightedLFU,0.3509114583333333
654,WeightedLFU,0.3370768229166667
655,WeightedLFU,0.3138020833333333
656,WeightedLFU,0.3289388020833333
657,WeightedLFU,0.3089192708333333
658,WeightedLFU,0.3098958333333333
659,WeightedLFU,0.3177083333333333
660,WeightedLFU,0.34375
661,WeightedLFU,0.34619140625
662,WeightedLFU,0.3479817708333333
663,WeightedLFU,0.3614908854166667
664,WeightedLFU,0.3642578125
665,WeightedLFU,0.3680013020833333
666,WeightedLFU,0.3631184895833333
667,WeightedLFU,0.373046875
668,WeightedLFU,0.36474609375
669,WeightedLFU,0.34130859375
670,WeightedLFU,0.326171875
671,WeightedLFU,0.3484700520833333
672,WeightedLFU,0.31689453125
673,WeightedLFU,0.3487955729166667
674,WeightedLFU,0.31982421875
675,WeightedLFU,0.3165690104166667
676,WeightedLFU,0.3181966145833333
677,WeightedLFU,0.3087565104166667
678,WeightedLFU,0.35546875
679,WeightedLFU,0.3400065104166667
680,WeightedLFU,0.37548828125
681,WeightedLFU,0.3645833333333333
682,WeightedLFU,0.3616536458333333
683,WeightedLFU,0.36474609375
684,WeightedLFU,0.33447265625
685,WeightedLFU,0.35888671875
686,WeightedLFU,0.35498046875
687,WeightedLFU,0.3483072916666667
688,WeightedLFU,0.3525390625
689,WeightedLFU,0.35986328125
690,WeightedLFU,0.3502604166666667
691,WeightedLFU,0.3372395833333333
692,WeightedLFU,0.3528645833333333
693,WeightedLFU,0.3561197916666667
694,WeightedLFU,0.3689778645833333
695,WeightedLFU,0.37451171875
696,WeightedLFU,0.357421875
697,WeightedLFU,0.36962890625
698,WeightedLFU,0.3660481770833333
699,WeightedLFU,0.3369140625
700,WeightedLFU,0.3312174479166667
701,WeightedLFU,0.3212890625
702,WeightedLFU,0.3595377604166667
703,WeightedLFU,0.3658854166666667
704,WeightedLFU,0.3359375
705,WeightedLFU,0.3359375
706,WeightedLFU,0.3631184895833333
707,WeightedLFU,0.36083984375
708,WeightedLFU,0.3536783854166667
709,WeightedLFU,0.3701171875
710,WeightedLFU,0.3689778645833333
711,WeightedLFU,0.3605143229166667
712,WeightedLFU,0.3665364583333333
713,WeightedLFU,0.37255859375
714,WeightedLFU,0.33984375
715,WeightedLFU,0.3499348958333333
716,WeightedLFU,0.3810221354166667
717,WeightedLFU,0.3566080729166667
718,WeightedLFU,0.3694661458333333
719,WeightedLFU,0.3427734375
720,WeightedLFU,0.3487955729166667
721,WeightedLFU,0.3670247395833333
722,WeightedLFU,0.3933919270833333
723,WeightedLFU,0.3631184895833333
724,WeightedLFU,0.3505859375
725,WeightedLFU,0.35595703125
726,WeightedLFU,0.3557942708333333
727,WeightedLFU,0.3671875
728,WeightedLFU,0.34228515625
729,WeightedLFU,0.35986328125
730,WeightedLFU,0.36474609375
731,WeightedLFU,0.3572591145833333
732,WeightedLFU,0.36328125
733,WeightedLFU,0.3531901041666667
734,WeightedLFU,0.35693359375
735,WeightedLFU,0.3551432291666667
736,WeightedLFU,0.3675130208333333
737,WeightedLFU,0.3670247395833333
738,WeightedLFU,0.3644205729166667
739,WeightedLFU,0.3821614583333333
740,WeightedLFU,0.3486328125
741,WeightedLFU,0.3805338541666667
742,WeightedLFU,0.3564453125
743,WeightedLFU,0.35302734375
744,WeightedLFU,0.3522135416666667
745,WeightedLFU,0.3264973958333333
746,WeightedLFU,0.3419596354166667
747,WeightedLFU,0.33447265625
748,WeightedLFU,0.3089192708333333
749,WeightedLFU,0.330078125
750,WeightedLFU,0.3216145833333333
751,WeightedLFU,0.32763671875
752,WeightedLFU,0.32373046875
753,WeightedLFU,0.3201497395833333
754,WeightedLFU,0.3076171875
755,WeightedLFU,0.291015625
756,WeightedLFU,0.3121744791666667
757,WeightedLFU,0.3391927083333333
758,WeightedLFU,0.3131510416666667
759,WeightedLFU,0.30322265625
760,WeightedLFU,0.3307291666666667
761,WeightedLFU,0.31689453125
762,WeightedLFU,0.30224609375
763,WeightedLFU,0.3369140625
764,WeightedLFU,0.3611653645833333
765,WeightedLFU,0.35498046875
766,WeightedLFU,0.35205078125
767,WeightedLFU,0.35107421875
768,WeightedLFU,0.33154296875
769,WeightedLFU,0.3271484375
770,WeightedLFU,0.3362630208333333
771,WeightedLFU,0.32861328125
772,WeightedLFU,0.3046875
773,WeightedLFU,0.3162434895833333
774,WeightedLFU,0.2942708333333333
775,WeightedLFU,0.2955729166666667
776,WeightedLFU,0.3068033854166667
777,WeightedLFU,0.2941080729166667
778,WeightedLFU,0.31689453125
779,WeightedLFU,0.31787109375
780,WeightedLFU,0.306640625
781,WeightedLFU,0.32177734375
782,WeightedLFU,0.3157552083333333
783,WeightedLFU,0.33642578125
784,WeightedLFU,0.3250325520833333
785,WeightedLFU,0.33251953125
786,WeightedLFU,0.3492838541666667
787,WeightedLFU,0.3128255208333333
788,WeightedLFU,0.3370768229166667
789,WeightedLFU,0.3370768229166667
790,WeightedLFU,0.3255208333333333
791,WeightedLFU,0.3181966145833333
792,WeightedLFU,0.31689453125
793,WeightedLFU,0.3221028645833333
794,WeightedLFU,0.3248697916666667
795,WeightedLFU,0.2970377604166667
796,WeightedLFU,0.3224283854166667
797,WeightedLFU,0.3240559895833333
798,WeightedLFU,0.3069661458333333
799,WeightedLFU,0.3255208333333333
800,WeightedLFU,0.31396484375
801,WeightedLFU,0.3094075520833333
802,WeightedLFU,0.31005859375
803,WeightedLFU,0.326171875
804,WeightedLFU,0.3059895833333333
805,WeightedLFU,0.31201171875
806,WeightedLFU,0.2996419270833333
807,WeightedLFU,0.3089192708333333
808,WeightedLFU,0.3170572916666667
809,WeightedLFU,0.3255208333333333
810,WeightedLFU,0.337890625
811,WeightedLFU,0.3440755208333333
812,WeightedLFU,0.3203125
813,WeightedLFU,0.2999674479166667
814,WeightedLFU,0.3544921875
815,WeightedLFU,0.35205078125
816,WeightedLFU,0.3369140625
817,WeightedLFU,0.3409830729166667
818,WeightedLFU,0.3382161458333333
819,WeightedLFU,0.33056640625
820,WeightedLFU,0.3497721354166667
821,WeightedLFU,0.33935546875
822,WeightedLFU,0.3562825520833333
823,WeightedLFU,0.3333333333333333
824,WeightedLFU,0.3238932291666667
825,WeightedLFU,0.3336588541666667
826,WeightedLFU,0.3323567708333333
827,WeightedLFU,0.3406575520833333
828,WeightedLFU,0.32568359375
829,WeightedLFU,0.3515625
830,WeightedLFU,0.3582356770833333
831,WeightedLFU,0.3416341145833333
832,WeightedLFU,0.3525390625
833,WeightedLFU,0.3489583333333333
834,WeightedLFU,0.3738606770833333
835,WeightedLFU,0.361328125
836,WeightedLFU,0.35302734375
837,WeightedLFU,0.3492838541666667
838,WeightedLFU,0.3645833333333333
839,WeightedLFU,0.3487955729166667
840,WeightedLFU,0.3365885416666667
841,WeightedLFU,0.34033203125
842,WeightedLFU,0.3653971354166667
843,WeightedLFU,0.3499348958333333
844,WeightedLFU,0.3826497395833333
845,WeightedLFU,0.3375651041666667
846,WeightedLFU,0.3624674479166667
847,WeightedLFU,0.3359375
848,WeightedLFU,0.3277994791666667
849,WeightedLFU,0.3273111979166667
850,WeightedLFU,0.3388671875
851,WeightedLFU,0.3367513020833333
852,WeightedLFU,0.3264973958333333
853,WeightedLFU,0.3479817708333333
854,WeightedLFU,0.36767578125
855,WeightedLFU,0.3522135416666667
856,WeightedLFU,0.3380533854166667
857,WeightedLFU,0.34765625
858,WeightedLFU,0.3531901041666667
859,WeightedLFU,0.35888671875
860,WeightedLFU,0.3639322916666667
861,WeightedLFU,0.3896484375
862,WeightedLFU,0.36181640625
863,WeightedLFU,0.3748372395833333
864,WeightedLFU,0.34912109375
865,WeightedLFU,0.3499348958333333
866,WeightedLFU,0.3429361979166667
867,WeightedLFU,0.3349609375
868,WeightedLFU,0.3400065104166667
869,WeightedLFU,0.3370768229166667
870,WeightedLFU,0.3546549479166667
871,WeightedLFU,0.3377278645833333
872,WeightedLFU,0.3595377604166667
873,WeightedLFU,0.3623046875
874,WeightedLFU,0.3333333333333333
875,WeightedLFU,0.3372395833333333
876,WeightedLFU,0.3400065104166667
877,WeightedLFU,0.3419596354166667
878,WeightedLFU,0.3323567708333333
879,WeightedLFU,0.3548177083333333
880,WeightedLFU,0.33203125
881,WeightedLFU,0.3505859375
882,WeightedLFU,0.3614908854166667
883,WeightedLFU,0.3328450520833333
884,WeightedLFU,0.3258463541666667
885,WeightedLFU,0.3631184895833333
886,WeightedLFU,0.3611653645833333
887,WeightedLFU,0.3738606770833333
888,WeightedLFU,0.34326171875
889,WeightedLFU,0.3362630208333333
890,WeightedLFU,0.3458658854166667
891,WeightedLFU,0.3346354166666667
892,WeightedLFU,0.3297526041666667
893,WeightedLFU,0.3136393229166667
894,WeightedLFU,0.3263346354166667
895,WeightedLFU,0.31787109375
896,WeightedLFU,0.3370768229166667
897,WeightedLFU,0.3465169270833333
898,WeightedLFU,0.34423828125
899,WeightedLFU,0.3196614583333333
900,WeightedLFU,0.3229166666666667
901,WeightedLFU,0.32861328125
902,WeightedLFU,0.33837890625
903,WeightedLFU,0.3349609375
904,WeightedLFU,0.3513997395833333
905,WeightedLFU,0.3359375
906,WeightedLFU,0.3512369791666667
907,WeightedLFU,0.3331705729166667
908,WeightedLFU,0.3429361979166667
909,WeightedLFU,0.3326822916666667
910,WeightedLFU,0.322265625
911,WeightedLFU,0.30419921875
912,WeightedLFU,0.3336588541666667
913,WeightedLFU,0.3435872395833333
914,WeightedLFU,0.30859375
915,WeightedLFU,0.3102213541666667
916,WeightedLFU,0.3225911458333333
917,WeightedLFU,0.3214518229166667
918,WeightedLFU,0.3152669270833333
919,WeightedLFU,0.30712890625
920,WeightedLFU,0.314453125
921,WeightedLFU,0.3317057291666667
922,WeightedLFU,0.3408203125
923,WeightedLFU,0.33251953125
924,WeightedLFU,0.3458658854166667
925,WeightedLFU,0.31640625
926,WeightedLFU,0.3404947916666667
927,WeightedLFU,0.31396484375
928,WeightedLFU,0.3505859375
929,WeightedLFU,0.3624674479166667
930,WeightedLFU,0.3619791666666667
931,WeightedLFU,0.3190104166666667
932,WeightedLFU,0.3370768229166667
933,WeightedLFU,0.359375
934,WeightedLFU,0.3466796875
935,WeightedLFU,0.3567708333333333
936,WeightedLFU,0.3312174479166667
937,WeightedLFU,0.2960611979166667
938,WeightedLFU,0.32470703125
939,WeightedLFU,0.3365885416666667
940,WeightedLFU,0.3185221354166667
941,WeightedLFU,0.3194986979166667
942,WeightedLFU,0.3289388020833333
943,WeightedLFU,0.328125
944,WeightedLFU,0.3377278645833333
945,WeightedLFU,0.3601888020833333
946,WeightedLFU,0.3497721354166667
947,WeightedLFU,0.3302408854166667
948,WeightedLFU,0.3347981770833333
949,WeightedLFU,0.3307291666666667
950,WeightedLFU,0.3291015625
951,WeightedLFU,0.3356119791666667
952,WeightedLFU,0.3336588541666667
953,WeightedLFU,0.3238932291666667
954,WeightedLFU,0.3330078125
955,WeightedLFU,0.32568359375
956,WeightedLFU,0.341796875
957,WeightedLFU,0.3416341145833333
958,WeightedLFU,0.34521484375
959,WeightedLFU,0.3631184895833333
960,WeightedLFU,0.3460286458333333
961,WeightedLFU,0.3492838541666667
962,WeightedLFU,0.3509114583333333
963,WeightedLFU,0.33056640625
964,WeightedLFU,0.3382161458333333
965,WeightedLFU,0.32958984375
966,WeightedLFU,0.3068033854166667
967,WeightedLFU,0.35107421875
968,WeightedLFU,0.3362630208333333
969,WeightedLFU,0.341796875
970,WeightedLFU,0.3590494791666667
971,WeightedLFU,0.3460286458333333
972,WeightedLFU,0.35986328125
973,WeightedLFU,0.3492838541666667
974,WeightedLFU,0.3509114583333333
975,WeightedLFU,0.3406575520833333
976,WeightedLFU,0.349609375
977,WeightedLFU,0.3653971354166667
978,WeightedLFU,0.3331705729166667
979,WeightedLFU,0.36767578125
980,WeightedLFU,0.3821614583333333
981,WeightedLFU,0.3375651041666667
982,WeightedLFU,0.3336588541666667
983,WeightedLFU,0.34765625
984,WeightedLFU,0.3409830729166667
985,WeightedLFU,0.3349609375
986,WeightedLFU,0.3486328125
987,WeightedLFU,0.3357747395833333
988,WeightedLFU,0.3271484375
989,WeightedLFU,0.3125
990,WeightedLFU,0.3372395833333333
991,WeightedLFU,0.328125
992,WeightedLFU,0.3359375
993,WeightedLFU,0.3343098958333333
994,WeightedLFU,0.3414713541666667
995,WeightedLFU,0.3221028645833333
996,WeightedLFU,0.33154296875
997,WeightedLFU,0.3240559895833333
998,WeightedLFU,0.3310546875
999,WeightedLFU,0.33984375
1000,WeightedLFU,0.3707682291666667
1001,WeightedLFU,0.35888671875
1002,WeightedLFU,0.3419596354166667
1003,WeightedLFU,0.3460286458333333
1004,WeightedLFU,0.3323567708333333
1005,WeightedLFU,0.3273111979166667
1006,WeightedLFU,0.3167317708333333
1007,WeightedLFU,0.3326822916666667
1008,WeightedLFU,0.3361002604166667
1009,WeightedLFU,0.3362630208333333
1010,WeightedLFU,0.3536783854166667
1011,WeightedLFU,0.3216145833333333
1012,WeightedLFU,0.33203125
1013,WeightedLFU,0.3600260416666667
1014,WeightedLFU,0.3414713541666667
1015,WeightedLFU,0.3512369791666667
1016,WeightedLFU,0.3430989583333333
1017,WeightedLFU,0.3486328125
1018,WeightedLFU,0.34716796875
1019,WeightedLFU,0.33203125
1020,WeightedLFU,0.3362630208333333
1021,WeightedLFU,0.3492838541666667
1022,WeightedLFU,0.3525390625
1023,WeightedLFU,0.3181966145833333
3,THER,0.4054361979166667
4,THER,0.3680013020833333
5,THER,0.3697916666666667
6,THER,0.3372395833333333
7,THER,0.3649088541666667
8,THER,0.3557942708333333
9,THER,0.34765625
10,THER,0.3577473958333333
11,THER,0.3870442708333333
12,THER,0.3834635416666667
13,THER,0.3727213541666667
14,THER,0.3645833333333333
15,THER,0.3592122395833333
16,THER,0.3771158854166667
17,THER,0.3937174479166667
18,THER,0.3800455729166667
19,THER,0.4020182291666667
20,THER,0.3697916666666667
21,THER,0.3982747395833333
22,THER,0.3693033854166667
23,THER,0.369140625
24,THER,0.3645833333333333
25,THER,0.3575846354166667
26,THER,0.353515625
27,THER,0.3570963541666667
28,THER,0.3369140625
29,THER,0.3562825520833333
30,THER,0.3782552083333333
31,THER,0.3994140625
32,THER,0.3777669270833333
33,THER,0.3709309895833333
34,THER,0.4039713541666667
35,THER,0.37841796875
36,THER,0.3829752604166667
37,THER,0.3893229166666667
38,THER,0.3974609375
39,THER,0.39794921875
40,THER,0.4142252604166667
41,THER,0.39697265625
42,THER,0.37646484375
43,THER,0.39599609375
44,THER,0.4012044270833333
45,THER,0.4329427083333333
46,THER,0.4132486979166667
47,THER,0.41162109375
48,THER,0.3797200520833333
49,THER,0.4099934895833333
50,THER,0.4567057291666667
51,THER,0.4373372395833333
52,THER,0.42431640625
53,THER,0.4098307291666667
54,THER,0.39453125
55,THER,0.4166666666666667
56,THER,0.4166666666666667
57,THER,0.4202473958333333
58,THER,0.4134114583333333
59,THER,0.4381510416666667
60,THER,0.4091796875
61,THER,0.4073893229166667
62,THER,0.4192708333333333
63,THER,0.4508463541666667
64,THER,0.3873697916666667
65,THER,0.4134114583333333
66,THER,0.4112955729166667
67,THER,0.4031575520833333
68,THER,0.4098307291666667
69,THER,0.4469401041666667
70,THER,0.43603515625
71,THER,0.4324544270833333
72,THER,0.4431966145833333
73,THER,0.4322916666666667
74,THER,0.4235026041666667
75,THER,0.4353841145833333
76,THER,0.4278971354166667
77,THER,0.3948567708333333
78,THER,0.37158203125
79,THER,0.326171875
80,THER,0.3649088541666667
81,THER,0.3566080729166667
82,THER,0.3912760416666667
83,THER,0.45361328125
84,THER,0.4189453125
85,THER,0.4417317708333333
86,THER,0.4189453125
87,THER,0.4435221354166667
88,THER,0.4365234375
89,THER,0.4280598958333333
90,THER,0.4484049479166667
91,THER,0.4342447916666667
92,THER,0.4248046875
93,THER,0.40869140625
94,THER,0.41357421875
95,THER,0.4480794270833333
96,THER,0.4130859375
97,THER,0.3912760416666667
98,THER,0.3902994791666667
99,THER,0.4217122395833333
100,THER,0.42041015625
101,THER,0.4514973958333333
102,THER,0.4274088541666667
103,THER,0.4716796875
104,THER,0.47314453125
105,THER,0.4501953125
106,THER,0.4807942708333333
107,THER,0.443359375
108,THER,0.4412434895833333
109,THER,0.4085286458333333
110,THER,0.431640625
111,THER,0.4586588541666667
112,THER,0.4153645833333333
113,THER,0.4241536458333333
114,THER,0.3875325520833333
115,THER,0.3899739583333333
116,THER,0.3968098958333333
117,THER,0.4244791666666667
118,THER,0.4200846354166667
119,THER,0.4259440104166667
120,THER,0.4265950520833333
121,THER,0.4248046875
122,THER,0.4324544270833333
123,THER,0.4093424479166667
124,THER,0.4225260416666667
125,THER,0.4461263020833333
126,THER,0.4368489583333333
127,THER,0.4830729166666667
128,THER,0.4326171875
129,THER,0.4513346354166667
130,THER,0.4396158854166667
131,THER,0.3743489583333333
132,THER,0.3792317708333333
133,THER,0.3776041666666667
134,THER,0.3868815104166667
135,THER,0.3855794270833333
136,THER,0.4085286458333333
137,THER,0.3868815104166667
138,THER,0.4072265625
139,THER,0.4099934895833333
140,THER,0.4290364583333333
141,THER,0.4173177083333333
142,THER,0.41455078125
143,THER,0.4397786458333333
144,THER,0.42529296875
145,THER,0.4150390625
146,THER,0.4298502604166667
147,THER,0.423828125
148,THER,0.3896484375
149,THER,0.3640950520833333
150,THER,0.3310546875
151,THER,0.3968098958333333
152,THER,0.4029947916666667
153,THER,0.4036458333333333
154,THER,0.4069010416666667
155,THER,0.41650390625
156,THER,0.4244791666666667
157,THER,0.41455078125
158,THER,0.41162109375
159,THER,0.4563802083333333
160,THER,0.4129231770833333
161,THER,0.4407552083333333
162,THER,0.4137369791666667
163,THER,0.41748046875
164,THER,0.3893229166666667
165,THER,0.3824869791666667
166,THER,0.40185546875
167,THER,0.4181315104166667
168,THER,0.3917643229166667
169,THER,0.41748046875
170,THER,0.4220377604166667
171,THER,0.4171549479166667
172,THER,0.380859375
173,THER,0.3567708333333333
174,THER,0.3819986979166667
175,THER,0.4278971354166667
176,THER,0.37158203125
177,THER,0.3601888020833333
178,THER,0.3870442708333333
179,THER,0.3933919270833333
180,THER,0.3815104166666667
181,THER,0.3631184895833333
182,THER,0.37939453125
183,THER,0.3968098958333333
184,THER,0.4334309895833333
185,THER,0.4083658854166667
186,THER,0.3942057291666667
187,THER,0.42236328125
188,THER,0.400390625
189,THER,0.4041341145833333
190,THER,0.3815104166666667
191,THER,0.419921875
192,THER,0.4249674479166667
193,THER,0.4249674479166667
194,THER,0.43701171875
195,THER,0.3997395833333333
196,THER,0.4158528645833333
197,THER,0.4383138020833333
198,THER,0.4073893229166667
199,THER,0.4059244791666667
200,THER,0.3712565104166667
201,THER,0.4256184895833333
202,THER,0.3951822916666667
203,THER,0.3587239583333333
204,THER,0.4137369791666667
205,THER,0.3946940104166667
206,THER,0.4112955729166667
207,THER,0.45263671875
208,THER,0.4309895833333333
209,THER,0.4114583333333333
210,THER,0.4309895833333333
211,THER,0.4150390625
212,THER,0.4021809895833333
213,THER,0.4055989583333333
214,THER,0.40625
215,THER,0.4324544270833333
216,THER,0.4029947916666667
217,THER,0.3995768229166667
218,THER,0.3811848958333333
219,THER,0.3834635416666667
220,THER,0.3644205729166667
221,THER,0.375
222,THER,0.3728841145833333
223,THER,0.3473307291666667
224,THER,0.3714192708333333
225,THER,0.3595377604166667
226,THER,0.3548177083333333
227,THER,0.38720703125
228,THER,0.3875325520833333
229,THER,0.3748372395833333
230,THER,0.3810221354166667
231,THER,0.38671875
232,THER,0.3889973958333333
233,THER,0.3701171875
234,THER,0.38623046875
235,THER,0.4158528645833333
236,THER,0.4117838541666667
237,THER,0.4339192708333333
238,THER,0.4158528645833333
239,THER,0.4449869791666667
240,THER,0.4055989583333333
241,THER,0.3642578125
242,THER,0.3942057291666667
243,THER,0.4246419270833333
244,THER,0.4182942708333333
245,THER,0.4021809895833333
246,THER,0.4129231770833333
247,THER,0.3889973958333333
248,THER,0.39990234375
249,THER,0.4443359375
250,THER,0.4542643229166667
251,THER,0.4378255208333333
252,THER,0.4117838541666667
253,THER,0.43359375
254,THER,0.4427083333333333
255,THER,0.4685872395833333
256,THER,0.4366861979166667
257,THER,0.43408203125
258,THER,0.4236653645833333
259,THER,0.4290364583333333
260,THER,0.3929036458333333
261,THER,0.3932291666666667
262,THER,0.37744140625
263,THER,0.36376953125
264,THER,0.3800455729166667
265,THER,0.3837890625
266,THER,0.4327799479166667
267,THER,0.4283854166666667
268,THER,0.4324544270833333
269,THER,0.4332682291666667
270,THER,0.3828125
271,THER,0.41796875
272,THER,0.39794921875
273,THER,0.4127604166666667
274,THER,0.3810221354166667
275,THER,0.3968098958333333
276,THER,0.3595377604166667
277,THER,0.3916015625
278,THER,0.3728841145833333
279,THER,0.3800455729166667
280,THER,0.3785807291666667
281,THER,0.376953125
282,THER,0.3855794270833333
283,THER,0.3688151041666667
284,THER,0.3640950520833333
285,THER,0.3976236979166667
286,THER,0.4010416666666667
287,THER,0.4090169270833333
288,THER,0.38330078125
289,THER,0.4306640625
290,THER,0.3943684895833333
291,THER,0.3972981770833333
292,THER,0.4069010416666667
293,THER,0.4010416666666667
294,THER,0.3816731770833333
295,THER,0.3834635416666667
296,THER,0.3642578125
297,THER,0.3883463541666667
298,THER,0.3629557291666667
299,THER,0.4109700520833333
300,THER,0.4012044270833333
301,THER,0.36083984375
302,THER,0.36181640625
303,THER,0.39794921875
304,THER,0.3694661458333333
305,THER,0.3513997395833333
306,THER,0.3610026041666667
307,THER,0.3732096354166667
308,THER,0.3701171875
309,THER,0.37939453125
310,THER,0.4029947916666667
311,THER,0.41796875
312,THER,0.38427734375
313,THER,0.4112955729166667
314,THER,0.376953125
315,THER,0.3937174479166667
316,THER,0.3688151041666667
317,THER,0.3727213541666667
318,THER,0.35400390625
319,THER,0.3893229166666667
320,THER,0.41748046875
321,THER,0.421875
322,THER,0.4099934895833333
323,THER,0.4111328125
324,THER,0.41845703125
325,THER,0.3987630208333333
326,THER,0.3951822916666667
327,THER,0.3868815104166667
328,THER,0.3875325520833333
329,THER,0.3859049479166667
330,THER,0.3875325520833333
331,THER,0.3619791666666667
332,THER,0.3850911458333333
333,THER,0.3893229166666667
334,THER,0.3968098958333333
335,THER,0.390625
336,THER,0.3772786458333333
337,THER,0.3986002604166667
338,THER,0.3753255208333333
339,THER,0.3855794270833333
340,THER,0.35595703125
341,THER,0.369140625
342,THER,0.3777669270833333
343,THER,0.392578125
344,THER,0.3902994791666667
345,THER,0.3522135416666667
346,THER,0.3815104166666667
347,THER,0.3981119791666667
348,THER,0.35546875
349,THER,0.3465169270833333
350,THER,0.35986328125
351,THER,0.3955078125
352,THER,0.3557942708333333
353,THER,0.3683268229166667
354,THER,0.3582356770833333
355,THER,0.38525390625
356,THER,0.3758138020833333
357,THER,0.3873697916666667
358,THER,0.3854166666666667
359,THER,0.3795572916666667
360,THER,0.3590494791666667
361,THER,0.3818359375
362,THER,0.3557942708333333
363,THER,0.4012044270833333
364,THER,0.376953125
365,THER,0.3865559895833333
366,THER,0.39697265625
367,THER,0.3712565104166667
368,THER,0.3694661458333333
369,THER,0.3426106770833333
370,THER,0.3681640625
371,THER,0.3779296875
372,THER,0.34716796875
373,THER,0.36474609375
374,THER,0.35205078125
375,THER,0.4060872395833333
376,THER,0.3642578125
377,THER,0.3797200520833333
378,THER,0.3779296875
379,THER,0.3935546875
380,THER,0.39990234375
381,THER,0.3616536458333333
382,THER,0.3478190104166667
383,THER,0.3642578125
384,THER,0.376953125
385,THER,0.3875325520833333
386,THER,0.3759765625
387,THER,0.3995768229166667
388,THER,0.3878580729166667
389,THER,0.3841145833333333
390,THER,0.3857421875
391,THER,0.4259440104166667
392,THER,0.3780924479166667
393,THER,0.4034830729166667
394,THER,0.4059244791666667
395,THER,0.3868815104166667
396,THER,0.3427734375
397,THER,0.37548828125
398,THER,0.4099934895833333
399,THER,0.39453125
400,THER,0.3463541666666667
401,THER,0.3616536458333333
402,THER,0.3727213541666667
403,THER,0.4080403645833333
404,THER,0.3623046875
405,THER,0.36865234375
406,THER,0.3460286458333333
407,THER,0.37158203125
408,THER,0.3600260416666667
409,THER,0.3577473958333333
410,THER,0.3396809895833333
411,THER,0.3623046875
412,THER,0.3738606770833333
413,THER,0.3603515625
414,THER,0.3717447916666667
415,THER,0.37158203125
416,THER,0.353515625
417,THER,0.3697916666666667
418,THER,0.3772786458333333
419,THER,0.3914388020833333
420,THER,0.3933919270833333
421,THER,0.3896484375
422,THER,0.3968098958333333
423,THER,0.3870442708333333
424,THER,0.3873697916666667
425,THER,0.3924153645833333
426,THER,0.3543294270833333
427,THER,0.3857421875
428,THER,0.3759765625
429,THER,0.3763020833333333
430,THER,0.3601888020833333
431,THER,0.41162109375
432,THER,0.3922526041666667
433,THER,0.3670247395833333
434,THER,0.3790690104166667
435,THER,0.3977864583333333
436,THER,0.3927408854166667
437,THER,0.3924153645833333
438,THER,0.3966471354166667
439,THER,0.4147135416666667
440,THER,0.3487955729166667
441,THER,0.3761393229166667
442,THER,0.4020182291666667
443,THER,0.3894856770833333
444,THER,0.3792317708333333
445,THER,0.4171549479166667
446,THER,0.3824869791666667
447,THER,0.3898111979166667
448,THER,0.4093424479166667
449,THER,0.4182942708333333
450,THER,0.4016927083333333
451,THER,0.4093424479166667
452,THER,0.3640950520833333
453,THER,0.3694661458333333
454,THER,0.3857421875
455,THER,0.3958333333333333
456,THER,0.3663736979166667
457,THER,0.3844401041666667
458,THER,0.3841145833333333
459,THER,0.3766276041666667
460,THER,0.3487955729166667
461,THER,0.3707682291666667
462,THER,0.35546875
463,THER,0.37060546875
464,THER,0.3517252604166667
465,THER,0.3650716145833333
466,THER,0.3863932291666667
467,THER,0.40966796875
468,THER,0.4070638020833333
469,THER,0.3566080729166667
470,THER,0.3741861979166667
471,THER,0.3636067708333333
472,THER,0.4015299479166667
473,THER,0.3736979166666667
474,THER,0.361328125
475,THER,0.3883463541666667
476,THER,0.3499348958333333
477,THER,0.3590494791666667
478,THER,0.37353515625
479,THER,0.4083658854166667
480,THER,0.3531901041666667
481,THER,0.3582356770833333
482,THER,0.3671875
483,THER,0.38232421875
484,THER,0.3541666666666667
485,THER,0.3902994791666667
486,THER,0.3855794270833333
487,THER,0.3865559895833333
488,THER,0.3603515625
489,THER,0.3665364583333333
490,THER,0.3767903645833333
491,THER,0.39453125
492,THER,0.40283203125
493,THER,0.3953450520833333
494,THER,0.3756510416666667
495,THER,0.369140625
496,THER,0.3795572916666667
497,THER,0.3505859375
498,THER,0.3697916666666667
499,THER,0.3837890625
500,THER,0.3743489583333333
501,THER,0.3689778645833333
502,THER,0.37353515625
503,THER,0.36328125
504,THER,0.36181640625
505,THER,0.3776041666666667
506,THER,0.3642578125
507,THER,0.396484375
508,THER,0.3719075520833333
509,THER,0.3883463541666667
510,THER,0.3616536458333333
511,THER,0.3907877604166667
512,THER,0.3942057291666667
513,THER,0.3836263020833333
514,THER,0.3811848958333333
515,THER,0.4259440104166667
516,THER,0.3873697916666667
517,THER,0.400390625
518,THER,0.4099934895833333
519,THER,0.4562174479166667
520,THER,0.40576171875
521,THER,0.3875325520833333
522,THER,0.3792317708333333
523,THER,0.3779296875
524,THER,0.39794921875
525,THER,0.39111328125
526,THER,0.376953125
527,THER,0.3907877604166667
528,THER,0.3577473958333333
529,THER,0.3639322916666667
530,THER,0.36328125
531,THER,0.3610026041666667
532,THER,0.392578125
533,THER,0.39501953125
534,THER,0.39111328125
535,THER,0.388671875
536,THER,0.3811848958333333
537,THER,0.3855794270833333
538,THER,0.37841796875
539,THER,0.4034830729166667
540,THER,0.3621419270833333
541,THER,0.357421875
542,THER,0.3699544270833333
543,THER,0.3932291666666667
544,THER,0.3876953125
545,THER,0.38134765625
546,THER,0.3605143229166667
547,THER,0.3680013020833333
548,THER,0.3694661458333333
549,THER,0.3670247395833333
550,THER,0.3767903645833333
551,THER,0.3966471354166667
552,THER,0.3759765625
553,THER,0.3779296875
554,THER,0.3893229166666667
555,THER,0.4007161458333333
556,THER,0.38330078125
557,THER,0.3763020833333333
558,THER,0.3994140625
559,THER,0.3662109375
560,THER,0.32470703125
561,THER,0.3253580729166667
562,THER,0.35107421875
563,THER,0.4016927083333333
564,THER,0.3577473958333333
565,THER,0.3712565104166667
566,THER,0.3653971354166667
567,THER,0.3955078125
568,THER,0.3557942708333333
569,THER,0.3621419270833333
570,THER,0.35205078125
571,THER,0.4026692708333333
572,THER,0.3642578125
573,THER,0.3701171875
574,THER,0.39794921875
575,THER,0.3701171875
576,THER,0.3575846354166667
577,THER,0.37109375
578,THER,0.3675130208333333
579,THER,0.3720703125
580,THER,0.3772786458333333
581,THER,0.3766276041666667
582,THER,0.3701171875
583,THER,0.3701171875
584,THER,0.3582356770833333
585,THER,0.3712565104166667
586,THER,0.3483072916666667
587,THER,0.3614908854166667
588,THER,0.3427734375
589,THER,0.34228515625
590,THER,0.3483072916666667
591,THER,0.3977864583333333
592,THER,0.36669921875
593,THER,0.3732096354166667
594,THER,0.3650716145833333
595,THER,0.3790690104166667
596,THER,0.3536783854166667
597,THER,0.3388671875
598,THER,0.3517252604166667
599,THER,0.3603515625
600,THER,0.3626302083333333
601,THER,0.3575846354166667
602,THER,0.35107421875
603,THER,0.361328125
604,THER,0.3600260416666667
605,THER,0.3440755208333333
606,THER,0.3572591145833333
607,THER,0.38427734375
608,THER,0.3551432291666667
609,THER,0.3531901041666667
610,THER,0.34033203125
611,THER,0.3942057291666667
612,THER,0.3580729166666667
613,THER,0.3551432291666667
614,THER,0.3543294270833333
615,THER,0.36572265625
616,THER,0.3509114583333333
617,THER,0.3605143229166667
618,THER,0.3614908854166667
619,THER,0.38427734375
620,THER,0.36181640625
621,THER,0.3640950520833333
622,THER,0.3533528645833333
623,THER,0.37158203125
624,THER,0.3463541666666667
625,THER,0.3592122395833333
626,THER,0.3688151041666667
627,THER,0.3719075520833333
628,THER,0.34375
629,THER,0.3487955729166667
630,THER,0.3533528645833333
631,THER,0.3707682291666667
632,THER,0.35546875
633,THER,0.3546549479166667
634,THER,0.3527018229166667
635,THER,0.3780924479166667
636,THER,0.3546549479166667
637,THER,0.3639322916666667
638,THER,0.3610026041666667
639,THER,0.39111328125
640,THER,0.3430989583333333
641,THER,0.3497721354166667
642,THER,0.3678385416666667
643,THER,0.3787434895833333
644,THER,0.3557942708333333
645,THER,0.3583984375
646,THER,0.3504231770833333
647,THER,0.3704427083333333
648,THER,0.34912109375
649,THER,0.3271484375
650,THER,0.3701171875
651,THER,0.3958333333333333
652,THER,0.3585611979166667
653,THER,0.3538411458333333
654,THER,0.3382161458333333
655,THER,0.35400390625
656,THER,0.36083984375
657,THER,0.3430989583333333
658,THER,0.3424479166666667
659,THER,0.3909505208333333
660,THER,0.3683268229166667
661,THER,0.3466796875
662,THER,0.3619791666666667
663,THER,0.3727213541666667
664,THER,0.38671875
665,THER,0.37109375
666,THER,0.3655598958333333
667,THER,0.40185546875
668,THER,0.357421875
669,THER,0.34716796875
670,THER,0.3404947916666667
671,THER,0.3751627604166667
672,THER,0.34228515625
673,THER,0.3741861979166667
674,THER,0.3513997395833333
675,THER,0.3536783854166667
676,THER,0.3595377604166667
677,THER,0.3517252604166667
678,THER,0.3582356770833333
679,THER,0.3896484375
680,THER,0.3629557291666667
681,THER,0.3448893229166667
682,THER,0.3562825520833333
683,THER,0.3865559895833333
684,THER,0.3567708333333333
685,THER,0.353515625
686,THER,0.3562825520833333
687,THER,0.3839518229166667
688,THER,0.3636067708333333
689,THER,0.37060546875
690,THER,0.36865234375
691,THER,0.3753255208333333
692,THER,0.3753255208333333
693,THER,0.36279296875
694,THER,0.3733723958333333
695,THER,0.3938802083333333
696,THER,0.35546875
697,THER,0.3702799479166667
698,THER,0.3798828125
699,THER,0.36376953125
700,THER,0.3474934895833333
701,THER,0.33154296875
702,THER,0.3663736979166667
703,THER,0.3878580729166667
704,THER,0.3473307291666667
705,THER,0.3463541666666667
706,THER,0.36474609375
707,THER,0.3798828125
708,THER,0.37060546875
709,THER,0.3717447916666667
710,THER,0.365234375
711,THER,0.3865559895833333
712,THER,0.3758138020833333
713,THER,0.37060546875
714,THER,0.3497721354166667
715,THER,0.37353515625
716,THER,0.3860677083333333
717,THER,0.3689778645833333
718,THER,0.3837890625
719,THER,0.3603515625
720,THER,0.365234375
721,THER,0.3709309895833333
722,THER,0.3865559895833333
723,THER,0.3896484375
724,THER,0.36376953125
725,THER,0.3621419270833333
726,THER,0.3751627604166667
727,THER,0.4016927083333333
728,THER,0.361328125
729,THER,0.3699544270833333
730,THER,0.3736979166666667
731,THER,0.3741861979166667
732,THER,0.37939453125
733,THER,0.36279296875
734,THER,0.3466796875
735,THER,0.3712565104166667
736,THER,0.3756510416666667
737,THER,0.3704427083333333
738,THER,0.3689778645833333
739,THER,0.4016927083333333
740,THER,0.3582356770833333
741,THER,0.3751627604166667
742,THER,0.3636067708333333
743,THER,0.3841145833333333
744,THER,0.365234375
745,THER,0.3466796875
746,THER,0.36474609375
747,THER,0.3736979166666667
748,THER,0.3321940104166667
749,THER,0.34326171875
750,THER,0.3470052083333333
751,THER,0.3639322916666667
752,THER,0.3479817708333333
753,THER,0.3527018229166667
754,THER,0.3308919270833333
755,THER,0.3629557291666667
756,THER,0.33251953125
757,THER,0.3347981770833333
758,THER,0.3211263020833333
759,THER,0.3601888020833333
760,THER,0.3444010416666667
761,THER,0.33642578125
762,THER,0.3424479166666667
763,THER,0.3994140625
764,THER,0.3460286458333333
765,THER,0.33056640625
766,THER,0.32763671875
767,THER,0.3714192708333333
768,THER,0.3504231770833333
769,THER,0.3466796875
770,THER,0.36083984375
771,THER,0.3704427083333333
772,THER,0.3279622395833333
773,THER,0.3229166666666667
774,THER,0.32275390625
775,THER,0.3465169270833333
776,THER,0.3474934895833333
777,THER,0.34033203125
778,THER,0.3445638020833333
779,THER,0.3562825520833333
780,THER,0.3541666666666667
781,THER,0.3434244791666667
782,THER,0.3474934895833333
783,THER,0.37744140625
784,THER,0.345703125
785,THER,0.3523763020833333
786,THER,0.3473307291666667
787,THER,0.3660481770833333
788,THER,0.3634440104166667
789,THER,0.35693359375
790,THER,0.3714192708333333
791,THER,0.3719075520833333
792,THER,0.3439127604166667
793,THER,0.3362630208333333
794,THER,0.3331705729166667
795,THER,0.3499348958333333
796,THER,0.34765625
797,THER,0.359375
798,THER,0.3546549479166667
799,THER,0.35400390625
800,THER,0.3408203125
801,THER,0.3414713541666667
802,THER,0.3326822916666667
803,THER,0.36279296875
804,THER,0.34033203125
805,THER,0.3297526041666667
806,THER,0.3375651041666667
807,THER,0.3592122395833333
808,THER,0.3527018229166667
809,THER,0.3445638020833333
810,THER,0.3466796875
811,THER,0.3699544270833333
812,THER,0.3435872395833333
813,THER,0.3232421875
814,THER,0.3478190104166667
815,THER,0.39306640625
816,THER,0.37255859375
817,THER,0.3746744791666667
818,THER,0.37060546875
819,THER,0.3723958333333333
820,THER,0.3821614583333333
821,THER,0.3790690104166667
822,THER,0.3844401041666667
823,THER,0.388671875
824,THER,0.3483072916666667
825,THER,0.36767578125
826,THER,0.3439127604166667
827,THER,0.3631184895833333
828,THER,0.35986328125
829,THER,0.353515625
830,THER,0.3605143229166667
831,THER,0.373046875
832,THER,0.3701171875
833,THER,0.365234375
834,THER,0.3819986979166667
835,THER,0.3994140625
836,THER,0.3787434895833333
837,THER,0.3732096354166667
838,THER,0.37646484375
839,THER,0.37353515625
840,THER,0.3595377604166667
841,THER,0.3624674479166667
842,THER,0.3839518229166667
843,THER,0.3837890625
844,THER,0.4073893229166667
845,THER,0.37109375
846,THER,0.3719075520833333
847,THER,0.3606770833333333
848,THER,0.3582356770833333
849,THER,0.34326171875
850,THER,0.3570963541666667
851,THER,0.3639322916666667
852,THER,0.3483072916666667
853,THER,0.3642578125
854,THER,0.376953125
855,THER,0.3779296875
856,THER,0.361328125
857,THER,0.36474609375
858,THER,0.3650716145833333
859,THER,0.3736979166666667
860,THER,0.3792317708333333
861,THER,0.3787434895833333
862,THER,0.3644205729166667
863,THER,0.3933919270833333
864,THER,0.3636067708333333
865,THER,0.3494466145833333
866,THER,0.34912109375
867,THER,0.3624674479166667
868,THER,0.3463541666666667
869,THER,0.35791015625
870,THER,0.3655598958333333
871,THER,0.3707682291666667
872,THER,0.3693033854166667
873,THER,0.3767903645833333
874,THER,0.35400390625
875,THER,0.37353515625
876,THER,0.36279296875
877,THER,0.3566080729166667
878,THER,0.35009765625
879,THER,0.3834635416666667
880,THER,0.357421875
881,THER,0.3614908854166667
882,THER,0.3639322916666667
883,THER,0.3704427083333333
884,THER,0.3671875
885,THER,0.38671875
886,THER,0.3790690104166667
887,THER,0.3994140625
888,THER,0.3860677083333333
889,THER,0.3673502604166667
890,THER,0.3504231770833333
891,THER,0.3605143229166667
892,THER,0.3544921875
893,THER,0.3409830729166667
894,THER,0.34375
895,THER,0.3507486979166667
896,THER,0.3525390625
897,THER,0.3590494791666667
898,THER,0.3421223958333333
899,THER,0.3623046875
900,THER,0.349609375
901,THER,0.3463541666666667
902,THER,0.3434244791666667
903,THER,0.36669921875
904,THER,0.3639322916666667
905,THER,0.3642578125
906,THER,0.3572591145833333
907,THER,0.3601888020833333
908,THER,0.36376953125
909,THER,0.3356119791666667
910,THER,0.3240559895833333
911,THER,0.35888671875
912,THER,0.3448893229166667
913,THER,0.3636067708333333
914,THER,0.3359375
915,THER,0.33642578125
916,THER,0.3426106770833333
917,THER,0.3538411458333333
918,THER,0.34130859375
919,THER,0.3489583333333333
920,THER,0.3445638020833333
921,THER,0.34716796875
922,THER,0.3597005208333333
923,THER,0.3655598958333333
924,THER,0.3504231770833333
925,THER,0.3273111979166667
926,THER,0.3380533854166667
927,THER,0.3606770833333333
928,THER,0.3634440104166667
929,THER,0.3670247395833333
930,THER,0.37451171875
931,THER,0.3701171875
932,THER,0.3404947916666667
933,THER,0.36669921875
934,THER,0.3816731770833333
935,THER,0.4016927083333333
936,THER,0.3525390625
937,THER,0.3243815104166667
938,THER,0.3321940104166667
939,THER,0.36767578125
940,THER,0.3424479166666667
941,THER,0.3362630208333333
942,THER,0.3606770833333333
943,THER,0.3621419270833333
944,THER,0.3513997395833333
945,THER,0.37158203125
946,THER,0.3655598958333333
947,THER,0.3714192708333333
948,THER,0.3522135416666667
949,THER,0.3214518229166667
950,THER,0.3401692708333333
951,THER,0.3629557291666667
952,THER,0.357421875
953,THER,0.3538411458333333
954,THER,0.3556315104166667
955,THER,0.3582356770833333
956,THER,0.3583984375
957,THER,0.3536783854166667
958,THER,0.34814453125
959,THER,0.3929036458333333
960,THER,0.3582356770833333
961,THER,0.3780924479166667
962,THER,0.38037109375
963,THER,0.3785807291666667
964,THER,0.3693033854166667
965,THER,0.3665364583333333
966,THER,0.3401692708333333
967,THER,0.3684895833333333
968,THER,0.3566080729166667
969,THER,0.3562825520833333
970,THER,0.3806966145833333
971,THER,0.3826497395833333
972,THER,0.4054361979166667
973,THER,0.3865559895833333
974,THER,0.3855794270833333
975,THER,0.3857421875
976,THER,0.3782552083333333
977,THER,0.3771158854166667
978,THER,0.3816731770833333
979,THER,0.3974609375
980,THER,0.3875325520833333
981,THER,0.34912109375
982,THER,0.34716796875
983,THER,0.3763020833333333
984,THER,0.3640950520833333
985,THER,0.3570963541666667
986,THER,0.3531901041666667
987,THER,0.3849283854166667
988,THER,0.3634440104166667
989,THER,0.3487955729166667
990,THER,0.3689778645833333
991,THER,0.3761393229166667
992,THER,0.3694661458333333
993,THER,0.3707682291666667
994,THER,0.3663736979166667
995,THER,0.3782552083333333
996,THER,0.36669921875
997,THER,0.3489583333333333
998,THER,0.3536783854166667
999,THER,0.3849283854166667
1000,THER,0.4069010416666667
1001,THER,0.3751627604166667
1002,THER,0.3460286458333333
1003,THER,0.3785807291666667
1004,THER,0.3595377604166667
1005,THER,0.3494466145833333
1006,THER,0.3474934895833333
1007,THER,0.3733723958333333
1008,THER,0.35986328125
1009,THER,0.3683268229166667
1010,THER,0.3785807291666667
1011,THER,0.3702799479166667
1012,THER,0.349609375
1013,THER,0.3746744791666667
1014,THER,0.3440755208333333
1015,THER,0.37158203125
1016,THER,0.3733723958333333
1017,THER,0.3806966145833333
1018,THER,0.3738606770833333
1019,THER,0.3761393229166667
1020,THER,0.3626302083333333
1021,THER,0.37109375
1022,THER,0.3610026041666667
1023,THER,0.37841796875
3,Oracle,0.4039713541666667
4,Oracle,0.39990234375
5,Oracle,0.4016927083333333
6,Oracle,0.3805338541666667
7,Oracle,0.3717447916666667
8,Oracle,0.3956705729166667
9,Oracle,0.3824869791666667
10,Oracle,0.3818359375
11,Oracle,0.3912760416666667
12,Oracle,0.40869140625
13,Oracle,0.3974609375
14,Oracle,0.38037109375
15,Oracle,0.3567708333333333
16,Oracle,0.3966471354166667
17,Oracle,0.4208984375
18,Oracle,0.40966796875
19,Oracle,0.4143880208333333
20,Oracle,0.3972981770833333
21,Oracle,0.4083658854166667
22,Oracle,0.3958333333333333
23,Oracle,0.37255859375
24,Oracle,0.3971354166666667
25,Oracle,0.3889973958333333
26,Oracle,0.3896484375
27,Oracle,0.36376953125
28,Oracle,0.3693033854166667
29,Oracle,0.3826497395833333
30,Oracle,0.4013671875
31,Oracle,0.4010416666666667
32,Oracle,0.4060872395833333
33,Oracle,0.4013671875
34,Oracle,0.4287109375
35,Oracle,0.3889973958333333
36,Oracle,0.4083658854166667
37,Oracle,0.4195963541666667
38,Oracle,0.4176432291666667
39,Oracle,0.4072265625
40,Oracle,0.4425455729166667
41,Oracle,0.4326171875
42,Oracle,0.4088541666666667
43,Oracle,0.3997395833333333
44,Oracle,0.4169921875
45,Oracle,0.4593098958333333
46,Oracle,0.4300130208333333
47,Oracle,0.423828125
48,Oracle,0.3961588541666667
49,Oracle,0.4259440104166667
50,Oracle,0.4620768229166667
51,Oracle,0.4484049479166667
52,Oracle,0.4371744791666667
53,Oracle,0.42041015625
54,Oracle,0.4127604166666667
55,Oracle,0.4254557291666667
56,Oracle,0.43212890625
57,Oracle,0.4396158854166667
58,Oracle,0.4339192708333333
59,Oracle,0.44287109375
60,Oracle,0.4334309895833333
61,Oracle,0.4230143229166667
62,Oracle,0.43505859375
63,Oracle,0.4547526041666667
64,Oracle,0.408203125
65,Oracle,0.4308268229166667
66,Oracle,0.42919921875
67,Oracle,0.4109700520833333
68,Oracle,0.4314778645833333
69,Oracle,0.4563802083333333
70,Oracle,0.4471028645833333
71,Oracle,0.43896484375
72,Oracle,0.4464518229166667
73,Oracle,0.4539388020833333
74,Oracle,0.44287109375
75,Oracle,0.4431966145833333
76,Oracle,0.4373372395833333
77,Oracle,0.42333984375
78,Oracle,0.3971354166666667
79,Oracle,0.36376953125
80,Oracle,0.40380859375
81,Oracle,0.4010416666666667
82,Oracle,0.4265950520833333
83,Oracle,0.4656575520833333
84,Oracle,0.4549153645833333
85,Oracle,0.47607421875
86,Oracle,0.4615885416666667
87,Oracle,0.4521484375
88,Oracle,0.44921875
89,Oracle,0.4446614583333333
90,Oracle,0.4646809895833333
91,Oracle,0.4431966145833333
92,Oracle,0.43359375
93,Oracle,0.4303385416666667
94,Oracle,0.4298502604166667
95,Oracle,0.4534505208333333
96,Oracle,0.4239908854166667
97,Oracle,0.41064453125
98,Oracle,0.4088541666666667
99,Oracle,0.4361979166666667
100,Oracle,0.4431966145833333
101,Oracle,0.4698893229166667
102,Oracle,0.4459635416666667
103,Oracle,0.4847005208333333
104,Oracle,0.49169921875
105,Oracle,0.4720052083333333
106,Oracle,0.4957682291666667
107,Oracle,0.44384765625
108,Oracle,0.46337890625
109,Oracle,0.4256184895833333
110,Oracle,0.4493815104166667
111,Oracle,0.4637044270833333
112,Oracle,0.4334309895833333
113,Oracle,0.4397786458333333
114,Oracle,0.4093424479166667
115,Oracle,0.4059244791666667
116,Oracle,0.4249674479166667
117,Oracle,0.447265625
118,Oracle,0.4420572916666667
119,Oracle,0.4373372395833333
120,Oracle,0.447265625
121,Oracle,0.4464518229166667
122,Oracle,0.45263671875
123,Oracle,0.4140625
124,Oracle,0.4345703125
125,Oracle,0.4654947916666667
126,Oracle,0.45751953125
127,Oracle,0.4988606770833333
128,Oracle,0.4456380208333333
129,Oracle,0.4680989583333333
130,Oracle,0.4596354166666667
131,Oracle,0.3932291666666667
132,Oracle,0.40673828125
133,Oracle,0.4226888020833333
134,Oracle,0.40771484375
135,Oracle,0.40478515625
136,Oracle,0.4319661458333333
137,Oracle,0.4192708333333333
138,Oracle,0.4231770833333333
139,Oracle,0.4119466145833333
140,Oracle,0.455078125
141,Oracle,0.4376627604166667
142,Oracle,0.4327799479166667
143,Oracle,0.44482421875
144,Oracle,0.4453125
145,Oracle,0.4348958333333333
146,Oracle,0.4431966145833333
147,Oracle,0.4163411458333333
148,Oracle,0.4176432291666667
149,Oracle,0.4052734375
150,Oracle,0.37646484375
151,Oracle,0.4049479166666667
152,Oracle,0.4207356770833333
153,Oracle,0.4412434895833333
154,Oracle,0.4207356770833333
155,Oracle,0.43359375
156,Oracle,0.4513346354166667
157,Oracle,0.4588216145833333
158,Oracle,0.44287109375
159,Oracle,0.4674479166666667
160,Oracle,0.4363606770833333
161,Oracle,0.4713541666666667
162,Oracle,0.4446614583333333
163,Oracle,0.4254557291666667
164,Oracle,0.4166666666666667
165,Oracle,0.4060872395833333
166,Oracle,0.4248046875
167,Oracle,0.42333984375
168,Oracle,0.4054361979166667
169,Oracle,0.4334309895833333
170,Oracle,0.4290364583333333
171,Oracle,0.43115234375
172,Oracle,0.4241536458333333
173,Oracle,0.41064453125
174,Oracle,0.3994140625
175,Oracle,0.4366861979166667
176,Oracle,0.4033203125
177,Oracle,0.390625
178,Oracle,0.4078776041666667
179,Oracle,0.4114583333333333
180,Oracle,0.3990885416666667
181,Oracle,0.3919270833333333
182,Oracle,0.4148763020833333
183,Oracle,0.3977864583333333
184,Oracle,0.45849609375
185,Oracle,0.4739583333333333
186,Oracle,0.44921875
187,Oracle,0.4431966145833333
188,Oracle,0.42431640625
189,Oracle,0.4352213541666667
190,Oracle,0.4142252604166667
191,Oracle,0.4205729166666667
192,Oracle,0.4371744791666667
193,Oracle,0.4514973958333333
194,Oracle,0.4552408854166667
195,Oracle,0.4127604166666667
196,Oracle,0.4342447916666667
197,Oracle,0.4462890625
198,Oracle,0.4239908854166667
199,Oracle,0.4112955729166667
200,Oracle,0.3902994791666667
201,Oracle,0.4296875
202,Oracle,0.42724609375
203,Oracle,0.3681640625
204,Oracle,0.4298502604166667
205,Oracle,0.4099934895833333
206,Oracle,0.4278971354166667
207,Oracle,0.4713541666666667
208,Oracle,0.4645182291666667
209,Oracle,0.4415690104166667
210,Oracle,0.4480794270833333
211,Oracle,0.42041015625
212,Oracle,0.4225260416666667
213,Oracle,0.4197591145833333
214,Oracle,0.41650390625
215,Oracle,0.43408203125
216,Oracle,0.416015625
217,Oracle,0.4197591145833333
218,Oracle,0.400390625
219,Oracle,0.3974609375
220,Oracle,0.3932291666666667
221,Oracle,0.4034830729166667
222,Oracle,0.3916015625
223,Oracle,0.3541666666666667
224,Oracle,0.3933919270833333
225,Oracle,0.3875325520833333
226,Oracle,0.3849283854166667
227,Oracle,0.38818359375
228,Oracle,0.3987630208333333
229,Oracle,0.4099934895833333
230,Oracle,0.4112955729166667
231,Oracle,0.39794921875
232,Oracle,0.4104817708333333
233,Oracle,0.39892578125
234,Oracle,0.40576171875
235,Oracle,0.4226888020833333
236,Oracle,0.4269205729166667
237,Oracle,0.4612630208333333
238,Oracle,0.4404296875
239,Oracle,0.4615885416666667
240,Oracle,0.4251302083333333
241,Oracle,0.4088541666666667
242,Oracle,0.4202473958333333
243,Oracle,0.4305013020833333
244,Oracle,0.43359375
245,Oracle,0.4168294270833333
246,Oracle,0.4261067708333333
247,Oracle,0.3951822916666667
248,Oracle,0.42236328125
249,Oracle,0.4689127604166667
250,Oracle,0.4884440104166667
251,Oracle,0.4404296875
252,Oracle,0.4352213541666667
253,Oracle,0.44482421875
254,Oracle,0.4563802083333333
255,Oracle,0.4749348958333333
256,Oracle,0.4521484375
257,Oracle,0.4479166666666667
258,Oracle,0.4388020833333333
259,Oracle,0.4324544270833333
260,Oracle,0.4075520833333333
261,Oracle,0.4137369791666667
262,Oracle,0.4083658854166667
263,Oracle,0.3771158854166667
264,Oracle,0.3924153645833333
265,Oracle,0.4039713541666667
266,Oracle,0.4417317708333333
267,Oracle,0.4283854166666667
268,Oracle,0.4557291666666667
269,Oracle,0.4635416666666667
270,Oracle,0.4002278645833333
271,Oracle,0.4075520833333333
272,Oracle,0.4441731770833333
273,Oracle,0.443359375
274,Oracle,0.4088541666666667
275,Oracle,0.4016927083333333
276,Oracle,0.39697265625
277,Oracle,0.4103190104166667
278,Oracle,0.41455078125
279,Oracle,0.3966471354166667
280,Oracle,0.3984375
281,Oracle,0.40478515625
282,Oracle,0.4000651041666667
283,Oracle,0.38037109375
284,Oracle,0.3961588541666667
285,Oracle,0.4308268229166667
286,Oracle,0.4285481770833333
287,Oracle,0.4137369791666667
288,Oracle,0.4026692708333333
289,Oracle,0.4523111979166667
290,Oracle,0.4152018229166667
291,Oracle,0.4010416666666667
292,Oracle,0.4296875
293,Oracle,0.4197591145833333
294,Oracle,0.39697265625
295,Oracle,0.3981119791666667
296,Oracle,0.384765625
297,Oracle,0.4065755208333333
298,Oracle,0.3826497395833333
299,Oracle,0.41552734375
300,Oracle,0.4132486979166667
301,Oracle,0.3743489583333333
302,Oracle,0.375
303,Oracle,0.4005533854166667
304,Oracle,0.3831380208333333
305,Oracle,0.3868815104166667
306,Oracle,0.3953450520833333
307,Oracle,0.3889973958333333
308,Oracle,0.4059244791666667
309,Oracle,0.4166666666666667
310,Oracle,0.4241536458333333
311,Oracle,0.4275716145833333
312,Oracle,0.3987630208333333
313,Oracle,0.4329427083333333
314,Oracle,0.3986002604166667
315,Oracle,0.3987630208333333
316,Oracle,0.3889973958333333
317,Oracle,0.3956705729166667
318,Oracle,0.37353515625
319,Oracle,0.3902994791666667
320,Oracle,0.4288736979166667
321,Oracle,0.4532877604166667
322,Oracle,0.4208984375
323,Oracle,0.4153645833333333
324,Oracle,0.4475911458333333
325,Oracle,0.4246419270833333
326,Oracle,0.4182942708333333
327,Oracle,0.3946940104166667
328,Oracle,0.3990885416666667
329,Oracle,0.4138997395833333
330,Oracle,0.412109375
331,Oracle,0.380859375
332,Oracle,0.4150390625
333,Oracle,0.4161783854166667
334,Oracle,0.4117838541666667
335,Oracle,0.396484375
336,Oracle,0.4013671875
337,Oracle,0.41357421875
338,Oracle,0.38623046875
339,Oracle,0.3924153645833333
340,Oracle,0.39794921875
341,Oracle,0.3966471354166667
342,Oracle,0.4099934895833333
343,Oracle,0.4161783854166667
344,Oracle,0.4334309895833333
345,Oracle,0.3956705729166667
346,Oracle,0.3935546875
347,Oracle,0.4031575520833333
348,Oracle,0.3806966145833333
349,Oracle,0.3922526041666667
350,Oracle,0.4044596354166667
351,Oracle,0.4052734375
352,Oracle,0.3932291666666667
353,Oracle,0.4143880208333333
354,Oracle,0.4158528645833333
355,Oracle,0.38916015625
356,Oracle,0.38720703125
357,Oracle,0.4208984375
358,Oracle,0.4265950520833333
359,Oracle,0.4168294270833333
360,Oracle,0.40966796875
361,Oracle,0.4186197916666667
362,Oracle,0.42626953125
363,Oracle,0.4104817708333333
364,Oracle,0.3977864583333333
365,Oracle,0.4080403645833333
366,Oracle,0.4111328125
367,Oracle,0.3732096354166667
368,Oracle,0.3932291666666667
369,Oracle,0.3876953125
370,Oracle,0.4127604166666667
371,Oracle,0.3907877604166667
372,Oracle,0.375
373,Oracle,0.3865559895833333
374,Oracle,0.3810221354166667
375,Oracle,0.40673828125
376,Oracle,0.3818359375
377,Oracle,0.4143880208333333
378,Oracle,0.4158528645833333
379,Oracle,0.4166666666666667
380,Oracle,0.427734375
381,Oracle,0.41259765625
382,Oracle,0.40234375
383,Oracle,0.3714192708333333
384,Oracle,0.4054361979166667
385,Oracle,0.4098307291666667
386,Oracle,0.3974609375
387,Oracle,0.3976236979166667
388,Oracle,0.4091796875
389,Oracle,0.4197591145833333
390,Oracle,0.4103190104166667
391,Oracle,0.4456380208333333
392,Oracle,0.3942057291666667
393,Oracle,0.427734375
394,Oracle,0.4254557291666667
395,Oracle,0.39013671875
396,Oracle,0.3688151041666667
397,Oracle,0.40771484375
398,Oracle,0.4248046875
399,Oracle,0.3990885416666667
400,Oracle,0.3694661458333333
401,Oracle,0.3951822916666667
402,Oracle,0.3994140625
403,Oracle,0.4117838541666667
404,Oracle,0.39013671875
405,Oracle,0.3942057291666667
406,Oracle,0.3902994791666667
407,Oracle,0.3748372395833333
408,Oracle,0.3873697916666667
409,Oracle,0.38037109375
410,Oracle,0.3515625
411,Oracle,0.3767903645833333
412,Oracle,0.39697265625
413,Oracle,0.3875325520833333
414,Oracle,0.39892578125
415,Oracle,0.3741861979166667
416,Oracle,0.3751627604166667
417,Oracle,0.3909505208333333
418,Oracle,0.3933919270833333
419,Oracle,0.3963216145833333
420,Oracle,0.4239908854166667
421,Oracle,0.4064127604166667
422,Oracle,0.42236328125
423,Oracle,0.40380859375
424,Oracle,0.4039713541666667
425,Oracle,0.3876953125
426,Oracle,0.3971354166666667
427,Oracle,0.408203125
428,Oracle,0.3938802083333333
429,Oracle,0.4015299479166667
430,Oracle,0.3948567708333333
431,Oracle,0.4137369791666667
432,Oracle,0.41796875
433,Oracle,0.4012044270833333
434,Oracle,0.4020182291666667
435,Oracle,0.4026692708333333
436,Oracle,0.4176432291666667
437,Oracle,0.4129231770833333
438,Oracle,0.4293619791666667
439,Oracle,0.4044596354166667
440,Oracle,0.38671875
441,Oracle,0.4153645833333333
442,Oracle,0.4300130208333333
443,Oracle,0.3972981770833333
444,Oracle,0.4031575520833333
445,Oracle,0.4357096354166667
446,Oracle,0.4072265625
447,Oracle,0.3878580729166667
448,Oracle,0.4441731770833333
449,Oracle,0.4474283854166667
450,Oracle,0.4352213541666667
451,Oracle,0.4114583333333333
452,Oracle,0.3987630208333333
453,Oracle,0.4033203125
454,Oracle,0.4025065104166667
455,Oracle,0.40283203125
456,Oracle,0.39990234375
457,Oracle,0.4259440104166667
458,Oracle,0.4150390625
459,Oracle,0.3849283854166667
460,Oracle,0.39111328125
461,Oracle,0.3997395833333333
462,Oracle,0.3924153645833333
463,Oracle,0.38525390625
464,Oracle,0.412109375
465,Oracle,0.42578125
466,Oracle,0.4158528645833333
467,Oracle,0.4226888020833333
468,Oracle,0.4646809895833333
469,Oracle,0.3933919270833333
470,Oracle,0.4060872395833333
471,Oracle,0.3772786458333333
472,Oracle,0.4152018229166667
473,Oracle,0.3935546875
474,Oracle,0.4016927083333333
475,Oracle,0.40869140625
476,Oracle,0.3854166666666667
477,Oracle,0.3986002604166667
478,Oracle,0.4104817708333333
479,Oracle,0.4143880208333333
480,Oracle,0.3912760416666667
481,Oracle,0.4026692708333333
482,Oracle,0.4192708333333333
483,Oracle,0.39990234375
484,Oracle,0.3732096354166667
485,Oracle,0.4117838541666667
486,Oracle,0.4051106770833333
487,Oracle,0.4036458333333333
488,Oracle,0.3767903645833333
489,Oracle,0.3974609375
490,Oracle,0.3909505208333333
491,Oracle,0.4039713541666667
492,Oracle,0.4163411458333333
493,Oracle,0.4163411458333333
494,Oracle,0.3981119791666667
495,Oracle,0.3846028645833333
496,Oracle,0.4005533854166667
497,Oracle,0.3790690104166667
498,Oracle,0.3966471354166667
499,Oracle,0.3868815104166667
500,Oracle,0.4031575520833333
501,Oracle,0.3990885416666667
502,Oracle,0.4052734375
503,Oracle,0.3704427083333333
504,Oracle,0.3811848958333333
505,Oracle,0.3997395833333333
506,Oracle,0.3846028645833333
507,Oracle,0.4052734375
508,Oracle,0.384765625
509,Oracle,0.4049479166666667
510,Oracle,0.3914388020833333
511,Oracle,0.400390625
512,Oracle,0.41552734375
513,Oracle,0.4085286458333333
514,Oracle,0.4034830729166667
515,Oracle,0.4344075520833333
516,Oracle,0.4246419270833333
517,Oracle,0.4471028645833333
518,Oracle,0.4446614583333333
519,Oracle,0.4601236979166667
520,Oracle,0.427734375
521,Oracle,0.4293619791666667
522,Oracle,0.4222005208333333
523,Oracle,0.388671875
524,Oracle,0.4142252604166667
525,Oracle,0.4181315104166667
526,Oracle,0.4020182291666667
527,Oracle,0.4147135416666667
528,Oracle,0.3777669270833333
529,Oracle,0.3859049479166667
530,Oracle,0.3896484375
531,Oracle,0.3714192708333333
532,Oracle,0.4072265625
533,Oracle,0.4148763020833333
534,Oracle,0.4148763020833333
535,Oracle,0.3968098958333333
536,Oracle,0.41650390625
537,Oracle,0.4202473958333333
538,Oracle,0.3916015625
539,Oracle,0.3922526041666667
540,Oracle,0.37353515625
541,Oracle,0.4099934895833333
542,Oracle,0.4039713541666667
543,Oracle,0.4005533854166667
544,Oracle,0.4166666666666667
545,Oracle,0.4054361979166667
546,Oracle,0.3766276041666667
547,Oracle,0.37255859375
548,Oracle,0.3938802083333333
549,Oracle,0.3984375
550,Oracle,0.3992513020833333
551,Oracle,0.4051106770833333
552,Oracle,0.4093424479166667
553,Oracle,0.4127604166666667
554,Oracle,0.40673828125
555,Oracle,0.3938802083333333
556,Oracle,0.4093424479166667
557,Oracle,0.41162109375
558,Oracle,0.42138671875
559,Oracle,0.384765625
560,Oracle,0.4200846354166667
561,Oracle,0.4007161458333333
562,Oracle,0.4075520833333333
563,Oracle,0.4202473958333333
564,Oracle,0.384765625
565,Oracle,0.3909505208333333
566,Oracle,0.4039713541666667
567,Oracle,0.4152018229166667
568,Oracle,0.4025065104166667
569,Oracle,0.40673828125
570,Oracle,0.3821614583333333
571,Oracle,0.4202473958333333
572,Oracle,0.400390625
573,Oracle,0.40771484375
574,Oracle,0.4246419270833333
575,Oracle,0.384765625
576,Oracle,0.3932291666666667
577,Oracle,0.4021809895833333
578,Oracle,0.3841145833333333
579,Oracle,0.3834635416666667
580,Oracle,0.4163411458333333
581,Oracle,0.4073893229166667
582,Oracle,0.3902994791666667
583,Oracle,0.3815104166666667
584,Oracle,0.3846028645833333
585,Oracle,0.4015299479166667
586,Oracle,0.3650716145833333
587,Oracle,0.3585611979166667
588,Oracle,0.3717447916666667
589,Oracle,0.3806966145833333
590,Oracle,0.3953450520833333
591,Oracle,0.4104817708333333
592,Oracle,0.3986002604166667
593,Oracle,0.3929036458333333
594,Oracle,0.39013671875
595,Oracle,0.3893229166666667
596,Oracle,0.3732096354166667
597,Oracle,0.3907877604166667
598,Oracle,0.3831380208333333
599,Oracle,0.36279296875
600,Oracle,0.3896484375
601,Oracle,0.3860677083333333
602,Oracle,0.37548828125
603,Oracle,0.36572265625
604,Oracle,0.3753255208333333
605,Oracle,0.3722330729166667
606,Oracle,0.3806966145833333
607,Oracle,0.3850911458333333
608,Oracle,0.3826497395833333
609,Oracle,0.3834635416666667
610,Oracle,0.3629557291666667
611,Oracle,0.4016927083333333
612,Oracle,0.3924153645833333
613,Oracle,0.3859049479166667
614,Oracle,0.3776041666666667
615,Oracle,0.376953125
616,Oracle,0.3797200520833333
617,Oracle,0.3709309895833333
618,Oracle,0.3885091145833333
619,Oracle,0.3855794270833333
620,Oracle,0.3720703125
621,Oracle,0.3953450520833333
622,Oracle,0.3836263020833333
623,Oracle,0.3800455729166667
624,Oracle,0.3680013020833333
625,Oracle,0.39013671875
626,Oracle,0.3966471354166667
627,Oracle,0.4033203125
628,Oracle,0.37255859375
629,Oracle,0.3740234375
630,Oracle,0.3761393229166667
631,Oracle,0.376953125
632,Oracle,0.3899739583333333
633,Oracle,0.3907877604166667
634,Oracle,0.37353515625
635,Oracle,0.3863932291666667
636,Oracle,0.3857421875
637,Oracle,0.4012044270833333
638,Oracle,0.3955078125
639,Oracle,0.4010416666666667
640,Oracle,0.3707682291666667
641,Oracle,0.3859049479166667
642,Oracle,0.4049479166666667
643,Oracle,0.3787434895833333
644,Oracle,0.3741861979166667
645,Oracle,0.39208984375
646,Oracle,0.376953125
647,Oracle,0.39208984375
648,Oracle,0.3849283854166667
649,Oracle,0.3680013020833333
650,Oracle,0.3937174479166667
651,Oracle,0.3855794270833333
652,Oracle,0.3846028645833333
653,Oracle,0.3839518229166667
654,Oracle,0.37890625
655,Oracle,0.37744140625
656,Oracle,0.3986002604166667
657,Oracle,0.3889973958333333
658,Oracle,0.3909505208333333
659,Oracle,0.3912760416666667
660,Oracle,0.39306640625
661,Oracle,0.3720703125
662,Oracle,0.3873697916666667
663,Oracle,0.40478515625
664,Oracle,0.41064453125
665,Oracle,0.3787434895833333
666,Oracle,0.4147135416666667
667,Oracle,0.4072265625
668,Oracle,0.376953125
669,Oracle,0.38037109375
670,Oracle,0.3621419270833333
671,Oracle,0.3790690104166667
672,Oracle,0.39111328125
673,Oracle,0.3875325520833333
674,Oracle,0.3849283854166667
675,Oracle,0.3673502604166667
676,Oracle,0.3748372395833333
677,Oracle,0.3702799479166667
678,Oracle,0.37841796875
679,Oracle,0.3805338541666667
680,Oracle,0.3971354166666667
681,Oracle,0.3816731770833333
682,Oracle,0.3932291666666667
683,Oracle,0.390625
684,Oracle,0.3870442708333333
685,Oracle,0.3810221354166667
686,Oracle,0.3688151041666667
687,Oracle,0.4010416666666667
688,Oracle,0.390625
689,Oracle,0.3948567708333333
690,Oracle,0.3946940104166667
691,Oracle,0.3834635416666667
692,Oracle,0.3865559895833333
693,Oracle,0.3849283854166667
694,Oracle,0.3943684895833333
695,Oracle,0.4127604166666667
696,Oracle,0.3733723958333333
697,Oracle,0.3942057291666667
698,Oracle,0.4021809895833333
699,Oracle,0.36669921875
700,Oracle,0.3665364583333333
701,Oracle,0.35498046875
702,Oracle,0.38623046875
703,Oracle,0.3990885416666667
704,Oracle,0.3681640625
705,Oracle,0.373046875
706,Oracle,0.3782552083333333
707,Oracle,0.3859049479166667
708,Oracle,0.3868815104166667
709,Oracle,0.4039713541666667
710,Oracle,0.3963216145833333
711,Oracle,0.39453125
712,Oracle,0.3974609375
713,Oracle,0.4109700520833333
714,Oracle,0.3702799479166667
715,Oracle,0.39501953125
716,Oracle,0.39501953125
717,Oracle,0.3865559895833333
718,Oracle,0.4026692708333333
719,Oracle,0.3668619791666667
720,Oracle,0.38818359375
721,Oracle,0.3932291666666667
722,Oracle,0.40234375
723,Oracle,0.4085286458333333
724,Oracle,0.3780924479166667
725,Oracle,0.3782552083333333
726,Oracle,0.4034830729166667
727,Oracle,0.416015625
728,Oracle,0.42529296875
729,Oracle,0.3846028645833333
730,Oracle,0.4002278645833333
731,Oracle,0.3863932291666667
732,Oracle,0.39501953125
733,Oracle,0.3846028645833333
734,Oracle,0.3811848958333333
735,Oracle,0.3919270833333333
736,Oracle,0.3948567708333333
737,Oracle,0.3870442708333333
738,Oracle,0.3932291666666667
739,Oracle,0.4034830729166667
740,Oracle,0.36962890625
741,Oracle,0.4051106770833333
742,Oracle,0.3846028645833333
743,Oracle,0.3914388020833333
744,Oracle,0.3826497395833333
745,Oracle,0.3746744791666667
746,Oracle,0.3893229166666667
747,Oracle,0.3671875
748,Oracle,0.3614908854166667
749,Oracle,0.3723958333333333
750,Oracle,0.3806966145833333
751,Oracle,0.36279296875
752,Oracle,0.3660481770833333
753,Oracle,0.3909505208333333
754,Oracle,0.3819986979166667
755,Oracle,0.36767578125
756,Oracle,0.39990234375
757,Oracle,0.39453125
758,Oracle,0.35498046875
759,Oracle,0.3933919270833333
760,Oracle,0.4052734375
761,Oracle,0.3771158854166667
762,Oracle,0.36669921875
763,Oracle,0.3670247395833333
764,Oracle,0.39453125
765,Oracle,0.41796875
766,Oracle,0.39794921875
767,Oracle,0.3953450520833333
768,Oracle,0.3728841145833333
769,Oracle,0.3595377604166667
770,Oracle,0.3720703125
771,Oracle,0.3720703125
772,Oracle,0.3497721354166667
773,Oracle,0.3445638020833333
774,Oracle,0.359375
775,Oracle,0.3525390625
776,Oracle,0.3763020833333333
777,Oracle,0.3727213541666667
778,Oracle,0.37060546875
779,Oracle,0.3601888020833333
780,Oracle,0.3699544270833333
781,Oracle,0.3663736979166667
782,Oracle,0.3779296875
783,Oracle,0.3841145833333333
784,Oracle,0.3712565104166667
785,Oracle,0.3819986979166667
786,Oracle,0.3837890625
787,Oracle,0.3850911458333333
788,Oracle,0.3714192708333333
789,Oracle,0.38427734375
790,Oracle,0.4012044270833333
791,Oracle,0.3849283854166667
792,Oracle,0.37646484375
793,Oracle,0.369140625
794,Oracle,0.3605143229166667
795,Oracle,0.3601888020833333
796,Oracle,0.3694661458333333
797,Oracle,0.3844401041666667
798,Oracle,0.3748372395833333
799,Oracle,0.36572265625
800,Oracle,0.3572591145833333
801,Oracle,0.3616536458333333
802,Oracle,0.34912109375
803,Oracle,0.3723958333333333
804,Oracle,0.3665364583333333
805,Oracle,0.35986328125
806,Oracle,0.3597005208333333
807,Oracle,0.3653971354166667
808,Oracle,0.3694661458333333
809,Oracle,0.37158203125
810,Oracle,0.3780924479166667
811,Oracle,0.3834635416666667
812,Oracle,0.36572265625
813,Oracle,0.35107421875
814,Oracle,0.3824869791666667
815,Oracle,0.3924153645833333
816,Oracle,0.39501953125
817,Oracle,0.3909505208333333
818,Oracle,0.3917643229166667
819,Oracle,0.3720703125
820,Oracle,0.3984375
821,Oracle,0.40283203125
822,Oracle,0.4070638020833333
823,Oracle,0.3963216145833333
824,Oracle,0.3761393229166667
825,Oracle,0.3942057291666667
826,Oracle,0.3614908854166667
827,Oracle,0.3802083333333333
828,Oracle,0.3665364583333333
829,Oracle,0.39306640625
830,Oracle,0.3997395833333333
831,Oracle,0.3855794270833333
832,Oracle,0.39306640625
833,Oracle,0.3855794270833333
834,Oracle,0.4119466145833333
835,Oracle,0.4049479166666667
836,Oracle,0.3894856770833333
837,Oracle,0.388671875
838,Oracle,0.390625
839,Oracle,0.3868815104166667
840,Oracle,0.3704427083333333
841,Oracle,0.3876953125
842,Oracle,0.3968098958333333
843,Oracle,0.3942057291666667
844,Oracle,0.4205729166666667
845,Oracle,0.3824869791666667
846,Oracle,0.3916015625
847,Oracle,0.3805338541666667
848,Oracle,0.37744140625
849,Oracle,0.3673502604166667
850,Oracle,0.3741861979166667
851,Oracle,0.3658854166666667
852,Oracle,0.3662109375
853,Oracle,0.4085286458333333
854,Oracle,0.3974609375
855,Oracle,0.3810221354166667
856,Oracle,0.3821614583333333
857,Oracle,0.3990885416666667
858,Oracle,0.38916015625
859,Oracle,0.3844401041666667
860,Oracle,0.4029947916666667
861,Oracle,0.4070638020833333
862,Oracle,0.3938802083333333
863,Oracle,0.39306640625
864,Oracle,0.3878580729166667
865,Oracle,0.37646484375
866,Oracle,0.3723958333333333
867,Oracle,0.3684895833333333
868,Oracle,0.3681640625
869,Oracle,0.3839518229166667
870,Oracle,0.3902994791666667
871,Oracle,0.3741861979166667
872,Oracle,0.39794921875
873,Oracle,0.3995768229166667
874,Oracle,0.3684895833333333
875,Oracle,0.3640950520833333
876,Oracle,0.3863932291666667
877,Oracle,0.3855794270833333
878,Oracle,0.3732096354166667
879,Oracle,0.3821614583333333
880,Oracle,0.3785807291666667
881,Oracle,0.3924153645833333
882,Oracle,0.3937174479166667
883,Oracle,0.376953125
884,Oracle,0.3873697916666667
885,Oracle,0.400390625
886,Oracle,0.3982747395833333
887,Oracle,0.4046223958333333
888,Oracle,0.3948567708333333
889,Oracle,0.40234375
890,Oracle,0.3811848958333333
891,Oracle,0.369140625
892,Oracle,0.3777669270833333
893,Oracle,0.36279296875
894,Oracle,0.3606770833333333
895,Oracle,0.3517252604166667
896,Oracle,0.3837890625
897,Oracle,0.3955078125
898,Oracle,0.3670247395833333
899,Oracle,0.3712565104166667
900,Oracle,0.35791015625
901,Oracle,0.3766276041666667
902,Oracle,0.3753255208333333
903,Oracle,0.3722330729166667
904,Oracle,0.38623046875
905,Oracle,0.3902994791666667
906,Oracle,0.3859049479166667
907,Oracle,0.3639322916666667
908,Oracle,0.3816731770833333
909,Oracle,0.3606770833333333
910,Oracle,0.3470052083333333
911,Oracle,0.3649088541666667
912,Oracle,0.3639322916666667
913,Oracle,0.38525390625
914,Oracle,0.3502604166666667
915,Oracle,0.3411458333333333
916,Oracle,0.3605143229166667
917,Oracle,0.37939453125
918,Oracle,0.35302734375
919,Oracle,0.3577473958333333
920,Oracle,0.37255859375
921,Oracle,0.376953125
922,Oracle,0.3836263020833333
923,Oracle,0.3860677083333333
924,Oracle,0.3844401041666667
925,Oracle,0.3595377604166667
926,Oracle,0.3689778645833333
927,Oracle,0.3675130208333333
928,Oracle,0.39453125
929,Oracle,0.39111328125
930,Oracle,0.3956705729166667
931,Oracle,0.3756510416666667
932,Oracle,0.3642578125
933,Oracle,0.38623046875
934,Oracle,0.4090169270833333
935,Oracle,0.40185546875
936,Oracle,0.3719075520833333
937,Oracle,0.341796875
938,Oracle,0.3561197916666667
939,Oracle,0.3580729166666667
940,Oracle,0.3839518229166667
941,Oracle,0.384765625
942,Oracle,0.40185546875
943,Oracle,0.3701171875
944,Oracle,0.3795572916666667
945,Oracle,0.4002278645833333
946,Oracle,0.38232421875
947,Oracle,0.3819986979166667
948,Oracle,0.3894856770833333
949,Oracle,0.3697916666666667
950,Oracle,0.3688151041666667
951,Oracle,0.37939453125
952,Oracle,0.3797200520833333
953,Oracle,0.3772786458333333
954,Oracle,0.3704427083333333
955,Oracle,0.3675130208333333
956,Oracle,0.3746744791666667
957,Oracle,0.37841796875
958,Oracle,0.3709309895833333
959,Oracle,0.3955078125
960,Oracle,0.3753255208333333
961,Oracle,0.4000651041666667
962,Oracle,0.3992513020833333
963,Oracle,0.3863932291666667
964,Oracle,0.3885091145833333
965,Oracle,0.3914388020833333
966,Oracle,0.3611653645833333
967,Oracle,0.3777669270833333
968,Oracle,0.37255859375
969,Oracle,0.37939453125
970,Oracle,0.3982747395833333
971,Oracle,0.3860677083333333
972,Oracle,0.43115234375
973,Oracle,0.4029947916666667
974,Oracle,0.4108072916666667
975,Oracle,0.3933919270833333
976,Oracle,0.3968098958333333
977,Oracle,0.3777669270833333
978,Oracle,0.4178059895833333
979,Oracle,0.4093424479166667
980,Oracle,0.4148763020833333
981,Oracle,0.3772786458333333
982,Oracle,0.3723958333333333
983,Oracle,0.3849283854166667
984,Oracle,0.3870442708333333
985,Oracle,0.3834635416666667
986,Oracle,0.38916015625
987,Oracle,0.39208984375
988,Oracle,0.3889973958333333
989,Oracle,0.3697916666666667
990,Oracle,0.38916015625
991,Oracle,0.3824869791666667
992,Oracle,0.4002278645833333
993,Oracle,0.3961588541666667
994,Oracle,0.3977864583333333
995,Oracle,0.3790690104166667
996,Oracle,0.3839518229166667
997,Oracle,0.3712565104166667
998,Oracle,0.3751627604166667
999,Oracle,0.3956705729166667
1000,Oracle,0.4265950520833333
1001,Oracle,0.40087890625
1002,Oracle,0.3702799479166667
1003,Oracle,0.3868815104166667
1004,Oracle,0.38134765625
1005,Oracle,0.3797200520833333
1006,Oracle,0.3697916666666667
1007,Oracle,0.3826497395833333
1008,Oracle,0.3880208333333333
1009,Oracle,0.4016927083333333
1010,Oracle,0.4026692708333333
1011,Oracle,0.3776041666666667
1012,Oracle,0.3689778645833333
1013,Oracle,0.4010416666666667
1014,Oracle,0.3675130208333333
1015,Oracle,0.37841796875
1016,Oracle,0.3888346354166667
1017,Oracle,0.4041341145833333
1018,Oracle,0.3990885416666667
1019,Oracle,0.3806966145833333
1020,Oracle,0.39111328125
1021,Oracle,0.3956705729166667
1022,Oracle,0.3811848958333333
1023,Oracle,0.423828125
